ID,UNNAMED: 1,LONGITUDE,LATITUDE,NAME
01BIR0001,,96.3513,5.181,MESJID_BAROH_TB
01BIR0002,,96.3559,5.2026,KAPUNG_PUTU_TB
01BIR0003,,96.3559,5.2178,MEUNASAH_LINCAH_MT
01BIR0004,,96.3658,5.1873,SAMALANGA_MT
01BIR0005,,96.3686,5.2061,BIREUN5_MT
01BIR0007,,96.3919,5.178,GLE_MEUNDONG_MT
01BIR0008,,96.3969,5.2017,RHEUM_BARAT_TB
01BIR0010,,96.4402,5.2164,CUREE_TUNONG_TB
01BIR0011,,96.4582,5.1859,PANDRAH_PL
01BIR0012,,96.4776,5.1883,LANCOK_ULIM_MT
01BIR0013,,96.4862,5.166,ULEE_RABO_BIREUEN_PL
01BIR0014,,96.49,5.1764,MEUNASAH_KEUTAPANG_TB
01BIR0015,,96.4923,5.1939,MATANG_NIBONG_JEUHIEB_PL
01BIR0016,,96.4954,5.1882,JEUNIEB_EP
01BIR0018,,96.5288,5.1731,UTEUN_SIKUMBONG_TB
01BIR0019,,96.5291,5.1874,SEUNEUBOK_PLIMBANG_ST
01BIR0020,,96.5552,5.1974,PADANG_KASAB_PL
01BIR0021,,96.5784,5.1874,ARA_BUNGONG_TB
01BIR0022,,96.5799,5.2035,NEUBOK_NALENG_MT
01BIR0023,,96.5885,5.1976,PEUDADA_EP
01BIR0024,,96.6134,5.1893,MEUNASAH_BUNGO_MT
01BIR0025,,96.6289,5.2043,MATANG_REULEUT_MT
01BIR0027,,96.6471,5.2062,JEUMPAH_MIRAH_TB
01BIR0028,,96.6548,5.2103,BIREUN3_PL
01BIR0029,,96.6597,5.2168,MON_JAMBEE_TB
01BIR0030,,96.6612,5.1851,BLANG_GANDAI_TB
01BIR0031,,96.6665,5.1967,COTULIM_MT
01BIR0032,,96.6703,5.2172,BATEE_TIMOH_BIR_TB
01BIR0033,,96.6829,5.214,KUALA_RAJA_BIREUEN_PL
01BIR0034,,96.6837,5.2058,BIREUN1_MT
01BIR0036,,96.6916,5.2121,COTTRIENG_TB
01BIR0037,,96.6932,5.2328,KRUENG_JULI_BARAT_TB
01BIR0038,,96.6938,5.1981,MEUNASAH_BLANG_KEJER_MT
01BIR0039,,96.696,5.2034,KOTA_JUANG2_TB
01BIR0040,,96.697,5.2081,PULO_KITPN_TB
01BIR0041,,96.6987,5.2207,LHOK_AWE_MT
01BIR0042,,96.6992,5.1968,MEUNASAH_CAPA_TB
01BIR0043,,96.7016,5.2005,BIREUN_EP
01BIR0044,,96.7032,5.1898,BIREUN_TAKENGON_JULI_PL
01BIR0046,,96.704,5.1705,JULI_MT
01BIR0047,,96.7049,5.2176,BIREUN2_ST
01BIR0048,,96.7053,5.2,BIREUN4_MT
01BIR0049,,96.707,5.2053,KOTATRIENGGEUDONG_PL
01BIR0050,,96.7083,5.2343,BUGAK_BLANG_MT
01BIR0051,,96.7115,5.2019,PEUSANGAN1_HS
01BIR0052,,96.7116,5.2262,UTEUN_SEUTUY_TB
01BIR0053,,96.7127,5.1552,SEUNEUBOK_GUNCI_TB
01BIR0054,,96.7154,5.1359,BEUNYOT_ST
01BIR0055,,96.7181,5.2046,GELANGGANG_BARU_CM
01BIR0056,,96.7202,5.197,PANTE_PIYEU_MT
01BIR0057,,96.7309,5.2315,PANTE_PAKU_BIREUEN_PL
01BIR0058,,96.7337,5.209,KANTOR_BUPATI_BIREUN_PL
01BIR0059,,96.7513,5.2094,PEUSANGAN2_ST
01BIR0060,,96.7604,5.2194,COTNGA_TB
01BIR0061,,96.7656,5.2411,DESA_LINGGONG_MT
01BIR0062,,96.7695,5.2017,PAYA_BLEU_BIREUEN_PL
01BIR0063,,96.7784,5.2169,LAMKUTA_TB
01BIR0065,,96.7824,5.1965,MATANG_SAGOE_PL
01BIR0067,,96.7892,5.204,DAYAH_MATANG_MT
01BIR0068,,96.7892,5.236,KUALA_CEURAPE_BIREUEN_PL
01BIR0069,,96.7905,5.1948,ALMUSLIM_PAYA_CUT_PL
01BIR0071,,96.7985,5.1993,PANTE_GAJAH_TB
01BIR0075,,96.8085,5.2047,PANTE_PISANG_MT
01BIR0076,,96.8187,5.2309,JARUMMAH_MEE_TB
01BIR0077,,96.8202,5.2474,KRUENG_MATE_TB
01BIR0078,,96.8281,5.222,GEULANGGANG_MEUNJEE_TB
01BIR0079,,96.8388,5.2135,GEROGOK_EP
01BIR0080,,96.8416,5.2353,PULONGA_TB
01BIR0081,,96.8418,5.2452,GULUMPANG_TB
01BIR0082,,96.8551,5.2185,COTTUNONG_TB
01BIR0085,,96.8708,5.165,MAKMUR_TB
01BIR0086,,96.89,5.2303,GANDAPURA_TB
01BIR0087,,96.8978,5.2344,KEDAI_LAPANG_PL
01BIR0089,,96.9016,5.2139,KUTA_TRIENG_TB
01BIR0091,,96.3833,5.1941,ARONGAN_PL
01BIR0092,,96.4283,5.2,TAMBUE_BARAT_PL
01BIR0093,,96.5115,5.1827,TANJONG_BUNGONG_MT
01BIR0094,,96.6392,5.1913,BLANG_BATI_PL
01BIR0095,,96.7791,5.2458,JANGKA_KEUTAPANG_MT
01BIR0096,,96.7931,5.2115,PANTE_PIYEU_TB
01BIR0097,,96.8038,5.1947,GAMPONG_RAYA_DAGANG_MT
01BIR0098,,96.8052,5.2487,BUGAK_KRUENG_MT
01BIR0099,,96.8618,5.2368,SAMUT_KRUENG_PL
01BIR0100,,96.7075,5.1143,BEUNYOT_JULI_PL
01BIR0101,,96.5114,5.1514,ULEE_BLANG_PL
01BIR0104,,96.7798,5.1502,UTEN_GATHOM_PEUSANGA_SEL_PL
01BIR0105,,96.7599,5.1224,DARUL_AMAN_PEUSANGAN_SEL_PL
01BIR0106,,96.7672,5.1023,TJ_BEURIDI_PEUSANGAN_SEL_PL
01BIR0107,,96.8123,5.1621,LEUNG_DANEUNG_PES_SIBLAH_PL
01BIR0108,,96.5293,5.1599,SAMPOI_AJAD_JEUNIB_PL
01BIR0109,,96.7204,5.2162,GEULANGGANG_KULAM_KTJUANG_PL
01BIR0110,,96.7943,5.1216,SIBLAH_KRUENG_PEUSANGAN_PL
01BIR0111,,96.6091,5.2022,GEMPONG_KUKUE_MT
01BIR0112,,96.4062,5.1903,SIMPANG_MAMPLAM_MT
01BIR0113,,96.7528,5.1845,BLANG_GEULANGGANG_ST
01BIR0114,,96.8709,5.2024,LEUBU_MESJID_ST
01BIR0115,,96.7519,5.2281,PULO_NALEUNG_TB
01BKJ0001,,97.3427,4.0059,BUSTANUSSALAM_MT
01BKJ0006,,97.3493,3.9801,SEPANG_BKJ_PL
01BKJ0007,,97.331,3.9952,KESBANGPOL_BKJ_PL
01BKJ0008,,97.3755,3.9973,TAMAN_MAKAM_BKJ_PL
01BKJ0009,,97.2033,4.1526,DARUL_ISTIQOMAH_BKJ_PL
01BKJ0010,,97.3416,3.9887,PENDOPO_BUPATI_BKJ_PL
01BKJ0011,,97.3407,3.9973,SIMPANG_BLANGPENGAYON_PL
01BKJ0012,,97.3538,4.0187,BADAK_DEBUN_GELANG_MT
01BKJ0013,,97.3493,3.9653,PENGGALANGAN_BKJ_PL
01BKJ0014,,97.3862,3.9172,EKOWISATA_AGUSEN_BKJ_MT
01BKJ0015,,97.3033,4.0122,KUTAPANJANG_KULUN_TANOH_MT
01BKJ0016,,97.369,3.953,GAYO_LUWES_AIRPORT_TB
01BKJ0017,,97.2731,4.0165,KORAMIL_BLANGJERANGO_TB
01BKJ0018,,97.3091,3.9819,CINTA_MAJU_BLANGPEGAYON_PL
01BMH0001,,96.7326,4.7685,LAMPAHAN_EP
01BMH0002,,96.7367,4.9052,BLANG_RAKAL_EP
01BMH0008,,96.8865,4.7407,BENER_MERIAH_EP
01BMH0010,,96.9194,4.7571,BDR_B_MERIAH_TB
01BMH0011,,96.7577,4.7601,MEKAR_AYU_PL
01BMH0012,,96.799,4.7277,SIMPANG_BALEK_TB
01BMH0013,,96.8502,4.6846,BLANG_PANAS_MT
01BMH0014,,96.859,4.7251,BUKIT_BALE_ATU_ST
01BMH0015,,96.8654,4.7056,KUTE_TANYUNG_MT
01BMH0016,,96.9081,4.7543,SIMPANG_UTAMA_ST
01BMH0017,,96.8161,4.7124,WIH_PESAM_MT
01BMH0018,,96.7358,4.8168,RERONGA_MT
01BMH0019,,96.9206,4.7854,BENER_PEPANYI_MT
01BMH0020,,96.7495,4.7253,BLANG_PAKU_TB
01BMH0021,,96.9134,4.8189,GELAMPANG_TB
01BMH0022,,96.8718,4.7216,BLANG_SENTANG_BUKIT_PK
01BMH0024,,96.9,4.7512,BANDAR_BENER_MERIAH_MT
01BMH0025,,96.7602,4.7689,TIMANG_GAJAH_MT
01BMH0027,,96.9164,4.7355,HAKIMWIHILANG_BANDAR_MT
01BMH0028,,96.9432,4.7584,PAKAT_JEROH_BANDAR_TB
01BPD0001,,96.6929,3.9036,RBLPIDIE_EP
01BPD0002,,96.7647,3.8177,KUTA_BAHAGIA_TB
01BPD0003,,96.7923,3.7879,KRUENG_BATEE_PL
01BPD0004,,96.8178,3.7238,SUSOH_TB
01BPD0005,,96.8382,3.7372,BLANG_PIDI_EP
01BPD0006,,96.8651,3.6964,UJUNGTANAH_SETIA_TB
01BPD0007,,96.8816,3.6815,TANGAN_TANGAN_CUT_TB
01BPD0008,,96.9056,3.6654,TANJUNG_BUNGO_BPD_TB
01BPD0009,,96.9116,3.6331,PANTON_MAKMUR_MT
01BPD0010,,96.9318,3.5872,LADANG_TUHA_BPD_PL
01BPD0011,,96.9389,3.6174,RLAB_HAJI_TB
01BPD0012,,96.9559,3.6031,KAYEE_ACEH_MT
01BPD0013,,96.8567,3.7215,LAM_KUTA_TB
01BPD0014,,96.9119,3.6514,BINEH_KRUENG_TB
01BPD0015,,96.8144,3.7761,JEUMPA_BARAT_MT
01BPD0016,,96.7464,3.8427,ALUE_PEUNAWA_TB
01BPD0017,,96.8347,3.7485,SEUNALOH_TB
01BPD0018,,96.8005,3.7447,UJUNG_PADANG_BPD_TB
01BPD0025,,96.8332,3.7336,PADANG_HILIR_BPD_MT
01BPD0026,,96.9301,3.6072,BLANG_MANGGENG_TB
01BPD0027,,96.7053,3.8729,TUGU_COTSEUMANTOK_PL
01BPD0028,,96.8409,3.7091,SANGKALAN_RUBEK_CM
01CAG0003,,95.3706,5.0937,LAMNO_TB
01CAG0006,,95.5785,4.6351,CALANG_EP
01CAG0008,,95.8138,4.4522,TEUNOM_TB
01CAG0009,,95.346,5.0737,MEUNASAH_TUTONG_ST
01CAG0010,,95.6459,4.6014,KEUDE_KRUENGSABEE_PL
01CAG0011,,95.7197,4.538,KEUDE_PANGA_MT
01CAG0012,,95.8633,4.4716,TEUNOM2_PL
01CAG0013,,95.8387,4.4257,PAYABARO_TEUNOM_MT
01CAG0014,,95.7948,4.4711,AROEN_MANYANG_MT
01CAG0015,,95.5154,4.8307,UJONG_RIMBA_MT
01CAG0016,,95.4605,4.7859,BLANG_DALAM_SAMPOINLET_MT
01CAG0017,,95.5156,4.7093,KRUENG_LHO_GLUMBANG_CM
01JHO0001,,95.0793,5.6696,PULO_ACEH_TB
01JHO0002,,95.2348,5.4932,PANTAI_LAMPUUK_MT
01JHO0003,,95.2396,5.4741,LHOK_NGA_EP
01JHO0004,,95.2411,5.4377,RTO_LHOKNGA_PL
01JHO0006,,95.2498,5.5029,LHOKNGA_PL
01JHO0007,,95.2557,5.544,LAMBARO_NEUJID1_MT
01JHO0008,,95.2575,5.4886,ANEUKPAYA_ACEHBESAR_PL
01JHO0009,,95.2616,5.4936,KUEH_MT
01JHO0011,,95.2641,5.2303,LHONG_TB
01JHO0012,,95.2657,5.5442,LAMBARO_NEUJID2_PL
01JHO0013,,95.2662,5.5028,RTO_PEUKANBADA_MT
01JHO0014,,95.2706,5.5119,LAMPISANG_MT
01JHO0015,,95.2722,5.524,ULEE_PATTA_PL
01JHO0016,,95.2765,5.5328,JLBANDA_ACEHBESAR_PL
01JHO0017,,95.2774,5.5239,PEUKAN_BADA1_TB
01JHO0018,,95.2818,5.5324,PEUKAN_BADA_MT
01JHO0019,,95.2834,5.5263,EMPEROM_DUSUNINDAH_TB
01JHO0020,,95.2836,5.5207,LAMPASI_ENGKING_TB
01JHO0021,,95.2882,5.5243,JAVATEL_AJUEN_ST
01JHO0023,,95.2942,5.522,DUSUN_INDAH_MT
01JHO0024,,95.2989,5.5105,LHEUEBANDA_ACEH_TB
01JHO0025,,95.3015,5.5009,LEU_UE2_ST
01JHO0026,,95.3032,5.5069,LEU_UE1_PL
01JHO0027,,95.3044,5.5127,POSMEUSARA_AGUNG_PL
01JHO0028,,95.3074,5.516,LAMBHEU_ACEH_PL
01JHO0029,,95.3095,5.496,ULEE_LUENG_TB
01JHO0030,,95.3097,5.5113,KEUTAPANG_JHO_ST
01JHO0031,,95.3105,5.5041,SIMPANGPUNLE_TB
01JHO0032,,95.3193,5.504,TUAN_DILAGA_LAMTHEUN_PL
01JHO0033,,95.3215,5.5098,TINGKEM1_TB
01JHO0034,,95.325,5.4995,TINGKEM2_TB
01JHO0035,,95.3261,5.5171,LAMPEUNURUT_PL
01JHO0037,,95.3299,5.5051,KETAPANG_JHO_TB
01JHO0038,,95.3313,5.5251,LAMCOT1_MT
01JHO0039,,95.3339,5.4934,LAMPEUNERUT_NEUSAK_PL
01JHO0040,,95.3356,5.5166,ROTVRI_ACEH_TB
01JHO0041,,95.3361,5.5022,PRADA_PINEUNG_TB
01JHO0042,,95.3374,5.5091,LAGANG_LAMBLANG_PL
01JHO0043,,95.3389,5.4774,PUEKANBILUY_TB
01JHO0044,,95.3393,5.5269,LAMCOT2_MT
01JHO0045,,95.3444,5.5168,REULOH1_MT
01JHO0046,,95.3488,5.5225,REULOH2_MT
01JHO0047,,95.349,5.5333,BATOH_JHO_PL
01JHO0048,,95.3496,5.5112,MEUNASAH_MANYET_MT
01JHO0049,,95.3544,5.4698,LAMJAMEE_DAYAH_PL
01JHO0050,,95.3548,5.5295,SANTAN_ST
01JHO0052,,95.357,5.4945,ASRAMA_RAIDER_PL
01JHO0053,,95.3572,5.5368,KISSFM_LAMBARO_TB
01JHO0054,,95.3578,5.5094,LAMBARO_EP
01JHO0055,,95.3607,5.5269,MEUNASAH_KRUENG_PL
01JHO0056,,95.3616,5.5887,BAET_MT
01JHO0057,,95.3626,5.5213,JURONG_PEUJERA_MT
01JHO0058,,95.3628,5.5149,TANGGUL_KREUNG_PL
01JHO0059,,95.3634,5.5602,LAMRENG_TB
01JHO0060,,95.3638,5.5642,MEUNASAH_PAPEUN_MT
01JHO0061,,95.3649,5.5514,LAMGAPANG_ACEH_MT
01JHO0062,,95.3654,5.5001,BAYU_TB
01JHO0063,,95.3655,5.5437,KRUENG_BARUNA_MT
01JHO0064,,95.3679,5.4557,DESA_LAMBIRAH_PL
01JHO0065,,95.369,5.5557,MEUNASAH_BAKTRIENG_ST
01JHO0066,,95.3693,5.5913,CADEK_CM
01JHO0067,,95.3699,5.5351,MOMBRUK_ST
01JHO0068,,95.3714,5.4936,TUMPUK2_TB
01JHO0069,,95.3737,5.5658,SYAHKUALA1_TB
01JHO0070,,95.3738,5.5503,RUMPET_KRUENG_PL
01JHO0071,,95.3741,5.5747,TANJONG_SELAMAT_PL
01JHO0072,,95.3759,5.5939,KAJHU_BAITUSALAM_PL
01JHO0073,,95.3771,5.5759,MIRUEK_TAMAN_PL
01JHO0074,,95.3778,5.5052,DHAM_PULO_MT
01JHO0075,,95.3787,5.5673,SYAHKUALA2_CM
01JHO0076,,95.3788,5.4951,LUBUKGAPUY_ACEHBESAR_PL
01JHO0077,,95.381,5.6019,CUTPAYA_MT
01JHO0078,,95.3815,5.5709,JAVATEL_TUNGKEB_ST
01JHO0079,,95.3849,5.5949,TANJUNG_DEAH_TB
01JHO0080,,95.3855,5.5296,UNIDA_TB
01JHO0081,,95.3859,5.5165,TEBANG_PHUI_INGIN_JAYA_PL
01JHO0082,,95.3861,5.4706,SIBREH_MT
01JHO0083,,95.3869,5.5636,LAMPUK_DARUSSALAM_PL
01JHO0084,,95.3874,5.5102,BLANGBINTANG_MT
01JHO0085,,95.3876,5.5758,LAMBITRA_MT
01JHO0086,,95.3886,5.6031,LAMBARO_ANGAN_PL
01JHO0087,,95.3908,5.5906,LAMPEUDAYA_ACEH_TB
01JHO0088,,95.3909,5.6105,LAMBADA_LHOK_TB
01JHO0089,,95.3911,5.5982,CUTPAYA_MIRUEKTAMAN_PL
01JHO0090,,95.3918,5.4874,UTARA_MONTASIEK_TB
01JHO0091,,95.3921,5.4536,DILI_BUKTI_PL
01JHO0092,,95.3929,5.5812,LAMBADAPEUKAN_MT
01JHO0093,,95.3956,5.5687,LAMREH_ACEH_MT
01JHO0094,,95.3961,5.5442,GAMPONG_ILLIE_JHO_TB
01JHO0095,,95.3966,5.5366,UJUNG_BATEE_TB
01JHO0096,,95.3975,5.5942,LABUY_TB
01JHO0097,,95.3978,5.5543,COTRAYA_KUTA_BARO_PL
01JHO0098,,95.3988,5.6147,LABUI_BAITUSSALAM_PL
01JHO0099,,95.4001,5.602,KAMPUNG_KELENG_TB
01JHO0100,,95.4005,5.6233,LAMNGA_ACEH_TB
01JHO0101,,95.401,5.525,KOTA_BARU_JHO_MT
01JHO0102,,95.401,5.5733,DAYAH_DARULIHSAN_PL
01JHO0103,,95.407,5.4371,INGIN_JAYA_ST
01JHO0104,,95.4075,5.4703,MEUNASAH_MANYANG_CM
01JHO0105,,95.4087,5.5278,BLANGBINTANG_LAMA_PL
01JHO0106,,95.4103,5.6357,UJUNG_BATEE1_TB
01JHO0107,,95.4117,5.5088,BLANG_BINTANG_ST
01JHO0109,,95.4132,5.615,NEUHEUN_ACEH_TB
01JHO0110,,95.4139,5.5151,COTLEUPON_MT
01JHO0111,,95.415,5.6259,NEUHEN_MT
01JHO0112,,95.4199,5.6443,UJONG_BATEE_EP
01JHO0113,,95.4234,5.4594,MONTASIK_TB
01JHO0114,,95.4241,5.4236,SIBREH1_MT
01JHO0115,,95.4383,5.4321,SEUREUMO_PL
01JHO0116,,95.4388,5.4503,PIYEUNG_MANEE_TB
01JHO0117,,95.4472,5.4112,INDRAPURI_NAD_MT
01JHO0119,,95.5181,5.5866,KRUENG_RAYA_MT
01JHO0120,,95.5238,5.3901,KEMIREU_TB
01JHO0122,,95.5783,5.3587,PASAR_SEULIMUM_TB
01JHO0124,,95.5956,5.3692,SEULIEUMUN_MT
01JHO0125,,95.5988,5.3009,JANTHO_EP
01JHO0126,,95.6092,5.5001,LAMTEBA_TB
01JHO0128,,95.6683,5.5875,LAMPANAH_TB
01JHO0129,,95.6941,5.3902,CINTA_ALAM_PL
01JHO0131,,95.7173,5.4393,SARE_EP
01JHO0132,,95.263,5.2455,LHOONG2_PL
01JHO0133,,95.327,5.4864,LAMKUNYET_MT
01JHO0134,,95.4981,5.396,LAMLEUPUNG_MT
01JHO0135,,95.5469,5.3718,LAMPISANG_DAYAH_MT
01JHO0136,,95.1708,5.5609,NT_PULO_BUNTA_PK
01JHO0138,,95.4758,5.418,SR_MUREU_ULEETITI_PL
01JHO0139,,95.4257,5.4897,SR_KAYEE_KUNYET_PL
01JKU097,,106.8223,-6.122,ANCOL_TEST
01KRB0001,,97.9449,4.2404,BLANGKANDIS_TB
01KRB0002,,97.9537,4.1678,PULO_TIGA_TB
01KRB0003,,97.9928,4.3554,ACEH_TAMIANG_TB
01KRB0004,,98.0482,4.2928,DESA_BUNDAR_MT
01KRB0005,,98.0484,4.2999,DALAM_KRB_TB
01KRB0006,,98.0525,4.2957,KUALA_SIMPANG2_TB
01KRB0007,,98.0536,4.2853,MENANG_GINI_MT
01KRB0009,,98.0565,4.4009,MEDANG_ARA_TB
01KRB0010,,98.0574,4.3095,KUALASIMPANG_BAHAGIA_PL
01KRB0011,,98.0583,4.27,BUKIT_RATA_PL
01KRB0012,,98.0583,4.2788,KUALA_SIMPANG_PL
01KRB0013,,98.0584,4.228,SUNGAI_LIPUT_MT
01KRB0014,,98.0588,4.2898,KOTA_LINTANG_ST
01KRB0015,,98.0614,4.2944,KUALA_SIMPANG1_MT
01KRB0016,,98.0619,4.2853,PASAR_KOTA_KUALA_SIMPANG_TB
01KRB0017,,98.062,4.3206,JOHAR_TB
01KRB0019,,98.0692,4.2925,LANDUH_TB
01KRB0020,,98.0698,4.2744,SALAHHAJI_PAYA_BEDI_PL
01KRB0022,,98.073,4.3384,KARANG_BARU_KRB_CM
01KRB0024,,98.0777,4.2888,RANTAU_KRB_ST
01KRB0025,,98.083,4.395,LNTSMEDAN_KUALASIMPANG_PL
01KRB0026,,98.0833,4.3043,KAMPUNG_DURIAN_MT
01KRB0027,,98.0904,4.3612,TANJUNG_SEUMANTOH_CM
01KRB0028,,98.0927,4.3236,RANTAU_KUALA_SIMPANG_PL
01KRB0030,,98.0983,4.3365,ALUR_CUCUR_TB
01KRB0031,,98.1012,4.3246,PERTAMINA_RANTAU_PL
01KRB0037,,98.067,4.2053,KAMPUNG_JAWA_MT
01KRB0038,,98.0715,4.4204,GELANGGANG_MERAK_TB
01KRB0039,,98.0743,4.3977,IETAH_MT
01KRB0040,,98.0932,4.4452,MANYAKPAYED_MESJID_MT
01KRB0041,,98.11,4.3922,PAYA_RAHAT_MT
01KRB0042,,98.1298,4.3173,SUKARAMAI_II_PL
01KRB0043,,98.1362,4.4399,MATANG_SEUPING_ST
01KRB0044,,98.1678,4.4058,MESJID_SUNGAI_IYU_ST
01KRB0045,,98.1833,4.3526,PEUKAN_SEURUWAY_ST
01KRB0046,,98.0261,4.4077,PAYA_KETENGGAR_ST
01KRB0047,,98.2138,4.3514,SUNGA_KURUK_II_MT
01KRB0048,,98.0504,4.1818,SEUMADAM_CM
01KRB0051,,98.088,4.38,PAYA_AWE_MT
01KRB0052,,98.0561,4.4337,RAJATUHA_PAYED_MT
01KRB0053,,97.8825,4.2943,TITIBABO_TAMIANG_MT
01KRB0054,,97.8915,4.2695,BABO_RAVAN_TB
01KRB0055,,98.1575,4.3621,SEURUWAY_ARYSA_TB
01KRB0056,,97.9096,4.2487,JAMBO_RAMBONG_TB
01KRB0057,,98.125,4.2631,SUKAMULIA_RANTAU_MT
01KRB0058,,98.1926,4.3754,TELUK_KEPAYANG_PL
01KRB0059,,98.1665,4.3481,DUSUN_PASIRAN_MT
01KRB0060,,97.9605,4.1422,ALUR_TANI_TAMIANG_ST
01KRB0064,,98.1417,4.3008,GEDUNG_BIARA_SEURUWAY_TB
01KSB0001,,97.86,2.6647,SUBUHSALAM2_TB
01KSB0002,,97.8946,2.7931,BEGRUN_TB
01KSB0003,,97.8955,2.6214,SAMADUA_MT
01KSB0004,,97.9318,2.6798,BKL_BUAH_MTY_TB
01KSB0005,,97.9488,2.6494,BULUH_DORI_TB
01KSB0006,,97.9673,2.7155,MB_BATUBATU_MT
01KSB0007,,97.9991,2.6468,SUBUHSALAM_BARAT_CM
01KSB0008,,98.0005,2.6651,BLEGEN_KN
01KSB0009,,98.0092,2.6451,PULAU_SAROK_PL
01KSB0010,,98.0099,2.6385,SUBUSALAM_KOTA_EP
01KSB0011,,98.0456,2.5802,SIMPANG_GAJAH_EP
01KSB0012,,98.0614,2.6139,PENANGGALAN_KN
01KSB0013,,98.0209,2.6106,NT_DESA_DASAN_RAJA_PL
01KSB0015,,98.024,2.627,PENANGGALAN_MT
01KSB0016,,97.8478,2.7225,SEPADAN_MT
01KSB0017,,97.9893,2.6512,SUBULUSSALAM_BARAT_TB
01KSB0018,,97.9188,2.6811,MR_MUKTI_MAKMUR_PL
01KSB0019,,97.8532,2.5904,MR_SIPERKAS_PL
01KSB0020,,97.9789,2.6643,SIMPANG_KIRI_SUKAMAKMUR_MT
01KSB0021,,97.8937,2.8021,GUNUNG_BAKTI_SUBULUSSALAM_CM
01KTN0001,,97.7416,3.5981,RGAYO_LUES2_TB
01KTN0002,,97.7916,3.5255,KUTA_CANE2_TB
01KTN0003,,97.805,3.5066,ALAS_MELANCAR_TB
01KTN0004,,97.8119,3.4847,KUTACANE_MT
01KTN0005,,97.8267,3.4641,BAMBEL_ST
01KTN0006,,97.865,3.4415,KUNING_ST
01KTN0007,,97.8977,3.4045,SIMPANG_SEMADAM_ST
01KTN0008,,97.9184,3.3515,LAWE_SIGALAGALA_EP
01KTN0010,,97.7623,3.5627,SIMPANG_IV_TANJUNG_MT
01KTN0016,,97.9541,3.3091,LAWE_DESKI_SABAS_PL
01KTN0017,,97.8329,3.423,LAWE_ALAS_TB
01KTN0018,,97.888,3.4271,BUKIT_TUSAM_TB
01KTN0019,,97.8588,3.4706,LAWE_SUMUR_PL
01KTN0020,,97.8189,3.5153,DELENG_POKHKISEN_TB
01KTN0021,,97.8207,3.4966,MR_TENEMBAK_LANG_LANG_TB
01KTN0022,,97.8359,3.4444,MR_KUTE_SERI_TB
01KTN0023,,97.9807,3.2893,MR_TANOH_ALAS_PL
01KTN0024,,97.8117,3.4542,SMPN3_KUTA_BATU_PL
01KTN0025,,97.781,3.5439,PERANGINAN_BENGKOK_MT
01KTN0026,,97.9083,3.3798,BATU_DUARATUS_MT
01KTN0027,,97.8561,3.3701,PUSKESMAS_TANOHALAS_MT
01KTN0028,,97.7655,3.5437,KUTE_RAMBE_MT
01KTN0029,,97.9294,3.2991,LAPPET_PARDOMUAN_ST
01KTN0030,,97.8402,3.4847,LAWE_KULOK_ST
01KTN0031,,97.9394,3.333,NUSANTARA_LAWE_LONING_ST
01KTN0032,,97.8608,3.4239,PAYA_RAMBUNG_ST
01LGS0001,,97.4738,5.1182,SEUNEUBOK_PIDIE1_MT
01LGS0002,,97.4787,5.1093,PAYA_NADEN_CM
01LGS0003,,97.4892,5.1491,LUENG_SATU_MT
01LGS0004,,97.5094,5.1073,MADAT_ST
01LGS0005,,97.5178,5.0555,BUKET_BATA_TB
01LGS0006,,97.52,5.1203,ULEE_ATEUNG_PL
01LGS0007,,97.5205,5.0707,SIMPANG_ULIM_LGS_MT
01LGS0008,,97.5268,5.0864,PUCOK_ALUE_BARAT_CM
01LGS0009,,97.5377,5.0688,PANTE_LABU_MT
01LGS0010,,97.5402,5.0969,SIMPANG_ULIM_PL
01LGS0011,,97.5507,5.0793,NICAH_AWE_TB
01LGS0012,,97.6228,5.0439,PANTON_LB2_TB
01LGS0013,,97.6447,5.036,KUTABINJEI4_BEUNUT_TB
01LGS0014,,97.6673,5.0296,NURUSALAM_ACEH_TIMUR_PL
01LGS0015,,97.719,4.986,DARUL_AMAN_ST
01LGS0016,,97.7286,4.9772,BEUNOT_KAMPUNG_BAROH_MT
01LGS0017,,97.7519,4.9646,GAMPONG_JALAN_CM
01LGS0018,,97.7606,4.9477,IDI_RAYEUK3_LGS1_MT
01LGS0019,,97.7623,4.9577,SEUNEUBOK_RAMBONG_CM
01LGS0020,,97.7666,4.9522,IDIE_EP
01LGS0021,,97.7672,4.9629,KETAPANG_MAMEH_TB
01LGS0022,,97.7699,4.9493,PASAR_IDI_RAYEUK_CM
01LGS0023,,97.7741,4.9496,IDI_RAYEUK1_MT
01LGS0024,,97.7761,4.9609,IDI_RAYEUK_TB
01LGS0025,,97.7768,4.9418,SEUNEUBOK_PUNTEUT_PL
01LGS0026,,97.7796,4.9571,IDI_RAYEUK2_MT
01LGS0027,,97.7942,4.9302,KAMPUNG_JAWA_ACEH_TIMUR_PL
01LGS0028,,97.8014,4.9144,BLANG_GEULUMPANG_TB
01LGS0029,,97.8129,4.903,SEUNEUBOK_PEUNTEUT_CM
01LGS0030,,97.8156,4.8025,ALUE_DUA_ST
01LGS0031,,97.8301,4.891,PEUDAWA_ST
01LGS0032,,97.8518,4.8714,ALUE_BU_TUHA_CM
01LGS0033,,97.8598,4.8615,PEURLAK_BARAT_ST
01LGS0034,,97.8732,4.806,DESA_BLANG_BATEE_TB
01LGS0035,,97.8823,4.657,PAYAKETAPANG_TB
01LGS0036,,97.8828,4.8403,BEUSA_SEBERANG_TB
01LGS0037,,97.8908,4.8336,PEUREULAK1_TB
01LGS0038,,97.8922,4.7751,ALUE_GUREP_ACEH_TIMUR_PL
01LGS0039,,97.8935,4.7905,BABAH_KRUENG_LGS_TB
01LGS0040,,97.8937,4.8084,PEUREULAK_TB
01LGS0041,,97.8959,4.7409,SEUMATANG_KEUDE_ST
01LGS0042,,97.896,4.5412,PAYABILI_TB
01LGS0043,,97.8995,4.8528,DESA_BLANG_BALOK_TB
01LGS0044,,97.9036,4.7579,SEUNEUBOK_PIDIE2_PL
01LGS0045,,97.9044,4.7189,ALUE_THO_TB
01LGS0046,,97.905,4.706,SEUNEUBOK_TEUNGOH_CM
01LGS0047,,97.9069,4.5911,BAYEUN_TB
01LGS0048,,97.9166,4.6731,RPERLAK_TB
01LGS0049,,97.92,4.5708,ARAMIYAH_MT
01LGS0050,,97.9274,4.6497,ALUE_KERTANG_TB
01LGS0051,,97.9366,4.6187,RANTAU_PANJANG_LGS_PL
01LGS0053,,97.5699,5.0679,BLANG_ME_SIMPANG_ULIM_PL
01LGS0054,,97.7994,4.8081,KP_PERTAMINA_RT_PEUREULAK_PL
01LGS0055,,97.9303,4.549,ARAMIYAH_BIREM_BAYEUN_PL
01LGS0056,,97.7364,4.9285,SN_SEUNEUBOK_DALAM_PL
01LGS0057,,97.846,4.8253,SN_TEUMPEUN_PL
01LGS0058,,97.6973,5.0116,SN_MATANG_NEUHEUN_PL
01LGS0059,,97.6946,4.902,PUSKES_SN_BANDA_ALAM_PL
01LGS0060,,97.7193,4.9081,MIN_21_KEUMUNING_PL
01LGS0061,,97.5658,5.1007,BANTAYAN_SIMPANG_ULIM_PL
01LGS0062,,97.6399,5.0691,JULOK_NALEUNG_PL
01LGS0063,,97.907,4.8257,PASIR_PUTIH_PEREULAK_MT
01LGS0064,,97.6221,4.8935,SEUNEUBOK_CINA_MT
01LGS0065,,97.7513,4.9111,SEUNEUBOK_TEUNGOH_MT
01LGS0066,,97.5979,5.0546,TUMPOK_TEUNGO_MT
01LGS0067,,97.6434,5.0074,BUKET_TEUMPEUN_ST
01LGS0068,,97.6745,5.0037,COT_ASAN_NURUSSALAM_ST
01LGS0069,,97.8415,4.7953,PAYA_MEULIGO_ST
01LGS0070,,97.7612,4.8055,PAYA_PALAS_TANJONG_ST
01LGS0071,,97.8773,4.5067,ALUETEH_BIREM_BAYEUN_TB
01LHK0001,,96.8919,5.1333,COTKEUMUNENG_ACEH_UTARA_PL
01LHK0002,,96.9096,5.1474,BABAH_KRUENG_LHK_TB
01LHK0003,,96.9129,5.2366,PASAR_KRUENG_MANEH_CM
01LHK0004,,96.9163,5.2459,KREUNG_MANE_PL
01LHK0005,,96.9178,5.1871,LHOK_KUYEUN_TB
01LHK0006,,96.9218,5.2162,GLEE_DAGANG_MT
01LHK0007,,96.9308,5.1993,BABAH_BULOH_MT
01LHK0008,,96.9309,5.2493,MALIKUSSALEH_TB
01LHK0009,,96.9333,5.2327,TEUMPOK_BEURANDANG_TB
01LHK0010,,96.9473,5.2548,BLUKA_TEUBAI_PL
01LHK0011,,96.9504,5.2336,BANDARA_MALIKUS_SALEH_CM
01LHK0012,,96.9554,5.1873,SDJAMUAN_COTTIMU_PL
01LHK0013,,96.9665,5.2555,MUARA_BATU_PL
01LHK0014,,96.9703,5.2041,BANDA_BARO_KKA_TB
01LHK0015,,96.9802,5.252,BATUPHAT_BARAT_PL
01LHK0016,,96.9872,5.2485,RDTO_MALIKUSALEH_TB
01LHK0017,,96.9888,5.2234,PALOH_IGEUH_CM
01LHK0018,,96.9906,5.2577,GLP_SULU_BARAT_MT
01LHK0019,,96.9937,5.2444,ULEE_REULENG_DEWANTARA_PL
01LHK0020,,97.0045,5.2447,ULEE_PULO_DEWANTARA_PL
01LHK0021,,97.0122,5.1708,SAWANG_NAD_TB
01LHK0022,,97.0166,5.2441,KRUENG_GEUKUH_PL
01LHK0023,,97.0206,5.2423,KEUDE_KRUENG_GEUKUEH_MT
01LHK0024,,97.0206,5.2379,UTEUN_GELINGAN_TB
01LHK0025,,97.0239,5.2134,PALOH_GADENG_TB
01LHK0026,,97.026,5.241,BATEE_TIMOH_LHK_PL
01LHK0027,,97.0266,5.2364,STO_KREUNG_GEUH_KEUH_MT
01LHK0028,,97.027,5.2294,TAMBON_TUNONG_CM
01LHK0029,,97.0359,5.1781,GAMPONG_KETAPANG_MT
01LHK0030,,97.0427,5.2395,PELABUHAN_LHOKSUMAWE_PL
01LHK0031,,97.0585,5.1415,COTSEUTUI_ST
01LHK0033,,97.1106,5.0889,DESA_SEJAHTERA_TB
01LHK0034,,97.1774,5.0754,BUKIT_GELUMPANG_TB
01LHK0035,,97.1909,5.1186,BLANG_BAYU_MT
01LHK0036,,97.1963,5.108,DESA_BALE_TB
01LHK0037,,97.2051,5.0588,MEURAH_MULIA2_TB
01LHK0038,,97.2058,5.0717,MEURAH_MULIA1_ST
01LHK0039,,97.2121,5.1162,GEUDONG_LHK_MT
01LHK0040,,97.2167,5.1275,SAMUDERA_MT
01LHK0041,,97.2188,5.1418,MATANG_ULIM_ACEH_UTARA_PL
01LHK0042,,97.229,5.1133,TEUPINPUNTI2_CM
01LHK0043,,97.2306,4.9938,PAYA_BKNG_TB
01LHK0045,,97.2361,5.0244,NT_GAMPONG_TEUPIN_MEE_MT
01LHK0046,,97.2449,5.0144,NT_TUNONG_KRUENG_MT
01LHK0047,,97.2466,5.1028,SIMPANG_MATANG_KULI_PL
01LHK0048,,97.248,5.1313,KEUDE_MATANG_PANYANG_ST
01LHK0049,,97.2482,5.0669,NIBONG_ST
01LHK0050,,97.2513,5.1152,MAMPREE_TB
01LHK0051,,97.2532,5.093,DAYAH_ARON_TB
01LHK0053,,97.2634,5.0663,PASAR_BLANG_JRUEN_MT
01LHK0054,,97.264,5.0338,GAMPONG_TUMPOKBRT_MT
01LHK0055,,97.2685,5.0574,RAYEUK_MEUNYE_TB
01LHK0056,,97.2725,5.049,RAYEUK_KUTA_CM
01LHK0057,,97.2747,4.9952,ALUE_BUNGKOH_TB
01LHK0058,,97.2768,5.1067,LEUBOK_ACEH_UTARA_PL
01LHK0059,,97.278,5.0709,PANTE_BAYAM_LUENG_TB
01LHK0060,,97.279,5.034,MATANG_KULI_PL
01LHK0061,,97.2893,5.0189,RAYEUK_PANGE_TB
01LHK0062,,97.2898,5.1083,ACEH_ULEE_TANOH_PL
01LHK0063,,97.2977,5.0454,JUMPA_GLUMPANG_TB
01LHK0064,,97.3062,5.0759,LHOKSUKON1_ST
01LHK0066,,97.316,5.0507,TGK_KARIENG_LHOKSUKON_PL
01LHK0067,,97.3226,5.0436,LHOKSUKON_REUDEUP_CM
01LHK0068,,97.3243,5.038,LHOKSUKON_EP
01LHK0069,,97.3246,5.0275,COTGIREK_KRUENG_PEUTO_PL
01LHK0070,,97.3288,5.018,BUKET_ME_ACEH_UTARA_PL
01LHK0071,,97.3341,5.0497,LINTASMEDAN_LHOKSUKON_PL
01LHK0072,,97.3367,4.9845,GLUMPANG_TB
01LHK0073,,97.3399,5.1138,MATANG_RAYA_BLANG_SIALET_MT
01LHK0074,,97.3427,5.0759,NGA_MATANG_UBI_PL
01LHK0075,,97.3639,4.9446,COTGIREK1_ST
01LHK0076,,97.3644,5.1182,MATANG_TEUNGOH_TB
01LHK0077,,97.3742,4.9431,COTGIREK_TB
01LHK0078,,97.3859,5.1267,MATANG_KUMBANG_MT
01LHK0079,,97.4084,5.1325,BAKTIYA_PL
01LHK0080,,97.4309,5.1513,NT_KRUENG_LINGKA_TIM_IB
01LHK0081,,97.433,5.1762,SEUNODON_ST
01LHK0082,,97.4371,5.1312,BAKTYA_MT
01LHK0083,,97.4401,5.1502,MEUNASAH_GEUDONG_MT
01LHK0084,,97.4435,5.1237,CEMPEDAK_MT
01LHK0085,,97.4511,5.1192,PANTON_LABU_MT
01LHK0086,,97.4548,5.1171,PASAR_PANTON_LABU_MT
01LHK0087,,97.4601,5.1141,SIMPANG_ULIM_LHK_MT
01LHK0088,,97.4628,5.1055,TANJUNG_ARA_PL
01LHK0089,,97.4659,5.142,TANJONG_MENUANG_PL
01LHK0090,,97.505,5.0655,PANTE_GAKI_BALE_TB
01LHK0091,,97.0796,5.1087,MEUNASAH_BLANG_ARA_MT
01LHK0092,,97.2312,5.0691,TANJONG_MESJID_MT
01LHK0093,,97.2537,5.1028,DAYAH_TEUNGKU_MT
01LHK0094,,97.3122,5.0607,LHOKSUKON_RANTO_TB
01LHK0095,,97.2954,5.1696,KEUDE_LAPANG_MT
01LHK0096,,97.3719,5.0082,MATA_IE_MT
01LHK0097,,97.413,5.0926,COT_MANYANG_MT
01LHK0100,,97.4853,5.1691,SEUNEUBOK_PIDIE_JAMBO_AYE_PL
01LHK0101,,97.3525,5.094,BINTANG_HU_LHOKSUKON_PL
01LHK0102,,96.9932,5.1099,NISAM_ANTARA_PL
01LHK0103,,97.2003,4.9602,DESA_LUENG_PAYA_BAKONG_PL
01LHK0104,,97.3749,4.9094,GEUDUBANG_COT_GIREK_PL
01LHK0105,,97.3434,4.9685,BULOH_LHOKSUKON_MT
01LHK0106,,97.4406,5.2009,MATANG_KARIENG_MT
01LHK0107,,97.3703,5.1877,MATANG_PANYANG_MT
01LHK0108,,97.2113,5.0931,RAYEUK_MATANG_PL
01LHK0109,,97.0742,5.1314,AMAN_CEUMEUCET_ST
01LHK0110,,97.4184,5.1119,GEULUMPANG_SAMLAKO_ST
01LHK0111,,97.4505,5.0911,LHOK_BINTANG_ST
01LHK0112,,97.2681,5.0116,MAINA_BEURINGEN_ST
01LHK0113,,97.2326,5.0479,MENYE_LHEE_ST
01LHK0115,,97.4401,5.1071,BIARA_BAR_CEMPAKA_TB
01LHK0116,,97.4725,5.1543,JAMBO_AYE_UTARA_TB
01LNS0001,,97.9354,4.4655,LANGSA_BAROH_PL
01LNS0002,,97.936,4.5319,KEUDEU_CM
01LNS0003,,97.9416,4.4696,STIKES_LANGSA_MT
01LNS0004,,97.9468,4.4979,BUJOK_SEULEUMAK_TB
01LNS0005,,97.9488,4.4771,LANGSA_BARAT_ST
01LNS0006,,97.9507,4.4726,LANGSA4_SECTOR_MT
01LNS0007,,97.9519,4.4917,KEBUN_BARU_TB
01LNS0008,,97.9522,4.4678,KAMPUNG_LAMA_LNS_PL
01LNS0009,,97.9525,4.4813,PAYA_BUJOK_LANGSA_MT
01LNS0010,,97.9533,4.5019,SIMPANG_COMODOR_MT
01LNS0011,,97.9548,4.4783,PAYA_BUJOK_TUNONG_PL
01LNS0013,,97.9568,4.4834,PERUMNAS_LANGSA_TB
01LNS0014,,97.9573,4.4929,SEULEUMAK_MT
01LNS0015,,97.9578,4.4869,STADION_PAYA_BUJUK_PL
01LNS0016,,97.9605,4.4808,JALAN_TM_BAHRUN_TB
01LNS0017,,97.9607,4.4711,GAMPONG_JAWA2_PL
01LNS0018,,97.9626,4.4752,BLANG_PASE_MT
01LNS0019,,97.9647,4.4915,PAYA_BUJOK_TEUNGOH_MT
01LNS0020,,97.9653,4.5026,SIMPANGLHEE_TB
01LNS0021,,97.9671,4.4683,GAMPONG_JAWA1_MT
01LNS0022,,97.9696,4.4754,SUDIRMAN_PAYA_PL
01LNS0023,,97.97,4.4711,TEUKU_UMAR_LANGSA_MT
01LNS0024,,97.9706,4.4873,KETUABAYEN_MATANG_TB
01LNS0025,,97.9717,4.4399,DESA_TIRTA_KEMUNIENG_TB
01LNS0026,,97.9727,4.4666,PERMAIGMPONGTEUNGOH_PL
01LNS0027,,97.9727,4.4818,LANGSA_MT
01LNS0028,,97.9739,4.4757,GAMPONG_MEUTIA_TB
01LNS0029,,97.9753,4.4608,GAMPONG_TEUNGOH_MT
01LNS0030,,97.9773,4.4734,GAMPONG_BLANG_LANGSA_MT
01LNS0031,,97.9775,4.446,MEURANDEH_MT
01LNS0032,,97.9778,4.4834,SUNGAI_PAUH_MT
01LNS0033,,97.9804,4.4648,LANGSA1_MT
01LNS0034,,97.981,4.4704,BTN_ALUE_BEURAWE_TB
01LNS0035,,97.9838,4.4774,KUALA_LANGSA_MT
01LNS0036,,97.9882,4.443,ASAM_PEUTIK_TB
01LNS0037,,97.9909,4.4602,BAROH_LANGSA_LAMA_CM
01LNS0038,,98.0077,4.4545,SIMPANG_WEI_CM
01LNS0040,,98.0204,4.4332,SEUNEUBOK_UTARA_TB
01LNS0041,,98.0177,4.4422,ALUE_PINEUNG_MT
01LNS0042,,97.9443,4.5117,ALUE_DUA_LANGSA_BAROH_PL
01LSW0001,,97.0399,5.2287,BATUPHAT_TIMUR_ST
01LSW0002,,97.0471,5.2279,UJONG_BLANG_LHOKSUMAWE_PL
01LSW0003,,97.0521,5.2201,ARUN_EP
01LSW0004,,97.0623,5.215,ACEH_BLANGPULO_TB
01LSW0005,,97.0684,5.2128,HAGU_BARAT_PL
01LSW0006,,97.0807,5.2112,RELKERETA_PADANG_SAKTI_PL
01LSW0007,,97.0826,5.1884,PALOH_PUNTI_LSW2_TB
01LSW0008,,97.0861,5.2021,KRUENG_KUKUH_TB
01LSW0009,,97.0886,5.1492,PULO_BARAT_TB
01LSW0012,,97.1134,5.1917,TELKOM_PANGGOI_PL
01LSW0013,,97.1181,5.1798,LHOKSEUMAWE2_TB
01LSW0014,,97.1192,5.208,BABY_FOREST_TB
01LSW0015,,97.1197,5.1845,BLANG_PANJANG_MT
01LSW0016,,97.1208,5.167,LANCOK_LHOKSUMAWE_BARAT_PL
01LSW0017,,97.122,5.1312,PALOH_PUNTI_LSW1_MT
01LSW0018,,97.1222,5.1774,SIMPANG_ARDATH_MT
01LSW0019,,97.1224,5.2029,BANDA_MASEN_TB
01LSW0020,,97.1253,5.1979,KENARI_LSW_PL
01LSW0021,,97.1295,5.1953,LHOK_CITY2_MT
01LSW0022,,97.1304,5.1754,KEUDE_CUNDA_CM
01LSW0023,,97.1305,5.1071,DAYAH_BARO_LHOKSUMAWE_PL
01LSW0024,,97.1306,5.1704,CUNDA_MT
01LSW0025,,97.1327,5.1887,UTEUNBAYI_TB
01LSW0026,,97.1357,5.1792,MON_GEUDONG2_ST
01LSW0027,,97.136,5.1867,TUMPOK_TEUNGOH1_ST
01LSW0028,,97.1361,5.1993,CPKPUTIH_BANDASAKTI_ST
01LSW0029,,97.1384,5.1758,LHOKSEUMAWE1_TB
01LSW0030,,97.1398,5.1578,UJONG_BLANG_ST
01LSW0031,,97.1399,5.1853,PEUTUA_IBRAHIM_HS
01LSW0032,,97.1401,5.1792,MON_GEUDONG1_PL
01LSW0034,,97.1438,5.1927,PALAPA_HAGU_TEUNGOH_PL
01LSW0035,,97.1439,5.1461,SIMPANG_POSKA_TB
01LSW0036,,97.1445,5.1757,REJAMASKBBANDASAKTI_PL
01LSW0037,,97.1449,5.1839,LHOKSEUMAWE_EP
01LSW0038,,97.146,5.1799,STO_TELKOM_LHOKSEUMAWE_MT
01LSW0039,,97.1491,5.1718,PUSONG_MT
01LSW0040,,97.1494,5.1889,BANDASAKTILHKSEUMWE_ST
01LSW0041,,97.1497,5.1337,RTO_LHOKSEUMAWE_EP
01LSW0042,,97.1506,5.1838,KAMP_JAWA_TB
01LSW0043,,97.1529,5.1755,PASAR_IKAN_BUSONG_MT
01LSW0044,,97.1596,5.1213,BLANG_MANGAT_LHOKSEUMAWE_PL
01LSW0045,,97.1671,5.1173,BLANG_MANGAT_PL
01LSW0046,,97.1698,5.1399,KRUENG_BARO_PL
01LSW0047,,97.1071,5.2058,BLANG_PANYANG_MT
01LSW0048,,97.1689,5.0959,ASAN_KAREUNG_ACEH_ST
01MAK0001,,96.2448,4.062,LANGKAK_TB
01MAK0002,,96.2709,4.0729,CONDOR_JAYA_TB
01MAK0003,,96.2894,4.0044,KUALA_TRIPA_TB
01MAK0004,,96.2898,4.1199,SIMPANG_PEUT_TB
01MAK0005,,96.3063,4.2149,NAGAN_RAYA_MT
01MAK0006,,96.3204,4.1252,UJONG_FATIHAH_MT
01MAK0007,,96.3744,4.2707,SEUNAGAN_TIMUR_TB
01MAK0008,,96.4026,4.096,ALUE_BATA_TB
01MAK0009,,96.4894,3.9954,LAMIE_PL
01MAK0010,,96.4953,3.8449,NT_DESA_PULO_KRUET_GT
01MAK0011,,96.5105,3.9616,SERBA_GUNA_MT
01MAK0012,,96.5138,3.9892,ALUE_BILI_EP
01MAK0013,,96.5639,3.9776,PULO_TENGAH_MT
01MAK0014,,96.592,4.0098,SUWAH_PLB_TB
01MAK0015,,96.3996,4.0758,NT_DESA_GUNONG_SAPEK_PL
01MAK0016,,96.5642,3.9522,PANTON_BAYU_TB
01MAK0018,,96.5427,3.9782,KARANGANYAR_DARULMAKMUR_TB
01MAK0020,,96.3147,3.9691,KUALA_TADU_MT
01MAK0021,,96.2579,4.0434,KUBANG_GAJAH_PL
01MAK0022,,96.5365,3.9592,SUKAMULIA_MT
01MAK0023,,96.3064,4.2315,JEURAM_PL
01MAK0024,,96.3063,4.0889,BLANG_BINTANG_TB
01MAK0025,,96.3036,4.1598,SUKA_MAKMUE_TB
01MAK0026,,96.3356,4.2532,ALUE_THO_SEUNAGAN_PL
01MAK0027,,96.3595,4.2437,BLANG_ARA_DEDE_PL
01MAK0028,,96.3558,4.2633,KEUDE_LINTEUNG_PL
01MAK0029,,96.4015,4.2688,BABAHKRUNG_BEUTONG_PL
01MAK0030,,96.4388,4.085,GUNONG_PUNGKIE_MT
01MAK0031,,96.3067,4.1848,BLANG_SAPEK_PL
01MAK0032,,96.4259,4.2556,KULAM_JEURNEH_BEUTONG_MT
01MAK0034,,96.3241,4.1676,PEMKAB_NAGAN_RAYA_MT
01MAK0035,,96.2314,4.0779,KUALA_BARO_ACEH_ST
01MAK0036,,96.5379,3.9985,TAPAKTUAN_SUAK_ST
01MAK0038,,96.2863,4.1032,BLANG_BARO_NAGAN_MT
01MAK0039,,96.3881,4.2648,PUSTU_MEUNASAH_PANTE_TB
01MBO0002,,96.0496,4.3847,WAYLA_TB
01MBO0004,,96.0653,4.2141,SAMATIGA_TB
01MBO0005,,96.0846,4.3009,BUBON_TB
01MBO0008,,96.1256,4.1452,MEULABOH_EP
01MBO0012,,96.1498,4.1866,MEULABOH2_EP
01MBO0018,,96.1721,4.2262,KAWAY_TB
01MBO0020,,96.19,4.1152,RTO_MEULABOH_TB
01MBO0022,,96.0391,4.211,GAMPONG_TEUNGOH_TB
01MBO0023,,96.0607,4.2436,SAMATIGA_PINEM_ST
01MBO0024,,96.1165,4.1513,KUTA_PADANG_TB
01MBO0025,,96.12,4.1599,SEUNEUBOK_TB
01MBO0026,,96.1315,4.16,DRIEN_RAMPAK_TB
01MBO0027,,96.1364,4.1893,LEUHAN_MT
01MBO0028,,96.1393,4.1745,LAPANG_TB
01MBO0029,,96.151,4.1475,MEUREUBO_PL
01MBO0030,,96.1556,4.1663,RANTOPANYANG_IMUR_MT
01MBO0031,,96.1598,4.2124,ALUE_TAMPAK_MT
01MBO0032,,96.1623,4.1775,PULO_TEUNGOH_MT
01MBO0033,,96.1653,4.1356,PEUNAGA_RAYEUK_MT
01MBO0034,,96.1775,4.1284,GUNONG_KLENG_ST
01MBO0035,,96.2138,4.1426,UJONG_TANOH_DARAT_TB
01MBO0036,,96.0121,4.3411,WOYLA_BARAT_PL
01MBO0037,,96.0445,4.3648,ARON_TUNONG_MT
01MBO0038,,95.9673,4.3132,ARONGAN_RAMPAK_MT
01MBO0039,,96.2013,4.2794,PUNGKIE_KAWAY_MT
01MBO0041,,96.1081,4.1778,SUAK_RAYA_ST
01MBO0042,,96.1365,4.1456,TEUREUNDAM_ST
01MRD0001,,96.0566,5.2755,MNS_GAMPONG_MT
01MRD0002,,96.0604,5.2572,BDR_BARU_PIDIE_TB
01MRD0003,,96.0694,5.2541,MEUNASAH_KEUDE_MT
01MRD0004,,96.0826,5.2668,BANDAR_DUA_MT
01MRD0005,,96.1166,5.2643,MEUNASAH_PARUKEUDE_TB
01MRD0007,,96.1429,5.2531,TUNONG_MT
01MRD0009,,96.1695,5.2618,SAGOE_PRAJA_MT
01MRD0012,,96.1838,5.2561,TRINGGADING_MT
01MRD0013,,96.2001,5.2481,TUENGKLUET_TB
01MRD0014,,96.2174,5.2313,RAMBONG_TB
01MRD0015,,96.2309,5.2504,DEAH_PANGWA_TB
01MRD0016,,96.2479,5.2434,MEUREDU1_MT
01MRD0017,,96.2579,5.2503,MASJID_TUHA_ST
01MRD0018,,96.2586,5.2442,DAYAH_KRUET_TB
01MRD0019,,96.2595,5.2342,MEUREDU2_TB
01MRD0021,,96.3038,5.2296,SIBLAH_COH_TB
01MRD0022,,96.3045,5.2077,BLANG_DALAM_MT
01MRD0023,,96.3179,5.1985,ULEE_GLEE_ST
01MRD0024,,96.323,5.192,MUKO_DAYAH_PL
01MRD0026,,96.3309,5.2105,PAYAH_BAROH_MT
01MRD0027,,96.338,5.1663,ASAN_KUMBANG_ST
01MRD0028,,96.2774,5.2476,TIJIEN_DABOH_ULIN_TB
01MRD0029,,96.3216,5.2264,GAMPONG_JANGKA_BUYA_MT
01MRD0030,,96.3036,5.1749,BANDAR_DUA_2_MT
01MRD0031,,96.3421,5.1878,ADAN_BANDAR_DUA_MT
01NAD0001,,95.2828,5.5391,ULE_LHEUE_TB
01NAD0003,,95.288,5.5531,STASIUN_BANDAACEH_TB
01NAD0004,,95.2888,5.5317,AJEUN_TB
01NAD0005,,95.2902,5.5368,SURYEN_EMPEEROM_TB
01NAD0006,,95.2907,5.5598,RAMA_SETIA_MEURAYA_PL
01NAD0007,,95.2917,5.5513,BLANG_EP
01NAD0008,,95.2937,5.5563,LAMBUNG_TB
01NAD0009,,95.2945,5.5619,ULEE_LHEU_MT
01NAD0010,,95.2946,5.5276,EMPEROM_ST
01NAD0011,,95.2958,5.5389,SURIEUN_MT
01NAD0012,,95.2965,5.5304,JAYABARU_PL
01NAD0013,,95.2984,5.5553,BLANGOI_PL
01NAD0014,,95.3003,5.5273,GEUCEU_MENARA_TB
01NAD0015,,95.3005,5.5456,JAVATEL_GAMPONG_BARU_ST
01NAD0016,,95.3015,5.5632,KUTA_RAJA2_TB
01NAD0017,,95.3047,5.527,GEUCE_INIEM_TB
01NAD0018,,95.3048,5.5344,GEUCEE_KAYEE_JATO_PL
01NAD0019,,95.3048,5.5407,SETUI_RAYA_EP
01NAD0020,,95.3051,5.5209,KEUTAPANG_NAD_MT
01NAD0021,,95.3063,5.5478,PUNGE_CM
01NAD0022,,95.3068,5.5378,I2_SUZUYASUPERSTORE_GC
01NAD0023,,95.3068,5.5596,KUTA_RAJA1_MT
01NAD0024,,95.3077,5.5251,GEUCEU_INIEM_TB
01NAD0025,,95.3079,5.5396,LAMTEUMEN_TIMUR_PL
01NAD0026,,95.3087,5.5531,LAMPASEH_KOTA1_ST
01NAD0027,,95.309,5.545,LAMPASEH_KOTABLANG_MT
01NAD0028,,95.311,5.5216,KETAPANGKETAPANG4_TB
01NAD0029,,95.3114,5.5601,MERDUATI_PL
01NAD0030,,95.3126,5.5323,LAMLAGANG_PL
01NAD0031,,95.3127,5.5545,LAMPASEH_KOTA_EP
01NAD0032,,95.3131,5.5415,MEURAKSA_PS
01NAD0033,,95.314,5.5272,MENARA_LANGCUT_ST
01NAD0034,,95.3155,5.5636,DIKANDANGPEULANGGAHAN_PL
01NAD0035,,95.3159,5.5467,KERKHOF_PEUTJUT_PL
01NAD0036,,95.3161,5.5191,HOTEL_PADE_BNA_TB
01NAD0037,,95.3162,5.5583,KEUDAH_CM
01NAD0038,,95.3163,5.5367,GAMPONG_BARU_ST
01NAD0039,,95.3166,5.5674,LAMPULO_KEUDAH_TB
01NAD0040,,95.317,5.5411,NEUSUBAKTI_MT
01NAD0041,,95.3194,5.5329,RSFAKINAH_ACEH_TB
01NAD0042,,95.3196,5.5529,PANGLIMA_POLEMUTARA_TB
01NAD0043,,95.3197,5.5452,MAKAM_PAHLAWAN_TB
01NAD0044,,95.3208,5.5252,PASARLHONG_RAYA_MT
01NAD0045,,95.3209,5.557,HOTEL_SULTAN_EP
01NAD0046,,95.321,5.5751,GAMPONG_JAYA_MT
01NAD0047,,95.3212,5.5357,NEUSU_EP
01NAD0048,,95.3215,5.5505,BAITURRAHMAN_NAD_MT
01NAD0049,,95.3224,5.5192,STADIUNNAD_LAMPENERUT_TB
01NAD0050,,95.3225,5.5663,KAMPUNG_MULIA_TB
01NAD0051,,95.3245,5.5416,ATEUK_DAYA_PL
01NAD0052,,95.3251,5.5285,PEUNYERAT_MT
01NAD0053,,95.3252,5.5357,ATEUK_JAWA_PL
01NAD0054,,95.3257,5.5555,PTPOS_HAMZAH_PL
01NAD0055,,95.3257,5.5708,LAMDINGIN_MT
01NAD0056,,95.3259,5.5481,NEUSU1_MT
01NAD0057,,95.3276,5.5658,PERMATA_MULIA_MT
01NAD0058,,95.3285,5.5787,LAMPULO_BANDAACEH_PL
01NAD0059,,95.3301,5.5706,ISMAIL_LAMDINGIN_PL
01NAD0060,,95.3301,5.5622,3STORE_BANDA_ACEH_MT
01NAD0061,,95.3306,5.531,ACEH_RAYEUK_TB
01NAD0062,,95.3306,5.5456,PERLAK_TB
01NAD0063,,95.3315,5.5522,LAMSEUPUNG_MT
01NAD0064,,95.3317,5.559,KUTA_ALAM_PL
01NAD0065,,95.3321,5.5363,BATOH_NAD_PL
01NAD0066,,95.3337,5.5401,BATOH2_PL
01NAD0067,,95.3351,5.5653,BANDAR_BARU2_GT
01NAD0068,,95.3355,5.5706,LAMBARO_SEKEP_PL
01NAD0069,,95.3358,5.5531,LAMBHUK_PL
01NAD0070,,95.336,5.5601,MUERAXA_MT
01NAD0071,,95.3362,5.5325,BATOH1_MT
01NAD0072,,95.3368,5.5453,PANTERIEK_PL
01NAD0073,,95.3398,5.5417,JAVATEL_LUENGBATA_ST
01NAD0074,,95.3403,5.5649,MULIA_CM
01NAD0075,,95.3408,5.5954,ALUE_NAGA_TB
01NAD0076,,95.341,5.5357,LAMTRIENG_PL
01NAD0077,,95.341,5.5537,LAMBRUK_PL
01NAD0078,,95.3423,5.5735,CENDANA_NAD_MT
01NAD0079,,95.3427,5.5696,DAUD_BEUREUH_PL
01NAD0080,,95.3435,5.5467,PANGO_RAYA1_MT
01NAD0081,,95.3442,5.5599,LAMPINEUNG2_PL
01NAD0082,,95.3453,5.5651,LAMPINEUNG1_MT
01NAD0083,,95.3461,5.539,PANGO_RAYA2_ST
01NAD0084,,95.3469,5.5558,DOY_MT
01NAD0085,,95.3469,5.576,POLDA_ACEH1_PL
01NAD0086,,95.3474,5.5507,INDRAPURIBANDAACEH_TB
01NAD0087,,95.3478,5.5818,POLDA_ACEH2_TB
01NAD0088,,95.348,5.5455,ILIE_TB
01NAD0089,,95.3493,5.5704,BANDAR_BARU1_CM
01NAD0090,,95.3496,5.5605,IEMASIN_MT
01NAD0091,,95.3513,5.5645,LAMPINEUNG_MT
01NAD0092,,95.3517,5.5438,GAMPONG_ILLIE_NAD_MT
01NAD0093,,95.3518,5.5786,JEU_LINGKE_TB
01NAD0094,,95.3521,5.5849,MELAGU_SYIAH_KUALA_PL
01NAD0095,,95.355,5.5679,LAMGUGOH_ST
01NAD0096,,95.3551,5.5766,LAMNYONG_EP
01NAD0097,,95.3567,5.5525,ULEE_KARANG_PL
01NAD0098,,95.3599,5.5492,ULEE_KARENG_TB
01NAD0099,,95.3629,5.5821,RUKOH2_PL
01NAD0100,,95.3631,5.5767,LHOKBANGKA_RUKOH_TB
01NAD0101,,95.3643,5.5729,GERBANG_UNSYIAH_MT
01NAD0102,,95.3678,5.5701,UNIV_SYAHKUALA_CM
01NAD0103,,95.369,5.5774,IAIN_NAD_MT
01NAD0104,,95.369,5.5827,RUKOH1_MT
01SAB0001,,95.313,5.8356,SABANG2_MT
01SAB0002,,95.3237,5.8932,SABANG_TB
01SAB0006,,95.3481,5.8522,COTBATTETAMON_MT
01SAB0007,,95.3292,5.8968,IE_MEULE_MT
01SAB0008,,95.3334,5.8815,SUKAJAYA_COT_BAU_MT
01SAB0009,,95.3477,5.8357,SUKAJAYA_BALOHAN_CM
01SAB0010,,95.255,5.8719,IBOIH_BEACH_MT
01SAB0011,,95.3201,5.8712,SABANG_SUKAKARYA_MT
01SAB0014,,95.3389,5.8695,BYPASS_COTBAU_TB
01SGI0002,,95.7871,5.4663,KARANG_RANGKUM_EP
01SGI0004,,95.8218,5.4609,RTO_PADANG_TIJIE_TB
01SGI0005,,95.8461,5.3745,PADANG_TIJI_PL
01SGI0006,,95.8466,5.5114,LAWEUENG_TB
01SGI0007,,95.8593,5.3348,MESJID_KUNYET_CM
01SGI0008,,95.8602,5.3595,MESJID_PEUDAYA_MT
01SGI0010,,95.8932,5.349,REUBEE_TB
01SGI0011,,95.8955,5.4084,TUHA_TB
01SGI0012,,95.9003,5.3334,TUNONG_RUBEE_MT
01SGI0013,,95.9018,5.3735,DESA_BERELEUENG_TB
01SGI0014,,95.9044,5.3589,KETAPANG_BAMBONG_TB
01SGI0015,,95.9081,5.3997,SIMPANG4_TIBANG_MT
01SGI0016,,95.9102,5.3803,GRONGGRONGSIGLI_ST
01SGI0017,,95.9154,5.3007,MILA_MT
01SGI0018,,95.9198,5.3903,SEURI_WEUK_TB
01SGI0019,,95.9211,5.3192,GAMPONG_MELAYU_MT
01SGI0020,,95.9215,5.2384,PANTE_SIREN_MT
01SGI0021,,95.9257,5.3703,SANGGEU_MT
01SGI0022,,95.926,5.3351,NASIONAL_MEUNASAH_RAYA_ST
01SGI0023,,95.927,5.386,RAYA_BELANGGALANG_TB
01SGI0024,,95.9317,5.3666,GAMPONG_BARAT_ST
01SGI0025,,95.9341,5.3104,TEUNGOH_BLANG_MT
01SGI0026,,95.9367,5.2473,KOTA_BAKTI_MT
01SGI0029,,95.9423,5.3792,PIDIE_TB
01SGI0030,,95.944,5.2533,KOTA_BAKTIPIDIE_ST
01SGI0031,,95.9455,5.2822,PEUREULAK_BUSU_MT
01SGI0032,,95.9486,5.2601,MALI_GUYUI_PL
01SGI0034,,95.9507,5.3555,TIJU_SANGE_TB
01SGI0035,,95.9514,5.3347,JURONG_MT
01SGI0036,,95.9539,5.3819,SELANGA_BLANG_ASAN_PL
01SGI0037,,95.954,5.2673,BEURENEN_MT
01SGI0038,,95.955,5.2221,TIRO_ST
01SGI0039,,95.9551,5.3009,PINEUNG_MT
01SGI0040,,95.9558,5.2909,KUMBANG_BUSU_MT
01SGI0041,,95.9574,5.3773,BRI_SIGLI_TB
01SGI0042,,95.9592,5.3823,SIGLI_EP
01SGI0043,,95.96,5.3594,GAMPONG_TIJUE_TB
01SGI0044,,95.9608,5.316,CALEUINDRAJAYA_ST
01SGI0045,,95.9637,5.3884,TANGGUL_KUALAPIDIE_PL
01SGI0046,,95.9643,5.3423,BAMBI_MT
01SGI0047,,95.9663,5.2933,RAMBAYAN_MT
01SGI0048,,95.9684,5.3502,DAYAH_SUKON_TB
01SGI0050,,95.9691,5.3786,BLANG_PASEH_PL
01SGI0051,,95.9699,5.2732,BAROH_BAR_YAMAN_TB
01SGI0052,,95.9761,5.289,BALEBARO_PIDIE_TB
01SGI0053,,95.9824,5.2805,SEULANGA_SENTOSA_PL
01SGI0054,,95.9826,5.2586,BEUREUEH_PIDIE_PL
01SGI0055,,95.9845,5.3293,MEUNASAH_RAYA_ST
01SGI0056,,95.9871,5.2715,STO_BEUREUNEUN_MT
01SGI0057,,95.9891,5.2675,BIREUNEUN_PL
01SGI0058,,95.9917,5.2415,MEUGIT_PL
01SGI0059,,95.993,5.3459,SIMPANG_TIGA_PIDIE_ST
01SGI0060,,95.9981,5.2826,ULEE_TUTUE_MT
01SGI0061,,96.0023,5.3222,LINGGONG_SANGOE_MT
01SGI0062,,96.0029,5.2919,ADAN_MT
01SGI0063,,96.0053,5.3433,JAJA_TUNONG_TB
01SGI0064,,96.0084,5.2711,MANYANG_TEUMPEUN_PL
01SGI0065,,96.0123,5.2517,BLANG_TUNONG_PIDIE_PL
01SGI0066,,96.016,5.3039,KEMBANG_TAJONG_ST
01SGI0067,,96.0176,5.3181,DESA_KEUREUMBOK_TB
01SGI0068,,96.0226,5.2926,MEUNASAH_MESJID_MT
01SGI0069,,96.0255,5.2349,GEUDONG_SGI_TB
01SGI0070,,96.028,5.3245,SUKON_MT
01SGI0071,,96.04,5.25,TEUPIN_RAYA_MT
01SGI0072,,96.0403,5.2815,GLUMPANG_BAROH_MT
01SGI0073,,96.0467,5.2631,KEUPULA_TB
01SGI0074,,96.0577,5.3119,PALONG_PIDIE_PL
01SGI0075,,95.8007,5.537,MUARATIGA_BATEE_MT
01SGI0076,,95.8861,5.4438,BATEE_AWE_PL
01SGI0077,,95.938,5.3446,PANTE_LHOKKAJU_TB
01SGI0078,,95.94,5.3955,PIDIE_PEUKANBARO_TB
01SGI0079,,95.9493,5.2105,PULO_GLUMPANG_MT
01SGI0080,,96.1714,5.2406,PEUDEUEK_BAROH_TB
01SGI0081,,96.2841,5.2247,MEUNASAH_PUPU_MT
01SGI0082,,96.327,5.1784,DRIEN_BUNGONG_MT
01SGI0084,,95.9613,5.3684,LAMPEUDEU_BAROH_MT
01SGI0085,,95.9571,5.2491,PERLAK_ASAN_MT
01SGI0086,,95.8882,5.2327,JIJIEM_MT
01SGI0087,,95.8277,5.5337,PELABUHAN_LAWEUNG_PL
01SGI0088,,95.9176,5.3631,SAGOE_BAMBONG_PL
01SGI0089,,95.8962,5.281,LALA_PL
01SGI0090,,95.9339,5.2974,GAPUI_PL
01SGI0091,,95.9811,5.3064,BUNGIE_PL
01SGI0092,,95.9696,5.2378,BS_BARIEH_PL
01SGI0093,,95.8739,5.3714,BS_GOGO_PL
01SGI0094,,95.8726,5.2243,SUYO_PALOH_PDG_TIJI_PL
01SGI0097,,95.926,5.277,SEUWIEK_INDRA_JAYA_MT
01SGI0099,,95.9085,5.2596,RIWEUK_SAKTI_MT
01SGI0101,,95.8864,5.4234,GAMPONG_MEE_BATEE_PL
01SKL0001,,97.711,2.3477,KUALA_SKL_TB
01SKL0002,,97.7913,2.2848,KILANGAN_KN
01SKL0003,,97.8079,2.2774,SINGKIL_NAD_EP
01SKL0004,,97.8568,2.4931,KOTABAHARU_TB
01SKL0005,,97.8748,2.275,DPRSINGKIL_TB
01SKL0006,,97.8755,2.4195,SRIKAYU_TB
01SKL0007,,97.9248,2.286,PEMDA_SINGKIL_TB
01SKL0008,,97.9271,2.4188,RIMO_SINGKIL2_TB
01SKL0009,,97.929,2.5206,SINGKOHOR_TB
01SKL0010,,97.9303,2.365,TANAH_MERAH_SKL_TB
01SKL0011,,97.9631,2.3797,BLOK6_KN
01SKL0012,,97.9634,2.3895,RIMO_SINGKIL_EP
01SKL0013,,97.9673,2.371,MB_BLOK_2_RIMO_MT
01SKL0014,,97.9893,2.4328,LIPAT_KAJANG_SKL_TB
01SKL0015,,97.9963,2.3171,MB_AGRO_ASTRA_MT
01SKL0016,,98.0017,2.3945,SANGGABERU_SKL1_TB
01SKL0018,,98.0196,2.4431,LIPAT_KAJAN2_PL
01SKL0019,,98.0445,2.4921,SURO_SKL_TB
01SKL0020,,98.0985,2.4043,RTO_SINGKIL_TB
01SKL0021,,97.9531,2.3645,GUNUNGMERIAH_MAKMUR_PL
01SKL0022,,97.9586,2.2779,KAMPUNG_BARU_MT
01SKL0025,,97.7783,2.2871,SUKA_MAKMUR_MT
01SKL0026,,97.8855,2.5195,SUMBER_MUKTI_SKL_PL
01SKL0030,,98.0338,2.5154,MR_BULU_SEMA_PL
01SKL0031,,97.971,2.3845,MR_TULAAN_CM
01SKL0032,,97.4084,2.2996,PULAU_BANYAK_TB
01SKL0033,,97.4498,1.6969,PULAU_SARANG_BAUNG_PL
01SKL0034,,97.3875,1.9819,PULAU_SARANG_ALU_PL
01SKL0035,,98.0712,2.4463,PUSKESMAS_KUTA_TINGGI_MT
01SKL0036,,98.0175,2.4042,SANGGA_BERU_SILULUSAN_CM
01SKL0038,,98.0261,2.4705,MANDUMPANG_SURO_MAKMUR_TB
01SKL0039,,97.9901,2.4428,LIPAT_KAJANG_SIMPANGKANAN_PL
01SKL0040,,97.8083,2.3013,TAKAL_PASIR_TB
01SKL0041,,97.9256,2.2769,GOSONG_TELAGA_SELATAN_TB
01SNB0001,,96.3788,2.457,SIMEULUE_SUKA_KARYA1_PL
01SNB0002,,97.8825,2.8087,SUKAMAJU_DAULAT_PL
01SNB0003,,96.238,2.443,SIMEULUE_SALUR_PL
01SNB0004,,95.8921,2.6182,SIMEULUE_SUAK_MANANG_PL
01SNB0005,,98.0339,2.6439,AIR_TERJUN_PENUNTUNGAN_PL
01SNB0006,,96.3365,2.401,SIMEULUE_BUSUNG_INDAH_PL
01SNB0007,,95.9353,2.5901,SIMEULUE_BUNGA_PL
01SNB0010,,96.336,2.5427,SIMEULUE_GANTING_PL
01SNB0011,,96.3773,2.4799,SIMEULUE_SUKA_KARYA2_PL
01SNB0012,,96.3761,2.433,SIMEULUE_SUAK_BULUH_TB
01SNB0013,,95.986,2.5861,SIMEULUE_LATITIK_PL
01SNB0014,,96.3132,2.4235,SIMEULUE_SUA_SUA_PL
01SNB0015,,95.9721,2.5895,SIMEULUE_WEL_LANGKOM_PL
01SNB0016,,96.3675,2.4946,SIMEULUE_LUGU_PL
01SNB0017,,96.2826,2.4323,SIMEULUE_LANTIK_PL
01TKN0001,,96.6904,4.5868,BARAWANG_GDG_TB
01TKN0004,,96.8106,4.6651,BUKIT_MENJANGAN_EP
01TKN0005,,96.811,4.6323,ROAD_TO_TAKENGON_TB
01TKN0006,,96.8144,4.6061,PEGASING_TB
01TKN0007,,96.8159,4.5719,GELUGI_TB
01TKN0010,,96.8458,4.6271,TAKENGON_EP
01TKN0013,,96.8364,4.6287,BEBESEN_KEBET_TB
01TKN0014,,96.8391,4.6375,PINANGAN_TB
01TKN0015,,96.8465,4.6164,ASIR_ASIR_ASIA_MT
01TKN0016,,96.8538,4.6382,LOT_KALA_ST
01TKN0017,,97.0101,4.5846,DEDAMAR_MT
01TKN0023,,96.7133,4.7017,RAJAWALI_KETOL_EP_CM
01TKN0024,,96.7028,4.6278,RD_MULIE_JADI_SILIH_NARA_PL
01TKN0025,,96.7716,4.4411,DAMAR_MULYO_ATULINTANG_PL
01TKN0026,,97.1323,4.3604,KETAPANG_LINGE_PL
01TKN0027,,96.7819,4.4617,LPG_MERAH_ATULINTANG_PL
01TKN0028,,96.7615,4.3783,JAGONG_JEGET_RD_PL
01TKN0029,,96.8154,4.4526,MERAH_JERNANG_ATULINTANG_PL
01TKN0030,,96.7819,4.5053,JEJEM_PEGASING_PL
01TKN0031,,96.8832,4.4624,POLSEK_LINGE_PL
01TKN0032,,96.799,4.6936,TAWARMIKO_KUTE_PANANG_MT
01TKN0033,,96.7366,4.6842,BABUSSALIHIN_KETOL_PL
01TKN0035,,96.7264,4.5688,KANTOR_KUYUN_MT
01TKN0036,,96.8173,4.5929,CAMAT_PEGASING_TB
01TKN0038,,96.8425,4.6497,PINANGAN_CEMETERY_MT
01TKN0039,,96.767,4.6026,WIHNI_BAKONG_MT
01TKN0040,,96.7282,4.6202,KAMPUNG_ARUL_GELE_MT
01TKN0041,,96.7454,4.6055,PEUSANGAN_BIUS_UTAMA_ST
01TKN0042,,96.7886,4.6062,TEBES_LUES_BIES_ST
01TKN0043,,96.7416,4.6514,BABUSSALAM_WIHNI_DURIN_ST
01TTN0001,,96.965,3.5689,BLANG_POROH_TB
01TTN0002,,96.9962,3.5522,LABUHAN_HAJI_NAD_EP
01TTN0003,,97.0588,3.4597,MEUKEK_EP
01TTN0005,,97.1298,3.3206,RMEUKEK_TB
01TTN0006,,97.1504,3.3027,ARAFAH_SAMADUA_ST
01TTN0007,,97.1618,3.275,AIR_BERUDANG_EP
01TTN0008,,97.1781,3.2526,TAPAK_TUAN_TTN1_EP
01TTN0009,,97.2748,3.2034,LADANG_TUHA_TTN_MT
01TTN0010,,97.2926,3.1769,TAPAK_TUAN_TTN2_TB
01TTN0011,,97.3142,3.1275,FAJAR_HARAPAN_TB
01TTN0012,,97.3296,3.0848,RTPK_TUAN_EP
01TTN0013,,97.3585,3.0079,INDRA_DAMAI_MT
01TTN0014,,97.3744,3.0858,KOTA_FAJAR_TB
01TTN0015,,97.4842,2.9239,BAKONGAN_EP
01TTN0016,,97.6246,2.8313,TRUMON_DALAM_TB
01TTN0017,,97.7592,2.8585,TRUMON_EP
01TTN0018,,97.6632,2.5567,NT_RAKET_PL
01TTN0019,,97.1976,3.2635,LHOKBENGKUANG_TMR_PL
01TTN0020,,97.321,3.0538,SUAQ_BAKUNG_ST
01TTN0021,,96.9809,3.5716,TUTONG_MT
01TTN0022,,97.1556,3.319,MADAT_TB
01TTN0023,,97.3482,3.0744,KEDAI_RUNDING_MT
01TTN0024,,97.3524,3.0961,LIMAU_PURUT_PL
01TTN0025,,97.3625,3.0587,INDRA_DAMAI_TB
01TTN0029,,97.076,3.4323,LHOK_AMAN_MT
01TTN0030,,97.0178,3.5271,KEUMUMU_HILIR_MT
01TTN0032,,97.0958,3.4085,SAWANG1_PL
01TTN0033,,97.0963,3.3861,SAWANG2_PL
01TTN0034,,97.761,2.8367,TRUMON_SEUNEUBOK_PUNTHO_PL
01TTN0035,,97.767,2.8783,TRUMON_JAMBO_DALEM_PL
01TTN0037,,97.5079,2.9784,BAHAGIA_BKTGADING_MT
01TTN0039,,97.3777,3.1229,KLUET_UTARA_MT
01TTN0041,,97.2932,3.1974,SILOLO_PASIERAJA_PL
01TTN0042,,97.5481,2.9777,HASANAH_BAHAGIA_MT
01TTN0043,,97.3048,3.149,RASIAN_PASIERAJA_PL
01TTN0044,,97.2433,3.2361,CEMARA_BENTIANG_MT
01TTN0045,,97.6464,2.8966,LADANG_RIMBA_PL
01TTN0046,,97.7069,2.8772,IE_JEUREUNEH_MT
01TTN0048,,97.3095,3.1836,PAYATEUK_PASIE_RAJA_MT
01TTN0050,,97.7289,2.872,TRUMON_TENGAH_PL
01TTN0051,,97.5213,2.8961,TARUNA_TAPAKTUAN_ST
01TTN0052,,97.5568,2.9014,BAKONGAN_TIMUR_TAPAKTUAN_ST
01TTN0054,,97.6188,2.8955,KRUENGBATE_TB
01TTN0055,,97.6653,2.8911,JAMBO_PAPEUN_ST
01TTN0056,,97.6646,2.8711,TRUMON_TENGAH_1_ST
01TTN0057,,97.7971,2.8565,TRUMON_TRANS_SUMATRA_ST
01TTN0058,,97.8256,2.8475,KAPA_SEUSAR_ST
01TTN0059,,97.2055,3.2499,DESA_SEULEUKAT_MT
01TTN0061,,97.5918,2.8857,SEULEUKAT_PL
02AKP0001,,99.5273,2.5427,KUALA_BERINGIN_LONDUT_PL
02AKP0002,,99.5522,2.5669,KEBUN_LONDUT_KN
02AKP0003,,99.5751,2.5662,PULO_DOGOM_ST
02AKP0004,,99.6256,2.4923,DAMULI_PL
02AKP0005,,99.6286,2.5507,KUALAHULU_SIDUA_MT
02AKP0006,,99.6302,2.5033,DAMULI1_TB
02AKP0007,,99.6353,2.4771,DAMULI_PEKAN_MT
02AKP0008,,99.6416,2.5716,PULO_TARUTUNG_TB
02AKP0009,,99.6471,2.5688,AEK_KANOPAN1_MT
02AKP0010,,99.651,2.5708,AEK_KANOPAN_EP
02AKP0011,,99.652,2.5212,SIDUADUA_CM
02AKP0012,,99.654,2.5756,LEDONG_BARAT_AKP_TB
02AKP0013,,99.6546,2.5666,KANOPANRANTAU_PARAPAT_PL
02AKP0014,,99.6573,2.5803,KOMET_KUALASELATAN_PL
02AKP0015,,99.6614,2.442,SIMPANG4_BLOKSONGO_PL
02AKP0016,,99.6619,2.5291,GUNTING_SAGA_TB
02AKP0017,,99.6854,2.4115,SEI_PUTIH_AKP_MT
02AKP0018,,99.7068,2.5268,BANJAR_LORONG3_PL
02AKP0019,,99.722,2.5151,TANJUNG_PASIR_AKP_TB
02AKP0020,,99.7242,2.3376,DIVISIONIVPTSOCFINDO_PL
02AKP0021,,99.7352,2.5764,KUALUH_HULU_PL
02AKP0022,,99.7404,2.3059,KAMPUNG_PAJAK_EP
02AKP0023,,99.7405,2.2966,PULO_JANTAN_ST
02AKP0024,,99.7487,2.5797,SUKARAME_AKP_ST
02AKP0025,,99.7579,2.5134,KAMPUNG_LIMAPULUH_PL
02AKP0026,,99.7621,2.2818,PASAR_PANIGORAN_PL
02AKP0027,,99.7678,2.3165,PADANG_MANINJAU_MT
02AKP0028,,99.7708,2.2628,AEK_KOTABATU_MT
02AKP0030,,99.7734,2.3759,PAMINGKE_ST
02AKP0031,,99.7732,2.2237,SPMARBAU_ST
02AKP0032,,99.8156,2.2618,PEKAN_MERBAU_KMT_PL
02AKP0033,,99.8185,2.314,PANIGORAN_LABUHAN_BATU_PL
02AKP0034,,99.8302,2.342,AEK_KUE_KN
02AKP0035,,99.8377,2.5243,KUALUH_SELATAN_ST
02AKP0036,,99.8508,2.2713,SIMPANG_EMPAT_AKP_CM
02AKP0037,,99.8845,2.2612,BELONGKUT_ST
02AKP0038,,99.9375,2.7703,PANGKALAN_UNANG_MT
02AKP0039,,99.9794,2.7573,TANJUNG_LEDONG_MT
02AKP0040,,100.0145,2.5827,KAMPUNG_MESJID_TB
02AKP0041,,99.6828,2.4216,TERANG_BULAN_MT
02AKP0044,,99.9792,2.5516,SEI_SENTANG_MT
02AKP0046,,99.9521,2.5115,KUALA_BANGKA_GT
02AKP0047,,99.903,2.7172,AIR_HITAM_MT
02AKP0048,,99.7708,2.1838,SIMPANG_MARBAU_MT
02AKP0050,,99.9655,2.7769,TANJUNG_LEIDONG_MT
02AKP0051,,99.9489,2.6639,TELUK_PULAI_DALAM_TB
02AKP0052,,99.5982,2.5104,BANDAR_LAMA_TB
02AKP0053,,99.8739,2.282,BULUNGIHIT_MT
02AKP0054,,99.9435,2.6905,TELUK_PULAI_DALAM2_MT
02AKP0055,,99.8732,2.3148,HITETORAS_PL
02AKP0056,,99.8255,2.2358,MERBAU_SELATAN_MT
02AKP0057,,99.8639,2.2407,MARBAU_LABURA_PL
02AKP0058,,100.0487,2.5566,BILAH_PASAR_MT
02AKP0059,,99.7202,2.5562,KUALUH_PARMANUKAN_PL
02AKP0060,,99.9014,2.2147,MERBAU_SUMBER_MULYO_MT
02AKP0061,,100.0383,2.6033,KUALUH_HILIR_MT
02BGE0001,,98.9337,2.6528,PELAB_AJIBATA_MT
02BGE0002,,98.9573,2.6131,PARDAMEAN_SIBISA_PL
02BGE0004,,99.0503,2.3294,BALIGE_EP
02BGE0005,,99.0563,2.3327,SANGKAR_NIHUTA_EB
02BGE0006,,99.0616,2.5739,LUMBANJULU_KN
02BGE0007,,99.0649,2.3344,BALIGE_SISIMANGARAJA_MT
02BGE0008,,99.0695,2.3319,PASAR_BALIGE_BGE_MT
02BGE0009,,99.0951,2.3446,TAMBUNAN_LUMBANGAOL_PL
02BGE0010,,99.1258,2.3604,OMPU_RAJAHUTAPEA_PL
02BGE0011,,99.1337,2.5115,LUMBAN_LOBU_PL
02BGE0012,,99.1345,2.3589,LAGUBOTI_MT
02BGE0013,,99.1439,2.4698,LUMBAN_AMBARITA_PATANE_PL
02BGE0014,,99.1468,2.44,LUMBAN_SITORUS_PATANE_PL
02BGE0015,,99.1473,2.3807,SITOLUAMA_BGE_PL
02BGE0016,,99.1564,2.4404,PORSEA1_TB
02BGE0017,,99.1566,2.4479,PORSEA_TB
02BGE0018,,99.1583,2.4342,SIGUMPAR_MT
02BGE0019,,99.1666,2.3992,SIGUMPAR1_ST
02BGE0020,,99.1764,2.4463,DOLOK_NAULI_PORSEA_PL
02BGE0021,,99.1793,2.4731,TANGGA_BATU_II_PORSEA_PL
02BGE0022,,99.1887,2.4611,PORSEA2_EP
02BGE0023,,99.1953,2.3969,SIMARGALA_HUTA_NAMORA_PL
02BGE0024,,99.2061,2.3878,HABINSARAN_TB
02BGE0025,,99.116,2.4307,ULUAN_MATOGU_MT
02BGE0026,,99.1805,2.4246,SIANTAR_NARUMONDA_EB
02BGE0027,,99.011,2.2975,TAMPAHAN_EB
02BGE0030,,99.0165,2.6017,LUMBAN_JULU_CM
02BGE0031,,99.2089,2.4121,HUTA_NAMORA_MT
02BGE0032,,99.0987,2.3184,HUTAGAOL_PEATALUN_MT
02BGE0035,,99.0825,2.3247,PAINDOAN_POHAN_MT
02BGE0036,,99.0776,2.3417,SIBOLA_HOTANGSAS_PL
02BJI0001,,98.4458,3.6059,BELARANG_PL
02BJI0002,,98.4508,3.6107,SUTOYO_SUKA_MAJU_CM
02BJI0003,,98.4546,3.6524,PTP_IX_PAYAROBA_PL
02BJI0004,,98.4572,3.5974,BANDAR_SENEMBAH_MT
02BJI0005,,98.4583,3.6105,BANDAR_SENEMBAH1_TB
02BJI0006,,98.4629,3.6062,TANAH_MERAH_BJI_TB
02BJI0007,,98.4635,3.61,SIMPANG_BRAHRANG_MT
02BJI0008,,98.4698,3.6049,KDDNG_BNDR_SENEMBAH_CM
02BJI0009,,98.4709,3.6008,KEDONDONG_MT
02BJI0010,,98.4726,3.6123,ISMAIL_BINJAI_MT
02BJI0011,,98.4737,3.5677,BHAKTI_KARYA_CM
02BJI0012,,98.4757,3.5927,JLPANDEGA_TB
02BJI0013,,98.4761,3.6499,CENGKEH_TURI_BJI_EP
02BJI0014,,98.4777,3.557,TANAHMERAH_BJI_TB
02BJI0015,,98.4778,3.6036,LAPANGAN_MERDEKA_BINJAI_TB
02BJI0016,,98.4783,3.5771,SAMANHUDI_BINJAI_ESTATE_PL
02BJI0017,,98.4785,3.5897,MI_POLE1_MT
02BJI0018,,98.479,3.6471,KEBON_LADA_CM
02BJI0019,,98.4807,3.612,LIMAU_SUNDAI2_TB
02BJI0020,,98.481,3.6256,LTUMARBAKI_PL
02BJI0021,,98.481,3.5934,RAMBUNGBARAT_BINJAI_PL
02BJI0022,,98.4822,3.602,KARTINI_BINJAIKOTA_TB
02BJI0023,,98.4788,3.5826,KEBUN_LADA_EP
02BJI0025,,98.4844,3.587,BINJAI_ESTATE_CM
02BJI0026,,98.4851,3.6205,LIMAU_SUNDE3_CM
02BJI0027,,98.4852,3.5609,SEI_BANGKATAN_TB
02BJI0028,,98.4858,3.5735,GUNUNG_BENDAHARA_MT
02BJI0029,,98.4865,3.6002,PUJI_DADI_TB
02BJI0030,,98.4867,3.6136,LIMAU_SUNDAI1_TB
02BJI0031,,98.4882,3.6405,KEBUN_LADA1_TB
02BJI0032,,98.4882,3.6059,BINJAI_KOTA_EP
02BJI0033,,98.4882,3.5929,RAMBUNG_BARAT_TB
02BJI0034,,98.4901,3.6305,TIMBANG_LANGKAT_ST
02BJI0035,,98.4903,3.6108,PEKAN_BINJAI_EB
02BJI0036,,98.4905,3.5812,PUJIDADI_BJI_ST
02BJI0037,,98.4919,3.5944,RAMBUNG_TIMUR_BJI_PL
02BJI0038,,98.4929,3.5868,JAMBI2_BJI_TB
02BJI0039,,98.4929,3.6221,BINJAI1_CM
02BJI0040,,98.4933,3.6111,PLAZA_SUZUYA_BINJAI1_DH
02BJI0042,,98.4941,3.5713,TANJUNG_MERAHE_BJI_TB
02BJI0043,,98.4945,3.6268,MI_PERINTIS_KEMERDEKAAN_BJI_MT
02BJI0044,,98.4955,3.6489,SUMBER_MULYOREJO_CM
02BJI0045,,98.4956,3.5609,TANAH_SERIBU_EP
02BJI0046,,98.4958,3.611,BINJAI2_PL
02BJI0047,,98.4961,3.643,DAMAI_GH
02BJI0048,,98.4964,3.6074,IN_BINJAI_SUPERMALL_DH
02BJI0049,,98.4974,3.6159,MI_POLE2_MT
02BJI0050,,98.4984,3.6531,JATI_UTOMO_TB
02BJI0052,,98.4992,3.6348,GAHARU_JATI_MAKMUR_ST
02BJI0053,,98.4996,3.5993,HJUANDA_BINJAI_TB
02BJI0054,,98.4998,3.6104,JLCUTNYAK_DIEN_TB
02BJI0055,,98.4999,3.6441,ADELLA_RESIDANCE_MT
02BJI0056,,98.5023,3.606,BINJAI_EP
02BJI0057,,98.5035,3.6169,NIBUNG3_INDONUSA_PL
02BJI0058,,98.5042,3.6214,NANGKA_BINJAI_TB
02BJI0059,,98.5043,3.5919,TANAH_SERIBU3_ST
02BJI0060,,98.5047,3.6269,IKHLAS_PL
02BJI0061,,98.5059,3.6089,JLSOEKARNO_HATTA_BJI_TB
02BJI0062,,98.5095,3.6488,TANDEM2_MT
02BJI0063,,98.5096,3.6191,TUNGGURONO_ST
02BJI0064,,98.51,3.6545,MI_ROADTO_SIMP_MEGAWATI_MT
02BJI0065,,98.5109,3.6637,TANDAM_HULU_MT
02BJI0066,,98.5102,3.6431,MI_POLE6_MT
02BJI0067,,98.5107,3.6692,JATI_UTOMO2_PL
02BJI0068,,98.5109,3.6356,TANDEM_HULU_PL
02BJI0069,,98.5114,3.6126,SSGMANGARAJA_BINJAI_TB
02BJI0070,,98.5145,3.6083,BINJAI_TIMUR_CM
02BJI0071,,98.5149,3.6254,JATI_MAKMUR_GH
02BJI0072,,98.5179,3.6524,JATI_UTOMO1_MT
02BJI0073,,98.5183,3.6084,JLWAHIDIN_BINJAI_EP
02BJI0074,,98.5188,3.5943,TUNGGU_RONO_TB
02BJI0075,,98.5207,3.6139,GANG_WIRYO_TB
02BJI0076,,98.5249,3.6178,SUMBER_KARYA2_TB
02BJI0077,,98.5282,3.6124,BINJAITIM_PL
02BJI0078,,98.529,3.6062,SUMBER_KARYA1_MT
02BJI0079,,98.5304,3.6206,DISKI_MEDAN_GT
02BJI0080,,98.5327,3.6044,GAPURA_BINJEI_ST
02BJI0081,,98.4793,3.6365,UMAR_BAKI_BINJAI_CM
02DLS0001,,98.4751,2.1515,PAKKAT_PL
02DLS0002,,98.687,2.2573,MATITI_PL
02DLS0004,,98.6299,2.1581,ROATO_PAKKAT_MT
02DLS0006,,98.7051,2.2598,MATITI1_CM
02DLS0007,,98.7194,2.3498,HUTAPAUNG_EP
02DLS0010,,98.7316,2.2581,SIHITE_MT
02DLS0012,,98.7454,2.2673,DOLOKSANGGUL_PL
02DLS0013,,98.7494,2.2581,DOLOK_SANGGUL_PL
02DLS0014,,98.752,2.2477,PURBA_MANALU_MT
02DLS0015,,98.7562,2.2628,PASAR_DOLOKSANGGUL_TB
02DLS0017,,98.795,2.261,DOLOK_MARGU_EP
02DLS0019,,98.8653,2.2618,LINTONG_HUTA_TB
02DLS0020,,98.8702,2.2773,LINTONG_NIHOTA_ST
02DLS0021,,98.9218,2.2414,NAGA_SARIBU_PL
02DLS0023,,98.9518,2.2949,MUARA_MDN_EP
02DLS0024,,98.7047,2.3836,HUTAPAUNG_UTARA_PL
02DLS0025,,98.7227,2.2712,JANJI_DOLOKSANGGUL_MT
02DLS0026,,98.7302,2.3223,PARDOMUAN_MT
02DLS0027,,98.7363,2.2993,SIMANGARONSANG_TB
02DLS0028,,98.7742,2.2252,LUMBAN_PURBA_MT
02DLS0029,,98.8239,2.2613,LINTONG_NIHUTA_TB
02DLS0030,,98.9285,2.2945,PARANGINAN_UTARA_MT
02DLS0031,,98.7211,2.21,SIBORBORON_MT
02DLS0032,,98.8931,2.3096,PEARUNG_SILALI_MT
02DLS0033,,98.9458,2.2704,SIBORU_TOROP_MT
02DLS0034,,98.8174,2.3605,TIPANG_PL
02DLS0037,,98.9064,2.2586,NAGASARIBU_LINTONG_MT
02DLS0038,,98.6957,2.313,PANDUMAAN_POLUNG_MT
02DLS0039,,98.7614,2.3617,PERSINGGURAN_POLUNG_MT
02DLS0040,,98.5058,2.1488,PURBA_BARINGIN_MT
02DLS0042,,98.7687,2.275,PASARIBU_DOLOK_SANGGUL_MT
02DLS0043,,98.8804,2.2927,SIGUMPAR_PARIWISATA_TB
02GNT0006,,99.5879,1.4647,SIGAMA_TB
02GNT0010,,99.6282,1.511,GUNUNG_TUA_EP
02GNT0015,,99.6953,1.4153,RTO_BARUMUN_TB
02GNT0016,,99.7246,1.5761,DOLOK_MT
02GNT0020,,99.8848,1.6292,SUNGAI_KANAN_TB
02GNT0021,,99.8867,1.6484,HUTABARU_NANGKA_PL
02GNT0025,,99.9735,1.5187,RTO_SIBUHUAN_TB
02GNT0026,,99.8285,1.9883,HATIRAN_MT
02GNT0031,,100.0009,1.5421,AEK_RARU_SIMANGAMBAT_PL
02GNT0032,,99.6629,1.4188,GAMARUPU_BARU_PORTIBI_ST
02GNT0033,,99.6761,1.551,KOTA_PINANG_GUNUNG_TUA_ST
02GST0001,,97.7095,1.1417,LOLOZASAI_MT
02GST0003,,97.6914,1.1756,PASARFOA_BINAKA_CM
02GST0004,,97.7269,1.1168,VANDRIA_HILIWETO_CM
02GST0005,,97.7459,1.0755,HILBADALU_LAZZA_MT
02GST0006,,97.7347,1.0955,SOGAEADU_LAURI_MT
02GST0007,,97.7874,1.0171,JEMBATAN_IDANOGAWO_MT
02GST0008,,97.5657,1.1988,PETRA_BOTOMBAWO_MT
02GST0009,,97.535,1.2485,KECAMATAN_HILIDUHO_MT
02GST0010,,97.8079,1.0114,HILINAA_TAFUO_MT
02GST0011,,97.5921,1.1601,FULOLO_LALAI_MT
02GST0012,,97.8399,0.9834,HILIFAOSI_ZEBUA_MT
02GST0013,,97.5591,1.2278,ONONAMOLO_HILIDUHO_MT
02GST0014,,97.8949,0.9072,GAZAMANU_HILIGANOITA_MT
02GST0015,,97.5811,1.1838,HILIUSO_HILIZIA_PL
02GST0016,,97.586,1.1315,FADORO_HUNOGOA_MT
02GST0017,,97.8715,0.9355,GAZAMANU_BAWOLATO_MT
02GST0018,,97.7022,1.1601,BINAKA_AIRPORT_MT
02GST0019,,97.7732,1.0297,RIANIDA_TETEHOSI_PL
02KBJ0001,,98.0069,3.228,MARDINDING_TB
02KBJ0002,,98.0648,3.1384,LAUBALENG_TB
02KBJ0003,,98.0859,3.0987,LAUBALENGKARO_ST
02KBJ0005,,98.1369,3.0573,RTO_LAWESIGALAGALA1_TB
02KBJ0006,,98.2388,3.1159,LIMANG_MT
02KBJ0007,,98.2468,3.074,TIGA_BINANGA_EP
02KBJ0008,,98.2529,3.0688,TIGA_BINANGA1_TB
02KBJ0009,,98.2591,3.0808,KOTACANE_PAMETAR_PL
02KBJ0010,,98.269,3.1132,PERBESI_ST
02KBJ0011,,98.2851,3.0196,JUHAR_MT
02KBJ0012,,98.2855,3.1133,SPPERBESI_TB
02KBJ0013,,98.3045,3.0511,KUTAGUGUNG_KN
02KBJ0014,,98.3218,3.1026,JLKUTACANE_PL
02KBJ0015,,98.334,3.0997,MUNTHE_TB
02KBJ0016,,98.3489,3.0744,MUNTE_KARO_ST
02KBJ0017,,98.3543,3.1164,BATU_KARANG_MT
02KBJ0019,,98.3662,3.0912,BERTAH_TB
02KBJ0020,,98.3665,3.1342,TIGANDERKET_CM
02KBJ0021,,98.3831,3.1237,BERAS_TEPU_TB
02KBJ0023,,98.4003,3.0919,KOTACANE_KINEPPEN_PL
02KBJ0024,,98.4073,3.2015,KUTA_RAKYAT_TB
02KBJ0025,,98.4162,3.0639,BARUNG_KERSAP_TB
02KBJ0026,,98.4284,3.0953,KANDIBATA_MT
02KBJ0028,,98.4601,3.1442,SP4_BTAGI_KMT_PL
02KBJ0030,,98.4801,3.0953,JLKOTA_CANE_GGPURBA_PL
02KBJ0031,,98.4858,3.0913,KOMET_KABANJAHE_PL
02KBJ0032,,98.4864,3.154,LINGGA_JULU_PL
02KBJ0033,,98.4888,3.1045,GUNG_NEGERI2_MT
02KBJ0034,,98.4905,3.0972,KAPT_PALABANGUN_TB
02KBJ0035,,98.4907,3.1015,KABAN_JAHE_CITY_MT
02KBJ0036,,98.4912,2.9222,PANGAMBATAN_MT
02KBJ0037,,98.4937,3.0994,KABANJAHE_MT
02KBJ0038,,98.4942,3.1037,PADANG_MAS_MT
02KBJ0039,,98.4957,3.0868,GUNG_NEGERI3_TB
02KBJ0040,,98.5004,3.1078,GUNG_NEGERI1_MT
02KBJ0041,,98.5025,3.0895,BANU_RAYA_MT
02KBJ0042,,98.5034,3.1153,KABAN_JAHE_EP
02KBJ0043,,98.5042,3.1887,KENANGAN_GUNDALING_PL
02KBJ0044,,98.5057,3.1842,GUNDALING_EP
02KBJ0045,,98.506,3.1465,RTO_KABANJAHE_TB
02KBJ0046,,98.5067,3.1566,RAYABRASTAGI2_MT
02KBJ0047,,98.5071,3.1223,SUMBER_MUFAKAT_PL
02KBJ0048,,98.5085,3.1906,LAUMULGAP_TB
02KBJ0050,,98.5093,3.1953,JLVETERAN_KBJ_TB
02KBJ0051,,98.5098,3.1843,BRASTAGI1_PL
02KBJ0052,,98.5107,3.1781,RUMAH_BRASTAGI_TB
02KBJ0053,,98.5109,3.166,RAYA_BRASTAGI_CM
02KBJ0054,,98.5124,3.201,LAU_GUMBA_ST
02KBJ0056,,98.5155,3.1141,JAMIN_GINTING_SAMURA_PL
02KBJ0057,,98.5156,3.1941,BRASTAGI_EP
02KBJ0058,,98.5217,3.1989,SEMPAJAYA_TB
02KBJ0059,,98.5228,3.1357,AJIJAHE_KARO_PL
02KBJ0060,,98.5241,2.9434,MEREK_EP
02KBJ0061,,98.5259,3.1995,MIKI_HOTEL_PL
02KBJ0062,,98.5264,3.0788,TIGA_PANAH_EP
02KBJ0063,,98.527,2.8971,TONGGING_MT
02KBJ0064,,98.5315,3.1993,DOLAT_RAKYAT_MT
02KBJ0065,,98.5323,3.1897,DOLAT_RAKYAT_KARO_PL
02KBJ0066,,98.5373,3.1019,SEBERAYA1_TB
02KBJ0067,,98.5383,3.2031,MEDANBERASTAGIDOLATRAYAT_PL
02KBJ0068,,98.54,3.0594,SUKA_DAME_KBJ_PL
02KBJ0069,,98.5412,3.0076,MULIA_RAYAT_TB
02KBJ0071,,98.5667,3.0852,SEBERAYA2_TB
02KBJ0072,,98.5672,3.1144,SUKAJULU_TB
02KBJ0073,,98.5786,3.1168,BARUS_JAHE_TB
02KBJ0074,,98.3561,3.1356,TIGANDERKET_MT
02KBJ0075,,98.3957,3.0375,MUNTE_KUTAMBARU_TB
02KBJ0076,,98.4468,3.1786,SUKA_NDEBI_TB
02KBJ0077,,98.4631,3.0703,TIGAPANAH_SINGA_TB
02KBJ0078,,98.5087,3.1312,SUMBERMUFAKAT_MT
02KBJ0079,,98.5146,3.0587,TIGAPANAH_SUKA_MT
02KBJ0080,,98.5549,3.0483,BARUSJAHE_SEMANGAT_CM
02KBJ0081,,98.5532,3.0904,SUKANALU_UTARA_CM
02KBJ0082,,97.9961,3.2513,BANDAR_PURBA_MT
02KBJ0083,,98.2794,3.1668,KUTA_BULUH_MT
02KBJ0084,,98.0394,3.1865,LAU_SOLU_MT
02KBJ0085,,98.1853,3.0754,KUTA_BANGUN_MT
02KBJ0086,,98.5123,3.1069,STADION_SAMURA_KABANJAHE_PL
02KBJ0087,,98.4827,3.1939,CINTA_RAKYAT_KARO_PL
02KBJ0088,,98.5351,3.1434,AJIBUHARA_TIGAPANAH_PL
02KBJ0089,,98.3009,3.1457,TANJUNG_MBELANG_TIGANDERKET_PL
02KBJ0090,,98.5537,3.176,TANJUNG_BARUS_BARUSJAHE_PL
02KBJ0091,,98.5145,3.2266,SIDEBUK_DEBUK_TB
02KBJ0092,,98.4299,3.1142,BEGANDING_KARO_PL
02KBJ0093,,98.4725,3.1152,LINGGA_KARO_PL
02KBJ0094,,98.5515,3.1455,SAMPUN_KARO_PL
02KBJ0095,,98.5135,2.9236,MUNTHE_SIPISOPISO_MT
02KBJ0096,,98.5412,2.9754,GARINGGING_MEREK_MT
02KBJ0097,,98.5021,2.887,SIMALEM_KARO_CM
02KBJ0098,,98.4929,3.1736,UDARA_UJUNG_MT
02KBJ0099,,98.5039,3.2087,DESA_WISATA_BRASTAGI_MT
02KBJ0100,,98.0597,3.1586,BULUH_PANCUR_ST
02KBJ0102,,98.44,3.2063,ATTAQWA_GUNGPINTO_CM
02KBJ0103,,98.5356,3.0254,REGAJI_MEREK_ST
02KGS0001,,97.6124,1.288,SAOMBO_MT
02KGS0003,,97.6134,1.2639,DAHANA_TABALOHO_MT
02KGS0004,,97.6235,1.282,KELURAHAN_ILIR_MT
02KGS0005,,97.6384,1.2446,FODO_MT
02KGS0006,,97.6129,1.2786,LASARA_BAHILI_TB
02KGS0007,,97.6093,1.3099,OMBOLATA_ULU_MT
02KGS0008,,97.6037,1.2978,POLTEKES_SITOLI_PL
02KGS0009,,97.6002,1.2842,HILINA_SITOLI_TB
02KGS0010,,97.6303,1.2753,RODATAMA_ILIR_MT
02KGS0011,,97.6011,1.3174,MAOWO_SITOLI_MT
02KGS0012,,97.5933,1.3315,BETIELI_HILIHAO_PL
02KGS0013,,97.5814,1.3426,MAWADDAH_UMBU_TB
02KGS0014,,97.5728,1.2792,SIMANDRAOLO_PL
02KGS0015,,97.5709,1.3075,IRAONOLASE_MT
02KGS0016,,97.6347,1.2698,SOLIGA_MIGA_MT
02KGS0017,,97.6298,1.2409,MADULA_TITUS_MT
02KGS0018,,97.6507,1.2418,LOLOMOYO_SITOLI_MT
02KGS0019,,97.5681,1.3593,OLORA_SITOLI_MT
02KGS0020,,97.5483,1.376,AFIA_UTARA_MT
02KGS0021,,97.5036,1.4016,HILIMBOSI_AWAAI_MT
02KGS0022,,97.5275,1.3861,BELUKAR_AWAAI_MT
02KGS0023,,97.6566,1.2251,DHARMA_CARAKA_NIAS_MT
02KGS0024,,97.6672,1.2026,DAHANA_IDANOI_PL
02KIS0001,,99.3222,2.7744,SEI_KOPAS_MT
02KIS0002,,99.3405,2.7702,BPMANDOGE_TB
02KIS0003,,99.4413,2.7995,TELADAN_MANDOGE_TB
02KIS0004,,99.4678,2.8761,AMBALUTU_MT
02KIS0005,,99.5014,2.8727,BUNTU_PANE_MT
02KIS0006,,99.5069,2.9023,PRAPAT_JANJI_PL
02KIS0007,,99.5152,2.6691,BDR_PULAUPEKAN_ST
02KIS0008,,99.5276,2.9853,SIDODADI_TAMAN_SARI_TB
02KIS0009,,99.5339,2.9752,SUKA_DAME_ST
02KIS0010,,99.5345,2.8111,KOMP_PIASAHULU_ST
02KIS0011,,99.537,2.6819,SIGURA_GURA_TB
02KIS0012,,99.5461,2.9176,SILAU_TIMUR_EB
02KIS0013,,99.5569,2.8424,PIASA_ULU_ST
02KIS0014,,99.5581,2.6961,GUNUNG_MELAYU_TB
02KIS0015,,99.5628,2.8611,TERUSAN_MT
02KIS0016,,99.5637,2.9142,JATI_SARI_KIS_PL
02KIS0017,,99.5654,2.6002,AEK_BANGE_TB
02KIS0018,,99.5702,2.9749,SEI_RENGGAS_MT
02KIS0019,,99.5805,2.9919,DADI_MULYO_PL
02KIS0020,,99.5831,3.0183,PULO_BANDRING_MT
02KIS0021,,99.5897,2.7311,RAHUNING2_TB
02KIS0023,,99.5924,2.9842,IRSUTAMI_KISARANBARU_PL
02KIS0024,,99.595,3.022,SIDOMULYO_KIS_TB
02KIS0025,,99.5959,2.9621,ASAHAN_TEBING_TINGGI_DELI_MT
02KIS0026,,99.5973,2.6934,PULAU_RAKYAT_PEKAN_EB
02KIS0027,,99.5978,2.987,RIMBAS_EB
02KIS0028,,99.598,3.016,BUNUT_KIS_PL
02KIS0029,,99.5984,3.0252,SUDIRMAN_SIDOMULYO_PL
02KIS0030,,99.5996,2.6397,SENGON_SARI_EB
02KIS0031,,99.6007,3.0707,SEI_BELURU2_PL
02KIS0032,,99.6011,2.6707,BARU_KIS_TB
02KIS0033,,99.6079,3.0122,BUNUT_MDN_MT
02KIS0034,,99.6079,2.7663,PULAU_MARIA1_PL
02KIS0035,,99.61,2.9843,MEKAR_BARU2_TB
02KIS0036,,99.612,2.9718,TANJUNG_ALAM_AIR_BATU_PL
02KIS0037,,99.6122,3.004,RELMUNTIK_SIDOMUKTI_PL
02KIS0038,,99.6131,2.7215,SUNGAI_PIRING_TB
02KIS0039,,99.6135,2.9773,KISARAN_BARAT_TB
02KIS0041,,99.6149,2.9898,KISARAN5_SECTORC_MT
02KIS0042,,99.6151,2.7152,MESJIDPULAURAKYAT_PL
02KIS0043,,99.6155,2.9835,BANDAR_PASIR_PL
02KIS0044,,99.6172,3.0681,SEI_BELURU1_MT
02KIS0045,,99.6179,2.793,PULAU_MARIA2_TB
02KIS0046,,99.6188,2.9794,KISARAN_EP
02KIS0047,,99.6195,2.7105,RAHUNING1_MT
02KIS0048,,99.6196,2.7019,PULAU_RAKYAT_TUA_TB
02KIS0049,,99.6204,2.821,SEI_ALIM_ULU_TB
02KIS0050,,99.6204,2.9696,KISARAN_TIMUR_MT
02KIS0051,,99.6204,2.9857,COKROAMINOTO_KISARANBRT_PL
02KIS0052,,99.6232,2.9833,MEKAR_BARU1_TB
02KIS0053,,99.6241,2.9659,KISARAN_NAGA_ST
02KIS0054,,99.6245,2.8273,SEIALIM_ULU_MT
02KIS0055,,99.6252,2.9877,JLPERGAM_KISARAN_MT
02KIS0056,,99.6256,2.9794,ASAHAN_KOTA_KISARAN_BARAT_CM
02KIS0057,,99.6262,2.993,LESTARI_KIS_TB
02KIS0058,,99.6272,2.9691,MAWAR_KISARAN_NAGA_MT
02KIS0059,,99.6308,2.9846,KISARAN_KOTA_EP
02KIS0060,,99.6291,2.9744,DESA_TELADAN_PL
02KIS0061,,99.6298,3.0757,MERANTI_KIS_ST
02KIS0062,,99.6301,2.9921,SIMPANG_KAWAT_EB
02KIS0063,,99.6302,2.6559,AEK_LOBA1_PL
02KIS0064,,99.6302,3.0269,PONDOK_BUNGUR_MT
02KIS0065,,99.6318,2.6512,AEK_LOBA_PEKAN_IB
02KIS0066,,99.632,3.0993,DESA_AIRPUTIH_MT
02KIS0067,,99.6343,2.9794,JALAN_PELITA_MT
02KIS0068,,99.6344,2.6645,AEKLOBA_PEKAN_MT
02KIS0069,,99.635,2.9887,STASIUN_KISARAN_MT
02KIS0070,,99.6377,2.9932,GAMBIR_BARU_ST
02KIS0071,,99.6385,2.58,LEDONG_BARAT_KIS_MT
02KIS0072,,99.6387,2.9701,MARAH_RUSLI_KISARAN_PL
02KIS0073,,99.6388,2.6496,AEK_LOBA_PL
02KIS0074,,99.6413,2.9279,SENTANG_TB
02KIS0075,,99.6422,2.9783,KISARAN1_PL
02KIS0076,,99.6425,2.9901,GELATIK_KISARAN_PL
02KIS0077,,99.646,2.9726,WILIAM_ISKANDAR_MT
02KIS0078,,99.6487,2.5868,LEDONG_BARAT_GH
02KIS0079,,99.6494,2.9615,KEDAI_LEDANG_PL
02KIS0080,,99.6511,2.9775,DESA_MUTIARA_PL
02KIS0081,,99.6516,3.0721,RAWANG_LAMA_ASAHAN_PL
02KIS0082,,99.6527,3.0533,RAWANG_PASARASAHAN_PL
02KIS0083,,99.6529,2.9488,SENTANG_RANDU_PL
02KIS0084,,99.6553,2.8486,AIR_TELUK_HESSA_PL
02KIS0085,,99.6565,2.98,MUTIARASIUMBAT_BARU_PL
02KIS0086,,99.6589,2.9931,SIUMBUT_BARU_PL
02KIS0087,,99.6602,2.9062,DANAU_SIJABUT_MT
02KIS0088,,99.6607,2.5869,AEK_LEDONG_MT
02KIS0089,,99.6639,2.6274,AEK_KORSIK_CM
02KIS0090,,99.6672,2.8576,AIR_TELUK_ESA_IB
02KIS0092,,99.6714,2.9796,SIUMBUT_UMBUT2_MT
02KIS0093,,99.6726,2.8704,RDTO_CIKAMPAK_TB
02KIS0094,,99.6728,2.9955,SUMBUT_UMBUT_CM
02KIS0095,,99.6751,2.9272,PERUMAHAN_WARGA_TB
02KIS0096,,99.6753,2.8796,JADI_JAYA_AIR_BATU_PL
02KIS0097,,99.6754,2.9857,UMBUTPENGGANTI_KEPAYANG_PL
02KIS0098,,99.6777,2.9741,SUBUR_KIS2_MT
02KIS0100,,99.688,2.9943,DESA_SUBUR_MT
02KIS0101,,99.6936,2.9293,HESSA_AIR_GENTING_CM
02KIS0103,,99.6964,3.0083,SUBUR_KIS1_CM
02KIS0104,,99.6978,3.0529,BANJAR_AIRJOMAN_MT
02KIS0105,,99.6993,2.9959,ARJOMAN_PL
02KIS0106,,99.7054,3.0228,PUNGGULAN_MT
02KIS0107,,99.7065,2.9952,AIR_ZOMAN_PL
02KIS0108,,99.7132,2.9216,RTJ_BALAI_EP
02KIS0109,,99.7133,3.0946,SILOBUNTU_TB
02KIS0110,,99.714,2.8757,SILOMLOM_MT
02KIS0111,,99.7155,2.9956,SERBANGAN_AIRJOMAN_PL
02KIS0112,,99.7249,2.9217,DUSUN7_SIMPANG_EMPAT_MT
02KIS0113,,99.7265,2.9092,SIMPANG_EMPAT_KIS_MT
02KIS0114,,99.7339,2.9954,AIR_JOMAN_CM
02KIS0115,,99.7387,2.9275,DESA_SIMPANGEMPAT_EB
02KIS0116,,99.7608,3.0994,PEMATANG_RAMBE_TB
02KIS0117,,99.7668,2.9905,AIRJOMANBARUASAHAN_PL
02KIS0118,,99.7831,3.0934,PEMATANG_SEI_BARU_MT
02KIS0119,,99.813,2.9712,SEI_LUNANG_TB
02KIS0120,,99.8202,3.0011,SEIAPUNG_JAYA_PL
02KIS0121,,99.8264,3.0015,LINTASSEI_APUNG_MT
02KIS0122,,99.8551,3.0141,BAGAN_ASAHAN_MT
02KIS0123,,99.8608,2.9254,KEPAYANG_KANAN_ST
02KIS0124,,99.4672,3.1879,EMPAT_NEGERI_PL
02KIS0125,,99.5576,3.1448,TALAWIJEI_BARU_MT
02KIS0126,,99.5918,3.1085,MERANTI_DS_GAJAH_TB
02KIS0128,,99.7071,3.0728,BANGUN_SARI_MT
02KIS0129,,99.7322,3.0259,PASAR_LEMBU_TB
02KIS0130,,99.6994,2.9001,HESSA_PERLOMPONGAN_PL
02KIS0131,,99.5677,2.894,TINGGI_RAJA_MT
02KIS0133,,99.7122,2.9694,SUNGAI_KAMAH_2_CM
02KIS0134,,99.6406,2.8945,SIJABUT_TERATAI_PL
02KIS0135,,99.2552,2.7843,KUTA_PADANG_ST
02KIS0136,,99.8386,2.9617,GESERAN_NAGA_TB
02KIS0137,,99.6414,3.0914,SIUMBUT_UTOMO_CM
02KIS0138,,99.5584,3.0643,SUKA_MAKMUR_KIS_PL
02KIS0139,,99.5242,2.949,URUNG_PANE_TB
02KIS0140,,99.8001,3.0294,PEMATANG_SUNGAI_BARU_PL
02KIS0141,,99.5831,2.9467,GEDANGAN_PL
02KIS0142,,99.6918,2.8366,ANJUNG_GANJANG_PL
02KIS0144,,99.7315,2.9582,SUNGAI_LAMA_2_PL
02KIS0145,,99.7588,2.9708,AIR_JOMAN_DALAM_PL
02KIS0146,,99.7224,3.0521,LUBUK_PALAS_PL
02KIS0147,,99.6176,2.9326,TANJUNG_ASRI_PL
02KIS0148,,99.6904,2.9116,PINANGGRIPAN_PL
02KIS0149,,99.5053,2.9763,SILAU_MARAJA_PL
02KIS0150,,99.6969,3.0804,SILAU_LAUT_PL
02KIS0152,,99.3939,2.7709,SIDOMULYO_TINGGI_RAJA_PL
02KIS0153,,99.4831,2.6251,AEK_SONGSONGAN_PL
02KIS0154,,99.8612,2.8722,PERBANGUNAN_KEPAYANG_PL
02KIS0155,,99.7193,2.6356,DESA_RAWASARI_CM
02KIS0156,,99.5568,2.9532,SUNGAI_PULE_PL
02KIS0157,,99.6335,2.8574,KEBUN_AIRBATU_PL
02KIS0158,,99.4868,2.7828,TELADAN_TINGGI_RAJA_PL
02KIS0159,,99.6562,2.8053,PULAU_TANJUNG_PL
02KIS0160,,99.293,2.7816,BANDAR_PASIR_MANDOGE_MT
02KPD0003,,98.2428,2.1681,TUMBA_JAE_MT
02KPD0006,,98.2728,2.144,MADO_AUMAS_MT
02KPD0007,,98.3182,2.0988,SPB_MADUAMAS_PL
02KPD0008,,98.3742,2.0506,BONDAR_SIHUDON_KPD1_MT
02KPD0009,,98.3869,2.0541,BONDAR_SIHUDON_KPD2_ST
02KPD0010,,98.3978,2.0121,BARUS_TB
02KPD0012,,98.4049,2.0638,ANDAM_DEWISIJUNGKANG_PL
02KPD0014,,98.4174,2.0284,BUKIT_PATUPANGAN_MT
02KPD0015,,98.487,1.9891,SOSOR_GADONG_EP
02KPD0016,,98.5225,1.9807,SIPODANG_MT
02KPD0017,,98.561,1.8834,HURLANG_MUARA_PL
02KPD0018,,98.5702,1.887,SORKAM_EP
02KPD0019,,98.5773,1.9144,GONTING_MAHE_PL
02KPD0020,,98.5938,1.9035,KOTA_PANDAN_ST
02KPD0021,,98.6293,1.9135,SITAHI_NAULI_PL
02KPD0022,,98.6572,1.8917,KOLANG_ST
02KPD0023,,98.6655,1.822,NT_RAWA_MAKMUR_KPD_ST
02KPD0024,,98.7196,1.814,UNTE_MUKKUR_MT
02KPD0025,,98.7468,1.7746,SIBURA_BURA_TAPIAN_NAULI_PL
02KPD0026,,98.7701,1.7641,GEREJA_MELA_PL
02KPD0028,,98.7997,1.7226,SEJAHTERA_PASIR_BIDANG_PL
02KPD0029,,98.806,1.7268,SIBOLGA_SELATAN_ST
02KPD0030,,98.8065,1.7703,PANJAITAN_TRANSUMATERA_PL
02KPD0031,,98.808,1.7218,GAPURA_SIBOLGA_PL
02KPD0032,,98.8144,1.6898,MUARA_SIBULUAN_TB
02KPD0033,,98.8144,1.7109,SIBULIAN_NALAMBOK_EP
02KPD0034,,98.8197,1.6953,PANDAN_SIBULUAN_MT
02KPD0035,,98.8205,1.6857,PANDAN_TAPTENG_PL
02KPD0036,,98.8226,1.6813,PANDAN_KPD2_TB
02KPD0038,,98.8267,1.6811,PANDAN2_ST
02KPD0041,,98.8281,1.6905,PANDAN_NEWPANDAN_KOTA_PL
02KPD0042,,98.8286,1.6719,PANDAN_KPD1_PL
02KPD0043,,98.8367,1.7007,PERUMAHAN_PLN_PANDAN_MT
02KPD0044,,98.8374,1.6922,SUPRAPTO_AEKTOLANG_PL
02KPD0045,,98.8391,1.6479,AEK_GARUT_PL
02KPD0046,,98.8483,1.7097,TUKKA_TAPANULITGH_PL
02KPD0048,,98.8524,1.6142,AEK_HORSIK_EP
02KPD0049,,98.8634,1.6942,TUKKA_PL
02KPD0050,,98.8677,1.5994,BADIRI_MT
02KPD0052,,98.8975,1.5556,PINANG_SORI_MT
02KPD0053,,98.9055,1.5645,BANDARA_PINANG_SORI_PL
02KPD0054,,98.9166,1.5115,SIDOMULYO_TAPTENG_EP
02KPD0055,,98.9247,1.5259,SIBABANGUN1_MT
02KPD0058,,98.959,1.5205,SIBABANGUN_TB
02KPD0059,,98.1936,2.2253,SARAGIH_PL
02KPD0060,,98.2075,2.1972,BINJOHARA_CM
02KPD0061,,98.2554,2.1549,TUMBA_JAE_KPD_MT
02KPD0062,,98.267,2.117,SIRANDORUNG_MT
02KPD0063,,98.3999,2.0336,BARUS_KP_MUDIK_PL
02KPD0064,,98.8261,1.7064,SIBULUAN_RAYA_MT
02KPD0065,,98.8278,1.6071,BADIRI_JAGO_JAGO_PL
02KPD0066,,98.8506,1.6294,BADIRI_AEK_HORSIK_PL
02KPD0067,,98.8287,1.4489,VS_NT_LUMUT_MAJU_PL
02KPD0068,,98.8511,1.6741,AEK_SITIOTIO_MT
02KPD0069,,98.3744,2.0184,SITIRIS_TIRIS_MT
02KPD0070,,98.9677,1.5524,SIMANOSOR_SIBABANGUN_MT
02KPD0071,,98.6449,1.8654,HURLANG_MUARANAULI_GT
02KPD0075,,98.9009,1.5735,SITONONG_BANGUN_MT
02KPD0078,,98.3563,2.0769,GEREJA_SIORDANG_MT
02KPN0001,,99.8979,1.9534,RINTIS_MT
02KPN0002,,99.9012,1.8537,ULUMAHUAM_ST
02KPN0003,,99.9234,1.9598,PERS_KAMPUNGDALAM_PL
02KPN0005,,99.9599,1.7256,LANGGA_PAYUNG_MT
02KPN0006,,100.002,1.7526,SABUNGAN_ST
02KPN0007,,100.0094,1.7686,RDTO_LANGGA_PAYUNG_TB
02KPN0008,,100.0136,1.8221,MAMPANG_KPN_MT
02KPN0009,,100.0486,1.8738,SOSOPAN_KOTA_PINANG_PL
02KPN0011,,100.0559,1.9454,TUGU_SARI_MT
02KPN0012,,100.0697,1.891,KOTA_PINANG3_TB
02KPN0013,,100.0722,2.078,PERLABIAN_ST
02KPN0015,,100.0829,1.8955,SIMPANG_GUNUNG_TUA_TB
02KPN0016,,100.0864,1.8877,KOTA_PINANG_EP
02KPN0017,,100.0869,1.892,KOTA_PINANG4_TB
02KPN0018,,100.0886,2.0299,PEKAN_TOLAN_TB
02KPN0019,,100.0914,1.8944,KOTA_PINANG1_MT
02KPN0020,,100.0924,1.89,KOTA_PINANG6_MT
02KPN0021,,100.0946,1.9407,SISUMUT_PL
02KPN0022,,100.0959,1.8913,NOT_SHAREABLE_MT
02KPN0023,,100.101,2.0213,KOTA_PINANG_ROAD_ST
02KPN0024,,100.1063,1.9532,SISUMUT1_TB
02KPN0025,,100.1169,1.8718,PASIR_TUNTUNG_CM
02KPN0026,,100.1212,1.778,LINTAS_BATU_AJO_TB
02KPN0027,,100.1354,1.8252,PASIR_TUNGTUNG_CM
02KPN0028,,100.1392,2.058,TGMEDAN_ST
02KPN0029,,100.1513,1.8583,KOTA_PINANG2_TB
02KPN0030,,100.1619,1.7988,AEK_TOROP_MT
02KPN0031,,100.1759,1.8763,ASAM_JAWA_MT
02KPN0032,,100.1855,1.8273,AEKBATU_TB
02KPN0033,,100.1864,1.8926,PABRIK_ASAM_JAWA_TB
02KPN0034,,100.1868,1.8008,AEK_BATU_MT
02KPN0035,,100.1934,1.7932,SIMPANG_MULIA_MT
02KPN0036,,100.1974,1.9453,PERK_TELUK_PANJI_MT
02KPN0037,,100.2029,1.7858,AEK_BATU1_ST
02KPN0038,,100.2113,1.7839,CIKAMPAK_KPN_TB
02KPN0039,,100.221,1.7794,CIKAMPAK_MDN_MT
02KPN0041,,100.2266,1.7051,AEK_RASO_ST
02KPN0042,,100.2469,1.9448,DESA_TELUKPANJI_ST
02KPN0043,,100.262,1.9455,PERK_BATANG_SEPONGGOL_TB
02KPN0044,,100.2687,2.022,KAMPUNG_TELUK_PANJI_CM
02KPN0045,,99.9228,1.7191,HAJORAN_MT
02KPN0049,,100.2686,2.0447,TELUK_PANJI_IV_MT
02KPN0053,,100.2144,1.924,PANGARUNGAN_MT
02KPN0054,,100.2872,1.7076,TORGAMBA_MT
02KPN0055,,99.7966,1.7737,SAMPEAN_MT
02KPN0056,,100.2705,1.9839,TELUK_PANJI3_MT
02KPN0057,,99.8461,1.7679,HUTA_GODANG_MT
02KPN0058,,100.0249,1.8059,SIMATAHARI_TB
02KPN0059,,100.0978,2.0813,TANJUNG_SELAMAT_LABSEL_CM
02KPN0061,,100.1313,1.9614,DAMRI_SISUMUT_PL
02KPN0062,,100.2355,1.9391,JALANBESAR_TELUK_PANJI_CM
02LBP0001,,98.5048,3.6904,STABAT_TANDEM_MT
02LBP0002,,98.5087,3.6821,TANDEM_EP
02LBP0003,,98.5101,3.4262,PASAR_LBP_ST
02LBP0004,,98.5146,3.6966,TANDEM_HILIR_TB
02LBP0005,,98.523,3.4769,BELILING_PL
02LBP0006,,98.5232,3.4594,KUTALIMBARU_TB
02LBP0007,,98.5237,3.7038,KOTA_DATARKEL_TANDEMHILIR_TB
02LBP0008,,98.5268,3.7522,BULUCINA_DELI_ST
02LBP0009,,98.5338,3.772,KOTA_DATAR_TB
02LBP0010,,98.5356,3.2405,AQUA_DOULU_EP
02LBP0011,,98.5367,3.5476,SIMPANG_ADIOS_PL
02LBP0012,,98.5379,3.5561,SAWIT_REJO_TB
02LBP0013,,98.5402,3.7546,KOTADATAR_BULUCINA_GT
02LBP0014,,98.5418,3.6059,SUMBER_MELATI_DISKI_TB
02LBP0015,,98.5463,3.4378,LAU_BICIK_PL
02LBP0016,,98.5469,3.2663,BANDAR_BARU_EP
02LBP0017,,98.547,3.7872,PULAU_SARI_LBP_TB
02LBP0018,,98.5472,3.6019,MEDANBINJAI_DLSRDNG_PL
02LBP0019,,98.5479,3.4626,KUTALIMBARU1_PL
02LBP0020,,98.5486,3.5246,SEI_GELUGUR_TB
02LBP0021,,98.5498,3.5446,SUNGGAL_LBP1_PL
02LBP0022,,98.5503,3.5171,TELAGA_SARI2_MT
02LBP0023,,98.5506,3.5386,BUMI_TUNTUNGAN_INDAH_MT
02LBP0024,,98.551,3.5298,DISKI_TELAGA_SARI_PL
02LBP0025,,98.551,3.6465,PAYABAKUNG_BJI_PL
02LBP0026,,98.5511,3.5568,TELAGA_SARI3_ST
02LBP0027,,98.5513,3.7018,BULU_CINA_TB
02LBP0028,,98.5514,3.2844,SIBOLANGIT1_PL
02LBP0029,,98.5517,3.5968,DISKI_EP
02LBP0030,,98.553,3.6075,MULYO_REJO_TB
02LBP0031,,98.5531,3.509,SAWITREJO_PL
02LBP0032,,98.5556,3.7681,KOTARANTANG_PL
02LBP0033,,98.5558,3.6321,PAYA_BAKUNG_MT
02LBP0034,,98.5572,3.5604,DISKI2_ST
02LBP0035,,98.5575,3.6089,PAYA_BAKUNG3_GT
02LBP0036,,98.558,3.6037,SUMBER_MELATI_TB
02LBP0037,,98.5588,3.6206,MULYOREJO_LBP1_GT
02LBP0038,,98.5589,3.5858,SEI_SEMAYANG1_CM
02LBP0039,,98.559,3.5954,SEMAYANG_BINJAI_TB
02LBP0040,,98.5596,3.7008,PANTAI_GEMI_PL
02LBP0042,,98.5619,3.4817,GNTINGGI_TB
02LBP0043,,98.5619,3.5685,GARUDA_BINJAI_PL
02LBP0044,,98.5629,3.5965,MDNBJI_DISKI_MT
02LBP0045,,98.5646,3.6324,MULYOREJO_MT
02LBP0046,,98.5649,3.5754,DISKI1_MT
02LBP0047,,98.5657,3.5182,BERAS_SEKATA_PL
02LBP0048,,98.5662,3.5931,SEI_SEMAYANG2_MT
02LBP0049,,98.5664,3.6124,ORDE_BARU2_MT
02LBP0050,,98.5665,3.601,MULIOREJO_TB
02LBP0051,,98.5666,3.2938,ROADTO_SIBOLANGIT_TB
02LBP0052,,98.5685,3.7019,BULU_CINA2_PL
02LBP0053,,98.5708,3.6034,ROAD_TO_BINJAI_EP
02LBP0054,,98.5715,3.5627,SEI_MENCIRIM_TB
02LBP0055,,98.5721,3.6084,MI_PERUMAHAN_PERMATA_HIJAU_ST
02LBP0056,,98.5725,3.5989,PUJI_MULYO1_TB
02LBP0057,,98.5729,3.5903,MEDAN_KREO_PL
02LBP0058,,98.574,3.4991,TUNTUNGAN_GOLF_EP
02LBP0059,,98.575,3.6382,PAYA_BAKUNG1_GT
02LBP0060,,98.5762,3.6064,RSFULL_BATESDA_MT
02LBP0061,,98.5763,3.7027,KARANG_LUAS_MT
02LBP0062,,98.5764,3.3198,SIBOLANGIT_PL
02LBP0063,,98.5765,3.6139,ORDE_BARU1_MT
02LBP0064,,98.5772,3.7233,BULU_CINA1_MT
02LBP0065,,98.5777,3.5665,MEDAN_KRIO_PL
02LBP0066,,98.5788,3.5893,SELAMAT_PUJI_MULYO_PL
02LBP0067,,98.5796,3.6014,PAYA_GELI_CM
02LBP0068,,98.5798,3.5205,TUNTUNGAN_TJANOM_PL
02LBP0069,,98.5804,3.6086,PALEM_KENCANA_PL
02LBP0070,,98.5803,3.5457,SUKAMAJU_SUNGGAL_GH
02LBP0071,,98.5813,3.7593,GAMETRACO_SEI_BAHARU_GT
02LBP0072,,98.582,3.6183,MULYOREJO_LBP_PL
02LBP0073,,98.584,3.6146,PENDIDIKAN_TANI_ASLI_MT
02LBP0074,,98.5851,3.574,MEDAN_KRIO1_TB
02LBP0075,,98.5856,3.5987,ROAD_TO_BINJAI2_TB
02LBP0076,,98.5879,3.7143,KOTA_RANTANG_PL
02LBP0077,,98.5882,3.5612,SRI_GUNTING2_ST
02LBP0078,,98.5886,3.3438,SEEMBAHE_EP
02LBP0079,,98.5891,3.5219,TANJUNG_ANOM_EP
02LBP0080,,98.5894,3.6639,KLAMBIR_V_KEBUN1_PL
02LBP0081,,98.5894,3.7964,TELAGA_TUJUH_MT
02LBP0082,,98.5904,3.6256,KLAMBIR_DSN_MT
02LBP0083,,98.5905,3.5271,MI_TJSELAMAT_BESAR_TB
02LBP0084,,98.5909,3.4819,NAMORIH_LS
02LBP0085,,98.591,3.6062,SUNGGAL_GELI_LBP_GT
02LBP0086,,98.5922,3.6185,PALEM_KENCANA1_MT
02LBP0087,,98.5931,3.6589,TJGGUSTA_SUNGGAL_ATAS_TB
02LBP0088,,98.5936,3.5299,SELAMAT_SUNGGAL_PL
02LBP0089,,98.5937,3.578,BENGAWAN_UJUNG_MT
02LBP0090,,98.5942,3.728,KLUMPANG_KEBUN_LBP1_TB
02LBP0091,,98.5944,3.6322,KLAMBIR_MT
02LBP0092,,98.5945,3.5934,SUNGGAL_LBP2_MT
02LBP0093,,98.5946,3.6103,TANI_ASLI_GT
02LBP0094,,98.5946,3.6809,SUTAN_ARAB_GT
02LBP0095,,98.5947,3.7191,PERKAMPUNGAN_BULUH_CINA_PL
02LBP0096,,98.5947,3.585,SEI_MENCIRIMIND_TWR_TB
02LBP0097,,98.5948,3.6524,KLUMPANG2_TB
02LBP0098,,98.5943,3.644,KELAMBIR_HAMPARAN_PERAK_GT
02LBP0099,,98.5956,3.4635,TIANGLAYAR_GT
02LBP0100,,98.593,3.6673,KLUMPANG_EP
02LBP0101,,98.5958,3.6943,TEBUTEBU_GT
02LBP0102,,98.5963,3.6743,KLAMBIR_V_KEBUN2_TB
02LBP0103,,98.5965,3.5143,SEMBAHE_BARU_GT
02LBP0104,,98.5968,3.6137,LALANG_PURWODADI_PL
02LBP0105,,98.5973,3.4875,PERTAMPILEN1_MT
02LBP0107,,98.598,3.3909,MEDAN_COUNTRY_CLUB_TB
02LBP0108,,98.5982,3.4754,PANCUR_BATU_MT
02LBP0109,,98.5984,3.5986,SUNGGALPUJOMULYO_EB
02LBP0110,,98.5987,3.5926,GRAND_GADING_TB
02LBP0111,,98.599,3.6999,HAMPARAN_PERAK2_TB
02LBP0112,,98.5993,3.4808,DURIN_SIMBELANG_PL
02LBP0113,,98.601,3.6131,ALBADAR_ST
02LBP0115,,98.6027,3.4308,MARTABE_GOLF_EP
02LBP0116,,98.6033,3.5724,SUNGGAL_KANAN_PL
02LBP0117,,98.6033,3.5647,SRIGUNTING_MT
02LBP0118,,98.6036,3.6051,KOMP_GRAHA_KELAPA_GADING_MT
02LBP0119,,98.6037,3.5609,SRI_GUNTING1_PL
02LBP0120,,98.6043,3.5991,PINANG_BARIS_LBP_TB
02LBP0121,,98.6044,3.4455,SUGAU_PL
02LBP0122,,98.6063,3.715,KLUMPANG_KEBON_GT
02LBP0123,,98.6089,3.4784,PERTAMPILEN2_MT
02LBP0124,,98.6093,3.6181,MSC_MEDAN_TB
02LBP0125,,98.6113,3.6331,TJGUSTA_SUNGGAL_TB
02LBP0126,,98.6114,3.7064,JLLASIMIN_TB
02LBP0127,,98.6141,3.7254,HAMPARAN_PERAK_EP
02LBP0128,,98.6154,3.6755,KLUMPANG_KEBUN_LBP2_CM
02LBP0129,,98.6186,3.4919,NAMOBINTANGPANCURBATU_GT
02LBP0130,,98.6191,3.6185,TANJUNG_GUSTA_GT
02LBP0131,,98.6221,3.7268,DUSUN_3_HAMPARAN_PERAK_MT
02LBP0132,,98.6239,3.7117,HMP_PERAK_GT
02LBP0133,,98.625,3.5173,LAU_GEMURUH_EB
02LBP0134,,98.6251,3.6151,SUKADONO_GT
02LBP0135,,98.6282,3.7184,KELAMBIR_LBP_PL
02LBP0136,,98.6333,3.6173,HELVETIA_RAYA_EP
02LBP0137,,98.6378,3.6192,GANG_MAWAR_MTGF_TB
02LBP0138,,98.6383,3.4617,DURIN_TUNGGAL_TB
02LBP0139,,98.6437,3.8237,PALUH_KURAUKARANG_GADING3_GT
02LBP0140,,98.6462,3.4353,TUALANG_PUNGKUR_PL
02LBP0141,,98.6441,3.6151,HELVETIA2_IB
02LBP0142,,98.6486,3.4794,PEMBANGUNAN_UJUNG_LABUHAN_PL
02LBP0143,,98.6517,3.4435,NAMORAMBE_TB
02LBP0144,,98.6561,3.4658,RAYA_DELITUA_KN
02LBP0145,,98.6546,3.4564,BATU_MBELIN_MT
02LBP0146,,98.6548,3.6736,MI_VETERAN_MCP_EB
02LBP0147,,98.6554,3.6186,GRAHA_HELVETIA_PL
02LBP0148,,98.6559,3.5174,TANJUNG_MORAWA_LBP1_TB
02LBP0149,,98.6587,3.6389,MANUNGGAL_MT
02LBP0150,,98.6608,3.4874,ROAD_TO_NAMORAMBE_TB
02LBP0151,,98.6608,3.6266,HELVET_BY_PASS_MT
02LBP0152,,98.6612,3.4991,NAMORAMBE1_PL
02LBP0153,,98.662,3.6228,KARYA_UJUNG_PERTEMPURAN_TB
02LBP0154,,98.662,3.5143,JOHOR_MEDAN_EP
02LBP0155,,98.6633,3.6328,MDN_TMR_GLUGUR_DARAT1_CM
02LBP0156,,98.6643,3.5084,JOHORUJUNG2_TB
02LBP0157,,98.6649,3.3702,SIBIRU_BIRU_MT
02LBP0158,,98.6675,3.4724,NAMO_BERLIN_GT
02LBP0159,,98.6683,3.5013,JOHOR_DELI_MT
02LBP0160,,98.6685,3.4947,RDTO_NAMORAMBE_DELITUA_CM
02LBP0161,,98.6706,3.5045,JOHOR_LBP_PL
02LBP0162,,98.6721,3.514,KARYA_JAYA_LBP_TB
02LBP0163,,98.674,3.3845,TJG_SENA_CM
02LBP0164,,98.6752,3.6747,KIM_POLESAMPALI_PERCUT_GT
02LBP0165,,98.6788,3.4815,MEDANDELITUA4_TB
02LBP0166,,98.6793,3.5019,GANG_SEMPURNA_MT
02LBP0167,,98.6811,3.478,SIMEME_GT
02LBP0168,,98.6814,3.5077,PAHLAWAN_DELITUA_MT
02LBP0169,,98.6814,3.5136,DELITUASUKAMAKMUR_PL
02LBP0170,,98.6814,3.4988,DELITUA_TB
02LBP0171,,98.6822,3.4953,KANTOR_POS_DELITUA_PL
02LBP0172,,98.6836,3.6745,MI_KIM_MEDAN2_MT
02LBP0174,,98.6846,3.4884,DELITUA_CITY_MT
02LBP0175,,98.6849,3.4834,NOGO_REJO_MT
02LBP0176,,98.6851,3.4667,SIDOMULYO_BIRUBIRU_PL
02LBP0177,,98.6853,3.4625,DELI_TUA_TIMUR_MT
02LBP0178,,98.6857,3.473,TANAH_MUJUR_TB
02LBP0179,,98.6872,3.4417,SIDODADI_SIBIRUBIRU_TB
02LBP0180,,98.6879,3.4563,ROAD_TO_SIBIRU_MT
02LBP0182,,98.6885,3.4498,RAHAYU_PATUMBAK_TB
02LBP0183,,98.6888,3.6724,MI_KIM_MEDAN1_MT
02LBP0184,,98.6894,3.4346,DESA_CANDIREJO_PL
02LBP0185,,98.6908,3.5078,MEKARSARIMARENDAL_PL
02LBP0186,,98.691,3.6649,SAMPALI3_ST
02LBP0187,,98.6922,3.4992,MARENDAL_ASRI_CM
02LBP0188,,98.6941,3.6602,MI_KIM_BELAWAN7_MT
02LBP0189,,98.6944,3.2006,TGMUDA_MT
02LBP0190,,98.6946,3.5036,MARINDAL1_PL
02LBP0191,,98.6947,3.6733,SAMPALI_GT
02LBP0192,,98.6948,3.6334,MI_JLSAKURA_IB
02LBP0193,,98.695,3.6287,PANCING3MEDANUTARA_PL
02LBP0194,,98.6961,3.6421,ANUGRAH_TB
02LBP0195,,98.6968,3.5102,LAHANTUBUH_AIR_TB
02LBP0196,,98.6969,3.4948,DELITUABAR_MT
02LBP0197,,98.6972,3.5145,MARIENDAL_EP
02LBP0198,,98.6984,3.1326,GUNUNG_MERIAH_MT
02LBP0199,,98.6987,3.6286,MEDANESTATE_PL
02LBP0200,,98.6997,3.52,NEWPATUMBAK_PL
02LBP0201,,98.7002,3.6396,TOL_BELMERAKM5_LBP_GT
02LBP0203,,98.7021,3.48,PENDUDUK_PATUMBAK_TB
02LBP0204,,98.7023,3.6674,KIM_POLE_GT
02LBP0205,,98.7028,3.6281,PERCUT_SEI_TUAN_LBP1_PL
02LBP0206,,98.703,3.5169,MARENDAL_PL
02LBP0207,,98.7052,3.6373,TOL_BELMERA_KM162_GT
02LBP0208,,98.7074,3.6332,CEMARA_ASRI_TIMUR_PL
02LBP0210,,98.7084,3.4071,TALUN_KENAS_TB
02LBP0211,,98.7093,3.5253,MARINDAL2_TB
02LBP0212,,98.7104,3.4446,SUROBARU_ST
02LBP0213,,98.7105,3.4921,SIGARAGARA_ST
02LBP0214,,98.7111,3.5303,BAJAK_PL
02LBP0215,,98.7121,3.6022,BANTAN_TIMUR_EB
02LBP0216,,98.7132,3.5033,LAMA_PL
02LBP0217,,98.7137,3.4698,JLPERTAHAN_PL
02LBP0218,,98.7141,3.6135,UNIMED_PL
02LBP0219,,98.714,3.6877,LINGKUNGAN_DUSUN_PL
02LBP0220,,98.7143,3.5078,PATUMBAK2_TB
02LBP0221,,98.7143,3.2636,TIGA_JUHAR_MT
02LBP0222,,98.7143,3.6031,INDONESIANTOWER_TB
02LBP0223,,98.7152,3.6291,TIRTA_DELI2_CM
02LBP0224,,98.7159,3.5152,MARIENDAL_MEDAN_PL
02LBP0225,,98.7162,3.6178,PERUMAHAN_PERMATA_CERMAI_GT
02LBP0226,,98.7166,3.6481,SAMPALI2_PL
02LBP0227,,98.7167,3.3814,TELUN_KENAS_TB
02LBP0228,,98.7168,3.6377,SAMPALI1_PL
02LBP0229,,98.7179,3.5225,PATUMBAK_EP
02LBP0230,,98.718,3.6635,PERCUT_SEI_TUAN_LBP3_EP
02LBP0231,,98.7182,3.3292,TALA_PETA_PL
02LBP0232,,98.7182,3.5053,PAJAK_SUKARAMAI_ST
02LBP0233,,98.7185,3.6664,JLKOMPMARELAN_INDAH_PL
02LBP0234,,98.7197,3.5274,NEWMEDAN_AMPLAS_USULAN_TB
02LBP0235,,98.7209,3.5502,MEDAN_TENGGARA_TB
02LBP0236,,98.7213,3.6207,MI_METEREOLOGI_MEDAN_TEMBUNG_EB
02LBP0237,,98.721,3.7028,PEMATANG_JOHAR_TB
02LBP0238,,98.721,3.6148,LAU_DENDANG_PL
02LBP0239,,98.7217,3.5445,KOMPLEKS_ASTRA_EP
02LBP0240,,98.7219,3.6107,GAMETRACO_KENANGAN_GT
02LBP0241,,98.7228,3.5231,PERJUANGAN_PATUMBAK_MT
02LBP0242,,98.7229,3.6697,SUKASETIA_LBP_TB
02LBP0243,,98.723,3.6019,UINSU_ST
02LBP0244,,98.7259,3.6202,KDI_TEMBUNG_CM
02LBP0245,,98.7274,3.5413,PETUMBAK_TB
02LBP0246,,98.7283,3.6149,LEGIUN_VETERAN_PL
02LBP0247,,98.7298,3.6809,TJSELAMAT_GT
02LBP0248,,98.7307,3.5269,GANG_DAME_MT
02LBP0249,,98.7347,3.5822,JALAN_DENAI_MT
02LBP0250,,98.736,3.6209,MDN_TB
02LBP0251,,98.7362,3.6627,SAENTIS1_PL
02LBP0252,,98.738,3.3934,NEGARA_BERINGIN_PL
02LBP0253,,98.7385,3.6271,PERUM_LAUDENDANG_MT
02LBP0254,,98.7386,3.6056,PANCING_BANDAR_SETIA_PL
02LBP0255,,98.7387,3.6137,TEMBUNG_BANDAR_CM
02LBP0256,,98.7392,3.5811,JERMAL_LBP_CM
02LBP0257,,98.7397,3.5862,PASAR_LIMA_PL
02LBP0258,,98.7402,3.6803,GANG_RASMIN_TB
02LBP0259,,98.741,3.5163,UJUNGSERDANG_GT
02LBP0260,,98.7413,3.6008,ELANG_UJUNG_MT
02LBP0261,,98.7419,3.6646,DESA_SAMPALI_TB
02LBP0262,,98.7422,3.4322,LIMAU_MUNGKUR_MT
02LBP0263,,98.7425,3.6864,TANJUNG_REJO_LBP_TB
02LBP0264,,98.7449,3.5911,MCBERINGINSELTMBUNG_TB
02LBP0265,,98.745,3.5961,JLPASAR_BARU_ST
02LBP0266,,98.7451,3.6145,TEMBUNG1_TB
02LBP0267,,98.746,3.6228,LAU_DENDANG1_PL
02LBP0268,,98.7462,3.4859,MEDAN_SINEMBAH_PL
02LBP0269,,98.7463,3.5259,UJUNGSERDANGNEW_GT
02LBP0270,,98.7475,3.6101,TEMBUNG2_TB
02LBP0271,,98.7481,3.5696,PERCUT_SEI_TUAN_LBP2_ST
02LBP0272,,98.7484,3.5859,BERINGIN_PASAR5_PL
02LBP0273,,98.7485,3.6295,PELAKSANAAN_MT
02LBP0274,,98.7491,3.5348,BNGUNSARI_INDONUSA_TB
02LBP0275,,98.7496,3.6048,TEMBUNG3_ST
02LBP0276,,98.7497,3.6475,JLBELAKANG_LBP_GT
02LBP0277,,98.7504,3.5985,TEMBUNG_KOTA_LBP1_XL
02LBP0278,,98.7509,3.582,DENAI_MT
02LBP0279,,98.7512,3.6159,BANDAR_KHALIFAH_MT
02LBP0281,,98.7525,3.6197,BANDAR_SETIA_CM
02LBP0282,,98.7533,3.669,SAENTIS_LBP2_TB
02LBP0283,,98.7533,3.6077,PERTIGAAN_BUSTANUL_MT
02LBP0284,,98.7539,3.6734,SAENTIS2_TB
02LBP0285,,98.754,3.525,SUKA_MULIA_LBP_ST
02LBP0286,,98.7545,3.5984,TEMBUNG_KOTA_LBP2_TB
02LBP0287,,98.7546,3.6123,BANDAR_KHALIPAH_MT
02LBP0288,,98.7547,3.6032,BANDAR_KHALIFA_MT
02LBP0289,,98.755,3.5944,PSR7_TEMBUNG_EP
02LBP0290,,98.7552,3.6821,DUSUN_II_PERCUT_SEI_TUAN_TB
02LBP0291,,98.7556,3.569,AMPLAS_SEITUAN_TB
02LBP0292,,98.7559,3.6375,TAMPAK_BAYAN_ST
02LBP0293,,98.7562,3.5854,PASAR_V_TEMBUNG_CM
02LBP0294,,98.7578,3.4707,TANDUKAN_RAGA_MT
02LBP0295,,98.761,3.5361,MI_BANGUN_SARI_TAMORA_MT
02LBP0296,,98.7611,3.5301,LORONGKELTJMORAWA_PL
02LBP0297,,98.7618,3.6482,DUSUN17_TBAYAN_MT
02LBP0298,,98.7623,3.6833,PERCUT_SEITUAN2_MT
02LBP0299,,98.7624,3.4928,MEDAN_SENEMBAH_TB
02LBP0300,,98.7627,3.6133,SUMBER_REJO_LBP_TB
02LBP0301,,98.7628,3.5957,SMP2_TEMBUNG_MT
02LBP0302,,98.7633,3.6028,MENCIRIM_IB
02LBP0303,,98.7656,3.5233,RDTO_TOMORAWA_MT
02LBP0304,,98.7652,3.5988,REL_KERETA_TEMBUNG_GT
02LBP0305,,98.7669,3.643,RUKUN_KOLAM_MT
02LBP0306,,98.7671,3.5028,DUSUN_LIMAU_MANIS_MT
02LBP0307,,98.7679,3.6078,KLIPPA_KUIS_GH
02LBP0308,,98.7688,3.5515,TELAGA_SARI1_TB
02LBP0309,,98.7702,3.6974,YUSUFJINTAN_PL
02LBP0310,,98.7702,3.5959,TEMBUNG_DESA_PL
02LBP0311,,98.7709,3.5055,DESA_LIMAU_MANIS_LBP2_PL
02LBP0312,,98.771,3.5359,SARIMORAWA_TB
02LBP0313,,98.7716,3.5869,BDR_KLIPPA_PL
02LBP0314,,98.7719,3.5158,LIMAU_MANIS_CM
02LBP0315,,98.7721,3.5242,MI_JLMEDAN_TEBINGTINGGI_MT
02LBP0316,,98.7731,3.6266,KAMPUNG_KOLAM_MT
02LBP0317,,98.7739,3.6067,MDNBTNGKUISSEIROTAN_PL
02LBP0318,,98.774,3.5282,BANGUN_SARI_BARU_CM
02LBP0319,,98.7756,3.5203,DESA_LIMAU_MANIS_LBP1_TB
02LBP0320,,98.7763,3.4911,BANDALA_ASRI_TB
02LBP0322,,98.7779,3.5949,SAMBIREJO_TIMUR2_TB
02LBP0323,,98.7781,3.5337,MI_KAYU_BESAR_LBP_MT
02LBP0324,,98.7785,3.6332,PENDIDIKAN_PERCUT_SEI_TUAN_PL
02LBP0325,,98.7786,3.6069,PERCUTSEITUAN_PL
02LBP0326,,98.7795,3.4981,BANGUN_REJO3_TB
02LBP0327,,98.7811,3.5223,KUIS_MORAWA_MT
02LBP0328,,98.7817,3.4759,TANDUKANRAGA_PL
02LBP0329,,98.782,3.5921,SAMBIREJO_TIMUR1_PL
02LBP0330,,98.7824,3.541,BATANG_KUIS2_MT
02LBP0331,,98.7839,3.5467,BANGUN_SARI_PL2_PL
02LBP0332,,98.7854,3.4927,GANG_BIDAN_LBP_CM
02LBP0333,,98.7844,3.6217,SEIROTAN_GH
02LBP0334,,98.7859,3.6023,BATANG_KUIS4_GT
02LBP0335,,98.7861,3.6091,BTG_KUIS_TB
02LBP0336,,98.7871,3.5024,BANDAR_LABUHAN_GH
02LBP0337,,98.7875,3.5334,BATANGKUIS_PASAR_PL
02LBP0338,,98.788,3.5186,TIRTA_DELI1_PL
02LBP0339,,98.7884,3.5079,BANGUN_REJO2_ST
02LBP0340,,98.7901,3.5916,TELAGASARI_LBP_PL
02LBP0342,,98.7907,3.5046,MI_MCLIMAUMUNGKUR_MT
02LBP0343,,98.7922,3.5613,PAJAK_IKAN_KESAWAN_CM
02LBP0344,,98.7922,3.5454,BUNTU_BEDIMBAR_GT
02LBP0345,,98.793,3.5122,KOMET_DAGANG_KRAMAT_PL
02LBP0346,,98.7934,3.6075,BAKARAN_BATU_LBP_PL
02LBP0347,,98.7935,3.5268,TJMORAWA_TB
02LBP0348,,98.7938,3.536,DAGANG_KELAMBIR_MT
02LBP0349,,98.7939,3.5186,TANJUNG_MORAWA_CITY_PL
02LBP0350,,98.7944,3.5642,TELAGA_SARI4_TB
02LBP0351,,98.7946,3.6874,SAENTIS_LBP1_TB
02LBP0352,,98.7948,3.6373,PSR_V_SIDODADI_TB
02LBP0353,,98.7969,3.6115,PIMPBINTANG_MERIAH_PL
02LBP0354,,98.7973,3.6222,SEI_ROTAN_PL
02LBP0355,,98.7974,3.5697,BATANG_KUIS3_PL
02LBP0356,,98.7974,3.5235,KAMPUNG_TENGAH_LBP_PL
02LBP0357,,98.8003,3.5306,DESA_TANJUNG_MORAWA_GT
02LBP0358,,98.8017,3.6603,BULUCINA_TB
02LBP0359,,98.8048,3.6125,BATANG_KUIS_EP
02LBP0360,,98.805,3.6216,PAYA_GAMBAR3_PL
02LBP0361,,98.8056,3.3059,SILINDAK_ST
02LBP0362,,98.8059,3.523,SEI_MERAH1_TB
02LBP0363,,98.8065,3.6629,SUGIHARJO_LBP_PL
02LBP0364,,98.8069,3.6002,PENARA_KEBUN1_EB
02LBP0365,,98.8069,3.5875,PSR_BATANG_KUIS_ST
02LBP0366,,98.8078,3.5289,KARYADARMA_PL
02LBP0367,,98.8086,3.5396,DUSUNIVTJBARU_PL
02LBP0368,,98.8086,3.5924,BATANG_KUIS1_MT
02LBP0369,,98.8086,3.561,DALUSEPULUH_MT
02LBP0370,,98.8088,3.5691,DUSUNDALU_SEPULUH_MT
02LBP0371,,98.8096,3.5437,TANJUNG_MORAWA_LBP2_EP
02LBP0372,,98.8105,3.6126,TUMPATAN_NIBUNG1_MT
02LBP0373,,98.8149,3.3715,BANGUN_PURBA_EP
02LBP0374,,98.8155,3.5493,TJMORAWA_DLSERDANG_GT
02LBP0375,,98.8156,3.6121,TJMORAWABANGUNSARI_PL
02LBP0376,,98.8181,3.6226,PAYA_GAMBAR1_PL
02LBP0377,,98.8192,3.539,KIM_STAR_GT
02LBP0378,,98.8203,3.5518,PERDAMEAN_TJMORAWA_PL
02LBP0380,,98.8219,3.547,TJGMORAWA_DELI_TB
02LBP0381,,98.8269,3.5682,DALU_10B_TB
02LBP0382,,98.8273,3.555,TURIWONOSARI_TB
02LBP0383,,98.8277,3.4964,SEIMERAH_PL
02LBP0384,,98.8281,3.5503,PARDAMEAN_TJ_MORAWA_EB
02LBP0385,,98.8302,3.4296,BATU_LOKONG_PL
02LBP0386,,98.8319,3.6144,SENA_KUIS_TB
02LBP0387,,98.8324,3.3988,SIALANG_BARU_PL
02LBP0388,,98.8325,3.5231,SEI_MERAH_TB
02LBP0389,,98.8327,3.5495,ROAD_MEDAN_LUBUK_PAKAM_TB
02LBP0390,,98.8333,3.6002,TUMPATAN_NIBUNG_PL
02LBP0391,,98.8346,3.6371,PAYA_GAMBAR2_GH
02LBP0392,,98.8419,3.6829,RANTAUPANJANGSERGAI_PL
02LBP0393,,98.844,3.4979,DESA_NAGAREJO_ST
02LBP0394,,98.8444,3.6274,SIDO_URIP_MT
02LBP0395,,98.8466,3.5533,DESA_PERDAMAIAN_GT
02LBP0396,,98.8481,3.4919,LENGAU_SEPRANG_CM
02LBP0397,,98.8514,3.6088,KUALANAMU_PL
02LBP0398,,98.8533,3.4471,PETUMBUKAN_LBP1_TB
02LBP0399,,98.8535,3.5509,PERDAMEAN_CM
02LBP0400,,98.8535,3.5509,IN_RSGRANDMEDISTRA_CM
02LBP0401,,98.8553,3.6757,DESA_PANTAI_LABU_KN
02LBP0402,,98.8584,3.5948,DUSUN_RAHAYU_MT
02LBP0403,,98.859,3.5485,PETAPAHAN_LBP1_PL
02LBP0404,,98.8595,3.5619,PERMAI_PERDAMEAN_GH
02LBP0405,,98.8598,3.5777,LUBUK_PAKAM_TIGA_TB
02LBP0406,,98.8611,3.4345,PISANG_PALA_MT
02LBP0407,,98.8614,3.5322,PEMDA_LUBUK_PAKAM1_EB
02LBP0408,,98.8615,3.5825,JLDUSUN_SEMPALI_EB
02LBP0409,,98.8637,3.6475,PASAR12_EB
02LBP0410,,98.8627,3.4421,PETANGGUHAN_MT
02LBP0411,,98.8629,3.5709,PALUH_KEMIRI_TB
02LBP0412,,98.8631,3.561,KUBURAN_SETIA_BUDI_MT
02LBP0413,,98.8652,3.4886,PAYASAMPIR_TB
02LBP0414,,98.8658,3.5653,PAGAR_MERBAU_TIGA_TB
02LBP0415,,98.8662,3.6019,EMPLASMEN_KUALANAMU_PL
02LBP0416,,98.8666,3.5467,PEMDA_LUBUK_PAKAM_EP
02LBP0417,,98.8677,3.5582,PETAPAHAN_LBP2_TB
02LBP0418,,98.8678,3.5746,BAKARAN_BATU_PAKAM_MT
02LBP0419,,98.8686,3.5928,PENARA_KEBUN_LS
02LBP0420,,98.8693,3.5698,BAKARAN_BATU_DELI_TB
02LBP0421,,98.8693,3.5558,JLKARYA_BAKTI_GT
02LBP0422,,98.8713,3.6765,REGEMUK_MT
02LBP0423,,98.8714,3.6476,DESA_RAMUNIA_MT
02LBP0424,,98.8747,3.5691,LUBUK_PAKAM2_GT
02LBP0425,,98.8757,3.5492,TGGARBUS_SATU_ST
02LBP0426,,98.8805,3.6369,IN_BANDARA_KUALA_NAMU2_AL
02LBP0427,,98.8771,3.5645,LUBUK_PAKAM3_MT
02LBP0428,,98.8774,3.6066,PASARKEBUN_KELAPA_ST
02LBP0429,,98.8779,3.5428,MERBAU_INDAH_MT
02LBP0430,,98.8783,3.5889,PANTAI_LABUH_CM
02LBP0431,,98.8786,3.4501,TANJUNG_SIPORKIS_CM
02LBP0432,,98.8787,3.5611,TELKOM_LUBUK_PAKAM_MT
02LBP0433,,98.8788,3.555,LUBUK_PAKAM_KOTA_PL
02LBP0435,,98.8811,3.5635,LUBUK_PAKAM_CITY_EP
02LBP0436,,98.8827,3.4364,PETUMBUKAN_LBP2_PL
02LBP0437,,98.8829,3.5685,LUBUK_PAKAM1_MT
02LBP0438,,98.8829,3.5441,TANJUNG_GARBUS_XL
02LBP0439,,98.883,3.5164,LBP_SIDODADI_MT
02LBP0440,,98.8851,3.5573,SSNGAMNGRAJALBPAKAM_PL
02LBP0441,,98.8856,3.5744,API_SADAR_TIMUR_TB
02LBP0442,,98.8865,3.5943,SEKIP_TB
02LBP0443,,98.8867,3.4631,JLN_BESAR_PATUMBUKAN_TB
02LBP0444,,98.8871,3.5087,TJGARBUS_TB
02LBP0445,,98.8877,3.4808,YONIF21_GALANG_PL
02LBP0446,,98.8882,3.6074,DESA_SEKIP_TB
02LBP0447,,98.8882,3.529,PSR_MELINTANG_LBP1_PL
02LBP0449,,98.8892,3.6239,DESA_BERINGIN_EP
02LBP0450,,98.8905,3.4409,GALANG4_PL
02LBP0451,,98.8923,3.6305,BANDARA_KUALA_NAMU1_PL
02LBP0452,,98.8926,3.5199,JATI_REJO_MT
02LBP0453,,98.893,3.5673,PAGAR_MERBAUDUA_TB
02LBP0454,,98.8933,3.6052,RAMUNIA_PL
02LBP0456,,98.8967,3.47,JAHARUN_B_DUSUN_PL
02LBP0457,,98.8968,3.4341,GALANG_TB
02LBP0458,,98.8974,3.5145,GALANG1_PL
02LBP0459,,98.8978,3.5097,SIDODADI_PAGAR_MERBAU_PL
02LBP0460,,98.8978,3.6136,APIDUSUN7A_KRGANYAR_TB
02LBP0461,,98.8989,3.4207,GALANG5_TB
02LBP0462,,98.8991,3.6593,PANTAILABU_BARU_TB
02LBP0463,,98.9005,3.6535,PANTAI_LABU2_MT
02LBP0464,,98.9023,3.4914,GALANG2_TB
02LBP0465,,98.9026,3.5721,PAGAR_JATI_LBP_PL
02LBP0466,,98.9026,3.5637,PSR_MELINTANG_LBP2_TB
02LBP0467,,98.9046,3.6658,RUGEMUK_GT
02LBP0468,,98.9055,3.4181,GALANG3_CM
02LBP0469,,98.9073,3.5938,KARANG_ANYER_MT
02LBP0470,,98.9085,3.608,RAMUNIA_PL2_PL
02LBP0471,,98.9088,3.6241,PANTAI_LABU1_MT
02LBP0472,,98.9139,3.5484,PAGAR_MERBAU_LBP1_MT
02LBP0473,,98.914,3.4336,TAMBAK_CEKUR_TB
02LBP0474,,98.9145,3.4707,DESA_PEGAJAHAN_TB
02LBP0475,,98.9165,3.6483,SARANG_BURUNG_LBP_MT
02LBP0476,,98.9191,3.5657,PAGAR_MERBAU_LBP2_PL
02LBP0477,,98.9211,3.6593,DENAIKUALA_PL
02LBP0478,,98.9283,3.6596,DENAI_KUALA_MT
02LBP0479,,98.9325,3.6351,PANTAILABU_PL
02LBP0481,,98.8769,3.636,BANDARA_KUALANAMU_DT
02LBP0482,,98.7517,3.731,PALUH_MERBAU_MT
02LBP0484,,98.5656,3.4548,SALAM_TANI_TB
02LBP0489,,98.6989,3.4881,BUMI_SERDANGDAMAI_PK
02LBP0490,,98.8783,3.3559,PAKU_LBP_MT
02LBP0491,,98.6845,3.4212,NAMO_TUALANG_PL
02LBP0492,,98.7831,3.5142,TANJUNG_MORAWA2_MT
02LBP0493,,98.5829,3.501,MULIA_TUNTUNGAN_MT
02LBP0494,,98.89,3.6201,SIDODADI_RAMUNIA_PL
02LBP0497,,98.5805,3.6561,SEI_SEMAYANG_PL
02LBP0498,,98.606,3.7449,PERAK_RESIDENCE_PL
02LBP0499,,98.5212,3.5695,NAMO_RUBE_JULU_CM
02LBP0500,,98.8705,3.6288,I2_KUALANAMU_PERKANTORAN_AP
02LBP0502,,98.54,3.4894,LAU_BAKERI_MT
02LBP0503,,98.775,3.6392,PERHUBUNGAN_SEI_TUAN_MT
02LBP0504,,98.6961,3.3155,DUSUN_TALAPETA_PL
02LBP0505,,98.7386,3.7478,TJREJO_SEI_TUAN_PL
02LBP0507,,98.708,3.4272,STM_HILIR_DELISERDANG_MT
02LBP0508,,98.777,3.7094,BAGAN_SEI_PERCUT_PL
02LBP0510,,98.5977,3.7086,KLUMPANG_PERAK_MT
02LBP0511,,98.8442,3.5898,GERBANG_TOLL_KUALANAMU_TB
02LBP0512,,98.7153,3.6094,I2_UNIVERSITAS_MEDAN_DH
02LBP0515,,98.7626,3.5869,SEDERHANA_SEROJA_PERCUT_ST
02LBP0516,,98.5922,3.5982,PENDIDIKAN_PAYAGELI_MT
02LBP0517,,98.8169,3.6419,AMAL_BATANGKUIS_MT
02LBP0520,,98.7397,3.4986,UJUNG_SERDANG_BESAR_CM
02LBP0521,,98.7693,3.569,MAHONI_TELAGA_SARI_CM
02LBP0522,,98.6026,3.5839,ARRASIDAH_TANJUNG_BALAI_CM
02LBP0524,,98.8533,3.4759,PAYA_ITIK_LOKONG_MT
02LBP0525,,98.721,3.2366,SIBUNGA_HILIR_SINEMBAH_TB
02LBP0526,,98.7017,3.1182,PARIBUAN_GUNUNG_MERIAH_TB
02LBP0527,,98.5687,3.415,SUKADAME_KUTALIMBARU_MT
02LBP0528,,98.7149,3.2567,TIGAJUHAR_SINEMBAH_MT
02LBP0529,,98.6517,3.6375,KELENTENG_TANJUNG_GUSTA_NEW_EB
02LBP0530,,98.6152,3.6158,PERUM_GIVENCY_ONE_NEW_MT
02LBP0531,,98.6897,3.495,SETIA_DELITUA_TB
02LHM0001,,97.4945,0.9941,COLLIN_ONOLIMBU_MT
02LHM0002,,97.5758,1.0863,HILIUSO_LOLOFITU_MT
02LHM0003,,97.4699,1.0255,IRAONOGAMBO_MANDREHE_MT
02LHM0004,,97.4657,0.9685,SIMPANGTIGA_LAHOMI_MT
02LHM0005,,97.5472,1.0563,LOLOGOLU_MANDREHE_MT
02LHM0006,,97.4307,1.0168,LASARA_BAGAWU_TB
02LHM0007,,97.4354,0.9641,FABALIA_TOGIDEU_PL
02LHM0008,,97.4966,1.0412,PASAR_MANDREHE_PL
02LHM0009,,97.4199,0.9515,SIROMBU_TETESUA_PL
02LHM0010,,97.5281,1.015,ULU_MOROO_MT
02LMP0001,,99.2153,3.2177,TANJUNG_PARAPAT_MT
02LMP0002,,99.2522,3.2861,LAUT_TADOR_ST
02LMP0003,,99.2737,3.3175,RAYATEBING_KISARAN_PL
02LMP0004,,99.3048,3.2831,TJKASAU_CM
02LMP0005,,99.3076,3.3178,DESA_TANJUNGSERI_MT
02LMP0006,,99.3139,3.3132,TANJUNGSERI_TB
02LMP0007,,99.3171,3.4131,PAGURAWAN_PL
02LMP0008,,99.3289,3.3095,SEI_SUKADERAS_CM
02LMP0009,,99.3345,3.3185,TANJUNG_GADING_LMP2_MT
02LMP0010,,99.3365,3.3089,KOMPINALUM_TJGGADING_PL
02LMP0011,,99.3398,3.3027,INALUM_EP
02LMP0012,,99.3587,3.2964,SIPAREPARE_CM
02LMP0013,,99.3651,3.2895,INDRAPURA_AIRPUTIH_PL
02LMP0014,,99.3651,3.2943,SIPARE_PARE_PL
02LMP0015,,99.3662,3.3306,TANJUNG_GADING_LMP1_CM
02LMP0016,,99.3692,3.2739,INDRAPURA_PL
02LMP0017,,99.3722,3.2835,INDRA_PURA_MT
02LMP0018,,99.3733,3.1699,LIMAPULUH_KOTA_PL
02LMP0019,,99.3751,3.2787,KAMPUNG_ARAS_TB
02LMP0020,,99.3786,3.2601,DESA_TANAHTINGGI_ST
02LMP0021,,99.3788,3.353,TANJUNG_GADING_TB
02LMP0022,,99.3792,3.281,DESA_ARAS_KISARAN_MT
02LMP0023,,99.3792,3.2916,SYARIFUDDIN_TJKUBAH_TB
02LMP0024,,99.3793,3.3074,TJKUBAH_MT
02LMP0026,,99.3915,3.3636,LALANG_MT
02LMP0027,,99.3933,3.1566,MANGKAI_LAMA_MT
02LMP0028,,99.3984,3.3704,MEDANGDERAS_PL
02LMP0029,,99.4114,3.1948,PERK_TANAH_GAMBUS_CM
02LMP0030,,99.4125,3.2518,SIMPANG_GAMBUS1_PL
02LMP0031,,99.4149,3.2458,SIMPANG_GAMBUS_MT
02LMP0032,,99.4166,3.1738,LIMAPULUH_PL
02LMP0033,,99.4224,3.1726,LIMA_PULUH_KOTA_MT
02LMP0034,,99.4234,3.3416,PEMATANGKUING_PL
02LMP0035,,99.4275,3.3675,LALANG_LMP_MT
02LMP0036,,99.4276,3.2725,TANAHITAMHILIR_MT
02LMP0037,,99.4367,3.3639,KUALA_TANJUNG_EP
02LMP0038,,99.4496,3.2552,LUBUK_CUIK2_MT
02LMP0039,,99.4573,3.3516,PELABUHAN_KUALA_TANJUNG_MT
02LMP0040,,99.4586,3.278,LUBUK_CUIK1_CM
02LMP0041,,99.4587,3.2649,LUBUK_CUIK_PL
02LMP0043,,99.4675,3.2109,LUBUKBESAR_PL
02LMP0044,,99.4682,3.1438,AEK_GERGER_SIDODADI_ST
02LMP0045,,99.4873,3.1333,PETATAL_TB
02LMP0046,,99.4888,3.1959,SIMPANG_DOLOK_TB
02LMP0047,,99.4975,3.129,RAPOEAN_PL
02LMP0048,,99.5033,3.2881,PERUPUK_TB
02LMP0049,,99.525,3.2443,DESA_GUNTUNG_PL
02LMP0050,,99.5424,3.1244,BINJAI_BARU_TB
02LMP0051,,99.5553,3.1234,BINJAI_BARU_LORONG_TB
02LMP0052,,99.5566,3.1979,TALAWI_LMP_TB
02LMP0054,,99.5591,3.1864,DESA_PAHANG_PL
02LMP0055,,99.5601,3.17,ROATO_BATUBARA_MT
02LMP0057,,99.5626,3.2031,LABUHAM_RUKU_MT
02LMP0058,,99.5632,3.2232,TALAWI_LMP1_TB
02LMP0059,,99.5641,3.0882,SEIBALAI_MT
02LMP0060,,99.5725,3.2193,PANGKALAN_INDRAYAMAN_CM
02LMP0061,,99.5749,3.1225,SEI_BEJANGKAR_TB
02LMP0062,,99.5783,3.2176,BATU_BARA_EP
02LMP0063,,99.5811,3.2215,BOGAK_CM
02LMP0064,,99.5829,3.2306,TALAWI_LMP2_PL
02LMP0065,,99.5995,3.1369,KWALA_SIKASIM_MT
02LMP0066,,99.6039,3.2034,TANJUNG_TIRAM_CM
02LMP0067,,99.6046,3.0943,DURIAN_SEI_BALAI_PL
02LMP0068,,99.6346,3.1818,TANJUNG_TIRAM_LMP_CM
02LMP0069,,99.4368,3.1541,PERKEBUNAN_DOLOK_MT
02LMP0073,,99.4889,3.2634,PEMATANG_PANJANG_PL
02LMP0074,,99.4714,3.3089,GAMBUS_LAUT_CM
02LMP0075,,99.368,3.3738,MEDANG_DERAS_CM
02LMP0076,,99.3528,3.3596,SEI_RAKYAT_PL
02LMP0077,,99.3565,3.3979,DURIAN_MEDANG_DERAS_MT
02LMP0078,,99.411,3.3559,PAKAM_MEDANG_DERAS_TB
02LMP0079,,99.3634,3.2397,TANJUNG_MUDA_PL
02LMP0080,,99.4787,3.203,NURUL_IMAN_PULAU_SEJUK_ST
02LMP0081,,99.5891,3.214,BAGAN_DALAM_RAKYAT_TB
02LTU0001,,97.168,1.3919,OMBOLATA_EP
02LTU0002,,97.4414,1.4698,FOFOLA_BEACH_CM
02LTU0003,,97.4118,1.2327,SMPN1_ALASA_MT
02LTU0004,,97.4936,1.4506,BOTOLAKHA_MT
02LTU0005,,97.458,1.3911,SITOLU_HILISALO_MT
02LTU0006,,97.1684,1.3655,LAHEWA_HILIHATI_MT
02LTU0007,,97.3578,1.4449,DAHADANO_LOTU_TB
02LTU0008,,97.1912,1.3355,IRAONOLASE_PL
02LTU0009,,97.4446,1.2429,SALOO_HILINA_MT
02LTU0010,,97.3818,1.3951,FADORO_FULOLO_MT
02LTU0011,,97.3004,1.3693,MUZOI_LAURU_MT
02LTU0012,,97.4914,1.2645,HAGA_LAEHUWA_MT
02LTU0013,,97.4001,1.4958,MUAROSAWO_SEKOLAH_MT
02LTU0014,,97.2458,1.2641,AFULU_BALAIDESA_MT
02LTU0015,,97.405,1.3889,MAZIAYA_LOTU_PL
02LTU0016,,97.3575,1.3896,TMNKOTA_LOTU_MT
02MDN0001,,98.5959,3.5412,DRMASYUR_TJSELAMAT_TB
02MDN0002,,98.6002,3.5423,MEDAN_PERMAI_EP
02MDN0003,,98.6002,3.4921,SIMPANG_TUNTUNGAN_EP
02MDN0004,,98.6019,3.4986,BARU_LADANG_BAMBU_CM
02MDN0005,,98.6052,3.5269,PERMAI_MDN_PL
02MDN0006,,98.6053,3.6182,KELAMBIR_MDN_CM
02MDN0007,,98.6058,3.5318,RINTE_MT
02MDN0008,,98.6066,3.5464,PAJAK_MELATI_CM
02MDN0009,,98.6067,3.542,TJSLAMATSUMUT_PL
02MDN0010,,98.6078,3.5979,SUNGGALRELOC_GT
02MDN0011,,98.6071,3.5896,PINANG_BARIS_MDN2_EB
02MDN0012,,98.6086,3.5181,I2_RSADAM_MALIK_MEDAN_GC
02MDN0013,,98.6092,3.594,PINANG_BARIS_MDN1_CM
02MDN0014,,98.6095,3.6086,KLAMBIR5_PL
02MDN0015,,98.6098,3.5495,KOMPLEK_VILLA_PURI_ZAHARA_GT
02MDN0016,,98.6103,3.4993,BUNGATURI_LBP_PL
02MDN0017,,98.6106,3.5727,SEMPURNA_TEMBUNG_TB
02MDN0018,,98.6128,3.5173,TUNTUNGAN_EP
02MDN0019,,98.6129,3.596,BINJAI_LALANG_PL
02MDN0020,,98.6136,3.6026,CINTA_DAMAI_HELVETIA_PL
02MDN0021,,98.6136,3.5376,USUJLDR_MANSYUR_ST
02MDN0022,,98.6136,3.586,SPSUNGGALMEDAN_EB
02MDN0024,,98.6141,3.5538,ASAM_KUMBANG2_PL
02MDN0025,,98.6146,3.5909,BLKMEDAN_ST
02MDN0026,,98.6152,3.5806,SUNGGAL2_MT
02MDN0027,,98.6137,3.5279,BUNGARINTE_GT
02MDN0028,,98.6165,3.5696,INDUSTRI_MEDAN_PL
02MDN0029,,98.6167,3.5232,SPSELAYANG_MT
02MDN0030,,98.6176,3.5618,ASAM_KUMBANG1_TB
02MDN0031,,98.6181,3.5465,TAMAN_HARAPAN_INDAH_TB
02MDN0032,,98.6187,3.519,SIMPANG_JAMIN_PL
02MDN0033,,98.619,3.5988,GAPERTA_MT
02MDN0034,,98.619,3.5399,UNIV_KATOLIK_EP
02MDN0035,,98.619,3.5859,MEDAN_SUNGGAL_MT
02MDN0036,,98.6198,3.6096,MI_PERUMAHAN_TATA_ALAM_ASRI_MT
02MDN0037,,98.6198,3.6054,GAPERTA_MEDAN_ST
02MDN0038,,98.621,3.5548,THI_GT
02MDN0039,,98.6208,3.5637,ASOKAMEDANSELAYANG_MT
02MDN0041,,98.6221,3.5705,SUNGGAL_MDN_EP
02MDN0042,,98.6222,3.5769,MEDAN_SUNGGAL_TIMUR_TB
02MDN0044,,98.6229,3.5397,SIMPANG_PEMDA_MDN1_MT
02MDN0045,,98.623,3.5334,PANCURBATUWONOSARI_MT
02MDN0046,,98.7507,3.5911,SIMALINGKAR1_PL
02MDN0047,,98.6238,3.6058,BAKTI_TJ_GUSTA_PL
02MDN0048,,98.6264,3.5905,IN_MANHATTAN_SQUARE_IJ
02MDN0050,,98.6248,3.5272,PANCURSIWAH_PL
02MDN0051,,98.6251,3.5437,SETIABUDITJSARI_PL
02MDN0053,,98.6239,3.6108,TANJUNG_GUSTA_MDN_TB
02MDN0054,,98.626,3.5776,PASAR_MELINTANG_PL
02MDN0055,,98.6265,3.5829,MERAK_RING_ROAD_MT
02MDN0056,,98.6266,3.6069,JALAN_ASRAMA_EP
02MDN0057,,98.6268,3.5997,PERUM_BUMI_ASRI_PL
02MDN0058,,98.627,3.706,TERJUN_MDN2_PL
02MDN0060,,98.6279,3.5482,SETIABUDI2_PL
02MDN0061,,98.6282,3.5631,SETIABUDI_DALAM_MT
02MDN0062,,98.6285,3.5733,JALANINDUSTRI_MT
02MDN0063,,98.6265,3.5585,TANJUNG_SARI2_ST
02MDN0064,,98.6304,3.5161,MI_ALFAMART_CENGKEH_RAYA_PK
02MDN0065,,98.6292,3.5688,TASBI_UTARA_GT
02MDN0067,,98.6297,3.512,KEMIRI_MDN_TB
02MDN0068,,98.6298,3.5532,SETIABUDI1_PL
02MDN0069,,98.6305,3.5845,ANGKOLA_SUNGGAL_PL
02MDN0070,,98.6306,3.6124,KEMUNING_MDN_TB
02MDN0071,,98.6311,3.5963,BUDI_LUHUR_MT
02MDN0073,,98.6316,3.5784,TANJUNGREJO_MDN_PL
02MDN0074,,98.6326,3.5453,PADANG_BULAN_SELAYANG_TB
02MDN0075,,98.6328,3.5712,TASBI_GT
02MDN0076,,98.6328,3.5328,KOMPLEK_SEJAHTERA_MT
02MDN0077,,98.6329,3.5911,RAJAWALI_MEDAN_ST
02MDN0078,,98.633,3.556,LAHAN_RAJAK_MT
02MDN0079,,98.6331,3.5139,MI_ALFAMART_TEMBAKAU_RAYA_PK
02MDN0080,,98.6332,3.5666,CYCAS_RAYA_SETIABUDI_TB
02MDN0081,,98.6333,3.5382,NGUMBAN_SURBAKTI1_IB
02MDN0082,,98.6337,3.5184,PERUMNAS_SIMALINGKAR_EP
02MDN0083,,98.6339,3.7034,PAYA_PASAR_BARAT_PL
02MDN0084,,98.6346,3.5108,PERUM_SIMALINGKAR_TB
02MDN0085,,98.6348,3.5827,JLKIWI_EP
02MDN0086,,98.6348,3.5973,AMAL_LUHUR_CM
02MDN0087,,98.6349,3.5255,SIMALINGKAR_MDN1_MT
02MDN0088,,98.6355,3.601,ASRAMA_MEDAN_TB
02MDN0089,,98.6359,3.7067,TERJUN_MDN1_MT
02MDN0090,,98.636,3.5778,PRM_TASBIH_LS
02MDN0091,,98.6361,3.6846,PERUM_TER_MT
02MDN0094,,98.6366,3.6999,DESA_TERJUN_KN
02MDN0095,,98.6367,3.5519,CEMPAKA_MDN_EP
02MDN0096,,98.6368,3.5602,SETIABUDITNJNGSR_PL
02MDN0097,,98.6368,3.6103,JLTANJUNG_RAYA_PL
02MDN0098,,98.6379,3.5711,TANJUNG_REJO_MDN_PL
02MDN0099,,98.6384,3.6925,SANI_MUTALIB_ST
02MDN0100,,98.6385,3.5296,JAMIN_GINTING1_MT
02MDN0101,,98.6392,3.522,IRIGASI_MT
02MDN0102,,98.6394,3.6136,NUSA_INDAH_MDN_TB
02MDN0103,,98.6394,3.5543,BUNGA_CEMPAKA_SELAYANG_TB
02MDN0104,,98.6395,3.564,GERBANG_SETIABUDI_STP_ST
02MDN0105,,98.6396,3.5412,NGUMBAN_SURBAKTI_PL
02MDN0106,,98.6401,3.4961,BUNGA_RAMPAI_PL
02MDN0107,,98.6402,3.5911,KNTR_POS_SEI_SEKAMBING_PL
02MDN0108,,98.6404,3.5974,JALAN_AMAL_LUHUR_MT
02MDN0109,,98.6439,3.7097,PSR_V_MARELAN_CM
02MDN0110,,98.6411,3.6047,HELVETIA_TENGAH1_MT
02MDN0111,,98.6415,3.5836,JAROT_SUPADMO_PL
02MDN0112,,98.6415,3.5475,SEMBADA_MDN_GT
02MDN0113,,98.6418,3.5512,CEMPAKASELAYANG_PL
02MDN0114,,98.6418,3.6945,MARELAN_PASAR_MT
02MDN0115,,98.6421,3.5595,PASAR_TANJUNGSARI_TB
02MDN0116,,98.6423,3.574,SETIA_BUDI_TJ_REJO_PL
02MDN0117,,98.643,3.5803,SUNGGAL_MDN1_PL
02MDN0119,,98.6438,3.5316,JAMIN_GINTING_PL
02MDN0120,,98.6439,3.6132,HELVETIA_TENGAH2_PL
02MDN0121,,98.6442,3.5937,SEI_SIKAMBING_MDN1_MT
02MDN0123,,98.6445,3.5996,I2_PLAZA_MILENIUM_MC
02MDN0124,,98.6453,3.6042,HELVETIA_EP
02MDN0125,,98.6454,3.5685,KARYA_BARU_MDN_MT
02MDN0126,,98.6457,3.7056,KPPASAR4_BARAT_MT
02MDN0127,,98.646,3.5845,SEI_SIKAMBING1_PL
02MDN0128,,98.6463,3.6886,JLPASAR_ST
02MDN0129,,98.6464,3.6979,MARELAN_RNGSPULAU_PL
02MDN0130,,98.6466,3.608,AMIR_HAMZAH_SEI_AGUL_EB
02MDN0131,,98.6467,3.578,MEDAN_BARU1_TB
02MDN0132,,98.6468,3.5403,BPKJEVAYONA_PL
02MDN0133,,98.6469,3.4991,SIMALINGKAR_MDN2_ST
02MDN0134,,98.6473,3.554,MEDAN_SELAYANG_GT
02MDN0135,,98.6474,3.6016,ESCAPE_SPA_GT
02MDN0136,,98.6476,3.5743,SEI_BATU_GINGGING2_MT
02MDN0137,,98.6478,3.5901,SEI_SIKAMBING_MDN2_ST
02MDN0138,,98.648,3.5949,MI_TRIKOMSEL_MT
02MDN0139,,98.6484,3.6916,MARELAN2_PL
02MDN0140,,98.649,3.565,JLDR_MANSYUR_EP
02MDN0141,,98.6494,3.5115,BUNGARANGKAISMLNGKR_PL
02MDN0142,,98.6496,3.5356,KWALA_BEKALA2_ST
02MDN0143,,98.6496,3.5916,MISTAR_SEI_PUTIH_PL
02MDN0144,,98.6496,3.5469,BUNGAMAWARSELAYANG2_PL
02MDN0145,,98.65,3.6096,PEMBANGUNAN_MDN_PL
02MDN0146,,98.6506,3.5216,SIMALINGKARB_MT
02MDN0147,,98.6507,3.5678,PEMBANGUNAN_USU_MT
02MDN0148,,98.6512,3.5993,PABRIK_TINUN_PETISAH_PL
02MDN0149,,98.6515,3.5586,PEMBANGUNANUSU_MT
02MDN0150,,98.6518,3.6778,TANAHENAMRATUS_PL
02MDN0151,,98.652,3.5709,INDRAKASIH_GT
02MDN0152,,98.6521,3.5828,SEI_BRANTAS_MT
02MDN0153,,98.652,3.5515,BUNGA_CEMPAKA_MT
02MDN0154,,98.6521,3.5626,TRI_DHARMA_TB
02MDN0155,,98.6527,3.7049,MARELANI_MT
02MDN0156,,98.6527,3.5337,KWALA_BEKALA4_TB
02MDN0157,,98.6528,3.5773,DARUSSALAM_BABURA_PL
02MDN0158,,98.6529,3.5867,DARUSSALAM_MDN_PL
02MDN0159,,98.6531,3.6138,KALPATARU_PL
02MDN0160,,98.6531,3.6968,MI_MARELEN_MT
02MDN0161,,98.6532,3.6827,GANG_KELUARGA_TB
02MDN0162,,98.6534,3.5476,JLSEMBADA_CM
02MDN0163,,98.6534,3.5906,SPDARUSSALAM_EP
02MDN0164,,98.6535,3.5396,SIMPANG_POS_PL
02MDN0165,,98.6536,3.5943,RANTANG_SEI_PUTIH_PL
02MDN0166,,98.6537,3.7523,SICANANG_MDN2_PL
02MDN0167,,98.6539,3.7148,LNGKUNGAN9_GGKMBING_PL
02MDN0168,,98.6542,3.5982,I2_RSROYAL_PRIMA_MEDAN_GT
02MDN0170,,98.6542,3.5071,BNGARMPAISMALINGKAR_PL
02MDN0171,,98.6545,3.5915,IN_SWALAYANBRASTAGI_MC
02MDN0172,,98.6546,3.5676,KOMPLEK_USU_GT
02MDN0173,,98.6548,3.5283,KWALA_BEKALA1_PL
02MDN0176,,98.6554,3.5799,MEDAN_BARU_EP
02MDN0177,,98.6558,3.5617,USU_GT
02MDN0178,,98.6561,3.6101,PEMBANGUNAN_MDN1_PL
02MDN0179,,98.6564,3.6677,MANUNGGAL_MDN_CM
02MDN0180,,98.6564,3.5254,KWALA_BEKALA3_TB
02MDN0181,,98.6565,3.7005,MARELAN1_MT
02MDN0182,,98.6567,3.6008,KUALI_SEI_PUTIH_TENGAH_PL
02MDN0183,,98.6568,3.5558,PADANGBULAN_PL
02MDN0184,,98.6569,3.5722,POLONIA2_CM
02MDN0185,,98.6569,3.6054,HAMZAH_AMIR_TIMUR_PL
02MDN0186,,98.6571,3.6784,I2_SUZUYAPLAZAMARELAN_MC
02MDN0187,,98.66,3.5507,CITRAGARDEN_PL
02MDN0188,,98.6573,3.7592,MI_SICANANG_BELAWAN_ST
02MDN0189,,98.6576,3.6889,MARELAN_BELAKANG_PL
02MDN0190,,98.6577,3.6561,GOTONGROYONGHLVETIA_PL
02MDN0191,,98.6578,3.6632,SAMPALI_MDN_TB
02MDN0192,,98.6582,3.6507,BELAWAN_SICANANG_ST
02MDN0193,,98.6584,3.7036,RENGAS_PULAU_ST
02MDN0194,,98.6587,3.5914,SEI_PUTIH_TIMUR1_PL
02MDN0195,,98.6589,3.5963,SEI_PUTIH_TIMUR2_PL
02MDN0196,,98.6592,3.5844,TAMAN_GAJAH_MADA_EP
02MDN0197,,98.6593,3.6744,KIM2_TB
02MDN0198,,98.6593,3.6466,SIDOMULYOTJMULIA_PL
02MDN0199,,98.6594,3.5776,BABURA_PL
02MDN0200,,98.66,3.6135,PONDOK_SURYA_MDN_EP
02MDN0201,,98.66,3.711,MARELAN3_ST
02MDN0202,,98.6602,3.7084,PASAR_IV_MARELAN_KN
02MDN0203,,98.6604,3.5414,KWALA_BEKALA5_TB
02MDN0204,,98.6605,3.5725,KAMPUS_LP3M_IB
02MDN0205,,98.6606,3.6021,DANAU_SINGKARAK_EP
02MDN0206,,98.661,3.5804,ISKANDAR_MUDA_MDN_PL
02MDN0207,,98.6611,3.5672,GINTING_EP
02MDN0208,,98.6611,3.6973,PAYAPASIRTIMUR_GT
02MDN0209,,98.6615,3.5549,SIMPANG_USU_MEDAN_TB
02MDN0210,,98.6619,3.5579,SUMBER_MDN_MT
02MDN0211,,98.662,3.7148,TITIPAHLAWAN_MT
02MDN0212,,98.6621,3.5184,KARYAWISATA_PL
02MDN0213,,98.6622,3.5636,JLMONGONSIDIJMNGT_ST
02MDN0214,,98.6623,3.6863,PLATINA_RAYA_MT
02MDN0215,,98.6625,3.7234,PAYA_PASIR_PL
02MDN0216,,98.6625,3.5326,MEDAN_JOHOR_TB
02MDN0217,,98.6626,3.5241,GRAHAJOHOR_ST
02MDN0218,,98.6632,3.5286,KARYAWISATAJOHOR_PL
02MDN0219,,98.6643,3.5909,ISKANDAR_EP
02MDN0220,,98.6634,3.5376,KARYA_WISATA_MT
02MDN0221,,98.6634,3.5926,IN_MEDAN_FAIR_PLAZA_DH
02MDN0222,,98.6636,3.6908,PRIYADI_PL
02MDN0224,,98.664,3.6126,KARANGBEROMBAK_PL
02MDN0225,,98.6643,3.5419,JLAH_NASUTION_PL
02MDN0226,,98.6643,3.6545,SPKAYU_PUTIH_EP
02MDN0227,,98.6645,3.5978,SEKIP_MDN_PL
02MDN0228,,98.6646,3.6818,YOSSUDARSOMEDANDELI_PL
02MDN0229,,98.6648,3.6034,GAMETRACO_SEI_AGUL_GT
02MDN0230,,98.6652,3.6174,SEI_AGUL_KRBEROBAK_PL
02MDN0231,,98.6653,3.6215,KARYA_UJUNG_MT
02MDN0233,,98.6655,3.6577,MARTUBUNG_EB
02MDN0234,,98.6656,3.6778,PASARWOLO_GRABAG_MDN_ST
02MDN0236,,98.6658,3.5904,PETISAH_MT
02MDN0237,,98.6659,3.6375,YOS_SUDARSO_MDN2_CM
02MDN0238,,98.6659,3.5825,KAMPUNG_DARAT_BARAT_TB
02MDN0239,,98.6661,3.6434,ALUMUNIUM_TB
02MDN0240,,98.666,3.5707,IN_MALL_HERMES_MEDAN_IJ
02MDN0241,,98.6662,3.535,KARYAKASIHMDANJOHOR_IB
02MDN0242,,98.6663,3.6495,ALFAKA_TB
02MDN0243,,98.6667,3.6636,JLINDUSTRI_TB
02MDN0244,,98.6671,3.5697,POLONIA1_ST
02MDN0245,,98.6672,3.59,IN_CAMBRIDGE_MC
02MDN0246,,98.6672,3.5842,IN_CAMBRIDGE_HARRIS_MC
02MDN0247,,98.6674,3.67,INDUSTRI_ESTATE_MEDAN_PL
02MDN0248,,98.6676,3.5887,SPARMAN_PETSH_TNGH_PL
02MDN0249,,98.6677,3.516,GEDUNG_JOHOR1_PL
02MDN0250,,98.6677,3.5476,MI_SARI_REJO1_MT
02MDN0251,,98.6683,3.574,MI_JALAN_DRCIPTO_GT
02MDN0252,,98.6681,3.564,MEDAN_MAIMUN_KAMPUNG_BARU_CM
02MDN0253,,98.6674,3.52,EKA_WARNI_PL
02MDN0254,,98.6684,3.5998,JLSIKAMBING_TB
02MDN0255,,98.6684,3.5265,JOHOR_MDN_TB
02MDN0256,,98.6685,3.7104,RENGASPULAU_PL
02MDN0257,,98.6685,3.5587,GANGIMAM_TB
02MDN0258,,98.6685,3.6543,KAYUPUTIHXIXMABAR_PL
02MDN0259,,98.6686,3.6088,KARYA_MDN_ST
02MDN0260,,98.6686,3.7175,LABUHAN_DELI1_MT
02MDN0261,,98.6686,3.5926,PETISAH3_TB
02MDN0262,,98.6687,3.6758,KOTA_BANGUN_MDN_MT
02MDN0263,,98.6687,3.5794,KAMPUNG_DARAT_XL
02MDN0264,,98.6688,3.685,TANAH_ENAM_RATUS_PL
02MDN0265,,98.6689,3.5388,PANGKALANMANSYUR_PL
02MDN0266,,98.6689,3.5834,MADRAS_HULU_PL
02MDN0267,,98.6697,3.6283,YOS_SUDARSO_MDN_EP
02MDN0268,,98.6697,3.5768,TAMAN_SUDIRMAN_EP
02MDN0269,,98.6699,3.5321,KARYASEHATIJOHOR_PL
02MDN0270,,98.6705,3.6451,TANJUNGMULIAHILIR_PL
02MDN0271,,98.6705,3.6218,BUDI_PEMBANGUNAN_PL
02MDN0272,,98.6708,3.6415,TANJUNG_MULIA_ST
02MDN0273,,98.671,3.7009,PLATINA_PL
02MDN0274,,98.6711,3.7241,LAB_DELI_TB
02MDN0275,,98.671,3.5436,KARYA_BUDI_DALAM_TB
02MDN0279,,98.672,3.596,SEI_DELI_PL
02MDN0280,,98.6721,3.6165,BRIGJEN_ZEN_MEDAN_TB
02MDN0281,,98.6721,3.5714,SEI_MATI_PL
02MDN0282,,98.6714,3.5821,IN_SUN_PLAZA_DH
02MDN0284,,98.6725,3.6512,JLKAWAT_TB
02MDN0285,,98.6725,3.5892,IN_HOTEL_SANTIKA_MEDAN_ID
02MDN0286,,98.6727,3.7363,JLYOS_SUDARSO_KN
02MDN0287,,98.6728,3.6023,IN_HEMERALD_DH
02MDN0288,,98.6729,3.6858,TITIPAPAN_MT
02MDN0289,,98.672,3.6149,YOS_SUDARSO_MDN1_MT
02MDN0290,,98.673,3.6036,KLYOS_SUDARSO_MT
02MDN0291,,98.673,3.6963,YOS_SUDARSO2_MT
02MDN0292,,98.6732,3.5864,I2_MALL_LIPPO_SILOAM_DH
02MDN0293,,98.6732,3.7296,LABUHAN_DELI2_PL
02MDN0294,,98.6734,3.6283,BILAL_BARAT_GT
02MDN0295,,98.6734,3.7115,MBASRI_RNGSPULAU_PL
02MDN0296,,98.6728,3.5833,BII_MEDAN_MT
02MDN0297,,98.6737,3.6569,MANGAAN_PL
02MDN0298,,98.6737,3.5175,KARYA_JAYA_JOHOR_PL
02MDN0300,,98.6741,3.5903,I2_GRANDPALADIUMMALL_DH
02MDN0301,,98.6739,3.5485,JLMAWAR_MDN_PL
02MDN0302,,98.6739,3.6105,GLUGUR_KOTA_MT
02MDN0303,,98.674,3.5382,ASRAMA_HAJI_MDN_EP
02MDN0304,,98.6742,3.5867,IN_BANK_MANDIRI_MDN_DH
02MDN0306,,98.6743,3.5249,EKA_RASMI_TB
02MDN0307,,98.6754,3.5808,HOTEL_TIARA_GT
02MDN0308,,98.6744,3.7614,SICANANG_MDN1_EP
02MDN0309,,98.6748,3.5766,PASAR_MERAH_BAR_CM
02MDN0310,,98.6753,3.5448,MI_MAWAR_SARI_REJO_MT
02MDN0311,,98.6744,3.5959,TVRI_MEDAN_TM
02MDN0312,,98.6754,3.6071,YOS_SUDARSO_GLUGUR_MT
02MDN0313,,98.6759,3.7674,BELAWAN10_MT
02MDN0314,,98.6755,3.5893,RADEN_SALEH_EP
02MDN0315,,98.676,3.5521,SARI_REJO2_MT
02MDN0316,,98.6761,3.749,PEKANLABUAN_PL
02MDN0317,,98.6765,3.6476,KAWAT_GT
02MDN0318,,98.6765,3.5695,BANDARA_POLONIA_MT
02MDN0319,,98.6765,3.5747,IN_RSELISABETH_EB
02MDN0320,,98.6767,3.6425,ALMUNIUM_CM
02MDN0321,,98.6768,3.5912,HOTEL_DHARMA_DELI_MT
02MDN0322,,98.6768,3.7344,YOS_SUDARSO_PKLBHAN_PL
02MDN0323,,98.6769,3.6128,KAPTEN_MUCHTAR_BASRI_PL
02MDN0324,,98.6769,3.6947,PANCING_IBESAR_PL
02MDN0325,,98.6757,3.59,IN_ASTON_MDN_MC
02MDN0326,,98.6773,3.5856,I2_RSGLEANAGLES1_DH
02MDN0328,,98.6773,3.7057,LAHAN_RENDRA_ST
02MDN0329,,98.6775,3.6795,TITI_PAPAN_CM
02MDN0330,,98.6776,3.5345,MCTITIKUNINGTIMUR_PL
02MDN0331,,98.6776,3.6258,JEMADI_BRAYAN_DRT2_PL
02MDN0332,,98.6778,3.5994,JLGAHARU_ST
02MDN0333,,98.6778,3.656,ADD_MEDAN_PL
02MDN0334,,98.6779,3.7415,PEKAN_LABUHAN_PL
02MDN0335,,98.6782,3.6381,PULO_BRAYAN_PL
02MDN0336,,98.6782,3.6204,GLUGUR_PL
02MDN0337,,98.6792,3.757,BELAWAN_BAHARI_PL
02MDN0338,,98.6789,3.6329,ASRAMAPUBAKOTAKRATA_PL
02MDN0339,,98.679,3.6509,RENSAPALA_PL
02MDN0340,,98.6794,3.7217,MARELAN_EP
02MDN0341,,98.6794,3.6059,KRAKATAU_ST
02MDN0342,,98.6798,3.5427,KARYA_JAYA_MDN040_GT
02MDN0343,,98.6798,3.5871,KESAWAN_MT
02MDN0344,,98.6798,3.581,PTPN_MDN_TB
02MDN0345,,98.6799,3.5256,GEDUNG_JOHOR2_TB
02MDN0346,,98.6799,3.602,JLDR_SUTOMO_PL
02MDN0348,,98.68,3.5595,CBD_POLONIA_TB
02MDN0349,,98.68,3.7015,GAMETRACO_MARTUBUNG_GT
02MDN0350,,98.6801,3.576,MULTATULIIDH_PL
02MDN0351,,98.6804,3.7646,BELAWAN1_ST
02MDN0352,,98.6806,3.5556,ADISUCIPTOSARIREJO_PL
02MDN0353,,98.6807,3.6123,GLUGUR_DARAT_MT
02MDN0354,,98.6807,3.5946,PERINTIS_MDN_PL
02MDN0355,,98.6808,3.6692,KIM_EP
02MDN0356,,98.6808,3.592,IN_MAL_MEDAN_CENTER_POIN_IJ
02MDN0357,,98.6808,3.5498,NEWMALIBU_MT
02MDN0358,,98.681,3.6165,KRAKATAU_GLUGUR_PL
02MDN0360,,98.6813,3.7725,ADPEL_BELAWAN_EP
02MDN0361,,98.6813,3.5307,KARYA_MUDA_MT
02MDN0362,,98.6815,3.5907,IN_RSU_MURNI_TEGUH_GC
02MDN0363,,98.6816,3.5898,JLIRIAN_BARAT_EP
02MDN0365,,98.6822,3.5981,IN_GRAND_ANGKASA_DH
02MDN0366,,98.6822,3.5981,GRAND_ANGKASA_MT
02MDN0367,,98.6822,3.6803,JLATINA_MEDAN_PL
02MDN0368,,98.6823,3.586,UNILANDPLAZA_ST
02MDN0369,,98.6825,3.6522,KAYU_PUTIH_UJUNG_TB
02MDN0370,,98.6825,3.7215,TOL_BELMERAKM5_MDN_GT
02MDN0371,,98.6826,3.5202,KEDAI_DURIAN_MT
02MDN0373,,98.6826,3.7101,LABUHAN_DELI3_PL
02MDN0374,,98.6826,3.581,GEDUNG_WASPADA_PL
02MDN0375,,98.6828,3.6653,MANGAAN_IVMABAR_TB
02MDN0376,,98.6828,3.5348,BRIGJEN_HAMID_PL
02MDN0377,,98.6829,3.5725,SUKARAJA_MDN_PL
02MDN0378,,98.683,3.6972,GRIYA_MARTUBUNG_TB
02MDN0379,,98.683,3.6268,DAMAR_PULO_BRAYAN_DRT2_PL
02MDN0380,,98.6832,3.6896,PANCING_EP
02MDN0382,,98.6835,3.6131,PRAJURIT_MT
02MDN0383,,98.6837,3.5609,MI_GANG_LAMPU_MT
02MDN0384,,98.6839,3.6328,PURWOSARI_MDN_PL
02MDN0385,,98.684,3.6417,JASA_MARGA_EP
02MDN0386,,98.6845,3.6169,MAHAMERU_PL
02MDN0387,,98.6846,3.5857,MI_SURABAYAGUNUNGSARI_PL
02MDN0388,,98.6846,3.5843,JLSURABAYA_MDN_PL
02MDN0389,,98.6851,3.7794,BELAWAN2_PL
02MDN0390,,98.6852,3.5372,BRIGJEN_KATAMSO_MDN_PL
02MDN0391,,98.6853,3.784,PKP_BELAWAN_PK
02MDN0392,,98.6855,3.6076,KANTOR_POS_PELITA_PL
02MDN0393,,98.6856,3.5282,KEDAI_DURIAN1_IB
02MDN0394,,98.6858,3.5944,MARTINUS_LUBIS_PL
02MDN0395,,98.6854,3.5786,GARUDA_HOTEL_EP
02MDN0396,,98.6862,3.6516,SUASA_MABAR_MT
02MDN0397,,98.6864,3.662,MI_JLMANGAAN4_MABARHILIR_MT
02MDN0398,,98.6864,3.5438,KATAMSO_TITI_KUNING_PL
02MDN0399,,98.6865,3.5993,IN_ISAT_MEDAN_DH
02MDN0400,,98.6865,3.5993,ISAT_MEDAN_MT
02MDN0402,,98.6865,3.5849,MI_BOGOR_PL
02MDN0404,,98.6866,3.5695,JLBRIGJENDKATAMSO_PL
02MDN0405,,98.6867,3.7227,SIMPANG_KANTOR4_TB
02MDN0406,,98.6869,3.5881,IN_MEDAN_MALL_MC
02MDN0407,,98.687,3.5831,PANDU_PASAR_BARU_PL
02MDN0408,,98.6872,3.657,MABAR_HILIR_GGPOLY_PL
02MDN0409,,98.6878,3.5557,PPKS_ST
02MDN0410,,98.688,3.5337,ZEIN_HAMID_MT
02MDN0411,,98.688,3.6473,SUASASELATANMDNDELI_PL
02MDN0412,,98.6882,3.5983,IN_RSPIRNGADI_DH
02MDN0413,,98.6882,3.5983,RSPIRNGADI_EP
02MDN0414,,98.6881,3.7,TANGGUK_RAYA_MDN_GT
02MDN0415,,98.6873,3.5882,PECINAN_EP
02MDN0416,,98.6883,3.6134,MASJIDTAUFIQPANDAU_TB
02MDN0417,,98.6884,3.5503,ALFALAH_EP
02MDN0418,,98.6884,3.5739,JALAN_TENGAH_MSGF_ST
02MDN0419,,98.6888,3.5661,KATAMSO_MDN_MT
02MDN0420,,98.689,3.5262,KIMSARI_PL
02MDN0421,,98.6894,3.5934,JLJOSHUA_EP
02MDN0422,,98.6894,3.5623,BRIGJEN_KATAMSO_MDN1_PL
02MDN0423,,98.6896,3.6791,TANGKAHAN_ST
02MDN0424,,98.69,3.6284,PULO_BRAYAN_DARAT_PL
02MDN0425,,98.6903,3.6375,PERWIRA_PULO_BRAYAN_PL
02MDN0426,,98.6905,3.5874,SIUMBUT_BARU_MDN_GT
02MDN0427,,98.6906,3.6101,MADIOUTOMO_PL
02MDN0428,,98.6908,3.6015,JLNGALENGKO_ST
02MDN0429,,98.6908,3.6851,KEBUN_LADA_MDN_PL
02MDN0430,,98.691,3.6182,NEWUMSU_USULAN_TB
02MDN0431,,98.6911,3.576,MATSUM_PL
02MDN0432,,98.6912,3.5974,GBYOSUA_PL
02MDN0433,,98.6913,3.5802,SUN_YAT_SEN_PL
02MDN0434,,98.6915,3.7007,BESAR_PL
02MDN0435,,98.6917,3.5484,SIMPANG_LIMUN_MT
02MDN0436,,98.6917,3.5686,ARMADA_TELADAN_MT
02MDN0437,,98.6919,3.5324,STM_UJUNGSUKA_MAJU_PL
02MDN0438,,98.6923,3.641,METAL_TB
02MDN0439,,98.6922,3.6548,MABAR_PL
02MDN0440,,98.6923,3.6892,PERUMNAS_MARTUBUNG_CM
02MDN0441,,98.6927,3.6453,BENGKELSUASA_RAYA_GT
02MDN0442,,98.6928,3.5864,IN_THAMRIN_PLAZA_DH
02MDN0443,,98.693,3.6223,UJUNG_PULO_BRAYAN_DRT_PL
02MDN0444,,98.693,3.5619,TELADAN_MDN_EP
02MDN0445,,98.6933,3.7857,DANAU_SINGKARAKJL_GEREJA_MT
02MDN0446,,98.6934,3.6144,SEHATI_TEGAL_REJO_PL
02MDN0447,,98.6936,3.5364,VILLA_GADING_MAS_PL
02MDN0448,,98.6939,3.562,I2_UNIVISLAM_SUMATERAUTR_GC
02MDN0449,,98.694,3.5957,YAMIN_EP
02MDN0450,,98.6941,3.5856,THAMRIN_PHOENIX_EP
02MDN0452,,98.6945,3.5721,JLHALAT_PL
02MDN0453,,98.6948,3.6068,TADUAN_SIDOREJO_PL
02MDN0454,,98.6948,3.5532,SITIREJO1_PL
02MDN0455,,98.6951,3.5577,PAGAR_BATU_SUDIREJO_PL
02MDN0456,,98.6951,3.576,KOTA_MATSUM_GT
02MDN0457,,98.6956,3.5458,SUKARIA_UJUNG_PL
02MDN0458,,98.6956,3.603,SEI_KERAH_HILIR_PL
02MDN0459,,98.6957,3.5819,SUTRISNO_MEDAN_AREA_PL
02MDN0460,,98.6961,3.5881,GAJAH_PANDAU_HULU_PL
02MDN0461,,98.6964,3.587,I2_YANG_LIM_PLAZA_DH
02MDN0462,,98.6965,3.6248,POLICE_TOWER_TM
02MDN0463,,98.6967,3.6181,JLSIDOREJO_IB
02MDN0464,,98.6969,3.5684,PASAR_MERAH_BARAT_PL
02MDN0465,,98.697,3.5905,JLSINGA_EP
02MDN0466,,98.6973,3.5982,MESJID_PERJUANGAN_ST
02MDN0467,,98.6974,3.5648,TELADAN_TIMUR_PL
02MDN0468,,98.6975,3.6106,BELAT_MT
02MDN0469,,98.6982,3.5249,MARINDAL_PL
02MDN0470,,98.6984,3.6894,PERUMAHAN_MARTUBUNG_MT
02MDN0471,,98.6989,3.5824,JLSUTRISNO_EP
02MDN0472,,98.699,3.5607,AIR_BERSIH_MDN_MT
02MDN0473,,98.6995,3.5354,BAJAK_II_HARJOSARI_PL
02MDN0474,,98.6999,3.7772,BAGAN_DELI_TB
02MDN0475,,98.6999,3.577,ISMAILIYAH_GT
02MDN0476,,98.7,3.5852,ASIA1_PK
02MDN0477,,98.7002,3.6054,TEMPULING_SIDOREJO_ST
02MDN0478,,98.7004,3.7557,SEIPUTIHBARAT_TB
02MDN0479,,98.7007,3.5315,SPMARIENDAL_PL
02MDN0480,,98.7009,3.5483,GARU_MT
02MDN0481,,98.7011,3.595,SENTOSA_LAMA_PL
02MDN0482,,98.7011,3.6857,SAMUDERAPASIFIK_TANGKAHAN_MT
02MDN0483,,98.7011,3.591,PANDAU_HULU_PL
02MDN0484,,98.7024,3.552,NAWI_HARAHAP_PL
02MDN0485,,98.7019,3.6225,BHAYANGKARA_MDN1_GT
02MDN0486,,98.7019,3.6514,SUASA_TENGAHPASAR4_TB
02MDN0487,,98.7021,3.5979,ALFAMART_HM_YAMIN_PK
02MDN0488,,98.7021,3.6123,PERBARAKAN_PL
02MDN0489,,98.7022,3.5865,ASIA_EP
02MDN0490,,98.7025,3.6777,MI_KIM_MEDAN_MDN_MT
02MDN0491,,98.7026,3.6022,JLKARTO_EP
02MDN0492,,98.6766,3.5942,JLPUTRI_HIJAU_DALAM_TB
02MDN0493,,98.7029,3.6162,TUASAN_TEMBUNG_PL
02MDN0494,,98.7032,3.539,BAJAK4_MARENDAL_TB
02MDN0495,,98.7033,3.557,SUDIREJO_ST
02MDN0496,,98.7048,3.5687,ISTIMEWA_MEDAN_TB
02MDN0497,,98.7037,3.5795,JLAR_HAKIM1_MT
02MDN0498,,98.7038,3.7734,BELAWAN4_MT
02MDN0499,,98.7036,3.5752,BHAKTI_EP
02MDN0500,,98.704,3.6892,RAWI_MARTUBUNG_TB
02MDN0501,,98.7048,3.5925,NEGARA_PAHLAWAN_PL
02MDN0502,,98.705,3.5847,ARHAKIM_TEGAL_PL
02MDN0503,,98.7052,3.5888,WAHIDIN_UJUNG_TB
02MDN0504,,98.7059,3.6015,PIMPINAN_SIDOREJO_PL
02MDN0505,,98.7058,3.5614,PASAR_MERAH2_EP
02MDN0506,,98.7064,3.543,JLGARU_EP
02MDN0507,,98.7067,3.6071,WILLIAM_ISKANDAR_MDN_MT
02MDN0508,,98.7067,3.5343,AMPLAS_TB
02MDN0509,,98.7069,3.6119,LAHAN_WARGIYAH_MT
02MDN0510,,98.707,3.5976,AKSARA_MEDAN_GT
02MDN0511,,98.7071,3.6275,MALL_ITC_PANCING_IB
02MDN0512,,98.7071,3.6212,BHAYANGKARA_MDN2_PL
02MDN0513,,98.7072,3.5484,JLGARUDA_MDN_TB
02MDN0514,,98.7075,3.5751,TEGAL_SARI2_PL
02MDN0515,,98.7075,3.7799,MI_BELAWAN3_MT
02MDN0516,,98.7092,3.6933,RAWI_REGENCY_MT
02MDN0517,,98.7094,3.5903,TEGAL_SMANDALA_PL
02MDN0518,,98.7094,3.5814,SIMPANG_DENAI_MT
02MDN0519,,98.7098,3.5682,TEGAL_SARI_MANDALA_TB
02MDN0520,,98.7099,3.5848,TEGAL_SARI_MDN_PL
02MDN0521,,98.7099,3.5454,GARU2_HARJOSARI_PL
02MDN0522,,98.7105,3.5525,SEKSAMA_GT
02MDN0523,,98.7106,3.5981,JLMESJID55_BANTAN_TB
02MDN0524,,98.7109,3.5949,PUKAT_EP
02MDN0525,,98.7124,3.564,MUSTIKAMANDALA_GT
02MDN0526,,98.7126,3.5748,BROMO_BINJAI_PL
02MDN0527,,98.7131,3.7848,PELABUHAN_BELAWAN_CM
02MDN0528,,98.7137,3.559,BAHAGIAMEDAN_PL
02MDN0529,,98.7139,3.5966,LETSUJOBANDSELAMAT_PL
02MDN0530,,98.7148,3.5891,TANGGUK_TEGALSARI_PL
02MDN0531,,98.7149,3.5786,PANCASILA_ST
02MDN0532,,98.7151,3.5827,TANGGUK_BONGKAR_PL
02MDN0533,,98.7156,3.5512,JLSEKSAMA_TB
02MDN0534,,98.7158,3.5466,SITIREJO2_ST
02MDN0535,,98.7166,3.5719,JLSEPAKAT_DENAI_MT
02MDN0536,,98.7171,3.5863,MANDALA_MEDAN_CM
02MDN0537,,98.7173,3.5935,BANTAN_MEDAN_EB
02MDN0538,,98.7173,3.5604,SEMPURNA_KN
02MDN0539,,98.7175,3.5361,SIMPANG_AMPLAS_ST
02MDN0540,,98.7176,3.5545,MENTENG_MDN_PL
02MDN0541,,98.7183,3.5776,TUBA_MT
02MDN0542,,98.7186,3.5986,MCKAPTENJAMILLUBIS_PL
02MDN0543,,98.7203,3.5738,SALAM_BROMO_MEDAN_ST
02MDN0544,,98.7211,3.5873,SUMBER_REJO_TIMUR_TB
02MDN0545,,98.7222,3.5376,BATU_GINGGING_GT
02MDN0546,,98.7223,3.5823,MANDALA_MDN_EP
02MDN0547,,98.7225,3.5685,PASAR_MERAH_MT
02MDN0548,,98.7233,3.5749,BROMO_UJUNG_TEGALSARI_PL
02MDN0549,,98.7233,3.5312,SSNGAMANGARAJATDELI_PL
02MDN0550,,98.7245,3.5916,TIRTOSARI_MDN_TEMBUNG_PL
02MDN0551,,98.7248,3.5872,KENANGAN_MDN_MT
02MDN0552,,98.7251,3.5541,GAMETRACO_MEDAN_TENGGARA_GT
02MDN0553,,98.7255,3.5713,JLTOL_BELMERA_KM240_GT
02MDN0554,,98.727,3.5758,JERMAL_DENAI_ST
02MDN0556,,98.7273,3.5332,POLDAMORAWA_MT
02MDN0557,,98.7286,3.5779,MEDAN_DENAI_PL
02MDN0558,,98.7286,3.5978,LETDA_SUJONO_PL
02MDN0559,,98.7301,3.5868,GOLF_MDN_TB
02MDN0560,,98.7302,3.5812,DATUK_KABU_PASAR_TB
02MDN0561,,98.732,3.5924,PANGLIMA_DENAI_TB
02MDN0562,,98.7321,3.5989,KOMP_TVRI_TEMBUNG_PL
02MDN0563,,98.7323,3.5379,JLDAME_TB
02MDN0564,,98.7342,3.5342,SISINGAMANGARAJA_PL
02MDN0565,,98.7368,3.5781,JLJERMAL_TB
02MDN0566,,98.7398,3.5959,TEMBUNG_MDN_PL
02MDN0567,,98.7403,3.5362,MI_PEMANDIAN_TAMORA_MT
02MDN0568,,98.7445,3.5316,RIVIERA_KN
02MDN0569,,98.626,3.5925,GADING_MEDAN_IB
02MDN0570,,98.6922,3.781,BELAWAN_EP
02MDN0575,,98.6255,3.5756,IN_RINGROAD_CITYWALK_GT
02MDN0583,,98.6742,3.5946,I2_MALL_PODOMORO_CITY_MC
02MDN0585,,98.6395,3.7151,MEDAN_MARELAN_TERJUN_CM
02MDN0588,,98.6318,3.593,MB_PRSU_MEDAN_GEN_HAPPY
02MDN0590,,98.6511,3.6867,GANG_KELUARGA_MT
02MDN0593,,98.6952,3.7287,SEIMATI_MEDAN_LABUHAN_NEW_MT
02MDN0594,,98.6971,3.7843,UJUNG_BARU_BELAWAN_NEW_MT
02MDN0595,,98.6684,3.6333,IN_RS_MARTHA_FRISKA_DH
02MDN0596,,98.6806,3.5728,IN_RSIA_STELLA_MARIS_DH
02MDN0598,,98.6317,3.6061,BERINGIN_HELVETIA_MT
02MDN0602,,98.6147,3.5092,JAMIN_GINTING_RAYA_MT
02PDS0001,,99.225,1.409,PALOPAT_MARIA_PL
02PDS0002,,99.235,1.4032,GARGARAN_HUTAIMBARU_PL
02PDS0004,,99.2455,1.3986,SADABUAN_PADANG_SIDEMPUAN_TB
02PDS0006,,99.2533,1.4294,LEMBAH_LUBUK_MANIK_PL
02PDS0007,,99.2587,1.3914,KAYU_OMBUN_TB
02PDS0008,,99.2604,1.3963,SADABUAN_TB
02PDS0009,,99.2614,1.3647,SIDANGKAL_EP
02PDS0010,,99.2628,1.3878,PSP_UTARA_TB
02PDS0011,,99.2656,1.3832,SIDEMPUAN_BATANG_JALA_PL
02PDS0012,,99.2663,1.3885,PANINDOAN_WEK_PL
02PDS0013,,99.2668,1.363,PADANG_SIDEMPUAN1_MT
02PDS0014,,99.2681,1.3732,YOS_SUDARSO_PSP_TB
02PDS0015,,99.2684,1.3809,KOTA_SIDEMPUAN3_TB
02PDS0016,,99.2686,1.3997,TANO_BATO_TB
02PDS0017,,99.27,1.3845,KOTA_SIDEMPUAN1_TB
02PDS0018,,99.271,1.3648,PADANG_SIDEMPUAN_TIMUR_PL
02PDS0019,,99.2712,1.3768,PSIDEMPUAN_MT
02PDS0020,,99.2717,1.3743,SIDEMPUANCITY_KN
02PDS0021,,99.2721,1.382,PADANG_SIDEMPUAN_EP
02PDS0022,,99.2746,1.3759,KOTA_SIDEMPUAN2_TB
02PDS0023,,99.2749,1.3888,PADANG_SIDEMPUAN_BARAT_PL
02PDS0024,,99.2756,1.4263,RIMBA_SOPING_MT
02PDS0025,,99.2766,1.3684,SIDEMPUANG_KEMUNING_KN
02PDS0026,,99.2785,1.4007,ROAD_TO_BATUNADUA_EB
02PDS0027,,99.2804,1.3773,LOSUNG_CM
02PDS0028,,99.2813,1.4066,BATUNADUA_JAE_TB
02PDS0029,,99.2837,1.3671,PADANG_SIDEMPUAN2_ST
02PDS0030,,99.2867,1.4175,BATUNADUA_ST
02PDS0031,,99.2872,1.3621,KEMERDEKAAN_MATINGGI_PL
02PDS0032,,99.291,1.4274,BATU_NADUA_EP
02PDS0033,,99.2929,1.3471,KAMPUS_STAIN_MT
02PDS0034,,99.2951,1.3701,AEK_TUHUL_TB
02PDS0035,,99.2975,1.4313,SIMIRIK_PADANG_PL
02PDS0036,,99.3019,1.3592,PUDUN_JAE_TB
02PDS0037,,99.3029,1.3339,RIZAL_NURDIN_TB
02PDS0038,,99.3045,1.3937,BAY_PASS_BARUAS_PL
02PDS0039,,99.3058,1.3491,RINGROAD_PSP_TB
02PDS0040,,99.3095,1.325,PIJOR_KOLING_KN
02PDS0042,,99.3202,1.3045,BATANG_ANGKOLA_MT
02PDS0043,,99.3228,1.3585,RANJO_BATO_TB
02PDS0044,,99.3231,1.3282,HUTA_LOMBANG_TB
02PDS0045,,99.2436,1.4122,SINGALI_PL
02PDS0046,,99.2509,1.4505,JORING_LOMBANG_MT
02PDS0047,,99.3149,1.3726,BATANG_BAHAL_EB
02PDS0048,,98.9094,1.4281,MUARA_AMPOLU_MT
02PDS0049,,98.9509,1.4319,MUARA_MANOMPAS_TB
02PDS0050,,98.9875,1.4516,MUARA_HUTA_RAJA_MT
02PDS0051,,99.159,1.438,SIMATORKIS_MT
02PDS0052,,99.2183,1.4178,SIALOGO_MT
02PDS0053,,99.2473,1.4804,PINTU_LANGIT_JULU_TB
02PDS0054,,99.2586,1.6123,SIPIROK_MARSADA_PL
02PDS0055,,99.2731,1.6021,SIPIROK_GODANG_MT
02PDS0056,,99.3042,1.4467,PARGARUTAN_BATU_MT
02PDS0057,,99.3188,1.4657,PARGARUTAN_JULU_TB
02PDS0058,,99.3457,1.2993,MUARA_PURBA_NAULI_TB
02PDS0059,,99.4233,1.412,LANTOSA_ROGAS_GT
02PDS0060,,99.4328,1.0343,INGUL_JAE_TB
02PDS0061,,99.4459,1.1156,HUTA_PARDOMUAN_GT
02PDS0062,,99.4594,1.3285,BATANG_ONANG_ST
02PDS0063,,99.5128,1.4045,SIPUPUS_LOMBANG_TB
02PDS0064,,99.5614,1.4386,SIBATANGKAYU_PL
02PDS0065,,99.5992,1.5172,TANJUNG_TIRAM_TB
02PDS0066,,99.6037,1.4831,PADANGBOLAK_SIGAMA_MT
02PDS0067,,99.6215,1.5005,PASAR_GUNUNGTUA2_TB
02PDS0068,,99.6304,1.496,SIMANOSOR_TB
02PDS0069,,99.6335,1.5241,PASAR_GUNUNGTUA_MT
02PDS0070,,99.6377,1.0912,TARINGGONAN_TB
02PDS0071,,99.6432,1.4702,LANTOSAN_I_MT
02PDS0072,,99.6586,1.4433,HADUNGDUNG_PL
02PDS0073,,99.7128,1.0753,BARUMUN_LIMBONG_MT
02PDS0074,,99.7175,1.4142,SIBATULOTING_PL
02PDS0075,,99.721,1.0519,HASAHATAN_JULU_MT
02PDS0076,,99.7301,1.6787,PAGARAMBANGAN_TB
02PDS0077,,99.737,1.0612,SIBUHUAN_JAE_TB
02PDS0078,,99.7423,1.0472,BANGUN_RAYA_EP
02PDS0079,,99.7442,1.6302,RONDAMAN_SIBUREGAR_TB
02PDS0080,,99.7442,1.0751,TANGGA_BOSI_MT
02PDS0081,,99.7459,1.0933,PAGARAN_JALUJALU_ST
02PDS0082,,99.7581,1.0498,BARUMUN_SIBUHUAN_TB
02PDS0083,,99.7585,1.0041,BATANG_BULU_BARU_PL
02PDS0084,,99.7632,1.4181,JANJI_MANAHAN_TB
02PDS0085,,99.8247,1.506,BATANGPANE_II_MT
02PDS0086,,99.8408,1.4552,BINANGA_TOLU_PL
02PDS0087,,99.9443,1.5139,MANDASIP_PL
02PDS0088,,99.9487,1.5873,ULAK_TANO_TB
02PDS0089,,99.9544,1.5587,LANGKIMAT_TB
02PDS0090,,99.9604,1.0404,HUTA_RAJA_LAMO_CM
02PDS0091,,99.9738,1.053,GUNUNG_BARINGIN_MT
02PDS0092,,99.9975,1.1575,SIBODAK_SOSA_JAE_MT
02PDS0093,,100.0251,1.4103,SIMANGAMBAT_JULU_TB
02PDS0094,,100.0575,1.1665,UJUNG_BATU_II_MT
02PDS0095,,100.0861,1.0599,PAYA_OMBOR_ST
02PDS0096,,100.0879,1.1181,UJUNG_BATU3_MT
02PDS0097,,100.0989,1.1474,HUTARAJA_TINGGI_TB
02PDS0098,,100.1567,1.1284,SUNGAI_KORANG_PL
02PDS0099,,99.2266,1.4343,GKPA_TINJOMAN_MT
02PMR0001,,98.5751,2.9373,SILIMA_KUTA_TB
02PMR0002,,98.5793,2.983,SARIBU_JANDI_TB
02PMR0005,,98.6107,2.9343,SERIBU_DOLOK_EP
02PMR0006,,98.6129,2.9438,SMP_NEGRI_PURBA_PL
02PMR0007,,98.64,3.0218,PARIBUN_TB
02PMR0008,,98.6747,2.878,HARANGGAOL_ST
02PMR0009,,98.6768,2.9168,PEMATANGPURBAPURBA_PL
02PMR0010,,98.6787,3.0379,SARAN_PADANG_TB
02PMR0011,,98.7215,2.8978,TIGA_RUNGGU_TB
02PMR0012,,98.7598,2.9046,SPRAYA_HULUAN_EP
02PMR0013,,98.7705,2.8238,PARBUNGAAN_PARIK_SABUNGAN_PL
02PMR0015,,98.7907,2.8161,TIGARAS_TB
02PMR0016,,98.7995,2.9388,RAYA_SIMALUNGUN_TB
02PMR0017,,98.8317,2.8496,SIBUNTUAN_TB
02PMR0018,,98.8496,2.9695,PEMATANG_RAYA_MT
02PMR0019,,98.8548,2.8308,PEMATANG_SIDAMANIK_EP
02PMR0020,,98.8606,2.9682,PEMKAB_PMR_MT
02PMR0021,,98.8705,2.8442,SIMANTIN_SIMALUNGUN_PL
02PMR0022,,98.8786,2.9523,DAME_RAYA_MT
02PMR0023,,98.8889,2.9448,SIHUBURAYA_SIMALUNGUN_TB
02PMR0024,,98.9062,2.9293,PANE_TB
02PMR0025,,98.9136,2.858,AMBARISAN_TB
02PMR0026,,98.9152,2.8677,MANIK_MARAJA_MT
02PMR0027,,98.9205,2.8368,KEBUN_BAH_BUTONG_MT
02PMR0028,,99.0073,2.7831,SIMPANGAN_BOLON_TB
02PMR0029,,98.9367,2.9206,MARJANDI_EMBONG_MT
02PMR0030,,98.9329,2.6622,PANTAI_PRAPAT_ST
02PMR0031,,98.9439,2.6671,TERMINAL_PRAPAT_MT
02PMR0032,,98.9381,2.6623,TIGA_RAJA_MT
02PMR0033,,98.9497,2.9092,ROAD_PEMATANGRAYA_ST
02PMR0034,,98.9607,2.6494,GIRSANG_CM
02PMR0035,,98.9697,2.9079,PANE_TONGAH_TB
02PMR0036,,98.9699,2.8783,TIGA_BOLON2_ST
02PMR0037,,98.9772,2.758,DLPANGARIBUAN_MT
02PMR0038,,98.9874,2.6328,SUHUT_MARAJA_EP
02PMR0039,,98.9879,2.8621,TIGA_BOLON1_MT
02PMR0040,,98.9906,2.9101,SIANTAR_KABANJAHE_JANGGIR_PL
02PMR0041,,99.0074,2.8428,BUNGABUNGA_PL
02PMR0042,,99.0133,2.9002,SIBORNA_SIMALUNGUN_PL
02PMR0043,,99.0144,2.9486,TALUN_KONDOT_ST
02PMR0044,,99.0186,2.9226,SIMPANG_PANE_TB
02PMR0045,,99.0213,2.9591,SIMBOLON_TENGKOH_PL
02PMR0046,,99.0218,2.8665,TIGA_BALATA_EP
02PMR0047,,99.0254,2.8567,SIBUNGA_BUNGA_TIGA_BALATA_PL
02PMR0048,,99.0311,2.8125,TIGA_DOLOK_PL
02PMR0049,,99.0364,2.9232,SIANTAR_KABANJAHE_PL
02PMR0050,,99.0409,2.8477,JORLANG_HANTAR_TB
02PMR0051,,99.0677,2.9051,MANIK_REJO_MT
02PMR0052,,99.0682,3.0193,DOLOK_MARAJA_CM
02PMR0053,,99.0848,3.032,BERINGIN_SIANTAR_ST
02PMR0054,,99.0852,3.0361,SINAKSAK_EP
02PMR0056,,99.0885,3.0209,KARYA_SINAKSAK_CM
02PMR0057,,99.0917,2.9791,RAMBUNG_MERAH_SIANTAR_GT
02PMR0058,,99.0926,2.9604,INPRES_HUTA_MELATI_PL
02PMR0059,,99.0933,2.9706,SIANTAR2_EP
02PMR0060,,99.095,3.1078,DOLOK_KAHEAN_PL
02PMR0061,,99.0972,2.9769,JLN_HULAKMA_SINAGA_TB
02PMR0062,,99.0972,2.969,SIANTAR_ESTATE_PMR_MT
02PMR0063,,99.1004,2.9998,KRG_SARI_MT
02PMR0064,,99.1012,2.9832,KARANG_BANGUN_PL
02PMR0065,,99.1044,2.9683,MARIHAT_BARIS_MT
02PMR0066,,99.1065,3.0251,SINAKSAK_SIMALUNGUN_PL
02PMR0067,,99.1081,2.9357,SILAU_MANIK_CM
02PMR0068,,99.1101,2.9056,PARBALOGAN_MT
02PMR0069,,99.1105,3.0087,PKPGUNUNG_MALIGAS_MT
02PMR0070,,99.1121,2.8886,RTANAHJAWA_TB
02PMR0071,,99.117,2.9997,KARANG_SARI_PMR1_ST
02PMR0072,,99.1179,2.9656,MARIHAT_BRS_EB
02PMR0073,,99.1193,3.1137,BRIDGESTONE_SUMATERA_MT
02PMR0074,,99.1213,2.8785,MARUBUN_I_MARUBUN_JAYA_PL
02PMR0075,,99.1233,3.0043,KARANG_SARI_PMR_TB
02PMR0076,,99.1251,3.0271,GUNUNG_MALIGAS_MT
02PMR0077,,99.1296,2.9701,PANTOAN_MAJU_PL
02PMR0078,,99.1304,2.9971,PASAR_KRGANYAR_PL
02PMR0079,,99.1387,2.9631,BATU_ENAM_PL
02PMR0080,,99.1399,3.1201,SERBELAWAN1_MT
02PMR0081,,99.1416,3.0722,PMTG_BANDAR_TB
02PMR0082,,99.1454,3.1167,MARIHAT_TENGAH_PL
02PMR0083,,99.1455,3.1312,SERBELAWAN2_EB
02PMR0084,,99.1457,2.836,MEKAR_MULIA_PL
02PMR0085,,99.1459,3.1237,SERBELAWAN3_PL
02PMR0086,,99.1473,3.1485,DOLOK_MAINU_PK
02PMR0087,,99.1474,3.0216,SILAU_MALELA_CM
02PMR0088,,99.1561,2.8851,BALIMBINGAN_CM
02PMR0089,,99.1627,3.1183,DOLOK_BATU_NANGGAR_PL
02PMR0090,,99.1648,3.0164,SERAPUH_ST
02PMR0091,,99.1701,2.8869,TANAH_JAWA_EP
02PMR0092,,99.1702,2.9985,SIMPANG_GILINGAN_MT
02PMR0093,,99.1742,2.9769,ASAHANSINIOBANGUNBATU_PL
02PMR0094,,99.1796,2.8861,TANAH_JAWA1_TB
02PMR0095,,99.1802,3.1144,NAGA_BAYU_BANDAR_HULUAN_PL
02PMR0097,,99.1845,3.0475,HUTA_LINGGA_MT
02PMR0098,,99.1872,2.8823,MALIGAS_TONGAH_CM
02PMR0099,,99.1969,3.0739,BAHGUNUNG_ST
02PMR0100,,99.1993,2.9854,BAH_JAMBI_EP
02PMR0101,,99.2115,2.9993,PEMATANG_ASILUM_CM
02PMR0102,,99.2252,3.0821,GANGMUI_MT
02PMR0103,,99.2323,3.0918,KERASAN_PL
02PMR0104,,99.2324,2.9913,MALIGAS_BAYU_SIMALUNGUN_PL
02PMR0105,,99.2361,3.011,SIMPANG_BANDAR_TB
02PMR0106,,99.2372,3.1209,KANDANGAN_MDN_PL
02PMR0107,,99.2468,3.0248,SAH_KUDA_BAYU_CM
02PMR0108,,99.2517,3.0924,PARDOMUAN_NAULI_CM
02PMR0109,,99.2686,3.2282,BANDAR_SILOU_IB
02PMR0110,,99.2687,3.064,PERDAGANGAN_PMTGSIANTAR_PL
02PMR0111,,99.2739,3.0625,KERASAANI_ST
02PMR0112,,99.2786,3.062,KERASAAN_MT
02PMR0113,,99.2821,3.0766,KAMPUNG_BARU_PMR_PL
02PMR0114,,99.2827,2.9675,HUTABAYU_ST
02PMR0115,,99.2893,3.0821,KERASAAN_SIMALUNGUN_TB
02PMR0116,,99.295,3.203,PANOMBEAN_BARU_CM
02PMR0117,,99.2972,2.9469,ADIL_MAKMUR_GSM_CM
02PMR0118,,99.3027,3.1552,BAHBAJOE_TB
02PMR0119,,99.3064,3.0995,KERASAANREJO_EB
02PMR0120,,99.3132,2.9731,PARBUTARAN_BOSAR_MALIGAS_PL
02PMR0121,,99.3169,3.1556,BANDAR_SAWAH_TB
02PMR0122,,99.317,3.1209,SINUMBAH_EB
02PMR0123,,99.3184,3.2598,PARTIMBALAN_SIMALUNGUN_PL
02PMR0124,,99.3198,3.1309,PERDAGANGAN_NAGORI_BANDAR_PL
02PMR0125,,99.3215,3.1636,JLCEMP_MT
02PMR0126,,99.3215,3.1454,PERDAGANGAN_PMR1_ST
02PMR0127,,99.3241,3.1125,BAHAL_BATU_PMR_ST
02PMR0128,,99.3272,3.1588,PERDAGANGAN_PMR_MT
02PMR0129,,99.329,3.1624,PERDAGANGAN_PMR2_PL
02PMR0130,,99.3304,3.0406,MAYANG_PMR_CM
02PMR0131,,99.3317,3.1457,SEIMANGKEI_PL
02PMR0132,,99.3355,3.1669,PERDAGANGAN_CM
02PMR0133,,99.3358,3.1583,MAKMUR_HUTA_PL
02PMR0134,,99.3407,3.0783,BESAR_MALIGAS_PL
02PMR0135,,99.362,3.1982,PERLANAAN_PL
02PMR0136,,99.3876,3.0929,PASAR_BARU_PMR_MT
02PMR0138,,99.5,3.0204,UJUNG_PADANG_BAWAH_PL
02PMR0139,,99.5132,3.068,TINJOWAN_TB
02PMR0140,,99.524,3.0414,BONSAI_TJRAPUAN_MT
02PMR0141,,99.5307,3.0689,UJUNG_PADANG_TB
02PMR0142,,99.5343,3.0949,UJUNG_PADANG_ATAS_PL
02PMR0143,,98.9193,2.6964,PERTAMINA_SIBAGANDING_PL
02PMR0144,,98.9447,2.6604,NIAGARA_EP
02PMR0145,,98.9485,3.2729,SILAU_DUNIA_ST
02PMR0146,,98.5858,3.0357,CINGKES_MT
02PMR0148,,99.1837,3.11,BDR_HULUAN_TB
02PMR0149,,99.167,2.7824,BUNTU_TURUNAN_MT
02PMR0150,,98.927,3.1326,SINDAR_RAYA_PL
02PMR0153,,99.1278,2.7675,TANGGA_BATU_TB
02PMR0154,,99.332,3.0594,MAYANG_MT
02PMR0155,,99.2669,3.0021,MANCUK_MT
02PMR0156,,99.1859,2.8495,JAWA_TONGAH_MT
02PMR0157,,99.2598,2.935,POKAN_BARU_PL
02PMR0158,,99.2691,2.9398,PULO_BAYU_MT
02PMR0159,,99.2784,3.1114,PEMATANG_KERASAAN_REJO_CM
02PMR0160,,99.0813,3.1235,TAPIAN_DOLOK_MT
02PMR0162,,99.3307,3.2128,BAHLIAS_SUGARANG_PL
02PMR0163,,99.1838,2.9022,BAJA_DOLOK_PL
02PMR0164,,99.2272,2.9027,BOSAR_GALUGUR_PL
02PMR0165,,99.0385,3.0893,NEGERI_BAYU_MUSLIMIN_PL
02PMR0166,,99.3611,3.1366,KEK_SEI_MANGKE_3_TB
02PMR0167,,99.0397,2.9941,SIJAMBEI_PL
02PMR0168,,99.1303,2.8983,BLOK10_PAGAR_JAWA_TB
02PMR0169,,99.3584,3.1836,BAHLIAS_LONSUM_TB
02PMR0170,,99.2632,3.128,TALUN_REJO_PL
02PMR0171,,98.9531,2.8486,DUSUN_SIMPANG_TIGA_MT
02PMR0172,,99.1965,3.1673,DOLOK_BATU_NANGGAR_MT
02PMR0173,,99.3004,3.1347,TIMBAAN_BANDAR_PL
02PMR0174,,98.8527,2.939,BARINGIN_RAYA_MT
02PMR0175,,99.1774,3.1421,DOLOK_TANERA_MT
02PMR0176,,99.3137,3.2309,SUGARANG_BAYU_MT
02PMR0177,,99.2417,2.8477,BAYU_BAGASAN_MT
02PMR0178,,98.9834,2.9444,PEMATANG_PANOMBEAN_MT
02PMR0179,,98.6418,2.9133,PURBA_HINALANG_MT
02PMR0180,,99.4936,3.0732,SEI_MERBAU_PL
02PMR0181,,98.8133,2.8165,SIRUBE_GUNUNG_PURBA_MT
02PMR0182,,98.615,2.899,BANGUN_MERIAH_MT
02PMR0189,,99.2223,3.1042,BESAR_BANDAR_TONGAH_CM
02PMR0192,,98.6972,2.9001,REST_AREA_PEMATANG_PURBA_TB
02PMS0001,,99.0252,2.9393,KEL_SETIANEGARA_ST
02PMS0002,,99.0261,2.9644,GURILLA_ST
02PMS0003,,99.0329,2.9523,JLDESAINDAH_TB
02PMS0004,,99.0343,2.9645,SIBATU_MT
02PMS0005,,99.0353,2.9085,SIMARIMBUN1_CM
02PMS0006,,99.0398,2.9429,TAMAN_BEO_RINDAM_GT
02PMS0007,,99.0406,2.9127,SPSIDAMANIK_ST
02PMS0008,,99.0424,2.9212,SIMARIMBUN2_CM
02PMS0009,,99.043,2.9659,BAH_KAPUL3_XL
02PMS0010,,99.0451,2.9581,RINDAM_SIANTAR_TB
02PMS0011,,99.0456,2.9747,KAPUL_PEMATANG_TB
02PMS0013,,99.0498,2.9642,BUKIT_SOFA_PL
02PMS0014,,99.0501,2.9429,NAGA_HUTA_PL
02PMS0015,,99.0502,2.9589,BAHKAPUL_SIANTAR_GT
02PMS0016,,99.0526,2.955,BAKUNG_SIMARITO_MT
02PMS0017,,99.0527,2.9632,BANTAN_SIANTAR_EB
02PMS0018,,99.0533,2.9718,BAH_SORMA_TB
02PMS0019,,99.0561,2.9596,BANJAR_PMS_ST
02PMS0020,,99.0563,2.9534,TELADAN_SIANTAR_TB
02PMS0021,,99.0572,2.9663,BANTAN_SIANTAR_MTY_TB
02PMS0022,,99.0573,2.9426,SUKAMAJU_PMS_ST
02PMS0023,,99.0579,2.9715,BANE_CM
02PMS0024,,99.0586,2.9494,TELADAN_PMS_ST
02PMS0025,,99.0594,2.9814,BAH_KAPUL1_TB
02PMS0026,,99.0601,2.9583,KARTINI_SIANTAR_EB
02PMS0027,,99.0619,2.9691,SISINGAMANGARAJA_BANE_PL
02PMS0028,,99.0628,2.9506,JLPORSEA_MT
02PMS0029,,99.0631,2.9652,ADE_IRMA_MT
02PMS0030,,99.0643,2.9621,PAHLAWAN_SIANTAR_TB
02PMS0031,,99.0648,2.9767,KAMPUNG_BARU_PMS_TB
02PMS0032,,99.0648,2.9544,SIANTAR_CITY_PL
02PMS0033,,99.0667,2.9453,JLNIAS_GT
02PMS0034,,99.0669,2.9677,KTRCAMAT_SIANTARUTARA_GT
02PMS0035,,99.0672,2.9825,NAGA_PITU_TB
02PMS0036,,99.0675,2.9411,SIANTAR_MARIH_TB
02PMS0037,,99.0686,2.9597,SIANTAR_PL
02PMS0038,,99.0691,2.9556,RSUDDJASEMENSARAGIH_GT
02PMS0040,,99.0702,2.9736,SIANTAR_PARLUASAN_PL
02PMS0042,,99.0709,2.9886,RAMBUNG_MERAH4_TB
02PMS0043,,99.0709,2.9457,PERDAMAIAN_PMS_MT
02PMS0044,,99.0711,3.0032,TANJUNGPINGGIRPONDOKSAYUR_PL
02PMS0045,,99.0721,2.963,SIANTAR_MERDEKA_EP
02PMS0047,,99.0739,2.9602,IN_RAMAYANAPEMATANGSIANTAR_MC
02PMS0048,,99.0739,2.953,NARUMONDA_BAWAH_TOMUAN_PL
02PMS0049,,99.0746,2.9353,MARIHAT_MT
02PMS0050,,99.0744,2.9748,KAHEAN_ST
02PMS0051,,99.0757,2.9829,RAKUTA_SEMBIRING_NAGAPITA_PK
02PMS0052,,99.076,2.9883,NAGA_PITA_PL
02PMS0053,,99.0763,2.9301,MARIHAT_SIANTAR_PL
02PMS0054,,99.0768,2.9696,AHMAD_YANI_ASUHAN_TB
02PMS0055,,99.0787,2.9535,BAH_KAPUL2_TB
02PMS0056,,99.0794,2.9781,RSHORASINSANI_CM
02PMS0057,,99.0796,2.967,SIANTAR_ESTATE_PMS_EB
02PMS0058,,99.0797,2.9624,SIOPAT_SUHU_MT
02PMS0059,,99.0808,2.9911,MARTOBA_SIANTAR_PL
02PMS0060,,99.0815,2.95,TOMUAN_TB
02PMS0061,,99.0818,2.971,SIMALUNGUN_MTY_TB
02PMS0062,,99.0828,2.9824,SUMBER_JAYA_IB
02PMS0063,,99.0828,2.9624,ASAHAN_SIANTAR_EB
02PMS0064,,99.0852,3.0098,TGTONGAH_MT
02PMS0065,,99.0856,2.9982,SPKRG_SARI_TB
02PMS0066,,99.0905,2.9879,RAMBUNG_MERAH_TB
02PMS0067,,99.0943,3.0084,TAMBUN_NABOLON_TB
02PMS0068,,99.0951,2.9467,BPNAULI_TB
02PMS0070,,99.0491,2.9522,SIMPANG_BAKUNG_SIANTAR_PL
02PYB0001,,98.9895,0.8491,TABUYUNG_TB
02PYB0002,,99.0383,0.783,NT_RDTO_TABUYUNG_PL
02PYB0003,,99.0903,0.658,KUNKUN_TB
02PYB0004,,99.1169,0.5631,NATAL_EP
02PYB0005,,99.1433,0.3964,BATAHAN_ST
02PYB0008,,99.1843,0.5936,PATIKUBAN_PL
02PYB0010,,99.2231,0.468,DESA_SINUNUKAN_EP
02PYB0011,,99.231,0.5756,SINUNUKAN_MDN_TB
02PYB0013,,99.2658,0.4663,SINUNUKAN_CM
02PYB0016,,99.455,1.092,SIHEPENG_MT
02PYB0018,,99.4778,0.942,NT_NAGA_JUANG_IB
02PYB0019,,99.4786,1.0401,SIMANGAMBAT_KN
02PYB0023,,99.5046,1.012,SIABU_EP
02PYB0024,,99.5083,1.0018,DESA_HURABA_MT
02PYB0025,,99.5109,0.8731,HUTABARGOT_MT
02PYB0026,,99.5117,0.992,SINONOAN_KN
02PYB0027,,99.5168,0.9376,PADANG_MATINGGI_PYB_TB
02PYB0031,,99.5329,0.9119,WILLIAM_ISKANDAR_PYB_ST
02PYB0034,,99.5562,0.8874,GNTUATONGA_GT
02PYB0037,,99.5616,0.8577,PANYABUNGAN_PYB_MT
02PYB0039,,99.5635,0.8418,PIDOLI_DOLOK_PL
02PYB0040,,99.5663,0.8196,PARBANGUNAN_KN
02PYB0041,,99.5713,0.7635,JEMBATAN_MERAH_PL
02PYB0045,,99.5764,0.7249,SIMBANGOR_JAE_PL
02PYB0046,,99.5784,0.7961,PANYABUNGAN2_EP
02PYB0047,,99.5803,0.6984,SIBANGGOR_TONGA_KN
02PYB0049,,99.6008,0.7321,MAGA_PL
02PYB0052,,99.6348,0.7256,PURBA_TB
02PYB0053,,99.6387,0.8051,PYBGN_TIMUR_TB
02PYB0054,,99.7059,0.6649,KOTANOPAN_EP
02PYB0057,,99.8509,0.6204,MUARA_SIPONGE_TB
02PYB0058,,99.1439,0.432,KUBANGAN_PANDANSARI_TB
02PYB0059,,99.1465,0.5824,NATAL_KP_SAWAH_MT
02PYB0060,,99.2184,0.5003,SD_SINUNUKAN_I_MT
02PYB0061,,99.252,0.5619,SIMPANG_DURIAN_MT
02PYB0062,,99.2716,0.4119,BINTUNGAN_BEJANGKAR_MT
02PYB0063,,99.294,0.6126,SIMPANG_DUKU_ST
02PYB0064,,99.4629,0.9688,HUTAGODANG_MUDA_MT
02PYB0065,,99.4858,0.9276,TAMBISKI_TB
02PYB0066,,99.4912,1.0171,BATU_PIKIR_SIABU_PL
02PYB0067,,99.496,0.8738,SIMALAGI_ST
02PYB0068,,99.5185,0.848,HUTA_TONGA_PL
02PYB0069,,99.5216,0.9787,HUTA_BANGUN_EB
02PYB0070,,99.522,0.957,MALINTANG_JAE_PL
02PYB0071,,99.5453,0.8191,SABAJIOR_PL
02PYB0072,,99.5488,0.8635,HUTA_LOMBANG_LUBIS_TB
02PYB0073,,99.5572,0.7459,HUATRIMBARU_ST
02PYB0074,,99.5615,0.8677,KAYU_JATI_PL
02PYB0075,,99.5719,0.809,AEK_GODANG_PL
02PYB0076,,99.5724,0.8585,DARUSSALAM_TB
02PYB0077,,99.5761,0.7139,SMGP_SORIK_MERAPI_PL
02PYB0078,,99.5919,0.7474,AEK_MARIAN_ST
02PYB0079,,99.6187,0.7681,AEK_BANIR_TB
02PYB0080,,99.7367,0.6496,MUARA_PUNGKUT_TB
02PYB0081,,99.8305,0.6363,KOTANOPAN_TOBANG_ST
02PYB0082,,98.8732,1.2213,VS_NT_BATU_MUNDOM_PL
02PYB0083,,99.1927,1.0083,VS_NT_HUTAIMBARU_PL
02PYB0084,,99.211,0.9955,VS_NT_LUBUK_KAPUNDUNG_PL
02PYB0085,,99.2329,0.3664,NT_BATAHAN_II_PL
02PYB0086,,99.4791,0.69,VS_NT_BULU_SOMA_PL
02PYB0087,,99.1128,0.8713,VS_NT_MANUNCANG_PL
02PYB0088,,99.894,0.5453,VS_NT_HUTA_PADANG_PL
02PYB0089,,99.7814,0.523,VS_NT_HUTA_PADANG_UP_PL
02PYB0090,,99.6468,0.6703,VS_NT_SIMPANG_DUHU_DOLOK_PL
02PYB0091,,99.2218,0.5314,SIDOMAKMUR_SINUNUKAN_TB
02PYB0095,,99.4022,0.6641,HUTAPANGAN_MT
02PYB0096,,99.3195,0.6742,MUARA_PARLAMPUNGAN_TB
02PYB0097,,99.3641,0.7035,MUARA_SOMA_MT
02PYB0098,,99.4633,1.0761,SIHIPENG_ST
02PYB0099,,99.1102,0.6099,SIKARA_KARA_MT
02PYB0100,,99.5589,0.8269,AEK_GALOGA_CM
02PYB0102,,99.3125,0.5882,LINGGA_BAYU_MANDAILING_MT
02PYB0103,,99.1034,0.64,RUKUN_JAYA_MT
02PYB0104,,99.7584,0.6506,LINTAS_KOTANOPAN_TB
02PYB0105,,99.7645,0.633,RAYA_ULUPUNGKUT_MT
02PYB0106,,99.4091,0.514,BATU_RANJO_ST
02PYB0107,,99.5064,0.9202,SIMANONDONG_PANYABUNGAN_UTARA_CM
02PYB0108,,99.5601,0.877,MERDEKA_PANGGORENGAN_TB
02PYB0109,,99.719,0.6591,GADINGBAIN_KOTANOPAN_TB
02RAP0001,,99.7844,2.1579,AFDELING_PL
02RAP0002,,99.8051,2.1267,AIK_PAING_TENGAH_PL
02RAP0003,,99.8158,2.0921,RANTAU_UTARA5_TB
02RAP0004,,99.8174,2.1026,KARTINI1_MT
02RAP0005,,99.8164,2.1122,RANTAU_UTARA_RAP2_PL
02RAP0006,,99.8179,2.0978,RANTAU_PARAPAT_EP
02RAP0007,,99.8212,2.1036,CUTNYAK_DIENPRAPAT_PL
02RAP0008,,99.8215,2.0989,PADANG_MATINGGI_RAP_TB
02RAP0009,,99.8227,2.1128,AEK_PAING_TB
02RAP0010,,99.826,2.0883,CENDANA_RANTAU_PRAPAT_TB
02RAP0011,,99.8266,2.1004,PDM_LABUHAN_BATU_TB
02RAP0012,,99.8266,2.093,TOR_PISANG_MATA_TB
02RAP0013,,99.8297,2.0787,MUNAF_LUBIS_RANTAU_MT
02RAP0014,,99.83,2.1055,PEKAN_LAMA_IB
02RAP0015,,99.8318,2.0997,AHMAD_YANI_KARTINI_PL
02RAP0016,,99.8326,2.0858,ADAM_MALIK_PADANG_BULAN_PL
02RAP0017,,99.8326,2.0894,SIRANDORUNG_RAP_TB
02RAP0018,,99.8341,2.0929,TANDEAN_KARTINI_PL
02RAP0019,,99.8373,2.124,PERLAYUAN_MT
02RAP0020,,99.8376,2.0893,BAKARAN_BATU_RAP_MT
02RAP0021,,99.8411,2.0793,TERMINAL_RANTAU_TB
02RAP0022,,99.8414,2.0921,KHDEWANTARA_ST
02RAP0023,,99.8432,2.0977,RAP_UTARA_MT
02RAP0024,,99.8442,2.0887,SIMAPANG_PERISAI_MT
02RAP0025,,99.8481,2.0951,RANTAU_PRAPAT_CITY_TB
02RAP0026,,99.8496,2.0878,RANTAU_PRAPAT_PL
02RAP0027,,99.8514,2.0971,RANTAU_UTARA_RAP1_TB
02RAP0028,,99.8518,2.0825,IN_SUZUYAMALLRANTAUPRAPAT_MC
02RAP0029,,99.8542,2.0759,RANTAU_PRAPAT_WALIKOTA_MT
02RAP0030,,99.8581,2.0713,SSGMANGARAJA_UJGBANDAR_PL
02RAP0031,,99.8605,2.0606,PERTIGAAN_RING_ROAD_TB
02RAP0032,,99.8619,2.094,KARTINI2_TB
02RAP0033,,99.8654,2.0563,SIGAMBAL2_EP
02RAP0034,,99.8694,2.0652,PERUMAHANLPK_TB
02RAP0035,,99.8708,2.0508,PERDAMAIAN2_TB
02RAP0036,,99.8716,2.0559,DANAU_BALAI_RAP2_TB
02RAP0037,,99.8739,2.0144,AEK_NABARA_RAP1_PL
02RAP0038,,99.8745,2.0398,SIGAMBAL_PL
02RAP0039,,99.8752,2.1021,URUNG_KOMPAS_MT
02RAP0040,,99.8767,2.1383,PULO_PADANG_CM
02RAP0041,,99.8769,2.0456,MSAID_PERDAMEAN_PL
02RAP0042,,99.8775,2.0242,LINGGA_TIGA_MT
02RAP0043,,99.8782,2.0605,DANAU_BALAI_RAP1_MT
02RAP0044,,99.9029,2.034,BULUH_CINA_ST
02RAP0045,,99.9085,2.0889,SILUMAN_MT
02RAP0046,,99.942,2.0684,PONDOK_BATU2_TB
02RAP0047,,99.9423,2.1349,HARAPAN_PEKAN_MT
02RAP0048,,99.9477,2.0685,PERBUANGAN_PL
02RAP0049,,99.9503,2.0584,AEK_NABARA_RAP2_EP
02RAP0050,,99.9544,2.0618,AEK_NABARA1_TB
02RAP0051,,99.9571,2.0612,SETIA_TIGA_RESTU_PL
02RAP0052,,99.9592,2.0751,PONDOK_BATU1_ST
02RAP0053,,99.9877,2.1395,PANGKATAN_ST
02RAP0054,,99.9922,2.1545,BILAH_HILIR_TB
02RAP0055,,100.013,2.056,PMT_SELENG_ST
02RAP0056,,100.0368,1.946,ENAM_AEKNABARA_KN
02RAP0057,,100.0469,2.1956,KAMPUNG_SENNAH_ST
02RAP0058,,100.0644,2.2178,RTO_NEGERI_LAMA_EP
02RAP0059,,100.0719,2.3164,NEGERILAMA_SEBERANG_MT
02RAP0060,,100.0773,2.3739,SIMPANG_ASJ_MT
02RAP0061,,100.0893,2.3131,NEGERI_LAMA_MT
02RAP0062,,100.091,2.427,TANJUNG_HALOBAN_MT
02RAP0063,,100.0984,2.3178,NEGERI_BARU_RAP_ST
02RAP0064,,100.1079,2.3569,SEI_TAMPANG_TB
02RAP0065,,100.1153,2.31,BANGUN_SARI_RAP_MT
02RAP0066,,100.1253,2.6123,SUNGAI_BROMBANG_EP
02RAP0067,,100.1308,2.4779,SARANG_ELANG_MDN_KN
02RAP0068,,100.1374,2.4631,CINTA_MAKMUR_MT
02RAP0069,,100.1453,2.5672,SEI_LUMUT_MT
02RAP0070,,100.1568,2.4597,TLSENTOSA_PL
02RAP0071,,100.1691,2.5184,NT_MARTABAJUNGKAT_TB
02RAP0072,,100.1748,2.5047,LABUHAN_BILIK_ST
02RAP0073,,100.1893,2.4497,SEI_PINANG_RAP_MT
02RAP0074,,100.1972,2.4274,BAGAN_BILAH_MT
02RAP0075,,100.2076,2.6732,NT_WONOSARI_RAP_ST
02RAP0076,,100.1722,2.5334,NT_DESA_PASAR_TIGA_MT
02RAP0077,,100.2786,2.5642,NT_DESA_SEI_TAWAR_EB
02RAP0078,,100.131,2.5938,SEI_SANGGUL_MT
02RAP0083,,99.8134,2.1326,AEK_PAING_MT
02RAP0087,,99.7655,2.1341,BATU_TUNGGAL_PL
02RAP0088,,99.8403,1.9035,TANJUNG_SIRAM_PL
02RAP0089,,100.1205,2.3278,PANGKATAN_3_PL
02RAP0090,,100.0044,2.0575,PEMATANG_SELENG_2_CM
02RAP0091,,100.0249,2.0655,PULO_PADANG_2_PL
02RAP0092,,100.1274,2.6242,BEROMBANG_SEI_BARU_PL
02RAP0094,,99.7425,2.0989,AEK_BURU_SELATAN_MT
02RAP0095,,100.0949,2.2737,BILAH_HILIR_MT
02RAP0096,,99.9021,2.1153,BILAH_BARAT_MT
02RAP0099,,100.1443,2.6249,SEISAKAT_PANAI_HILIR_MT
02RAP0100,,100.1567,2.4966,UNIV_LABUHANBATU_MT
02RAP0101,,100.1104,2.4689,SELATBESAR_LABUHANBATU_PL
02SAL0001,,98.2903,2.6526,RDTO_PAKPAK_MT
02SAL0003,,98.3243,2.5569,PAKPAK_MT
02SAL0004,,98.3338,2.5778,SIMPANG_JAMBU_TB
02SAL0005,,98.2998,2.556,KECUPAK_II_CM
02SAL0006,,98.3291,2.6426,KUTASAGA_KERAJAAN_PL
02SAL0007,,98.2602,2.6156,PAJAK_PANGGEGEAN_PL
02SAL0008,,98.3183,2.5415,PEMKAB_PAKPAK_BHARAT_TB
02SAL0009,,98.3258,2.5986,LAE_BINCILIN_TINADA_PL
02SAL0010,,98.3623,2.5165,SINGGABUR_TALIURANG_PL
02SAL0011,,98.3073,2.6162,BULUH_TELANG_KERAJAAN_PL
02SAL0012,,98.3328,2.529,PENANGGALAN_BINAGA_BOANG_PL
02SAL0013,,98.204,2.6637,TANJUNG_MERIAH_MT
02SAL0014,,98.3673,2.5804,DESA_MUNGKUR_PL
02SAL0015,,98.387,2.5132,PARDOMUAN_KUTA_UJUNG_MT
02SAL0016,,98.2428,2.6499,PAJAK_SIBANDE_MT
02SAL0017,,98.3817,2.5647,TRAJU_SIEMPAT_RUBE_TB
02SAL0018,,98.3289,2.4993,KUTA_TINGGI_SALAK_PL
02SAL0019,,98.3205,2.6607,TANJUNG_RAHU_PL
02SBG0001,,98.7736,1.7498,TVRI_SIBOLGA_MT
02SBG0002,,98.7764,1.7412,SIBOLGA1_MT
02SBG0003,,98.781,1.7327,SIBOLGA_BARU_PL
02SBG0005,,98.7824,1.7416,SIBOLGA_MT
02SBG0006,,98.787,1.7514,PASARIBU_ANGIN_PL
02SBG0007,,98.7878,1.7361,SSGMANGARAJA_SIBOLGA_MT
02SBG0008,,98.7904,1.731,PELABUHAN_SIBOLGA_TB
02SBG0009,,98.7937,1.7284,MERPATISIBOLGA_AEKMANIS_PL
02SBG0011,,98.7979,1.726,AEK_HABIL_TB
02SBG0012,,98.8006,1.7283,KOTA_SIBOLGA_TB
02SBG0013,,98.7811,1.7476,ANGIN_NAULI_MT
02SBH0002,,99.6631,1.0737,TANJUNG_GALE_TB
02SBH0006,,99.7326,1.0525,SIBUHUAN_MT
02SBH0010,,99.7487,1.2901,BARUMUN_TENGAH_TB
02SBH0015,,99.7651,1.1415,BARUMUN_TB
02SBH0017,,99.7758,1.3994,BINANGA_TB
02SBH0019,,99.8511,1.056,RTO_SOSA_TB
02SBH0020,,99.9441,1.0401,UJUNG_BATU_TAPSEL_MT
02SBH0024,,100.0096,1.042,TANJUNGALE_TB
02SBH0026,,100.0703,1.0629,TAMBUSAI_LAWAS_MT
02SBH0027,,99.5132,1.2094,VS_NT_HULIM_PL
02SBH0028,,99.8775,1.0458,ROBURAN_MT
02SBH0029,,100.1263,0.9659,PIRTRANS_SOSA_IV_MT
02SBH0030,,100.0855,0.9721,PIRTRANS_SOSA_II_MT
02SBH0034,,99.5823,1.1466,SIUNDOL_JAE_MT
02SBH0035,,99.6129,1.117,PAGARAN_BIRA_JAE_MT
02SBH0036,,99.5002,1.2326,SOSOPAN_JULU_MT
02SBH0037,,99.8768,1.493,SIALA_GUNDI_MT
02SBH0038,,100.1193,1.0672,SUNGAI_KORANG_TAMBUSAI_PL
02SBH0039,,100.0558,1.0669,SIMPANG_ALIAGA_TAMBUSAI_TB
02SBH0040,,99.7156,1.2746,SIREGAR_MARENU_MT
02SBH0041,,99.7657,1.3566,ULUGAJA_BARUMUN_MT
02SBH0042,,99.7736,1.3805,SIBORIS_DOLOK_PL
02SDB0001,,98.8589,3.3228,KOTA_RIH_TB
02SDB0002,,98.9244,3.435,PULAU_GAMBAR_MT
02SDB0003,,98.9307,3.5939,RAMBUNG_PERBAUNGAN_CM
02SDB0004,,98.931,3.3008,SILAUPARI_PL
02SDB0005,,98.9344,3.4544,PULO_GAMBAR_MT
02SDB0006,,98.9346,3.4068,DESA_PULAU_TAGOR_PL
02SDB0007,,98.941,3.3543,SPKWALA_BALI_TB
02SDB0009,,98.9427,3.5671,PASIRAN_SIMPANG_PL
02SDB0010,,98.9501,3.4644,SMPN_PEGAJAHAN_MT
02SDB0011,,98.9504,3.3518,KARANG_TENGAH_SDB_TB
02SDB0012,,98.9511,3.6072,ROAD_TO_KUALANAMU2_PL
02SDB0014,,98.9529,3.5656,LAHANUSUFINDRIS_ST
02SDB0015,,98.953,3.5766,PERBAUNGAN2_PL
02SDB0016,,98.9552,3.65,CILAWAN_TB
02SDB0017,,98.9572,3.5718,KOTA_GALUH2_MT
02SDB0018,,98.9581,3.4872,BINGKAT_MT
02SDB0019,,98.9594,3.5877,LUBUK_CEMARA_TB
02SDB0020,,98.96,3.5676,SIMPANG_TIGA_PEKAN_EB
02SDB0021,,98.961,3.5776,JAMBURPULAU_CM
02SDB0022,,98.9619,3.5591,MELATISATU_MT
02SDB0023,,98.962,3.5488,DUSUNMANGGA_MT
02SDB0024,,98.9626,3.521,MELATIDUA_ST
02SDB0025,,98.9626,3.5537,SIMPANG_PERBAUNGAN_PL
02SDB0026,,98.9636,3.5726,KOTA_GALUH3_TB
02SDB0027,,98.9668,3.5644,KEBUN_KELAPA_TUALANG_PL
02SDB0028,,98.9682,3.5977,LUBUKCEMARA_CM
02SDB0029,,98.972,3.6205,DESABESAR_TERJUNPEMUKI_MT
02SDB0030,,98.972,3.6526,PANTAI_GUDANGGARAM_MT
02SDB0031,,98.9746,3.5528,RAMBUTAN_PEGAJAHAN_TB
02SDB0032,,98.9761,3.563,TUALANG_SDB_MT
02SDB0033,,98.9782,3.6399,PANTAI_CERMIN_SDB_SDB2_PL
02SDB0034,,98.9796,3.569,DESA_MELATI_TB
02SDB0035,,98.9813,3.6181,DESABESAR_TERJUN_MT
02SDB0036,,98.9817,3.3392,MANAMPANG_LS
02SDB0037,,98.9842,3.4724,PEGAJAHAN_KN
02SDB0038,,98.9853,3.2991,PERTAMBATAN_ST
02SDB0039,,98.987,3.6498,WATER_BOOM_PANTAI_CERMIN_MT
02SDB0040,,98.9912,3.4517,SUKASARI_DSN4A_MT
02SDB0041,,98.9917,3.5672,DELIMUDALIR_EB
02SDB0042,,98.9925,3.5336,JATI_MULYO_MT
02SDB0043,,98.995,3.6381,PANTAI_CERMIN_SDB_SDB1_PL
02SDB0045,,98.9957,3.5739,MTS_PERBAUNGAN_PL
02SDB0046,,98.9972,3.1504,SERBANANTI_ST
02SDB0047,,98.9973,3.5523,BALDES_KARANGANYAR_TB
02SDB0048,,99.0006,3.5873,PEMATANG_KASIH_CM
02SDB0049,,99.005,3.6323,PANTAICERMIN_SERDANG_PL
02SDB0050,,99.0073,3.4078,KOTA_TENGAH1_MT
02SDB0051,,99.0079,3.5613,PASAR_BENGKEL_EP
02SDB0052,,99.0093,3.5537,DESA_SEI_SIJENGGI_MT
02SDB0053,,99.0125,3.5763,LIDAHTANAH_ST
02SDB0054,,99.0133,3.3365,DOLOK_MASIHUL_TB
02SDB0055,,99.0199,3.5536,PERBAUNGAN1_PL
02SDB0056,,99.0206,3.5952,LUBUK_DENDANG_CM
02SDB0057,,99.0263,3.3933,KOTA_TENGAH_MT
02SDB0058,,99.0323,3.1913,SIPISPIS_PL
02SDB0059,,99.0329,3.552,SIJENGGITANAHMERAH_MT
02SDB0060,,99.038,3.327,ARAS_PANJANG_IB
02SDB0061,,99.0403,3.5489,SEI_BULUH_PL
02SDB0062,,99.0408,3.5776,KESATUAN_MT
02SDB0063,,99.0446,3.614,PANTAI_CERMIN2_TB
02SDB0064,,99.0457,3.5945,NAGA_KISAR_SDB_CM
02SDB0066,,99.0503,3.4356,KTTENGAH_MDN_MT
02SDB0067,,99.0567,3.5498,SEI_BULUH_SDB_EB
02SDB0068,,99.0589,3.5439,PAYA_NIBUNG_SEI_BULUH_PL
02SDB0069,,99.0592,3.5754,DESA_SEI_NAGA_LAWAN_MT
02SDB0070,,99.0645,3.3445,PADANG_HULU_TB
02SDB0071,,99.0646,3.2204,BULUH_DURI_GT
02SDB0072,,99.074,3.545,DUSUN_DARUL_AMAN_MT
02SDB0073,,99.085,3.3489,DOLOKMASIHULTEBINGTINGGI_PL
02SDB0074,,99.088,3.5314,SPMATAPAO_TB
02SDB0076,,99.1027,3.4473,DUREN_REJO_MT
02SDB0077,,99.1046,3.5506,TELUK_MENGKUDU_EP
02SDB0078,,99.1056,3.2795,PABATU_ST
02SDB0079,,99.1065,3.5128,SERDANG_BEDAGAI_MT
02SDB0080,,99.1051,3.1407,DOLOKMERAWAN_PL
02SDB0081,,99.1109,3.2959,KEDAIDAMAR_PL
02SDB0082,,99.1084,3.1606,GUNUNG_PARA_EP
02SDB0083,,99.1147,3.1686,DOLOK_MERAWAN_TB
02SDB0084,,99.115,3.5579,SIALANG_BUAH_ST
02SDB0085,,99.1168,3.5119,PEMATANG_PELINTAHAN_PL
02SDB0086,,99.1219,3.4953,SPEMPAT_TB
02SDB0088,,99.1261,3.4896,FIRDAUS_SDB_TB
02SDB0089,,99.136,3.4835,SEI_RAMPAH_EP
02SDB0090,,99.1416,3.5443,BOGAK_KECIL_MT
02SDB0091,,99.1417,3.48,SEI_RAMPAH4_TB
02SDB0092,,99.1422,3.4752,SUNGAIRAMPAH_ST
02SDB0093,,99.1481,3.4677,KAMPUNG_PON2_TB
02SDB0094,,99.1495,3.4833,SEI_RAMPAH2_MT
02SDB0095,,99.1526,3.496,SEI_REJO_EB
02SDB0096,,99.1539,3.4575,KAMPUNG_PON3_TB
02SDB0097,,99.1594,3.516,MANGGA_DUA_TB
02SDB0098,,99.1626,3.4089,PSSERONG_PL
02SDB0099,,99.1636,3.3787,SEI_RAMPAH3_PL
02SDB0100,,99.1637,3.4422,KAMPUNG_PON1_PL
02SDB0101,,99.1642,3.4336,SEI_BAMBAN_EP
02SDB0102,,99.1673,3.5258,TJBERINGIN_MT
02SDB0103,,99.1688,3.3093,BAGELAN_TB
02SDB0106,,99.1794,3.5105,MANGGADUA_TANJUNGBERINGIN_TB
02SDB0107,,99.1897,3.3822,PAYALOMBANG_MT
02SDB0108,,99.191,3.3054,PAYA_PINANG_GH
02SDB0109,,99.1912,3.4909,PEKAN_TANJUNG_BERINGIN_TB
02SDB0110,,99.1936,3.5289,PANTAI_KALANG_TB
02SDB0111,,99.1973,3.4952,PANTAI_BEDAGAI_TB
02SDB0112,,99.1998,3.5014,PEMATANG_CERMAI_ST
02SDB0113,,99.2025,3.3432,SYAHBANDAR_MT
02SDB0114,,99.212,3.3922,PAYA_LOMBANG_PL
02SDB0115,,99.2149,3.3662,KUTABARU_PL
02SDB0116,,99.2219,3.3379,TEBING_TINGGI_GAPURA_TB
02SDB0117,,99.2322,3.3253,DESA_BINJAI_MT
02SDB0118,,99.2328,3.3443,DUSUN_PENGGALANGAN_MT
02SDB0119,,99.2509,3.3601,SEIBIRUNG_PL
02SDB0121,,99.2629,3.3953,BANDAR_TENGAH_TB
02SDB0122,,99.2779,3.4364,PEKAN_KHALIPAH_ST
02SDB0123,,99.0461,3.4578,SIMPANG_EMPAT_PL
02SDB0124,,99.096,3.4847,CEMPEDAK_LOBANG_TB
02SDB0125,,99.1257,3.4161,GEMPOLAN_PL
02SDB0126,,99.1695,3.4942,SEI_RAMPAH2_SDB_MT
02SDB0127,,99.179,3.4574,SEI_BAMBAN_TIMUR_TB
02SDB0128,,99.2555,3.4393,GELAM_SEI_SERIMAH_MT
02SDB0130,,98.9854,3.4873,KARANGSARI_PEGAJAHAN_CM
02SDB0132,,99.2169,3.4606,PEMATANG_TORANG_CM
02SDB0133,,99.0699,3.4752,SIMPANG_EMPAT_SEIRAMPAH_CM
02SDB0134,,98.7966,3.2777,PAGAR_MANIK_CM
02SDB0135,,99.1389,3.4444,SEI_BAMBAN2_PL
02SDB0136,,99.0427,3.3711,DOLOK_MASIHUL_PL
02SDB0137,,99.0297,3.4163,SIMP_EMPAT_PERGULAKAN_PL
02SDB0138,,99.0267,3.1285,NAGARAJA_TB
02SDB0139,,99.2997,3.423,DESA_KAYU_BESAR_PL
02SDB0140,,99.1914,3.4406,SEI_BULUH_CM
02SDB0141,,99.1352,3.525,PEMATANG_PELINTAHAN2_PL
02SDB0142,,99.0287,3.3495,DOLOK_MASIHUL2_PL
02SDB0143,,99.1237,3.3875,SERDANG_BEDAGAI_PL
02SDB0144,,99.0616,3.5292,KM65_TBGTINGGI_MEDAN_TB
02SDB0145,,98.9828,3.5116,PERBAUNGAN_SERGEI_PL
02SDB0146,,99.1236,3.4628,PEMATANG_GANJANG_MT
02SDB0147,,99.2041,3.4106,PAYA_MABAR_MT
02SDB0148,,99.1269,3.545,PEMATANG_GUNTUNG_ST
02SDB0151,,99.1744,3.3972,PAYA_LOMBANG_TINGGI_TB
02SDK0003,,98.1412,2.8309,SILIMA_PUNGGA_TB
02SDK0004,,98.1445,3.0347,TNH_PINEM_TB
02SDK0005,,98.1688,3.0545,BUTAR_TB
02SDK0007,,98.217,2.9135,TIGA_LINGGA_TB
02SDK0009,,98.2447,2.7812,KABAN_JULU_MT
02SDK0011,,98.2596,2.7547,BERAMPU_ST
02SDK0012,,98.2812,2.7546,HUTA_RAKYAT_MT
02SDK0013,,98.2852,2.8058,RTIGA_LINGGA_TB
02SDK0014,,98.2972,2.7878,PERUMAHAN_SIDIKALANG_TB
02SDK0015,,98.3022,2.7491,SIDIKALANG1_TB
02SDK0016,,98.3027,2.7528,PEKAN_TERMINAL_MT
02SDK0017,,98.3062,2.7613,TIGA_LINGGA_SIDIKALANG_PL
02SDK0018,,98.3094,2.7135,SIDIANGKAT_DAIRI_MT
02SDK0019,,98.3102,2.7467,LAE_GERING_BANDAR_SELAMAT_CM
02SDK0020,,98.3119,2.751,SIDIKALANG5_MT
02SDK0021,,98.3141,2.7459,SIDIKALANG_MT
02SDK0022,,98.316,2.7511,BATANG_BERUH2_TB
02SDK0024,,98.3269,2.7331,BATANG_BERUH1_MT
02SDK0025,,98.3386,2.7357,SIDIKALANG4_TB
02SDK0026,,98.3402,2.7545,BINTANG_HULU_MT
02SDK0027,,98.3404,2.7181,PANJI_DABUTAR_MT
02SDK0028,,98.3442,2.7358,SIBURA_BURA_ST
02SDK0029,,98.3526,2.7239,SITINJO_TB
02SDK0030,,98.3626,2.7234,SITINJO_DAIRI_SDK2_PL
02SDK0031,,98.3784,2.7328,SITINJO_DAIRI_SDK1_TB
02SDK0032,,98.3938,2.7424,PEGAGAN_JULU1_TB
02SDK0033,,98.4018,2.7434,SUMBUL_MT
02SDK0034,,98.4099,2.7415,SIDIKALANG3_PL
02SDK0035,,98.4167,2.6853,SLT_SIDIKALANG_KMT_PL
02SDK0036,,98.441,2.7554,PEGAGAN_JULU2_TB
02SDK0037,,98.4738,2.7623,PLTA_LAU_RENON_MT
02SDK0038,,98.4739,2.6871,PANGGURUAN_TB
02SDK0039,,98.4836,2.627,PARBULUAN_MT
02SDK0040,,98.5,2.7978,DOLOK_SUMBUL_EP
02SDK0041,,98.5276,2.8027,PAROPO_KIS_TB
02SDK0042,,98.1213,2.8534,PARONGIL_MT
02SDK0043,,98.1362,3.0117,PASIR_TENGAH_TB
02SDK0044,,98.1877,2.8247,ADIAN_NANGKA_CM
02SDK0045,,98.2172,2.786,KENTARA_ST
02SDK0046,,98.2477,2.8695,SIPOLTONG_MT
02SDK0047,,98.3221,2.7428,BATANG_BERUH_MT
02SDK0048,,98.3868,2.8154,PEGAGAN_JULU7_MT
02SDK0049,,98.409,2.8452,LINGGA_RAJA2_MT
02SDK0050,,98.5305,2.5932,PARBULUAN1_MT
02SDK0051,,98.4679,2.6266,PARBULUAN3_MT
02SDK0052,,98.4485,2.6559,PARBULUAN4_MT
02SDK0053,,98.2632,2.8307,TAMBAHAN_MT
02SDK0054,,98.3172,2.7771,LAE_NUAHA_MT
02SDK0055,,98.1357,2.8155,LUMBAN_SIHITE_MT
02SDK0056,,98.4723,2.7128,PARGAMBIRAN_SUMBUL_PL
02SDK0057,,98.244,2.897,SARINTONU_TIGALINGGA_PL
02SDK0058,,98.192,2.9151,LAUMIL_TIGALINGGA_PL
02SDK0059,,98.3332,2.6848,AIR_BERSIH_PANJARANTAN_MT
02SDK0060,,98.248,2.8472,PANGARIBUAN_NEMPU_HULU_MT
02SDK0061,,98.4806,2.7329,PARGAMBIRAN_MT
02SDK0062,,98.1662,2.8387,HKI_SINAMPANG_SINORBO_CM
02SDK0063,,98.4431,2.7761,PUSKESMAS_PEGAGAN_JULU_PL
02SDK0064,,98.1701,2.9405,SITEMBER_DAIRI_MT
02SDK0065,,98.3009,2.7567,SIDIKALANG_HUTA_TB
02SDK0067,,98.4388,2.6989,PANGGURUAN_SUMBUL_PL
02SMS0001,,98.6923,2.6796,TUGU_JALA_CM
02SMS0002,,98.6947,2.6246,SAINT_NI_HUTA_TB
02SMS0004,,98.6969,2.6143,PARSAORAN_MT
02SMS0005,,98.6977,2.7267,SIMANINDO_PL
02SMS0006,,98.6999,2.6091,PANGURURAN_EP
02SMS0007,,98.707,2.602,PINTUSONA_MT
02SMS0008,,98.7095,2.5865,DRHADRIANUS_SINAGA_PL
02SMS0009,,98.726,2.5398,PINTU_BATU_EP
02SMS0010,,98.8069,2.7116,MARTOBA_PL
02SMS0011,,98.8246,2.68,AMBARITA_SMS_PL
02SMS0012,,98.8583,2.6711,PARAPAT_EP
02SMS0013,,98.8588,2.6528,PELABUHAN_TOMOK_SMS_PL
02SMS0014,,98.8881,2.4416,NAINGGOLAN_PL
02SMS0015,,98.9414,2.4467,ONAN_RUNGGU_TB
02SMS0016,,98.7632,2.5147,PALIPI_TB
02SMS0017,,98.7092,2.5215,HARIAN_GH
02SMS0018,,98.7272,2.4943,SITIO_TIO_MT
02SMS0021,,98.7448,2.7525,PELABUHAN_SIMANINDO_MT
02SMS0023,,98.7822,2.5904,AEK_TAWAR_SARI_TB
02SMS0024,,98.7593,2.7394,SIMANINDO_SANGKAL_PL
02SMS0025,,98.6965,2.6353,JLGEREJA_PANAMPANGAN_MT
02SMS0026,,98.6383,2.5806,SIANJUR_MULA_MULA_PL
02SMS0027,,98.8068,2.4935,PARDOMUAN_PALIPI_PL
02SMS0028,,98.6911,2.6587,KAMPUNG_ULOS_HUTABOLON_PL
02SMS0029,,98.8056,2.4748,PALLOMBUAN_PALIPI_MT
02SMS0030,,98.8654,2.4434,PASARAN1_SIRAIT_PL
02SMS0031,,98.7462,2.5,CINTA_MAJU_SITIOTIO_PL
02SMS0032,,98.8415,2.6759,AMBARITA_SIMANINDO_TB
02SMS0033,,98.737,2.558,RIANIATE_PANGURURAN_IB
02SMS0034,,98.8387,2.4637,TUGU_TOGA_PANDIANGAN_MT
02SMS0035,,98.7195,2.5629,RAYA_NAINGGOLAN_MT
02SMS0036,,98.6679,2.5492,HARIAN_SIBEABEA_MT
02SMS0037,,98.6922,2.6969,RAYA_SIMANINDO_MT
02SMS0038,,98.9211,2.4424,HARIAN_ONAN_RUNGGU_GH
02SMS0039,,98.958,2.4518,TUGU_PAKPAHAN_HUTARAJA_PL
02SMS0040,,98.7197,2.7496,RAYA_PANGURURAN_SIMANINDO_PL
02SMS0041,,98.7319,2.6688,DESA_PARDOMUAN_NAULI_PL
02SMS0042,,98.7786,2.4466,SABULAN_SITIO_TIO_MT
02SMS0043,,98.8925,2.5909,LONTUNG_PARMONANGAN_MT
02SMS0044,,98.7266,2.6016,PINTUSONA_PANGURURAN_MT
02SMS0045,,98.7597,2.5477,HUTAGINJANG_PALIPI_PL
02SMS0046,,98.8891,2.478,DESA_JANJIMARAPOT_PL
02SMS0047,,98.775,2.6149,SABUNGAN_NIHUTA_PL
02SMS0048,,98.5938,2.5594,HARIARA_PINTU_MT
02SMS0049,,98.7511,2.637,SALAON_TONGA_MT
02SMS0050,,98.8692,2.5139,DESA_PANAGGANGAN2_PL
02SMS0051,,98.6314,2.5318,PARTUNGKO_NAGINJANG_IB
02SMS0052,,98.6466,2.5092,TOGARAJA_PARTUNGKO_MT
02SPK0004,,98.994,1.5199,GAROGA_PL
02SPK0005,,98.9973,1.5108,HUTO_GADANG_TB
02SPK0007,,99.042,1.4888,BATU_HULA_CM
02SPK0008,,99.0546,1.4889,PTPNAEK_PINING_MT
02SPK0009,,99.0661,1.4843,BATANG_TORU_MT
02SPK0010,,99.146,1.4029,NT_SIUHOM_IB
02SPK0012,,99.1763,1.4267,SITINJAK_TB
02SPK0014,,99.2,1.4157,TOBOTAN_EP
02SPK0016,,99.2229,1.3733,NAPA_PL
02SPK0017,,99.2306,1.626,RTO_SIPIROK_TB
02SPK0021,,99.2686,1.5831,SIPIROK_MT
02SPK0023,,99.287,1.5159,NEWPARSABOLAS_EP
02SPK0029,,99.3349,1.2715,NT_TAHALAK_UJUNG_GADING_EB
02SPK0030,,99.3354,1.2636,NT_SIDADI_JULU_TB
02SPK0031,,99.3408,1.4577,SIDEMPUANTIMUR_PL
02SPK0032,,99.3433,1.2473,NT_PINTU_PADANG_MT
02SPK0033,,99.3441,1.2539,NT_SIDADI_MT
02SPK0035,,99.3575,1.228,NT_PINTU_PADANG1_ST
02SPK0036,,99.3621,1.2194,BENTENG_HURABA_MT
02SPK0037,,99.3811,1.1946,NT_TOLANG_JAE_TB
02SPK0038,,99.3994,1.1795,NT_BANGE_SPK_PL
02SPK0039,,99.4088,1.1714,SILAIYA_TANJUNG_LEUK_MT
02SPK0040,,99.4142,1.1211,SAYURMATINGGI_PL
02SPK0041,,99.4236,1.1499,SIOBAN_EP
02SPK0042,,98.8763,1.459,NT_DESA_LUMUT_NAULI_PK
02SPK0043,,98.8462,1.3348,VS_NT_MUARA_OPU_EB
02SPK0044,,99.0682,1.4136,NT_DESA_BATU_GODANG_MT
02SPK0045,,99.3336,1.2758,NT_DESA_JANJI_MAULI_MT
02SPK0046,,99.1808,1.293,VS_NT_PARDOMUAN_PL
02SPK0047,,99.0235,1.3792,NT_SANGKUNUR_MT
02SPK0048,,99.0657,1.4461,SIMATOHIR_TB
02SPK0049,,99.2871,1.5789,BARINGIN_SIPIROK_MT
02SPK0052,,99.0096,1.4291,BANDAR_TARUTUNG_MT
02SPK0053,,99.4147,1.0704,PANABARI_HUTATONGA_GT
02SPK0054,,99.1045,1.4782,SIPENGGENG_ST
02SPK0055,,99.308,1.6406,PINAGAR_EB
02SPK0058,,99.4058,1.1082,TANO_TOMBANGAN_MT
02SPK0059,,99.1871,1.5273,MARANCAR_MANDATORY_MT
02SPK0060,,99.3089,1.6743,PASAR_ARSE_MT
02SPK0061,,99.3242,1.696,HUTAPADANG_ARSE_MT
02SPK0062,,99.1309,1.4549,PADANG_LANCAT_MT
02SPK0063,,99.3883,1.4291,PANOMPUAN_HAUMAHA_MT
02SPK0064,,99.1375,1.4948,PASAR_SEMPURNA_MERANCAR_MT
02SPK0065,,99.3044,1.5206,DANO_SITUMBA_SIPIROK_ST
02SPK0066,,99.1864,1.4224,SALAK_SIBAKKUA_CM
02STB0001,,98.0863,4.1131,HALABANKEUDE_MT
02STB0002,,98.1193,4.0745,DURIAN_BST_TB
02STB0003,,98.1226,3.5536,PERKEBUNAN_BUKIT_LAWA_MT
02STB0004,,98.1378,4.0015,PANTAI_BUAYA_MT
02STB0005,,98.1381,3.5349,KANTOR_BUPATI_LABURA_MT
02STB0006,,98.1416,3.9839,SIJAMBU_MT
02STB0007,,98.165,3.5115,TIMBANGLAWAN_TB
02STB0008,,98.1729,4.0358,BESITANG_MT
02STB0009,,98.1857,3.4929,BAHOROK_TB
02STB0010,,98.1858,4.0319,BUKITMAS_PASARHULU_MT
02STB0011,,98.1992,4.0216,SMP1_BESITANG_MT
02STB0012,,98.2116,4.0184,BUKIT_KUBU_TB
02STB0013,,98.2139,4.1111,BUKIT_JENGKOL_MT
02STB0014,,98.2144,4.1186,PANGKALAN_SUSU1_MT
02STB0015,,98.2178,4.118,PANGKALAN_SUSU_EP
02STB0016,,98.2179,4.1123,POSTAMBANG_MINYAK_PL
02STB0017,,98.2183,4.1041,ALURCIMPEDAK_MT
02STB0018,,98.2226,3.4515,MB_NAMOTONGAN_MT
02STB0019,,98.2248,4.1072,BERAS_BASAH_PL
02STB0020,,98.2255,3.7305,SPETEK_MT
02STB0021,,98.2256,4.0112,SEITUALANG_PL
02STB0022,,98.233,4.1039,PERTAMINA_PKL_SUSU_MT
02STB0023,,98.2364,3.992,DUSUN_UTAMA_TANDURI_MT
02STB0024,,98.2389,4.0576,KPBARU_PANGKALANBATU_PL
02STB0025,,98.2393,4.0534,BRANDAN2_MT
02STB0026,,98.2399,3.4116,PEKAN_MARYKE_PL
02STB0027,,98.2399,3.7496,SEILITUR_TASIK_CM
02STB0028,,98.2403,4.0375,TANGKAHAN_SERAI_PL
02STB0029,,98.2447,4.0861,BUKITRATA_PL
02STB0030,,98.2543,4.004,ALLUR_DUA_BARU_ST
02STB0031,,98.2548,3.7524,SEI_BAMBAN_STB_MT
02STB0032,,98.257,3.7601,SEI_BATANG_SERANGAN_TB
02STB0033,,98.2588,3.7476,PUJIDADI_STB_MT
02STB0034,,98.2608,4.0069,PURAKA_BRANDAN_MT
02STB0035,,98.2611,4.1063,TANJUNG_PASIR_DUSUN_PL
02STB0036,,98.2635,4.0775,LUBUK_KERTANG_TB
02STB0037,,98.2697,4.0059,ALUR_DUA_HILIR_MT
02STB0038,,98.2718,3.9947,PITURAH_MT
02STB0039,,98.272,3.9772,SUNGAI_BILAHTMR_CM
02STB0040,,98.2721,3.7909,MEKAR_SAWIT_MT
02STB0041,,98.2743,3.7688,BATANGSERANGAN_MT
02STB0042,,98.276,3.7998,SAWIT_SEBERANG_EP
02STB0043,,98.2793,4.012,BRANDAN_BARAT_TB
02STB0044,,98.2861,4.0249,KILANG_PERTAMINA_BRANDAN_MT
02STB0045,,98.2871,4.0202,STO_PANGKALAN_BERANDAN_MT
02STB0046,,98.2874,4.0366,PELABUHAN_BRANDAN_MT
02STB0047,,98.2893,4.0159,PANGKALAN_BRANDAN_MT
02STB0048,,98.2901,4.0273,PANGKALAN_BERANDANTMR_ST
02STB0049,,98.2911,4.0111,SIMPANG_PENDIDIKAN_TB
02STB0050,,98.2919,4.0204,BERANDAN_MT
02STB0051,,98.2936,4.0038,ALUR_BINJAI_TB
02STB0052,,98.2958,4.0168,BRANDAN_TIMUR_TB
02STB0053,,98.2971,3.5498,SERAPIT_PL
02STB0054,,98.2977,4.0216,GTGROYONG_SEIBILAH_CM
02STB0055,,98.2994,3.4797,TANJUNG_LANGKAT_TB
02STB0056,,98.3006,4.0124,PELAWI_MT
02STB0057,,98.3044,4.0043,KAMPUNG_PELAWI_TB
02STB0058,,98.3106,4.03,TELUKMEKU_TB
02STB0059,,98.3145,3.8306,TGSELAMAT_MT
02STB0060,,98.3156,3.9966,SECURAI_UTARA_ST
02STB0062,,98.3196,3.9897,SECURAI_UTR_MT
02STB0063,,98.3317,4.0143,SECURAI_SELATAN2_GT
02STB0065,,98.3339,4.0372,TELUK_MEKU_MT
02STB0066,,98.3365,3.7944,DESA_BUKITBARAT_MT
02STB0067,,98.3381,3.9807,PALUH_MANIS_ST
02STB0068,,98.3429,3.5804,TANJUNG_KERIAHAN_PL
02STB0069,,98.3446,3.7986,TGPUTUS_TB
02STB0070,,98.3539,3.805,JATI_SARI_STB_TB
02STB0071,,98.3556,3.5982,AMAN_DAMAI_TB
02STB0072,,98.3575,3.9682,ROATANJUNG_PURA_BRANDAN_PL
02STB0073,,98.3624,3.9851,RWGEBANG_MT
02STB0074,,98.3633,3.5255,NAMO_MBELIN_LS
02STB0075,,98.364,3.9623,SUDIRMAN_LANGKAT_PL
02STB0076,,98.3717,3.9516,PEKANGEBANG_PL
02STB0077,,98.3721,3.9429,PEKAN_GEBANG_CM
02STB0078,,98.3722,3.9704,DUSUN_PRINGGAN_MT
02STB0079,,98.3728,3.5681,JAMINGINTING_PL
02STB0080,,98.3765,3.7879,TANJUNG_SELAMAT_MT
02STB0081,,98.3806,3.9241,AIR_HITAM_PL
02STB0082,,98.3809,3.6818,TEGALSELAYANG_PL
02STB0083,,98.3811,3.494,KUALANGKAT_MT
02STB0084,,98.3818,3.5261,PEKAN_KUALA_CM
02STB0085,,98.3869,3.61,BEKULAP_TB
02STB0087,,98.3886,3.9548,DOGANG_ST
02STB0088,,98.391,3.5279,KUALA_STB_MT
02STB0089,,98.3922,3.6443,SELAYANG_CM
02STB0090,,98.393,3.9257,AIRHITAMGEBANG_ST
02STB0091,,98.3951,3.3108,TELAGAH_MT
02STB0092,,98.3951,3.908,PAYAGEBANG_PL
02STB0093,,98.3992,3.5288,KUALA_STB1_MT
02STB0094,,98.3999,3.9027,PAYA_BENGKUANGHULU_MT
02STB0095,,98.4006,3.6031,SMA_SELESAI_TB
02STB0096,,98.4017,3.9142,DUSUNDUA_SEPAKAT_TB
02STB0097,,98.4037,3.7722,STABAT_LAMA_MT
02STB0098,,98.4066,3.6231,PEKAN_SELESAI_TB
02STB0099,,98.4077,3.5893,PAYA_JAMBU_TB
02STB0100,,98.4097,3.5256,DALAN_NAMAN_GH
02STB0101,,98.4097,3.6112,SELESAI_MT
02STB0102,,98.41,3.9077,PAYA_BENGKUANG_CM
02STB0103,,98.4139,3.9012,SERAPUH_ASLI_TB
02STB0104,,98.4166,3.5613,PADANG_CERMIN_STB_TB
02STB0105,,98.4179,3.5398,BALAI_KASIH2_TB
02STB0106,,98.4179,3.9397,PULAUBANYAK_CM
02STB0108,,98.4206,3.6085,BINJAI_SELAYANG_PL
02STB0109,,98.4208,3.5288,BALAIKASIH_MT
02STB0110,,98.4211,3.8978,MEKAR_JAYA_STB_TB
02STB0111,,98.4223,3.7138,KUALA_BINGAI_MT
02STB0112,,98.4223,3.6436,MANCANG_MT
02STB0113,,98.4227,3.8924,SUDIRMAN_TANJUNG_PURA_MT
02STB0114,,98.4237,3.8691,CEMPA_HULU_TB
02STB0115,,98.4245,3.8582,HINAI_PL
02STB0116,,98.425,3.9073,TANJUNGPURA_MEDAN_MT
02STB0117,,98.4251,3.9009,TANJUNG_PURA_CITY_PL
02STB0118,,98.4256,3.9268,TELUK_BAKUNG_STB_MT
02STB0119,,98.4258,3.8129,PENGGABUNGAN_HINAI_PL
02STB0120,,98.4266,3.837,KEBUN_LADA_STB_TB
02STB0121,,98.4269,3.7983,ROASTABAT_TANJUNG_PURA_MT
02STB0122,,98.4269,3.7855,JENTERA_STABAT_PL
02STB0123,,98.4272,3.8971,BELAKANG_POS_MT
02STB0124,,98.4273,3.8887,PERDAGANGAN_STB_PL
02STB0125,,98.4265,3.8271,LADA_HANAI_ST
02STB0126,,98.4286,3.5958,BRAHRANG1_CM
02STB0127,,98.4302,3.8531,HINAI_KIRI_MT
02STB0128,,98.4305,3.605,BRAHRANG2_MT
02STB0129,,98.4328,3.879,DUSUN_CEMPA_MT
02STB0130,,98.4344,3.5224,BALAI_KASIH_PL
02STB0131,,98.4349,3.6935,BANGUNSARI_STB_TB
02STB0132,,98.4351,3.7352,KWALABINGAI_PL
02STB0133,,98.4354,3.6098,KUALA_AIRHITAM_TB
02STB0134,,98.4363,3.775,WAMPU_ST
02STB0135,,98.4383,3.5013,RAJA_TENGAH_ST
02STB0136,,98.4388,3.5911,BRAHRANG_LS
02STB0137,,98.4396,3.8959,TERUSANLALANG_MT
02STB0138,,98.4404,3.7419,STABAT_SELATAN_ST
02STB0140,,98.4405,3.7454,STABAT1_PL
02STB0141,,98.4416,3.8469,SUKADAMAI_STB_CM
02STB0142,,98.445,3.6776,KUALA_BEGUMIT_PL
02STB0143,,98.4472,3.7483,STABAT_BARU_TB
02STB0145,,98.4479,3.8381,HANAI_TB
02STB0146,,98.4484,3.7601,BRIGJENKATAMSO_GALANGKOTA_PL
02STB0147,,98.4485,3.9253,AMPERA_STB_MT
02STB0148,,98.4486,3.8982,SIJERNIH_TB
02STB0150,,98.4486,3.7848,PASAR_LINTANG_PL
02STB0151,,98.4488,3.6721,SAMBIREJO_STB_TB
02STB0152,,98.4497,3.7513,STABAT_TB
02STB0153,,98.4511,3.5883,TANJUNG_MERAHE_STB_ST
02STB0154,,98.4528,3.4838,NAMU_UKUR_SLT_ST
02STB0155,,98.4545,3.9402,DSPEMATANG_CENGALTMR_MT
02STB0156,,98.4555,3.7608,STABAT_CITY_EP
02STB0157,,98.4556,3.7559,WAMPU_MUSYAWARAH_TB
02STB0158,,98.4613,3.6205,TANJUNG_JATI_STB_TB
02STB0159,,98.4615,3.6333,TANJUNG_JATI_TB
02STB0160,,98.4618,3.7656,UMARBAKRIE_PAYAMABA_CM
02STB0161,,98.4628,3.8264,HINAI_KIRI_HULU_TB
02STB0162,,98.4631,3.7513,BAMBUAN_STABAT_MT
02STB0163,,98.4633,3.4944,NAMU_UKUR_UTR_TB
02STB0164,,98.4678,3.7717,ARACONDONG_CM
02STB0165,,98.4679,3.506,KWALA_MENCIRIM_CM
02STB0166,,98.4682,3.7557,KARYA_PARDAMEN_PL
02STB0167,,98.4684,3.6549,CENGKEH_TURI_STB_TB
02STB0168,,98.4698,3.4564,BEKANCAN_TB
02STB0169,,98.4707,3.8712,DUSUN_TANAH_LAPANG_MT
02STB0170,,98.4734,3.516,NAMO_SIRA_SIRA_TB
02STB0171,,98.4735,3.8532,CINTA_RAJA_CM
02STB0172,,98.4761,3.524,NAMU_UKUR_PL
02STB0173,,98.4771,3.7486,PERDAMAIAN_STB_PL
02STB0174,,98.4774,3.763,PAYAMABAR_BANTENAN_MT
02STB0175,,98.4802,3.7762,ARA_CONDONG_MT
02STB0176,,98.4815,3.6647,SENDANG_REJO_MT
02STB0177,,98.4825,3.7425,DENDANG_STABAT_MT
02STB0178,,98.485,3.5445,PSR4_KWALA_MENCIRIM_TB
02STB0179,,98.486,3.8126,SUKA_MULIA_PL
02STB0180,,98.4864,3.824,KEPALA_SUNGAI2_PL
02STB0181,,98.489,3.4556,DESANAMUTATINGKECSEIBING_MT
02STB0182,,98.4894,3.7989,KEPALA_SUNGAI1_MT
02STB0183,,98.4905,3.86,SICANGGANG_HINAI_TB
02STB0184,,98.4914,3.7854,CONDONG_HILIR_MT
02STB0185,,98.4917,3.4798,PASAR_NAMOTERASI_TB
02STB0186,,98.4936,3.6791,BAKTI_SIDOMULYO_PL
02STB0187,,98.4946,3.7055,KARANG_REJO_STB_TB
02STB0188,,98.4957,3.5056,DESANAMUTERASIPSR5KECSE_MT
02STB0189,,98.4964,3.7268,RTANDEM_PL
02STB0190,,98.4986,3.5159,PURWOBINANGUN1_CM
02STB0191,,98.5,3.7678,SUKOBENO_BEGUMIT_PL
02STB0193,,98.5012,3.532,PURWOBINANGUN_LS
02STB0194,,98.5028,3.7233,BINJAI_STABAT_TB
02STB0195,,98.5034,3.8711,TANJUNG_IBUS_LANGKAT_PL
02STB0196,,98.5034,3.7138,JLAMARTA_STABAT_TB
02STB0197,,98.5059,3.7762,SEI_KARANG_ST
02STB0198,,98.506,3.7026,TANDAM_HILIR_STB_PL
02STB0199,,98.5095,3.821,APITELUK_SECANGGANG_TB
02STB0200,,98.5121,3.7966,KARANG_GADING_LANGKATSLTN_TB
02STB0201,,98.5124,3.8102,TLK_SECANGGANG_LS
02STB0202,,98.5133,3.8942,APIPURWOSARI_SECANGGANG_TB
02STB0203,,98.5213,3.7783,KARANG_ANYAR_STB_MT
02STB0204,,98.5224,3.8281,TELAGAJERNIH_MT
02STB0205,,98.5464,3.8656,SECANGGANG_MT
02STB0206,,98.5495,3.8357,KARANG_GADING_MT
02STB0207,,98.5592,3.8695,SELOTONG_TB
02STB0208,,98.5754,3.8722,SUKA_MULIA1_CM
02STB0209,,98.4514,3.7043,PERDAMAIAN_BINJAI_UTARA_CM
02STB0210,,98.0725,4.1169,HALABAN_PL
02STB0211,,98.1686,3.9475,PIR_ADB_BESITANG_MT
02STB0212,,98.4515,3.9105,PANTAI_CERMIN_MT
02STB0213,,98.4895,3.415,PEKAN_SAWAH_MT
02STB0214,,98.1686,3.9855,SEKOCI_MT
02STB0215,,98.4814,3.9631,PEMATANG_CENGAL_CM
02STB0216,,98.5167,3.9882,TAPAK_KUDA_MT
02STB0218,,98.4219,3.9592,PULAU_BANYAK_MT
02STB0219,,98.1457,4.0489,PEKAN_BESITANG_MT
02STB0221,,98.1988,3.9392,PIR_ADB_BESITAN2_TB
02STB0222,,98.3575,3.8691,TANJUNG_SELAMAT_LANGKAT_CM
02STB0223,,98.1594,3.7002,NAMO_SIALANG_PL
02STB0224,,98.3947,3.7144,PERTUMBUKAN_LANGKAT_PL
02STB0225,,98.3261,3.8264,TANJUNGSELAMAT_LANGKAT_2_PL
02STB0226,,98.4231,3.7496,PANTAIGEMI_LANGKAT_PL
02STB0227,,98.3141,3.4393,SALAPIAN_TAMBUNAN_PL
02STB0229,,98.4771,3.8947,SUNGAI_ULAR_SECANGGANG_MT
02STB0230,,98.2592,3.5487,LENGGANG_BOHOROK_MT
02STB0231,,98.3101,3.7771,TEBING_PADANG_TUALANG_MT
02STB0232,,98.3642,3.8062,BESILAM_PADANG_TUALANG_MT
02STB0234,,98.4679,3.6758,SETIA_SAMBIREJO_CM
02TBT0001,,99.1263,3.3353,PINANG_MANCUNG_MT
02TBT0002,,99.1263,3.3006,KOTABAYU_ST
02TBT0003,,99.1278,3.3312,TELUK_KARANG_ST
02TBT0004,,99.1311,3.3454,BROHOL_EB
02TBT0005,,99.1351,3.34,PELITA_BAJENIS_TB
02TBT0006,,99.1359,3.3113,LUBUK_RAYA_CM
02TBT0007,,99.1381,3.2908,BAHILANG_TB
02TBT0008,,99.1383,3.3461,BAJENIS_PL
02TBT0009,,99.14,3.3163,LUBUK_RAYA1_TB
02TBT0010,,99.1429,3.333,BULIAN_MDN_TB
02TBT0011,,99.1457,3.3456,JLKARYA_TEBING_MT
02TBT0012,,99.146,3.3287,BULIAN_TBT_TB
02TBT0013,,99.1484,3.3244,SEI_CUKA_PL
02TBT0014,,99.1494,3.3132,KODIM_TB
02TBT0015,,99.1497,3.3193,PADANG_HULU_TBT_GT
02TBT0016,,99.1507,3.339,SATRIA_TEBING_TB
02TBT0017,,99.1512,3.3321,KFTANDEAN2_TB
02TBT0018,,99.1516,3.3263,DURIAN_BAJENIS_ST
02TBT0019,,99.1547,3.3198,RAMBUNG_TEBING_TINGGI_PL
02TBT0020,,99.1565,3.3299,RSKUMPULAN_PANE_GT
02TBT0021,,99.1575,3.3233,THAMRIN_TBT_PL
02TBT0022,,99.158,3.3407,BADAK_BEJUANG_EB
02TBT0023,,99.158,3.3166,BANDARSONO_PL
02TBT0024,,99.1605,3.3131,TEBING_TINGGI_CITY_EP
02TBT0025,,99.1606,3.3297,SYIHAB_BADAK_PL
02TBT0026,,99.1609,3.3095,RAYA_PINANG_ST
02TBT0027,,99.1615,3.365,PERUMAHAN_BP7_IB
02TBT0028,,99.1617,3.3373,TEBING_TINGGI_TBT_PL
02TBT0029,,99.162,3.3252,BANI_HASYIM_TEBING_TINGGI_PL
02TBT0031,,99.1642,3.3304,KARTINI_TBT_TB
02TBT0032,,99.1659,3.3685,JLYOS_SUDARSO_TEBING_TB
02TBT0033,,99.1666,3.325,BRIMOB_TAMAN_BAHAGIA_MT
02TBT0034,,99.1666,3.3605,RANTAU_LABAN_PL
02TBT0035,,99.1669,3.3519,LEUSER_TBT_GT
02TBT0036,,99.1676,3.3151,STASIUN_TEBING_TB
02TBT0037,,99.1682,3.3443,RAMAYANA_TBT_PL
02TBT0038,,99.1704,3.3298,SATRIA_TBT_PL
02TBT0039,,99.1705,3.3356,TEBINGTINGGI_MT
02TBT0040,,99.1717,3.3191,PADANG_HILIR_MT
02TBT0041,,99.175,3.3214,TEBING_TINGGI_KMT_PL
02TBT0042,,99.1768,3.3476,DESA_TAMBANGAN_PL
02TBT0043,,99.177,3.3364,KOMPLEKS_SATRIA_TB
02TBT0044,,99.1861,3.3169,BINJAI_SERDANG_BEDAGAI_PL
02TBT0045,,99.1897,3.3426,KUTA_BARU_TEBING_PL
02TBT0046,,99.1646,3.3192,TANAH_BERSIH_TEBING_TB
02TJB0001,,99.7568,2.9398,JERMAL_TJB_TB
02TJB0002,,99.7763,2.9497,TANJUNG_BALAI1_ST
02TJB0003,,99.7897,2.9512,GADING_TANJUNG_BALAI_PL
02TJB0004,,99.7908,2.9769,PSRBARU_SEITUALANG_RASO_PL
02TJB0005,,99.7917,2.9576,SIRANTAU_TB
02TJB0006,,99.792,2.9438,GADING_TB
02TJB0007,,99.7954,2.9681,DESA_SIRANTAU_TB
02TJB0008,,99.7932,2.9487,DESA_GADING_KN
02TJB0009,,99.794,2.9533,SELAT_LANCANG_MT
02TJB0010,,99.7958,2.9737,PASAR_BARU_TJB_ST
02TJB0011,,99.7974,2.9486,BUNGA_TANJUNG_TB
02TJB0012,,99.798,2.9563,BAHAGIA_BUNGA_TANJUNG_PL
02TJB0013,,99.7985,2.9823,DESA_KAPIAS_KN
02TJB0014,,99.7995,2.9856,TUALANG_RASO_ST
02TJB0015,,99.8002,2.9749,SEI_NANGKA_TB
02TJB0016,,99.8002,2.9409,DATUK_BANDAR_ST
02TJB0017,,99.8011,2.9903,PULAU_BUAYA_PL
02TJB0018,,99.8015,2.9782,JLGARUDA_TELUK_NIBUNG_PL
02TJB0019,,99.8032,2.9646,TANJUNG_BALAI_EP
02TJB0020,,99.8042,2.9706,KAPIAS_TENGAH_ST
02TJB0021,,99.8049,2.9983,SEI_APUNG_JAYA_TB
02TJB0022,,99.8057,2.9508,SELAT_TANJUNG_MEDAN_CM
02TJB0023,,99.8062,2.9646,TELKOM_TANJUNG_BALAI_MT
02TJB0024,,99.8075,2.958,PULAU_SIMARDAN1_MT
02TJB0025,,99.8103,2.9614,PULAU_SIMARDAN2_TB
02TJB0026,,99.8108,3.0033,TELUK_NIBUNG_EP
02TJB0027,,99.8151,3.0004,TELUKNIBUNG_PL
02TJB0028,,99.7738,2.9325,PAHANG_DATUK_BANDAR_PL
02TRT0002,,98.9435,2.0724,TARUTUNG2_PL
02TRT0003,,98.9457,2.0652,LOBUSINGKAM_ST
02TRT0004,,98.9506,2.1061,PAGAR_BATU_ST
02TRT0005,,98.952,2.0456,SIPOHOLON_ST
02TRT0006,,98.9545,2.0787,SIBADAK_SITUMEANG_HABINSARAN_PL
02TRT0008,,98.965,2.0299,TDPARDEDE_TARUTUNG_PL
02TRT0009,,98.9656,2.1662,SIBORONG_BORONG_PANIARAN_PL
02TRT0010,,98.9693,2.0159,TARUTUNG1_PL
02TRT0011,,98.971,2.0237,TARUTUNG_MT
02TRT0012,,98.9711,2.2119,PASAR_SIBORONG_BORONG1_MT
02TRT0013,,98.9726,2.2165,SIBORONG_BORONG_MT
02TRT0014,,98.9728,2.2233,PACUAN_KUDA_LUMBAN_DOLOK_PL
02TRT0015,,98.9752,2.0066,HUTATORUAN_TARUTUNG_PL
02TRT0016,,98.9776,2.0277,SIMAMORA_PL
02TRT0017,,98.9783,2.2165,PASAR_SIBORONG_BORONG2_MT
02TRT0018,,98.982,2.3106,LUMBAN_RAJA_PL
02TRT0019,,98.9825,2.2239,POHAN_TB
02TRT0020,,98.9869,2.2648,BANDARA_SILANGIT_MT
02TRT0021,,98.9871,2.0142,PARBAJUJULU_EB
02TRT0023,,98.9898,2.2359,POHAN_TONGAH_TB
02TRT0024,,98.9929,2.0027,PARBUBU_PEA_TB
02TRT0025,,98.994,1.981,PARSALAKAN_PANSUR_NAPITU_PL
02TRT0026,,98.9957,2.155,BAHAL_BATU_TRT_PL
02TRT0027,,99.0005,2.2517,PABRIK_SABUNGAN_MT
02TRT0028,,99.0025,2.2684,SILANDO_TB
02TRT0033,,99.0895,2.1132,SIPAHUTAR_TB
02TRT0034,,99.1208,1.7811,SIMANGUMBAN_PL
02TRT0037,,99.1627,2.0096,PANGARIBUAN_PL
02TRT0038,,98.9593,2.0185,HUTATORUAN_IX_MT
02TRT0040,,99.0364,1.9124,SIMATANIARI_TB
02TRT0041,,99.0424,1.8922,ONAN_HASANG_TB
02TRT0042,,99.1563,1.7126,SIMANGUMBAN_JULU_TB
02TRT0043,,99.1469,1.9648,SAMPAGUL_TB
02TRT0044,,98.8925,2.1991,SIPULTAK_CM
02TRT0045,,98.8711,2.1973,DOLOKSARIBU_MT
02TRT0046,,99.1041,1.9971,PARRATUSAN_MT
02TRT0047,,98.9446,2.22,SITAMPURUNG_TB
02TRT0048,,98.9456,2.1897,LUMBANTORA_TB
02TRT0050,,98.9661,2.1358,HUTARAJA_SIPOHOLON_MT
02TRT0052,,99.0517,2.1381,SIPAHUTAR2_MT
02TRT0053,,99.1219,2.0241,ONAN_TUKKA_PL
02TRT0054,,98.9668,2.1914,SITABOTABO_TB
02TRT0055,,99.0188,2.2075,LOBU_SIREGAR_PL
02TRT0057,,98.921,2.1937,PARHORBOAN_PL
02TRT0058,,98.9768,2.1157,ONAN_RUNGU_II_CM
02TRT0059,,98.9508,2.3291,SITANGGOR_MUARA_MT
02TRT0060,,98.9018,2.1426,HUTATINGGI_PARMONANGAN_MT
02TRT0061,,99.114,1.7561,JANJIANGKOLA_PURBATUA_PL
02TRT0062,,99.0259,2.0162,ENDA_PORTIBI_MT
02TRT0063,,99.0921,2.0742,SIABAL_ABAL_SIPAHUTAR_PL
02TRT0064,,99.1096,2.0975,SIMARHOMPA_SIPAHUTAR_PL
02TRT0065,,99.0858,1.8187,LUMBAN_GAOL_MT
02TRT0066,,99.1673,1.6698,SIMANJAMBU_MT
02TUK0001,,97.8062,0.5613,HILIGEHO_MT
02TUK0003,,97.6568,0.9184,TUHEMBERUA_LOLOMATUA_MT
02TUK0004,,97.5953,1.0565,SANTO_SISOBAWINO_MT
02TUK0005,,97.7717,0.607,LOMPAT_BATU_MT
02TUK0006,,97.7714,0.5819,BAWONAHONO_FANAYAMA_MT
02TUK0007,,97.8221,0.5685,PELITA_TELUKDALAM_MT
02TUK0008,,97.8262,0.5756,NANOWA_BAWOLOWALANI_PL
02TUK0009,,97.8151,0.57,SAONIGEHO_TELUKDALAM_MT
02TUK0010,,97.8181,0.559,DERMAGA_TELUKDALAM_MT
02TUK0011,,97.7949,0.572,HILIZIHONO_DPRD_MT
02TUK0012,,97.6379,0.9455,HILILAZA_LOLOMATUA_PL
02TUK0013,,97.8197,0.5636,GIRIOMO_SIHOLA_MT
02TUK0014,,97.8966,0.6246,TOMA_HILISATARO_MT
02TUK0016,,97.8642,0.597,SMPN4_SAUA_TB
02TUK0017,,97.7291,0.5805,JEMBATAN_LUAHAGUNDRE_MT
02TUK0018,,97.8911,0.7303,BAWOZIHONO_LAHUSA_MT
02TUK0019,,97.75,0.6382,SAMADAYA_HILISIMAETANO_MT
02TUK0020,,97.7398,0.6737,PEKAN_HILISIMAETANO_PL
02TUK0021,,97.8802,0.6777,BAWOGANOWO_MT
02TUK0022,,97.8995,0.8798,GOLAMBANUA_MT
02TUK0023,,97.8818,0.7971,LAOWI_SILIMA_MT
02TUK0024,,97.6934,0.7271,BAHOLU_AMANDRAYA_TB
02TUK0025,,97.8836,0.7518,HALEZALULU_PL
02TUK0026,,97.6636,0.7527,PERKANTORAN_AMANDRAYA_PL
02TUK0027,,97.717,0.68,SIFAOROASI_PL
02TUK0028,,97.8861,0.8406,SOMAMBAWA_PL
02TUK0029,,97.86,0.7032,HILIZALOOTANO_MAZINO_MT
03ASK0001,,100.5418,-0.6691,JUNJUNG_SIRIH_ST
03ASK0002,,100.5584,-0.6736,MUARO_PINGAI_TB
03ASK0004,,100.5929,-0.7125,SUMANI_PL
03ASK0005,,100.5997,-0.7197,SUMAGEK_LINTAS_SINGKARAK2_MT
03ASK0006,,100.6024,-0.6921,KAPALO_KOTOK_SINGKARAK_PL
03ASK0007,,100.61,-0.7352,KAPUH_SUMANI_MT
03ASK0008,,100.6121,-0.9618,PERUMAHAN_RS_AROSUKA_TB
03ASK0010,,100.6202,-0.8489,BATU_TUPANG_TB
03ASK0011,,100.6208,-0.8687,GUNTUNG_CIRI_TB
03ASK0012,,100.6221,-0.7541,SUKU1_ST
03ASK0013,,100.623,-0.6948,ARIPAN_PL
03ASK0014,,100.623,-0.9498,KAYU_ARO_SOLOK_XL
03ASK0015,,100.6239,-0.7628,SUKU2_TB
03ASK0016,,100.6255,-0.8024,KOTO_ILALANGBATU_PALANO_MT
03ASK0019,,100.643,-0.883,GUNUNG_TALANG_PL
03ASK0020,,100.6431,-0.8466,SELAYU_EP
03ASK0021,,100.644,-0.8737,RAYA_SOLOK_PADANG_JORONG2_PL
03ASK0022,,100.6454,-0.9079,TANAHLAPANG_JORONGARO_PL
03ASK0023,,100.6465,-0.6041,RTO_SWHLUNTO_EP
03ASK0024,,100.647,-0.8654,BATU_TUMPANG_PL
03ASK0025,,100.6489,-0.8447,KOTO_BARU_SLK_XL
03ASK0026,,100.6527,-0.8103,RAWANGSARI_JORONG_PL
03ASK0027,,100.653,-0.8807,CUPAK_TB
03ASK0028,,100.6533,-0.8356,MUARA_PANAS_PL
03ASK0029,,100.6551,-0.8306,RAYA_SOLOK_PADANG_JORONG1_PL
03ASK0030,,100.6644,-0.8106,GELANGGANG_TENGAH_TB
03ASK0031,,100.67,-0.9216,KOTO_GADANG_GUGUAK_MT
03ASK0032,,100.6726,-0.7877,TANGAHKOTO_ST
03ASK0033,,100.6743,-0.8094,PULAU_RUMBIO_EB
03ASK0035,,100.6823,-0.8146,PANYAKALAN_PL
03ASK0036,,100.6861,-0.7603,SUNGAI_LASI_PL
03ASK0037,,100.6892,-0.8872,DESA_KINARI_MT
03ASK0038,,100.6913,-0.8522,MUARA_PANEH_EP
03ASK0039,,100.7183,-0.9496,BUKIT_SILEH_EP
03ASK0043,,100.7701,-1.0682,ALAHAN_PANJANG_MT
03ASK0044,,100.7751,-0.998,RTO_ALAHAN_PANJANG_EP
03ASK0046,,100.7801,-1.0428,SUNGAI_NANAM_PL
03ASK0053,,100.6172,-0.7462,ARIPAN_MT
03ASK0054,,100.6336,-0.9278,KOTOGADANG_GUGUAK_MT
03ASK0055,,100.637,-1.0021,BATANG_BARUS_MT
03ASK0056,,100.6755,-1.0274,AIA_BATUMBUAK_TB
03ASK0057,,100.7205,-1.0581,DANAUKEMBAR1_MT
03ASK0058,,100.7374,-1.0492,DANAUKEMBAR2_MT
03ASK0059,,100.7768,-1.0974,ALAHANPANJANG3_MT
03ASK0060,,100.7854,-1.0784,ALAHANPANJANG2_ST
03ASK0061,,100.8017,-1.043,SUNGAINANAM2_PL
03ASK0062,,100.8128,-1.1456,AIEDINGIN_TB
03ASK0063,,100.8175,-1.071,SALIMPEK_ST
03ASK0064,,100.8832,-1.2497,SURIAN1_PL
03ASK0065,,100.9002,-1.2642,SURIAN2_TB
03ASK0066,,100.7617,-0.8829,SIRUKAM_MT
03ASK0067,,100.6012,-0.5761,BUKIK_KANDUANG_MT
03ASK0069,,100.6401,-0.6167,SULIK_AIA_PL
03ASK0071,,100.7016,-0.8704,KINARI_ASK_TB
03ASK0074,,100.7112,-0.8407,BUKIT_TANDANG_TB
03ASK0075,,100.7216,-0.9826,BATU_BAJANJANG_PL
03ASK0076,,100.5813,-0.7061,SANIANG_BAKA_PL
03ASK0077,,100.7753,-1.0278,SMPN2_LEMBAH_GUMANTI_PL
03ASK0078,,100.7052,-0.9481,LEMBANG_JAYA_CM
03ASK0079,,100.8008,-1.0712,SALIMPAT_GUMANTI_TB
03ASK0080,,100.7166,-1.0187,DANAU_TALANG_TB
03ASK0082,,100.5227,-0.6428,PANINGGAHAN_PL
03ASK0083,,100.7333,-0.9856,DANAU_KEMBAR3_PL
03ASK0084,,100.8542,-1.2176,KOTO_SANI_PL
03ASK0085,,100.6303,-0.7154,SANIANG_BAKA2_PL
03ASK0086,,100.774,-1.0144,SUNGAI_NANAM3_PL
03ASK0087,,100.6125,-0.8289,KOTO_HILALANG2_PL
03ASK0088,,100.7389,-0.8944,PAYUNG_SEKAKI_PL
03ASK0090,,100.7021,-0.9228,LIMAU_LUNGGO_CM
03ASK0091,,100.5959,-0.6515,TIKALAK_CM
03ASK0092,,100.6309,-0.8329,SELAYO_KUBUNG_CM
03ASK0093,,100.6156,-0.6475,TANJUNG_ALAI_TB
03ASK0094,,100.6307,-0.9146,JAWI_JAWI_GUGUK_CM
03ASK0095,,100.6608,-0.648,TANJUNG_BALIK_TB
03ASK0096,,100.5734,-0.7658,KOTO_SANI2_TB
03ASK0099,,100.7776,-1.1331,AIE_DINGIN_GUMANTI_MT
03ASK0100,,100.7572,-1.0469,DANAU_KEMBAR_NANAM_PL
03ASK0101,,100.5968,-0.9664,SIMPANG_LUBUK_SELASIH_MT
03ASK0102,,100.777,-1.0578,JORONG_JEMBATAN_BASI_MT
03ASK0103,,100.7189,-0.9736,SALAYO_TANANG_MT
03ASK0104,,100.6724,-0.8377,KOTO_BARU_KUBUNG_TB
03BSR0002,,100.398,-0.4311,PASAR_RABBA_PENYELAIAN_TB
03BSR0003,,100.3999,-0.4411,MI_LINTAS_PADANG_PANJANG_MT
03BSR0004,,100.4028,-0.4251,LINTASPANYALAIAN_TB
03BSR0005,,100.403,-0.3915,BATU_PELANO_PL
03BSR0006,,100.4059,-0.4178,AIR_HANGAT_EP
03BSR0007,,100.4078,-0.4031,KAYU_TANDUK_PL
03BSR0008,,100.4158,-0.4348,KUBU_SARIMBANG_MT
03BSR0009,,100.4361,-0.472,LINTASPADANG_SOLOK_TB
03BSR0010,,100.4458,-0.4952,BATIPUAH_BARUAH_CM
03BSR0011,,100.4698,-0.4898,NAGARITARAM_PL
03BSR0013,,100.4777,-0.4988,PASAR_PITALAH_MT
03BSR0014,,100.4923,-0.5835,MALALO_MT
03BSR0015,,100.498,-0.5267,TANJUNG_BARULAK_EB
03BSR0017,,100.5056,-0.3269,ROADTO_PAYAKUMBUH_EP
03BSR0018,,100.5127,-0.4601,SIMABUNG_PL
03BSR0019,,100.5154,-0.4399,KANAGARIAN_SUNGAI_JAMBU_MT
03BSR0020,,100.5238,-0.4694,BALAIRUNG_TABEK_TB
03BSR0021,,100.5266,-0.3289,TABEK_PATAH2_MT
03BSR0022,,100.5333,-0.327,TABE_PATAH_PL
03BSR0023,,100.5366,-0.4658,LIMA_KAUM_PL
03BSR0024,,100.5369,-0.5016,GALO_GANDANG_TB
03BSR0025,,100.543,-0.4187,PADANG_LAWEH_EB
03BSR0026,,100.5452,-0.4479,AMPALU_KACIA_TB
03BSR0027,,100.5458,-0.3535,TABEK_PATAH_MT
03BSR0028,,100.5486,-0.4931,PADANG_MAGEK_TB
03BSR0029,,100.5536,-0.4818,LIMOKAUM_PL
03BSR0030,,100.5539,-0.4637,SRI_RAJO_MAHARJO_DIRAJO_ST
03BSR0031,,100.5584,-0.5025,SIMPANG_GOBAH_TB
03BSR0032,,100.5626,-0.4021,BATU_SANGKAR_KM7_TB
03BSR0033,,100.5631,-0.5654,OMBILIN_EP
03BSR0034,,100.5679,-0.4177,SUNGAI_TARAP_MT
03BSR0035,,100.5685,-0.4123,SUNGAI_TARAB_TB
03BSR0036,,100.5715,-0.5615,AIR_BALUI_BSK_TB
03BSR0037,,100.5728,-0.3613,SITUMBUAK_TB
03BSR0039,,100.5742,-0.4656,LIMODATAR_TB
03BSR0040,,100.5772,-0.3807,SIANAU_INDAH_PL
03BSR0041,,100.5783,-0.5232,NAGARI_BALIMBING_EB
03BSR0042,,100.583,-0.4419,SIJANGEK_MT
03BSR0043,,100.5905,-0.4575,KAPALO_KOTO_TBG_ST
03BSR0044,,100.5945,-0.4587,TERMINAL_BATU_SANGKAR_MT
03BSR0045,,100.5976,-0.4545,JORONG_NAN_IV_NAGARI_CM
03BSR0046,,100.6,-0.45,BSK3_MT
03BSR0047,,100.6038,-0.4032,SUNGAYANG_TB
03BSR0048,,100.6095,-0.4706,BUKIT_GOMBAK_TB
03BSR0049,,100.6232,-0.4735,PAGARUYUNG_MT
03BSR0050,,100.6427,-0.4755,SARUASO_TB
03BSR0051,,100.6607,-0.3806,PUNCAK_PATO_EP
03BSR0052,,100.6909,-0.5271,PABSIMPANG_PADANG_GANTING_PB
03BSR0053,,100.696,-0.3826,ALUR_TENGAH_TB
03BSR0054,,100.7012,-0.5347,KOTO_ALAM_NAGARI_TB
03BSR0055,,100.7273,-0.3881,TANJUNG_BONAI_TB
03BSR0056,,100.7277,-0.3556,PAUH_TINGGI_ST
03BSR0057,,100.7365,-0.4174,LINTAU_MT
03BSR0058,,100.7478,-0.4346,TARATAK_NANTUO_TANAHDATAR_PL
03BSR0060,,100.7751,-0.4979,NGRJANGKO_MT
03BSR0061,,100.78,-0.5133,LINTAU_BUO_TB
03BSR0062,,100.8041,-0.5044,ABDURRAHMAN_TANAH_DATAR_PL
03BSR0063,,100.5716,-0.5823,SIMAWANG_MT
03BSR0064,,100.7577,-0.4642,LINTAU_BUO_MT
03BSR0066,,100.5948,-0.4172,SUNGAYANG_KABAU_TB
03BSR0067,,100.5223,-0.5413,BATIPUAH_BATUTABA_MT
03BSR0068,,100.6252,-0.4879,TJGEMAS_SARUASO_TB
03BSR0069,,100.5572,-0.5367,RAMBATAN_III_KOTO_TB
03BSR0071,,100.4768,-0.4551,PARIANGAN_PL
03BSR0072,,100.5476,-0.3975,PASIE_LAWEH_TB
03BSR0073,,100.5406,-0.3408,TABEK_PATAH3_MT
03BSR0075,,100.3909,-0.4237,KOTOLAWEH_TB
03BSR0076,,100.5105,-0.3082,PUNCAK_ALAI_PL
03BSR0077,,100.4607,-0.4727,BATIPU_BARUAH_PL
03BSR0078,,100.571,-0.48,RAMBATAN_TB
03BSR0079,,100.6756,-0.4812,TANJUNG_BARULAK_PL
03BSR0080,,100.3888,-0.4006,PANDAI_SIKEK_GT
03BSR0081,,100.5309,-0.3017,TANJUNG_ALAM_ST
03BSR0082,,100.4265,-0.446,NAGARI_PANINJAUAN_ST
03BSR0083,,100.5737,-0.2851,BARULAK_TANJUNG_BARU_ST
03BTT0001,,100.3631,-0.2886,GADUT_EP
03BTT0002,,100.3644,-0.2978,PANORAMA_NGARAI_MT
03BTT0003,,100.3688,-0.3051,BUKIT_TINGGI_PLAZA_ST
03BTT0004,,100.3688,-0.3051,I2_MALL_RAMAYANA_MC
03BTT0005,,100.3709,-0.3087,BUKIT_TINGGI_MT
03BTT0006,,100.3717,-0.3016,I2_MALL_PASAR_BANTO_MC
03BTT0007,,100.3727,-0.3176,KOTOGADANG_TB
03BTT0008,,100.3733,-0.3122,SUMOHARDJO_TAROKDIPO_PL
03BTT0009,,100.3735,-0.2927,CAMPAGO_IPUH_MT
03BTT0010,,100.3756,-0.3015,HAMKA_PAKAN_KURAI_PL
03BTT0011,,100.3784,-0.3193,ADINEGORO_BIRUGO_PL
03BTT0012,,100.3787,-0.3086,TARODIPO_MT
03BTT0013,,100.3791,-0.3029,BUKIT_TINGGI_KOTA_IB
03BTT0014,,100.3793,-0.2914,MANDI_ANGIN_BKT_TB
03BTT0015,,100.3797,-0.3158,KODIM_BKT_CM
03BTT0016,,100.383,-0.3003,HOTEL_PUSAKO_CM
03BTT0017,,100.3839,-0.3139,AUR_KUNING2_PL
03BTT0018,,100.3866,-0.322,AUR_KUNING1_CM
03BTT0019,,100.386,-0.3045,AUR_KUNING_EP
03BTT0020,,100.3875,-0.3141,PASAR_AURKUNING_EP
03BTT0021,,100.3898,-0.3184,KUBU_TANJUNG_TB
03BTT0022,,100.3917,-0.2931,GAREGEH_MT
03LBS0001,,100.0224,0.5569,RAO_MT
03LBS0003,,100.039,0.5027,RTO_RAO_TB
03LBS0004,,100.0407,0.4381,TAPUS_EP
03LBS0005,,100.058,0.3639,PANTI_MT
03LBS0009,,100.0978,0.2915,AMPANG_GADANG_TB
03LBS0010,,100.1247,0.2049,PLAWAS_EP
03LBS0012,,100.1704,0.1343,LUBUK_SIKAPING_MT
03LBS0013,,100.1717,-0.021,SIMPATI_TB
03LBS0014,,100.1759,0.1157,LUBUKSIKAPING_TB
03LBS0015,,100.2037,0.0799,RTO_LUBUK_SIKAPING_EP
03LBS0016,,100.2048,-0.049,KUMPULAN_TB
03LBS0017,,100.2201,-0.0203,BONJOL_PL
03LBS0019,,100.0315,0.5323,RAO_TARUANG_PL
03LBS0020,,100.0658,0.4424,PADANG_GALUGUA_TB
03LBS0021,,100.0662,0.5231,LUBUAK_LAYANG_TB
03LBS0022,,100.0835,0.3164,SUKADAMAI_PANTI_ST
03LBS0023,,100.1648,0.1517,AIA_MANGGIH_MT
03LBS0024,,99.9847,0.3242,VS_NT_CUBADAK_MT
03LBS0025,,100.0462,0.4136,SONTANG_CUBADAK_TB
03LBS0026,,100.2093,-0.0642,BONJOL_KOTO_MT
03LBS0027,,100.0432,0.4543,PADANG_GELUGUA_MT
03LBS0028,,100.0407,0.4739,RAO_SLT_BETUNG_CM
03LBS0029,,100.2191,-0.0095,GANGGO_HILIA_ST
03LBS0030,,100.1477,0.0093,SIMPANG_ALAHANMARI_TB
03LBS0031,,100.1573,0.1712,AIA_MANGGIH2_MT
03LBS0032,,100.0801,0.0291,MALAMPAH_MT
03LBS0036,,100.0301,0.541,TARUANG_RAO_TB
03LBS0037,,100.0742,-0.0313,TIGO_NAGARI_PASAMAN_PL
03LBS0038,,100.0472,-0.079,TIGO_NAGARI_PASAMAN_MT
03LBS0039,,100.2194,0.0116,GANGGO_BONJOL_MT
03LBS0040,,100.055,-0.0512,PADANG_PALAK_TIGA_MT
03LBS0041,,100.0236,0.5858,LANGUANG_SEPAKAT_PL
03LBS0042,,100.0601,0.5507,LABUAK_LAYANG_MT
03LBS0043,,100.0462,0.0329,MALAMPAH_TIGO_NAGARI_PL
03LBS0044,,100.0056,0.5721,RAO_KOTO_RAJO_PL
03LBS0045,,99.9875,0.5917,PADANG_MANTINGGI_MT
03LBS0046,,100.0583,0.3881,RAYA_PANTI_MT
03LBS0047,,100.0939,0.4212,PASAMAN_KATIMAHAR_MT
03LBS0048,,100.0659,0.4975,BETUNG_RAO_SELATAN_MT
03LBU0001,,99.8328,-0.3017,MUARA_PUTUS_MT
03LBU0002,,99.9197,-0.4014,TIKU_MT
03LBU0003,,99.9244,-0.3892,TIKU1_PL
03LBU0004,,99.93,-0.3781,TIKUUTARA_AGAMTGH_TB
03LBU0005,,99.9472,-0.4148,BANDA_GADANG_AGAM_PL
03LBU0007,,99.9557,-0.3875,TIKU_UTARA_AGAM_BAWAH_PL
03LBU0008,,99.9664,-0.3276,SIMPANG_MANGGOPOH_ST
03LBU0010,,99.9837,-0.2763,MANGGOPOH_UTARA_PL
03LBU0011,,99.9874,-0.2635,RAYA_TIKU_PL
03LBU0012,,100.005,-0.319,LUBUKBASUNG_TB
03LBU0013,,100.007,-0.223,NAGARI_BAWAN_CM
03LBU0014,,100.026,-0.322,NAGARI_LUBUK_BASUNG_TB
03LBU0015,,100.0292,-0.1803,BAWAAN_EP
03LBU0016,,100.0319,-0.3184,LUBUK_BASUNG_EP
03LBU0017,,100.0356,-0.3018,TALAGO_JORONG_TB
03LBU0018,,100.039,-0.322,BALAI_AHAD_MT
03LBU0019,,100.0561,-0.323,SUNUR_PL
03LBU0020,,100.061,-0.202,BATU_KAMBING_TB
03LBU0021,,100.0677,-0.3201,DRHAMKA_LBKBASUNG_PL
03LBU0022,,100.1758,-0.2516,MANINJAU2_TB
03LBU0023,,100.201,-0.2474,DUO_KOTO_AGAM_TB
03LBU0024,,100.2184,-0.2722,TANJUNG_RAYA_LBB_TB
03LBU0026,,100.2268,-0.2958,PSMANINJAU_TB
03LBU0027,,100.2488,-0.3027,MANINJAU_MT
03LBU0030,,100.2739,-0.2654,PUNCAK_LAWANG_AGAM_PL
03LBU0031,,100.2844,-0.2789,MATUR_MT
03LBU0033,,100.3033,-0.1619,PALUPUH_TB
03LBU0034,,100.3174,-0.3387,PAHAMBATAN_BALINGKA_PL
03LBU0035,,100.3257,-0.3053,SUNGAI_JARING_MT
03LBU0036,,100.3522,-0.3054,SIANOK_MT
03LBU0037,,100.3534,-0.3403,GUGUK_RANDAH_TB
03LBU0038,,100.3564,-0.2649,GADUIK_AGAM_BARAT_PL
03LBU0039,,100.3658,-0.2793,AUA_TANJUNGKANG_CM
03LBU0040,,100.3677,-0.3298,GUGUAK_TINGGI_LBB_PL
03LBU0041,,100.3691,-0.2712,KELINCI_GADUT_PL
03LBU0042,,100.3723,-0.3431,BUNUHAMPU_LBB_PL
03LBU0043,,100.3787,-0.2604,GADUTPULAI_PL
03LBU0044,,100.3791,-0.325,JAMBU_AIR_EP
03LBU0045,,100.3809,-0.3343,BENGKAWEH_AGAM_PL
03LBU0046,,100.3818,-0.3381,LADANG_LAWEH_MT
03LBU0047,,100.3834,-0.2499,KOTO_MALINTANG_MT
03LBU0048,,100.3835,-0.3447,RAYA_PADANGLUA_PL
03LBU0049,,100.3848,-0.273,SAWAH_DANGKA_PL
03LBU0050,,100.3859,-0.2802,KAPAU_GADUT_PL
03LBU0051,,100.386,-0.3265,SIMPANG_TALUAK_MT
03LBU0052,,100.386,-0.3535,PERTOKOAN_PADANG_LUAR_TB
03LBU0053,,100.3892,-0.2708,PERUMAHAN_MUTIARA_MUSLIM_TB
03LBU0054,,100.3895,-0.3292,TALUAK_KUBANG_PUTIH_TB
03LBU0055,,100.3901,-0.3655,BANUHAMPU1_MT
03LBU0056,,100.3908,-0.3432,PADANG_LUAR_EP
03LBU0057,,100.3919,-0.1874,PAUH_DURIAN_MT
03LBU0058,,100.3926,-0.2271,KALUANG_PL
03LBU0059,,100.3932,-0.2392,SIDANG_KOTO_LAWEH_ST
03LBU0060,,100.3976,-0.3847,KOTO_BARU_LBB_EP
03LBU0061,,100.3981,-0.2047,DURIAN_LBB_PL
03LBU0062,,100.3984,-0.2823,KAPAU1_PL
03LBU0063,,100.401,-0.3319,BANUHAMPU_PL
03LBU0064,,100.4016,-0.244,TILATANG_KAMANG_AGAM_CM
03LBU0065,,100.4022,-0.2987,AMPEKANGKEK_PL
03LBU0066,,100.4028,-0.3115,PAKANLADANG_ST
03LBU0067,,100.4056,-0.3413,NAGARIKUBANGPUTIH_PL
03LBU0069,,100.4076,-0.3597,SUNGAIPUAH_MT
03LBU0070,,100.4097,-0.233,BANTO_PL
03LBU0071,,100.4097,-0.3073,PASIAAMPE_KANGKEK_EB
03LBU0072,,100.411,-0.2932,PARIT_PUTUS_PL
03LBU0073,,100.4127,-0.3202,BATU_TABA_PL
03LBU0074,,100.413,-0.3467,LIMOSUKU_PL
03LBU0076,,100.4139,-0.3127,AUR_BIRUGO_CM
03LBU0077,,100.4167,-0.283,BIARO_TB
03LBU0078,,100.4179,-0.2194,PULAI_MAGEK_MT
03LBU0079,,100.4184,-0.2508,KAMANG_MAGEK_MT
03LBU0080,,100.4256,-0.2707,KUBU_LBB_PL
03LBU0081,,100.4263,-0.3631,LIMO_KAMPUANG_PL
03LBU0082,,100.4302,-0.3029,BALAI_GURAH_MT
03LBU0083,,100.4337,-0.2901,SDIMPRES_PARAKTJG_PL
03LBU0084,,100.4348,-0.2348,MAGEK_AGAM_PL
03LBU0085,,100.4373,-0.3185,SITAPUANG_PL
03LBU0087,,100.4456,-0.2882,AMPANG_GADANG_AGAM_TB
03LBU0088,,100.4467,-0.2546,KOTO_BARU_BASO_PL
03LBU0090,,100.4637,-0.2854,BASO1_PL
03LBU0091,,100.468,-0.2867,BASO_PL
03LBU0092,,100.4783,-0.2841,TABEK_PANJANG_AGAM_BAWAH_PL
03LBU0093,,100.4883,-0.325,BASO_AGAM_PL
03LBU0094,,100.4905,-0.2729,BASO_TAROK_ST
03LBU0095,,100.4947,-0.2703,PDG_TAROK_MT
03LBU0097,,100.5255,-0.2652,BUKIT_TANDUK_ST
03LBU0098,,100.2256,-0.3376,SUNGAI_BATANG_MT
03LBU0099,,100.4069,-0.273,KAMANG_KAPAU_MT
03LBU0100,,100.4398,-0.2579,BASOOARU_MT
03LBU0101,,100.4556,-0.2698,TABEK_PANJANG_MT
03LBU0103,,100.4712,-0.312,CANDUNG_LAWEH_CM
03LBU0105,,100.487,-0.2595,BASO_SIMARASOK_EB
03LBU0106,,100.4214,-0.2032,KAMANG_MUDIAK_MT
03LBU0109,,100.4997,-0.2614,SEI_ANGEK_MT
03LBU0110,,100.3538,-0.3504,PAKAN_SINAYAN_MT
03LBU0111,,100.4127,-0.3328,KUBANG_PUTIAH_TB
03LBU0112,,100.0188,-0.204,SIMPANG_SITANANG_MT
03LBU0114,,100.2692,-0.3878,MALALAK_UTARA_MT
03LBU0115,,99.9728,-0.2968,MANGOPOH_LUBUK_BASUNG_MT
03LBU0116,,99.8877,-0.3281,TIKU_LIMO_JORONG_MT
03LBU0117,,100.4341,-0.3305,BUKIK_BATABUAH_ST
03LBU0118,,100.0155,-0.3373,GERAGAHAN_LUBUK_BASUNG_PL
03LBU0119,,100.1273,-0.154,PASAR_KOTO_ALAM_ST
03LBU0120,,100.4304,-0.3175,CANDUNG_AGAM_TB
03MJJ0001,,100.8275,-0.7017,PADANG_SIBUSUK_TB
03MJJ0002,,100.8372,-0.5375,SILOKEK_TB
03MJJ0003,,100.8484,-0.6305,TANJUNG_AMPALU3_TB
03MJJ0004,,100.8559,-0.6549,TANJUNG_AMPALU1_PL
03MJJ0005,,100.8568,-0.6297,TANJUNG_AMPALU2_PL
03MJJ0006,,100.8932,-0.71,MUARA_BODI_TB
03MJJ0007,,100.9301,-0.6606,MUARO_SIJUNJUNG1_PL
03MJJ0008,,100.9431,-0.6662,MUARO_SIJUNJUNG_MT
03MJJ0009,,100.97,-0.6891,LUBUK_TAROK_PL
03MJJ0011,,100.9896,-0.7386,SIJUNJUNG_MT
03MJJ0012,,101.1171,-0.7627,TJG_GADANG_MT
03MJJ0015,,101.3592,-0.8906,HILIRANJAO_TB
03MJJ0017,,101.3838,-0.8188,KAMANGBARU_MT
03MJJ0019,,100.9823,-0.7024,LUBUKTAROK_LALAN_MT
03MJJ0020,,100.9168,-0.6594,PADANG_LAWEH_MT
03MJJ0021,,100.9847,-0.7175,LALAN_SIJUNJUNG_TB
03MJJ0023,,100.8938,-0.7456,MBODI_KOTOBARU_MT
03MJJ0024,,100.9514,-0.7333,LUBUK_TAROK_SIJUNJUNG_PL
03MJJ0025,,100.8275,-0.6215,NAGARI_BUKIT_BUAL_MT
03MJJ0026,,100.8315,-0.7398,KAMPUNG_BARU_KUPITAN_PL
03MJJ0027,,101.3738,-0.8654,MUARO_TAKUNG_SIJUNJUNG_MT
03MJJ0028,,100.8914,-0.637,PADANG_LAWEH_SIJUNJUNG_MT
03MJJ0029,,100.9014,-0.6004,PASAR_PADANG_LAWEH_TB
03MJJ0030,,100.8408,-0.5925,KOTO_PALALUAR_PL
03MJJ0031,,100.8389,-0.6759,SIJINJUNG_PAMUATAN_MT
03MJJ0033,,101.2952,-0.8706,PERINTIS_SUNGAI_LANGSEK_MT
03MJJ0034,,100.876,-0.6101,TANJUNG_KOTO_VII_PL
03PAI0001,,100.4293,-1.0706,PADANG_PAINAN_PL
03PAI0002,,100.4348,-1.2385,VMMANDEH_MT
03PAI0003,,100.4453,-1.2582,LINGGAJATI_PAINAN_MT
03PAI0005,,100.4576,-1.2615,APISC_TB
03PAI0006,,100.4731,-1.2481,TARUSAN_MT
03PAI0007,,100.4849,-1.2846,KAPUH_PL
03PAI0009,,100.4975,-1.2998,MUARA_API_CM
03PAI0010,,100.5029,-1.1702,KOTO_PULAI_TB
03PAI0011,,100.5057,-1.2193,BATU_HAMPAR_PNN_ST
03PAI0013,,100.5091,-1.2808,PINANG_BALIRIK_TB
03PAI0014,,100.5108,-1.3054,PASAR_BAYUBAYANG_PL
03PAI0015,,100.5161,-1.2545,BAYANG_EP
03PAI0016,,100.5268,-1.306,SALIDO_EP
03PAI0017,,100.5312,-1.2769,LUMPO_MT
03PAI0018,,100.543,-1.3093,PELABUHAN_SEI_GUNTUNG_TB
03PAI0019,,100.551,-1.3098,SAGO_SALIDO_PNN_PL
03PAI0021,,100.5635,-1.3227,KPRIMBO_PANJANGSALIDO_PL
03PAI0022,,100.5688,-1.3459,BUKIT_LANGKISAU_PAINAN_PL
03PAI0023,,100.5697,-1.3336,NAGARI_SALIDO_MT
03PAI0024,,100.572,-1.4389,TOCO_REP_PAIANAN_PASARKU_MT
03PAI0025,,100.5719,-1.3502,TENTARA_PELAJAR58_MT
03PAI0026,,100.5753,-1.3555,TAMBANG_SALIDO_KETEK_PL
03PAI0027,,100.5775,-1.4604,BATANG_KAPAS1_XL
03PAI0028,,100.578,-1.3453,PAINAN_JURAI_TB
03PAI0029,,100.5795,-1.3481,PAINAN_EP
03PAI0030,,100.5847,-1.3436,PAINAN_KOTA_MT
03PAI0031,,100.5884,-1.3498,PAINAN1_PL
03PAI0032,,100.5963,-1.4628,BUKIK_TAMBUN_KOTO_TUA_CM
03PAI0034,,100.6005,-1.4437,BATANG_KAPAS_MT
03PAI0035,,100.61,-1.4906,SUNGAI_PAMPAN_MT
03PAI0036,,100.6329,-1.5466,TALUK_CM
03PAI0037,,100.6398,-1.5634,TARATAK_SURANTI_MT
03PAI0038,,100.6452,-1.5887,SURANTI_MT
03PAI0039,,100.6468,-1.6127,SUNGAI_SIRAH_MT
03PAI0040,,100.6677,-1.6329,JLRAYA_SIMP_PL
03PAI0041,,100.7107,-1.69,KAMBANG_PL
03PAI0042,,100.7283,-1.6749,PASA_KAMBANG_PL
03PAI0043,,100.7401,-1.731,LAKITANUTARA_PL
03PAI0044,,100.745,-1.6604,KAMBANG_UTARA_MT
03PAI0046,,100.7718,-1.7703,KAJU_SABATANG_PL
03PAI0047,,100.7841,-1.782,RANAH_PESISIR_ST
03PAI0049,,100.8029,-1.8229,PELANGAI_RANAHPESISIR_TB
03PAI0050,,100.8121,-1.7801,PELANGAI_TB
03PAI0051,,100.8378,-1.7942,BALAI_SALASA_MT
03PAI0052,,100.8413,-1.8391,PALANGAI_CM
03PAI0053,,100.8533,-1.8674,PARIT_PANJANG_TB
03PAI0054,,100.868,-1.8945,PUNGGASAN_TIMUR_PL
03PAI0055,,100.8757,-1.9071,AIR_HAJI1_PL
03PAI0056,,100.8795,-1.9165,AIR_HAJI_EP
03PAI0057,,100.9122,-2.0792,MUARA_SAKAI_MT
03PAI0058,,100.9127,-2.0741,MUARA_SAKAI1_PL
03PAI0059,,100.9259,-2.0687,PASAR_SEBELAH_MT
03PAI0060,,100.9529,-2.0009,INDERAPURA_TIMUR_PL
03PAI0061,,100.96,-2.0547,RDTO_TAPAN_PL
03PAI0062,,100.9608,-2.0232,LUBUK_UBAI_MT
03PAI0063,,101.0489,-2.3926,SILAUT_CM
03PAI0064,,101.0813,-2.1579,TAPAN_PNN_MT
03PAI0065,,101.0904,-2.146,TALANGKOTO_PL
03PAI0066,,101.0986,-2.2763,LUNANGBARAT_MT
03PAI0067,,101.1004,-2.1877,SIMPANG_GUNUNG_TAPAN_MT
03PAI0068,,101.1198,-2.1252,LINTAS_SAKO_TAPAN_TB
03PAI0069,,101.137,-2.2572,LUNANG_MT
03PAI0070,,101.1401,-2.3629,MEKARSARI_SILAUT_ST
03PAI0071,,101.1675,-2.315,NT_DESA_SINDANG_LUNANG_MT
03PAI0072,,101.0316,-2.3796,NT_DESA_AIR_HITAM_MT
03PAI0073,,101.0811,-2.2909,LUNANG_TIGA_TB
03PAI0075,,101.0605,-2.1693,TANJUNG_PONDOKTAPAN_TB
03PAI0076,,100.9106,-1.9239,SIMALENANG_AIRHAJI_ST
03PAI0078,,100.6805,-1.5678,KOTO_SURANTIH_MT
03PAI0085,,100.7685,-1.6847,KAMBANG_TAMPUNIK_PL
03PAI0086,,100.5453,-1.2192,BAYANG_KAPUJAN_PL
03PAI0087,,100.766,-1.6587,KAMBANG_LIMAUMANIH_PL
03PAI0088,,100.5776,-1.2011,BAYANG_PULUIKPULUIK_PL
03PAI0089,,100.945,-2.0369,KOTO_PANDAN_PL
03PAI0090,,100.714,-1.67,KAMBANGPANJANG_TB
03PAI0091,,100.488,-1.2291,KOTOXI_PL
03PAI0092,,100.7696,-1.7131,LAKITAN_TENGAH_PL
03PAI0093,,100.4446,-1.0762,SIGUNTUR_PL
03PAI0094,,101.1149,-2.2274,LUNANG_TENGAH_PL
03PAI0095,,100.7622,-1.7498,LAKITAN_LENGAYANG_CM
03PAI0096,,101.0242,-2.051,PANCUNG_INDRAPURA_SELATAN_MT
03PAI0097,,101.1542,-2.2769,LUNANG_SELATAN_MT
03PAI0098,,101.1205,-2.1978,LUNANG_UTARA_MT
03PAI0100,,100.8714,-1.8442,LAGAN_GADANG_MUDIK_PL
03PAI0101,,101.0775,-2.1346,BALAI_TAPAN_TB
03PAI0102,,100.8892,-1.8725,LINGGO_SARI_BAGANTI_PL
03PAI0104,,100.9924,-2.0444,INDRAPURA_PACUNG_SOAL_MT
03PAI0106,,100.7296,-1.7074,LAKITAN_LENGAYANG_TB
03PDA0005,,101.5005,-1.5396,TKA_SUNGAI_RUMBAI_TB
03PDA0006,,101.5111,-1.469,RDTO_TKA_SEI_RUMBAI_TB
03PDA0007,,100.9286,-1.2946,PAKANRABAA_UTARA_CM
03PDA0008,,101.4109,-1.43,SUNGAIKUNYIT_BARAT_MT
03PDA0009,,101.1486,-1.5918,ALAM_PAUH_DUO_MT
03PDA0010,,101.2869,-1.5579,LUBUK_GADANG_TIMUR_MT
03PDA0011,,101.252,-1.5527,LUBUKGADANG_SANGIR_ST
03PDA0012,,101.2647,-1.5918,LUBUK_GADANG_MT
03PDA0013,,101.2354,-1.5822,LUBUK_GADANG_SELATAN_TB
03PDA0014,,101.0551,-1.4794,PASAR_MUARA_LABUH_PL
03PDA0015,,101.031,-1.4632,PASIR_TALANG_PL
03PDA0016,,101.0688,-1.4975,PULAKEK_KOTO_BARU_PL
03PDA0017,,101.0454,-1.4966,SAKO_PASIA_TALANG_PL
03PDA0018,,101.0586,-1.5112,BOMAS_SUNGAI_PAGU_PL
03PDA0019,,101.0043,-1.4248,PAKAN_RABAA_TENGAH_PL
03PDA0020,,101.0187,-1.4421,PAKAN_RABAA_PL
03PDA0021,,100.9968,-1.4007,PAKAN_RABAA_TENGAH2_PL
03PDA0022,,101.2591,-1.5276,LUBUKGADANG_SANGIR2_PL
03PDA0023,,101.3582,-1.4335,LUBUK_MALAKO_PL
03PDA0024,,101.4514,-1.4116,SUNGAI_KUNYIT_PL
03PDA0025,,101.1823,-1.5901,LUBUK_GADANG_SELATAN2_PL
03PDA0026,,101.084,-1.516,PAKAN_SALASA_PL
03PDA0027,,100.9693,-1.3554,RAYA_MUARA_LABUH_MT
03PDA0028,,100.95,-1.3229,KOTO_PARIK_MT
03PDA0029,,101.0818,-1.5377,KAPAU_ALAM_PAUH_ST
03PDA0030,,101.2442,-1.5644,PEMDA_LUBUK_GADANG_ST
03PDA0031,,101.2747,-1.5758,SIKINJANG_LUBUK_GADANG_ST
03PDA0032,,101.4779,-1.5262,TALAO_SUNGAI_KUNYIT_TB
03PDN0001,,100.307,-0.8206,KATAPIANG_TANGAH_PL
03PDN0002,,100.3087,-0.8104,PADPERUM_MEGA_PERMAI_TB
03PDN0004,,100.311,-0.8136,PADANGBRATAPDGSARAI_PL
03PDN0005,,100.315,-0.8197,LESTARI_BUAYA_MT
03PDN0006,,100.3153,-0.8089,PADANG_SARAI_MT
03PDN0007,,100.3164,-0.8273,JEMBATAN_BRIMOB_PL
03PDN0008,,100.3189,-0.84,PASIE_NAN_TIGO_PL
03PDN0009,,100.3203,-0.8169,BATIPUH_PANJANG_PL
03PDN0010,,100.3204,-0.8123,JLBOLING_PADANGSARAI_TB
03PDN0011,,100.3215,-0.8249,PADPONDOK_PRATAMA_TB
03PDN0012,,100.324,-0.835,PADLUBUK_GADING_PERMAI_TB
03PDN0013,,100.3259,-0.8091,ADINEGORO_CM
03PDN0014,,100.3268,-0.8307,LUBUK_BUAYA_MT
03PDN0015,,100.3287,-0.8518,PERUM_KAMELA_PERMAI_TB
03PDN0016,,100.3288,-0.8351,LUBUKINTAN_TB
03PDN0017,,100.3303,-0.8438,BKGANTINGKOTOTENGAH_TB
03PDN0018,,100.3319,-0.8194,PAD_PASSKM23_TB
03PDN0019,,100.333,-0.8585,UNIVMUHAMMADIYAH_SUMBAR_CM
03PDN0020,,100.3344,-0.8493,JLADINEGORO_GT
03PDN0021,,100.3392,-0.8682,LINGGAR_JATI_MT
03PDN0022,,100.339,-0.8638,PASIR_PUTIH_PAD_EP
03PDN0023,,100.3388,-0.855,BATANGKABUNGGANTING_EW
03PDN0024,,100.3389,-0.8226,ANAK_AIR_PL
03PDN0026,,100.3422,-0.8515,KAMPUNG_LALANG_MT
03PDN0027,,100.3426,-0.8329,SIMPANG_KALUMPANG_TB
03PDN0028,,100.3427,-0.8664,TABINGG_GT
03PDN0029,,100.3428,-0.8747,TALAOPARUPUKTABING_PL
03PDN0030,,100.3434,-0.8604,MUARA_PANYALINAN_MT
03PDN0031,,100.3441,-0.8822,TABING_BARAT_TB
03PDN0032,,100.345,-0.9095,UNIV_BUNG_HATTA_MT
03PDN0033,,100.3455,-0.9032,AIRTAWAR_EP
03PDN0034,,100.3459,-0.8925,PARUPUK_TABING_MT
03PDN0035,,100.3463,-0.8984,BELIBIS_PARKIT_PL
03PDN0036,,100.3474,-0.9067,MI_ULAK_KARANG_MT
03PDN0037,,100.3482,-0.8881,MI_TABING_MT
03PDN0038,,100.3484,-0.884,TABINGPARUPUK_TB
03PDN0039,,100.3491,-0.8806,AIRPORT_PADANG_EP
03PDN0040,,100.3499,-0.9137,PASAR_ULAK_KARANG_TB
03PDN0041,,100.35,-0.9185,LOLONG_EP
03PDN0042,,100.3504,-0.9096,ULAK_KARANG_UTARA_PL
03PDN0043,,100.3505,-0.9319,MI_PANTAI_PURUS_MT
03PDN0044,,100.3509,-0.8994,UNIVERSITAS_NEGERI_PADANG_MT
03PDN0045,,100.3511,-0.9221,HOTEL_PANGERAN_GT
03PDN0046,,100.3515,-0.9387,MI_PURUS1_MT
03PDN0047,,100.3517,-0.8892,PASIRKANDANGTABINGG_GT
03PDN0048,,100.3514,-0.8475,LALAI_PULAI_MT
03PDN0049,,100.3519,-0.929,RIMBO_KALUANG_CM
03PDN0050,,100.352,-0.8941,DRHMKAAIRTAWARBARAT_MT
03PDN0051,,100.3523,-0.964,MUARA_PADANG_PAD_MT
03PDN0052,,100.3532,-0.9423,PADANG_PURUS_PL
03PDN0053,,100.3538,-0.8569,TABING_MINTURUN_TABING_TB
03PDN0054,,100.3543,-0.9553,WOLTERMONGONSIDI_MT
03PDN0055,,100.3546,-0.8366,PADSUNGAI_BANGEK_TB
03PDN0056,,100.3549,-0.9187,MI_PADBELANTI_BARAT_TB
03PDN0057,,100.355,-0.9349,GURUN_PADANG_PASIR_MT
03PDN0058,,100.3554,-0.9587,HOTEL_HAYAM_WURUK_EP
03PDN0059,,100.3556,-0.9498,IN_PLAZA_ANDALAS_DH
03PDN0060,,100.3556,-0.9266,MI_KANTOR_WALIKOTA_PADANG_MT
03PDN0061,,100.3557,-0.9441,OLO_A_YANI_TB
03PDN0062,,100.3557,-0.9494,PLASA_ANDALAS_ST
03PDN0063,,100.3561,-0.9129,ROAD_TO_PADANG_CM
03PDN0064,,100.3566,-0.9076,GUNUNG_PANGILUN1_PL
03PDN0065,,100.3567,-0.9376,PURUS_EP
03PDN0066,,100.3572,-0.8265,KOTOTENGAH_PL
03PDN0067,,100.3575,-0.9119,I2_TRANSMART_PADANG_DH
03PDN0068,,100.3578,-0.9169,PRMUKAILOLONGBLANTI_PL
03PDN0069,,100.3596,-0.9637,BEROK_NIPAH_MT
03PDN0070,,100.3593,-0.9502,I2_PASAR_RAYA_PADANG_MC
03PDN0071,,100.3595,-0.9345,MI_PADANG_PASIR_POI_MT
03PDN0072,,100.36,-0.9459,RAWANGBALAI_BARU_PL
03PDN0073,,100.3603,-0.9411,SUDIRMAN_PAD_GT
03PDN0074,,100.3605,-0.9307,RIMBO_KALUANG_PAD_PL
03PDN0075,,100.3607,-0.9216,KHATIB_SULAIMAN_PL
03PDN0076,,100.361,-0.8895,MI_PASAR_SITEBA2_MT
03PDN0077,,100.3617,-0.8478,KOTOPANJANG_PL
03PDN0078,,100.3618,-0.8982,GAJAHMADA_PAD_PL
03PDN0079,,100.3624,-0.8846,LANUD_TABING_PL
03PDN0080,,100.3629,-0.9271,KANDATEL_PADANG_MT
03PDN0081,,100.363,-0.9536,ALANG_LAWEH_MT
03PDN0082,,100.363,-0.8661,RAWA_PANJANG_MT
03PDN0083,,100.3636,-0.9112,MI_3STOREPADANG_WS
03PDN0084,,100.3636,-0.9146,GSPORT_CENTER_TB
03PDN0085,,100.3644,-0.9605,LIKI_PONDOK_EP
03PDN0086,,100.365,-0.9038,GAJAH_MADA_KAMPUNG_OLO_EB
03PDN0087,,100.3646,-0.8916,LUBUKBAYU_KURAOPGANG_PL
03PDN0088,,100.3651,-0.8795,KUARO_PAGANG_PL
03PDN0089,,100.3656,-0.9426,JATI_BARU_PAD_PL
03PDN0090,,100.3666,-0.8695,BUNGO_PASANG_PAD_PL
03PDN0091,,100.3663,-0.9221,ALAI_PARAK_KOPI_PAD_PL
03PDN0093,,100.3671,-0.9096,JLFISIKA_PANGILUN_PL
03PDN0094,,100.367,-0.9354,JATI_TENGAH_TB
03PDN0095,,100.3675,-0.8825,PADANG_TB
03PDN0096,,100.3681,-0.8979,TUNGGUL_HITAM_CM
03PDN0097,,100.3684,-0.9554,MHTHAMRIN_RNHRUMBIO_MT
03PDN0098,,100.3693,-0.9396,MI_JATI_MT
03PDN0099,,100.3694,-0.9318,ADABIAH_MT
03PDN0100,,100.3703,-0.8871,KURAO_PAGANG_ST
03PDN0101,,100.3703,-0.9431,MI_RSU_M_DJAMIL_MT
03PDN0102,,100.3672,-0.9458,SAWAHAN_PDG_TB
03PDN0103,,100.3714,-0.9632,MI_KAMPUNG_NIAS_MT
03PDN0104,,100.3719,-0.9266,ALAI_TIMUR_CM
03PDN0105,,100.3721,-0.8348,PINANG_BARIRIK2_PAD_PL
03PDN0106,,100.3723,-0.8942,MI_SITEBA4_PAD1_MT
03PDN0107,,100.3724,-0.9397,SAWAHAN_TIMUR_MT
03PDN0108,,100.3733,-0.8905,KURAO_PAGANG_PAD_MT
03PDN0109,,100.3736,-0.9123,TABING_BANDAR_GADANG_MT
03PDN0110,,100.3739,-0.9039,SITEBA2_PL
03PDN0111,,100.3744,-0.8996,SITEBA4_PAD2_TB
03PDN0112,,100.3748,-0.8511,BANDES_MINTURUN_TB
03PDN0113,,100.3754,-0.9236,GUNUNG_PANGILUN4_MT
03PDN0114,,100.376,-0.8808,GGMULIA_AIE_PACAH_PAD_PL
03PDN0115,,100.3763,-0.8587,GURUN_LAWEH1_PL
03PDN0116,,100.3766,-0.8956,RAYA_PNDOKKOPISITEBA_PL
03PDN0117,,100.3767,-0.9798,RAWANG_BARAT_TB
03PDN0118,,100.3771,-0.9551,SEBERANGPADANG_PL
03PDN0119,,100.3781,-0.933,BANDESANDURING_PL
03PDN0120,,100.3782,-0.9476,SIMPANG_HARU_PL
03PDN0121,,100.3784,-0.8418,LUBUK_MINTURUN1_MT
03PDN0122,,100.379,-0.9621,JEMBATAN_BANUARAN_TB
03PDN0123,,100.3794,-0.9098,NANGGALO_GURUN_LAWEH_PL
03PDN0124,,100.3803,-0.9899,PERUMBEACUKAIBKTPTS_PL
03PDN0125,,100.3804,-0.9853,MI_RAWANG_JONDUL_MT
03PDN0126,,100.3805,-0.9416,JLANDALAS_PL
03PDN0127,,100.3806,-0.9741,CENDANA_MATAAIR_TB
03PDN0128,,100.3814,-0.9229,AMPANG_PL
03PDN0129,,100.3814,-1.0404,BUNGUS_EP
03PDN0130,,100.3817,-0.9712,MATA_AIR_GT
03PDN0131,,100.3817,-0.9153,GURUN_LAWEH_PAD_PL
03PDN0132,,100.3816,-0.9511,GANTING_PARAK_MT
03PDN0133,,100.3823,-0.8601,AIR_PACAH_PL
03PDN0134,,100.3826,-0.9795,SULTAN_SYAHRIR_PAD_CM
03PDN0135,,100.3817,-0.8726,BAITURRAHMAN_PL
03PDN0136,,100.3836,-0.9098,GURUN_LAWEH_PADANG_TB
03PDN0137,,100.3838,-0.9936,TELUK_BAYUR_MT
03PDN0138,,100.3841,-0.8373,LUBUK_MINTURUN_EP
03PDN0140,,100.3846,-0.9661,BANUARAN_GT
03PDN0141,,100.3851,-0.9438,SARANG_GAGAK_GT
03PDN0142,,100.3849,-0.8947,PERUMAHAN_IGASAR_TB
03PDN0143,,100.3851,-0.9591,AUR_DURI_PAD_PL
03PDN0144,,100.3861,-0.9329,ANDURING_PL
03PDN0145,,100.3862,-0.9511,DRSUTOMO_GT
03PDN0146,,100.3863,-0.9279,MLAYU_LUBUKLINTAH_MT
03PDN0147,,100.3864,-0.8991,AIE_PACAH_MT
03PDN0148,,100.3868,-0.846,SMKPPN_PADANG_GT
03PDN0149,,100.3873,-0.8526,MINTURUN_SUNGAILAREH_PL
03PDN0150,,100.388,-0.9207,LUBUK_LINTAH_PAD_PL
03PDN0151,,100.3884,-0.9756,MI_PADBULOG_PADANG_TB
03PDN0152,,100.3887,-0.9381,ANDURING_KURANJI_TB
03PDN0153,,100.389,-0.9662,BANUARAN1_MT
03PDN0155,,100.3891,-0.9537,LUBUK_BEGALUNG_EP
03PDN0156,,100.3892,-0.9427,KUBU_PARAK_KARAKAH_PL
03PDN0157,,100.3894,-0.9136,KAMPUNG_KALAWI_TB
03PDN0158,,100.3894,-0.9797,JALA_UTAMA_PL
03PDN0159,,100.3905,-0.9616,KOMPPEMDA_GRNLAWEH_PL
03PDN0160,,100.3909,-0.8818,TERMINAL_BINGKUANG_TB
03PDN0161,,100.3912,-0.9494,PRKKRKAHPADANGTIMUR_PL
03PDN0162,,100.3916,-0.9713,PAMPANGAN_PADANG_MT
03PDN0163,,100.3939,-0.8863,BYPASS_PL
03PDN0164,,100.393,-0.8306,BALAI_GADANG_PAD_MT
03PDN0165,,100.3933,-0.9009,SEI_SAPIHKURANJI_PL
03PDN0166,,100.3943,-0.9639,TANAH_SIRAH_GT
03PDN0167,,100.3944,-0.9351,MHATTA_MT
03PDN0168,,100.3945,-0.9181,KELAWI_BARAT_MT
03PDN0169,,100.3952,-0.9747,JLBYPASS_PARAKLAWEH_TB
03PDN0170,,100.3953,-0.8917,SUNGAI_SAPIH_GT
03PDN0171,,100.3958,-0.9256,GGMEKAR_JAYA_MT
03PDN0173,,100.3967,-0.9073,KURAU_PANGANG_PL
03PDN0174,,100.3968,-0.957,JLARU_PL
03PDN0175,,100.397,-0.9822,PAGAMBIRAN_AMPULU_PAD_PL
03PDN0176,,100.3987,-0.8786,GUNUNG_SARIK_TB
03PDN0177,,100.3986,-0.8709,KOMPLEK_BTN_MT
03PDN0178,,100.3987,-0.9629,UPI_PADANG_TB
03PDN0179,,100.399,-0.9114,TARUKO_TB
03PDN0180,,100.3994,-0.9214,RAYA_KURANJI_PL
03PDN0181,,100.3999,-0.9774,PEGAMBIRAN_MT
03PDN0182,,100.4,-0.9026,GUNUNG_SARIK1_CM
03PDN0183,,100.4007,-0.9283,PILA_TAROK_TB
03PDN0184,,100.4008,-0.9461,SIMPANG_PARAK_KARAKAH_TB
03PDN0185,,100.401,-0.9421,PISANG_PAD_GT
03PDN0186,,100.4012,-0.9685,PENGAMBIRAN_MT
03PDN0187,,100.4017,-0.9499,BYPASS_PISANG_PADANG_GT
03PDN0188,,100.402,-0.9354,AMBACANG_PL
03PDN0189,,100.4028,-0.9721,PERUM_GRIYA_ARYA_PINANG_GT
03PDN0190,,100.4035,-0.9561,CENGKEH_PADANG_PL
03PDN0191,,100.4045,-0.9766,KOMP_ARAI_PINANG_TB
03PDN0192,,100.4047,-0.8882,TANJUNG_SABA_MT
03PDN0193,,100.4047,-0.9173,KOMPLEK_TARUKO1_MT
03PDN0194,,100.4048,-0.964,BYPASS_KPJUA_GT
03PDN0195,,100.405,-0.9269,BUNGA_TANJUNG_PAD_CM
03PDN0197,,100.4058,-0.8968,KOMPLEK_TARUKO2_TB
03PDN0199,,100.4069,-0.8827,GUNUNG_SARIK2_PL
03PDN0200,,100.4083,-0.9059,JLUJUNG_GURUN_TB
03PDN0201,,100.4084,-0.9605,PADLESTARI_PADANG_TB
03PDN0202,,100.4108,-0.9404,SURAU_GADANG_KOTA_PADANG_MT
03PDN0203,,100.4092,-0.9304,PASAR_AMBACANG_TB
03PDN0204,,100.412,-0.9234,KORONGGADANG_MT
03PDN0205,,100.4124,-1.0503,PANTAI_BUNGUS_PL
03PDN0206,,100.413,-0.8808,SUNGAI_LAREHSPG_PL
03PDN0207,,100.4133,-0.8993,KURANJI_PAD2_EP
03PDN0208,,100.4133,-0.9651,KAMPUNG_JUA_GT
03PDN0209,,100.4135,-1.0358,PAD62TELUK_BUNGUS_TB
03PDN0211,,100.415,-1.0748,TELUK_KABUNG_TENGAH_MT
03PDN0212,,100.4152,-1.0636,SIGUNTUR_MUDA_TB
03PDN0213,,100.4158,-1.0179,BUNGUS_BARAT_CM
03PDN0214,,100.4165,-0.9555,BANDAR_BUAT_PAD_PL
03PDN0215,,100.4172,-0.9259,KURANJI_PAD1_MT
03PDN0216,,100.4176,-0.945,PIAI_PADANG_ST
03PDN0217,,100.4184,-0.9313,HATTABINUANGK_DLM_PL
03PDN0218,,100.4187,-0.9048,TUI_RAYA_MT
03PDN0219,,100.419,-0.9168,BELIMBING_KURANJI_PL
03PDN0220,,100.4227,-0.8967,BELIMBING_DUA_ST
03PDN0221,,100.4235,-0.8829,TANJUNG_AUR_KOTA_PADANG_PL
03PDN0222,,100.4262,-0.9281,PASARBARUCUPAKTNGAH_TB
03PDN0223,,100.4279,-0.9334,PALARIK_PACAH_CM
03PDN0224,,100.431,-0.9295,PASARBARU_PAD_CM
03PDN0225,,100.4342,-0.9374,CUPAK_TANGAH_PAD_PL
03PDN0226,,100.4343,-0.9486,BNDARBUATBANDARBUAT_PL
03PDN0227,,100.4348,-0.9592,KOTO_LALANG_PAD_TB
03PDN0228,,100.4353,-0.9225,LUBUK_BUKIT_MT
03PDN0229,,100.4441,-0.9487,SIMPANG_GADUT_TB
03PDN0230,,100.4441,-0.931,PADALAI_PAUH_TB
03PDN0231,,100.4475,-0.936,TARATAK_KOTO_LUA_TB
03PDN0232,,100.4479,-0.9218,UNAND_MT
03PDN0233,,100.4506,-0.9576,PADANG_BESI_PL
03PDN0234,,100.4537,-0.9171,UNAND_MCP_PAD_MT
03PDN0235,,100.4539,-0.9211,UNIVERSITAS_ANDALAS_TB
03PDN0236,,100.4563,-0.9316,NONGSA_BEACH_MT
03PDN0237,,100.4576,-0.9508,PAUHLIMAU_MT
03PDN0238,,100.4583,-0.9375,LIMAUMANIS_SELATAN_MT
03PDN0239,,100.4625,-0.9132,UNIV_ANDALAS2_ST
03PDN0240,,100.4629,-0.9231,PAUH_KOTO_LUA_TB
03PDN0241,,100.4638,-0.9424,PADANG_PAD1_HS
03PDN0242,,100.4702,-0.9569,SEMENPADANGTIMUR_GT
03PDN0243,,100.4715,-0.9392,GADUT_UJUNG_TB
03PDN0244,,100.4773,-0.954,SEMEN_PADANG_EP
03PDN0246,,100.3726,-0.9486,ULAK_KARANG_TB
03PDN0248,,100.3657,-0.981,PADANG_SELATAN_MANIS_ST
03PDN0249,,100.4415,-0.9652,TARANTANG_MT
03PDN0251,,100.3692,-0.9971,TALUAK_BAYUA_MT
03PDN0254,,100.3725,-0.8076,UIN_SUBANGEK_PL
03PDN0255,,100.4028,-1.0286,BUNGUS_PELABUHAN_GT
03PDN0256,,100.3911,-1.0079,SEI_BEREMAS_TLKBAYUR_MT
03PDP0001,,100.3749,-0.4695,SILAIANG_BAWAH_PL
03PDP0002,,100.3847,-0.4672,SILAING_BAWAH_MT
03PDP0003,,100.3943,-0.463,TELENG_KAMPUNG_MANGGIS_PL
03PDP0004,,100.3995,-0.4633,PADANG_PANJANG_PAP_MT
03PDP0005,,100.3997,-0.4582,BUKITSURUNGAN_MT
03PDP0006,,100.4032,-0.452,SOEKARNO_HATTA_BUKIT_SURUNGAN_PL
03PDP0007,,100.4041,-0.4646,RIFAI_DALAM_PL
03PDP0008,,100.409,-0.465,PINCURAN_KABIA_TB
03PDP0009,,100.4106,-0.4694,BATIPUH_EP
03PDP0010,,100.4173,-0.4579,ENAM_MEI_CM
03PDP0011,,100.4236,-0.4688,JLSIGANDO_ST
03PDP0012,,100.4295,-0.484,ANDALEH_BATIPUH_PL
03PDP0013,,100.4035,-0.4699,GOR_KHATIB_SOELAIMAN_PL
03PKB0002,,100.6004,-0.2056,PERKANTORAN_SOETTA_MT
03PKB0003,,100.6069,-0.1971,PEMUKIMAN_TALANG_MT
03PKB0004,,100.6088,-0.2177,PARAMBAHAN_CM
03PKB0005,,100.6096,-0.2447,KUBUGADANG_CM
03PKB0006,,100.611,-0.2323,SBRG_BETUNG_CM
03PKB0007,,100.6146,-0.2339,PAYAKUMBUH_BARAT1_MT
03PKB0008,,100.6155,-0.2267,PERUM_MUTIARAHATI_TB
03PKB0009,,100.6162,-0.2651,TANJUNG_PAUH_PAY_CM
03PKB0010,,100.6169,-0.2401,PAYAKUMBUH_BARAT2_PL
03PKB0011,,100.6182,-0.2482,BALAI_NAN_DUO_CM
03PKB0012,,100.6242,-0.2364,PAYAKUMBUH_EP
03PKB0013,,100.6197,-0.2037,TAN_MALAKA_CM
03PKB0014,,100.6231,-0.2112,NAPAR_SAY_PL
03PKB0015,,100.6232,-0.2208,PAYAKUMBUH1_CM
03PKB0016,,100.6246,-0.2284,PAYAKUMBUH2_MT
03PKB0017,,100.6273,-0.2232,BUNIAN_PAYAKUMBUH_MT
03PKB0018,,100.6286,-0.2369,GATOTSUBRTOTJ_IMBUH_PL
03PKB0019,,100.6307,-0.2467,SAWAHPADANG_CM
03PKB0020,,100.6318,-0.2276,DAYA_BANGUN_MT
03PKB0021,,100.6347,-0.2333,BELAKANG_PASAR_PAYAKUMBUH_TB
03PKB0022,,100.6419,-0.218,PAYAKUMBUH3_TB
03PKB0023,,100.636,-0.2169,HRASUL_TB
03PKB0024,,100.636,-0.1895,DAHLAN_TALAWI_CM
03PKB0025,,100.6376,-0.2247,PASAR_PAYAKUMBUH_TB
03PKB0026,,100.6406,-0.234,PAYAKUMBUH_TIMUR_ST
03PKB0027,,100.6412,-0.2281,LABUHBASILANG_PL
03PKB0028,,100.6437,-0.2117,KOTA_EP
03PKB0029,,100.6449,-0.2444,SICINCIN_MUDIK_PL
03PKB0030,,100.648,-0.2002,PAYOLINYAM_PL
03PKB0031,,100.6482,-0.2385,SICINCIN_CIBADAK_CM
03PKB0032,,100.6536,-0.2334,BALAI_GADANG_PAY_CM
03PKB0033,,100.656,-0.2131,TJGHARAPAN_PAYOKASUNG_PL
03PKB0034,,100.6575,-0.2235,BALAI_BATIMAH_XL
03PKB0035,,100.6637,-0.2407,BALAI_JARING_PK
03PKB0036,,100.6682,-0.2106,PAYO_BASUNG_TB
03PKB0037,,100.676,-0.2079,PANGLIMA_POLIM_PAYAKUMBUH_TB
03PKB0038,,100.6095,-0.258,NGALAU_INDAH_MT
03PMT0001,,99.9738,-0.4374,BATANG_GASAN_PL
03PMT0002,,99.9949,-0.4566,SUNGAI_SARIK_MALAI_TB
03PMT0003,,100.0385,-0.4984,KAMUMUAN_MT
03PMT0004,,100.0483,-0.5109,SUNGAI_LIMAU_MT
03PMT0005,,100.0595,-0.5246,KURANJIHILIR_PL
03PMT0006,,100.0753,-0.3521,AUR_MALINTANG_MT
03PMT0007,,100.0826,-0.3657,ITMALINTANG_ST
03PMT0008,,100.0849,-0.5424,PILUBANG_TB
03PMT0009,,100.0879,-0.4169,GERINGGING_PL
03PMT0010,,100.1119,-0.55,KAMPUNG_DALAM_TB
03PMT0011,,100.1294,-0.5193,CAMPAGO_KPDALAM_TB
03PMT0012,,100.1469,-0.5649,LIMAU_PURUIK_PL
03PMT0013,,100.164,-0.6615,MARUNGGI_PL
03PMT0014,,100.178,-0.6859,TALUAK_PADANG_PARIAMAN_PL
03PMT0015,,100.1833,-0.6958,PASAR_ULAKAN_MT
03PMT0016,,100.1854,-0.6103,PUNGGUANG_LADIANG_CM
03PMT0017,,100.1878,-0.6392,KURAI_TAJI_PAR_EB
03PMT0018,,100.188,-0.5706,PADANG_AMPALU_MT
03PMT0019,,100.1972,-0.6068,BALAH_AIA_SARIAK_ST
03PMT0020,,100.1997,-0.6925,ULAKAN_PDG_TB
03PMT0021,,100.2012,-0.714,ULAKAN_BARU_CM
03PMT0022,,100.2024,-0.6574,TANGAH_PADANG_PARIAMAN_PL
03PMT0023,,100.205,-0.6867,ULAKAN_TIGA_CM
03PMT0024,,100.2052,-0.601,NAGARI_BALAH_AIA_CM
03PMT0025,,100.2083,-0.6944,WULAKAN_ST
03PMT0026,,100.2121,-0.5406,PADANG_SAGO_TB
03PMT0027,,100.2131,-0.6205,SUNGAI_SARIAK_PL
03PMT0028,,100.218,-0.7256,TAPAKIH_PADANG_SELATAN_PL
03PMT0029,,100.2209,-0.6466,PAUH_KAMBA_EP
03PMT0030,,100.2211,-0.586,SEI_SARIAK_MT
03PMT0031,,100.2241,-0.7069,ULAKAN_PDG1_CM
03PMT0032,,100.2269,-0.576,SUNGAI_SARIK_MT
03PMT0033,,100.2346,-0.6897,TAPAKIH_PADANG_TIMUR_PL
03PMT0034,,100.2354,-0.6374,AMPALU_TINGGI_PL
03PMT0035,,100.2365,-0.6617,PARIAMANTOBOH_GADANG_PL
03PMT0036,,100.2434,-0.7532,KATAPIANG_CM
03PMT0037,,100.2487,-0.512,SIKUNCUA_TIMUR_PL
03PMT0038,,100.2554,-0.6618,SINTUAK_PL
03PMT0039,,100.2558,-0.6242,ENAM_INGKUNG_PL
03PMT0040,,100.2581,-0.6759,SIMPANG_SINTUK_TB
03PMT0041,,100.2677,-0.5948,TANJUNG_GANTING_MT
03PMT0042,,100.2732,-0.6333,KAMPUANG_PANEH_PL
03PMT0043,,100.2735,-0.683,SINTUK2_CM
03PMT0044,,100.275,-0.639,KM39_TANJUNGAUR_PL
03PMT0045,,100.2764,-0.5661,BARI_SICINCIN_PL
03PMT0046,,100.2768,-0.7253,LUBUKALUNG_PL
03PMT0047,,100.2773,-0.6256,KIAMBANG_TB
03PMT0048,,100.2781,-0.571,SICINCIN2_ST
03PMT0049,,100.2786,-0.5758,SICINCIN_TB
03PMT0050,,100.2814,-0.5856,SICINCIN3_TB
03PMT0051,,100.2817,-0.5636,SICINCIN1_MT
03PMT0052,,100.283,-0.6146,WPARIT_MELINTANG_ST
03PMT0053,,100.2837,-0.6621,SEI_ABANG_MT
03PMT0054,,100.2859,-0.6034,PARIK_MALINTANG_CM
03PMT0055,,100.2858,-0.7867,IN_BANDARA_KETAPING_MC
03PMT0056,,100.287,-0.7882,MINANGKABAU_INT_AIRPORT_EP
03PMT0057,,100.2872,-0.7442,KATAPIANG_BATANGANAI_TB
03PMT0058,,100.2882,-0.5567,ELINGKUNG_MT
03PMT0059,,100.2884,-0.6799,LUBUK_ALUNG_EP
03PMT0060,,100.2887,-0.6989,SINTUK1_CM
03PMT0061,,100.2884,-0.6711,PASAR_LUBUK_ALUNG_PL
03PMT0062,,100.291,-0.7824,KETAPING_PAR_ST
03PMT0063,,100.292,-0.6907,LUBUK_ALUNG1_PL
03PMT0064,,100.2923,-0.707,LUBUKALUNG_PDGATAS_TB
03PMT0065,,100.2924,-0.5488,KAPALO_HILALANG_PL
03PMT0066,,100.2997,-0.5503,KAYU_TANAM_PAR2_ST
03PMT0067,,100.3008,-0.6499,TOBOH_GADANG_CM
03PMT0068,,100.3014,-0.7166,ALUNG_PARIAMAN_CM
03PMT0069,,100.3095,-0.6997,LUBUK_ALUM_ST
03PMT0070,,100.3122,-0.7352,PASAR_USANG_MT
03PMT0071,,100.315,-0.7679,SUNGAI_BULUH_PAR_MT
03PMT0072,,100.3151,-0.7881,NAGARI_KASANG_PL
03PMT0073,,100.3154,-0.7585,SUNGAI_BULUAH_PL
03PMT0074,,100.3164,-0.7744,BYPASS_PAR_EP
03PMT0075,,100.3185,-0.6423,ASAM_PULO_GT
03PMT0076,,100.3203,-0.8016,KASANG_PAR_PL
03PMT0077,,100.3209,-0.4812,ANAI_EP
03PMT0078,,100.3222,-0.7925,PADPASS_BULUNGAN_TB
03PMT0079,,100.331,-0.5521,KAYU_TANAM_PAR_PL
03PMT0080,,100.3346,-0.7895,KASANG_ANAI_CM
03PMT0081,,100.3367,-0.5374,KAYU_TANAM_PARIAMAN_MT
03PMT0082,,100.3379,-0.5185,KAYU_TANAM_PAR1_CM
03PMT0083,,100.3397,-0.4955,BENTENG_LEMBAHANAI_PL
03PMT0084,,100.0893,-0.3933,KOTO_AMAL_CM
03PMT0085,,100.1099,-0.4217,SIMP_4_KALAWI_TB
03PMT0086,,100.0844,-0.4486,KURANJI_HULU_PL
03PMT0087,,100.124,-0.4527,KOTO_BANGKO_PL
03PMT0088,,100.2043,-0.4832,PASAR_PADANG_ALAI_MT
03PMT0089,,100.0961,-0.5273,PILUBANG_SUNGAI_LIMAU_MT
03PMT0090,,100.2416,-0.5549,SUNGAI_DURIAN_PATAMUAN_MT
03PMT0091,,100.1105,-0.5289,KORONG_CAMPAGO_NAGARI_CM
03PMT0092,,100.3039,-0.7931,KETAPIANG_BATANG_ARAI_MT
03PMT0093,,100.1,-0.5496,SITI_MANGGOPOH_PILUBANG_MT
03PPJ0002,,101.4814,-0.9512,LINTASUMATERA_TB
03PPJ0003,,101.4941,-0.9504,BUPATI_DHARMASRAYA_MT
03PPJ0004,,101.5017,-0.947,NAGARI_EMPAT_KOTO_TB
03PPJ0005,,101.5045,-0.9603,PULAU_PUNJUNG_EP
03PPJ0006,,101.5048,-0.9553,SUNGAI_LANGSE_PL
03PPJ0007,,101.506,-0.966,SUNGAI_DAREH_MT
03PPJ0008,,101.5149,-0.969,DAREH_TELKOM_TB
03PPJ0009,,101.53,-0.9749,LTSSUMATERA_SDAREH_PL
03PPJ0010,,101.5448,-0.9851,SIKABAU_DHARMAS_RAYA_PL
03PPJ0011,,101.5583,-1.5182,LUBUK_BESAR_DMS_EP
03PPJ0012,,101.559,-0.9913,PASAR_SIKABAU_PL
03PPJ0013,,101.5621,-0.9597,KANTOR_BUPATI_SIJUNJUNG_MT
03PPJ0014,,101.5758,-1.0046,TABIANG_TINGGI_TB
03PPJ0015,,101.5761,-0.9808,MUARO_TKG_PL
03PPJ0016,,101.5998,-1.0168,LTSSUMATERA_GANTING_PL
03PPJ0017,,101.6077,-1.0247,GUNUNG_MEDAN_MT
03PPJ0018,,101.6254,-1.1681,BONJOL_ABAI_SIAT_MT
03PPJ0019,,101.6358,-1.0119,EKA_BUANA_PIRUKO_SITIUNG_PL
03PPJ0020,,101.6448,-1.0576,KINARI_TB
03PPJ0022,,101.6634,-1.2412,KOTO_TINGGI_DMS_MT
03PPJ0023,,101.6674,-1.0527,SIALANG_PL
03PPJ0024,,101.6718,-1.0689,KOTO_LINTAS_NAGARI_TB
03PPJ0025,,101.672,-1.2717,BLOK_A_SITIUNG_TB
03PPJ0026,,101.6804,-1.1336,AMPANG_KURANJI_MT
03PPJ0027,,101.6836,-1.2865,SITIUNG_TB
03PPJ0029,,101.6951,-1.0749,NAGARI_SIALANGGAUNG_MT
03PPJ0030,,101.7046,-1.2584,KOTO_TINGGI_PADANG_PL
03PPJ0031,,101.7123,-1.055,DESA_PADANG_BINTUNGAN_MT
03PPJ0032,,101.7198,-1.1252,DAMASRAYA_MT
03PPJ0033,,101.7415,-1.218,SUNGAI_RUMBAI_MT
03PPJ0034,,101.7447,-1.0962,SP3_DMSRAYA_TB
03PPJ0035,,101.7595,-1.227,KURNIA_KOTO_SALAK_CM
03PPJ0036,,101.7638,-1.1944,KOTO_SALAK3_MT
03PPJ0037,,101.7782,-1.2184,PERUMAHAN_TALANG_PAMESUM_MT
03PPJ0038,,101.7894,-1.0334,MUARA_TIMPE_PL
03PPJ0039,,101.7904,-1.1179,KOTO_SALAK1_CM
03PPJ0040,,101.8116,-1.1159,KOTO_SALAK2_MT
03PPJ0041,,101.8304,-1.1138,KOTO_BARU_DMS_CM
03PPJ0042,,101.8376,-1.1467,PADANGTANGAH_DHARMASRAYA_PL
03PPJ0043,,101.8733,-1.123,TANJUNG_HARAPAN_DMS_TB
03PPJ0044,,101.7954,-1.0844,SP1_LAGAN_JAYA_TB
03PPJ0045,,101.6036,-0.985,JL_LINTAS_SITIUNG_TB
03PPJ0046,,101.6514,-1.1684,ABAI_SIAT_GT
03PPJ0047,,101.6862,-1.0345,SUNGAI_DUO_PL
03PPJ0048,,101.77,-1.1366,AMPALU_TB
03PPJ0049,,101.5913,-1.0155,GUNUNG_MEDAN_SITIUNG_MT
03PPJ0050,,101.635,-1.0531,LINTAS_KOTOBARU_MT
03PPJ0051,,101.7455,-1.0779,TIUMANG_SIPANGKUR_PL
03PPJ0052,,101.726,-1.1785,KOTO_BARU_CM
03PPJ0053,,101.4852,-0.9051,PULAU_PUNJUNG_MT
03PPJ0054,,101.6764,-0.9712,TRIMULYA_PANYUBARANGAN_MT
03PPJ0055,,101.7073,-0.9661,TIMPEH_TANAH_PELABI_MT
03PPJ0056,,101.7213,-1.0894,SIALANG_GAUNG_KOTOBARU_MT
03PPJ0057,,101.7266,-1.1181,PIRUKO_KOTO_BARU_MT
03PPJ0058,,101.808,-1.0455,SOPAN_JAYA_MT
03PPJ0059,,101.7382,-1.0001,BATURIJAL_PADANG_LAWEH_ST
03PPJ0060,,101.4729,-0.8543,TARATAK_TINGGI_TIMPEH_TB
03PRN0001,,100.0985,-0.5697,NARAS_PIAMAN_ST
03PRN0002,,100.1039,-0.5808,TOBOHPARIAMAN_TB
03PRN0003,,100.1057,-0.5893,MANGGUNG_NARAS_MT
03PRN0004,,100.1185,-0.61,PAUAH_TB
03PRN0005,,100.1187,-0.6263,KARANG_AUR_MT
03PRN0006,,100.1193,-0.615,PASAR_PARIAMAN_EP
03PRN0007,,100.1196,-0.622,PARIAMAN1_MT
03PRN0008,,100.1203,-0.6299,PARIAMAN2_MT
03PRN0010,,100.1228,-0.6351,PANTAI_CERMIN_PARIAMAN_TB
03PRN0011,,100.1242,-0.6193,PARIAMAN_PRM_PL
03PRN0012,,100.1283,-0.6337,JLTERATAI_MT
03PRN0013,,100.1294,-0.6392,RSJANTUNG_PARIAMAN_MT
03PRN0014,,100.1296,-0.6261,KHARIL_ANWAR_TARATAK_PL
03PRN0015,,100.1332,-0.5863,PARIAMAN_TIMUR_PADANG_PL
03PRN0016,,100.134,-0.6458,TALUK_PARIAMAN_MT
03PRN0017,,100.1398,-0.6132,JATI_HILIR_PL
03PRN0018,,100.1439,-0.658,SIMPANG_PALAK_ANEH_MT
03PRN0019,,100.1458,-0.6289,WALIKOTA_PARIAMAN_MT
03PRN0020,,100.1601,-0.6455,PAUAH_BARAT_KOTA_PARIAMAN_PL
03PRN0021,,100.1646,-0.6273,JLIMAN_BONJOL_PL
03PRN0022,,100.1674,-0.6059,AIA_SANTOK_TB
03PRN0023,,100.1679,-0.6379,KURAI_TAJI_PRM_MT
03PRN0024,,100.1706,-0.6153,PUNGGUNG_LADING_MT
03PRN0025,,100.1715,-0.6301,BASOKA_DESAPAUH_PL
03PRN0026,,100.1605,-0.5977,AIR_SANTOK_MT
03PRN0027,,100.1398,-0.5971,BATANG_KABUNG_CM
03PRN0028,,100.1176,-0.5784,CUBADAK_AIR_PARIAMAN_TB
03SOK0001,,100.624,-0.7869,BUKITAPIT_PUHUNSOLOK_PL
03SOK0002,,100.6286,-0.7737,GANTING_SOLOK_TJHARAPAN_PL
03SOK0003,,100.6298,-0.7944,KAYU_KUBU_KOTA_SOLOK_PL
03SOK0004,,100.6351,-0.7856,LUBUK_SIKARAH_PL
03SOK0005,,100.6407,-0.791,PUTRABANGSA_TNHGARAM_PL
03SOK0006,,100.644,-0.7804,SIMPANG_MARAHADIN_MT
03SOK0007,,100.645,-0.7692,MANGGISGANTING_KOTA_SOLOK_PL
03SOK0008,,100.6476,-0.7867,SOLOK2_TB
03SOK0009,,100.6543,-0.7978,MUCHSIS_LUBUKSIKARAH_PL
03SOK0010,,100.6548,-0.7886,SOLOK1_MT
03SOK0011,,100.6552,-0.7597,SOLOK_RELOKASI_TB
03SOK0012,,100.6562,-0.8051,SIMPANG_LUBUK_SIKARAH_MT
03SOK0013,,100.6562,-0.7759,NAN_BALIMO2_MT
03SOK0014,,100.6576,-0.7855,NAN_BALIMO1_MT
03SOK0015,,100.6578,-0.7928,SOLOK_EP
03SOK0016,,100.6649,-0.788,PASAR_PANDAN_PL
03SOK0017,,100.6675,-0.8017,SIMPANG_RUMBIO_ST
03SOK0018,,100.6728,-0.7932,SAOK_LAWEH_MT
03SPA0001,,99.3724,0.388,RTO_NATAL_MT
03SPA0002,,99.3771,0.199,AIR_BANGIS_ST
03SPA0003,,99.3772,0.2096,PASAR_KUMPULAN_TB
03SPA0004,,99.385,0.2045,NAGARI_AIR_BANGIS_TB
03SPA0006,,99.4298,0.2247,SILIWAI_TENGAH_MT
03SPA0008,,99.4597,0.2685,RDTO_NATAL2_TB
03SPA0009,,99.4655,0.4451,US_TANJUNG_LARANGAN_BU
03SPA0010,,99.4702,0.3943,SILAPING_TB
03SPA0012,,99.5239,0.285,PARIT_BALINGKA_MT
03SPA0013,,99.5507,0.2783,UJUANG_GADIANG2_PL
03SPA0014,,99.5579,0.2744,UJUNG_GADING_EP
03SPA0015,,99.5584,0.2641,LEMBAH_MALINTANG_MT
03SPA0016,,99.5585,0.285,UJUANG_GADIANG3_PSB_TB
03SPA0017,,99.5747,0.4254,US_SITUAK_BARAT_BU
03SPA0018,,99.5936,0.2447,TAMUNARANG_EB
03SPA0019,,99.6169,0.2355,SUNGAI_AUAR_ST
03SPA0020,,99.6635,0.3838,US_BUKIT_MELINTANG_PSB_BU
03SPA0021,,99.6677,0.2271,SUNGAI_AUR_TB
03SPA0023,,99.7097,-0.0061,SASAK_EP
03SPA0024,,99.7155,0.3878,US_SITABU_BU
03SPA0026,,99.7526,0.2242,MUARA_KIAWAI_MT
03SPA0027,,99.7666,-0.1563,US_KATIAGAN_BU
03SPA0028,,99.7698,0.0367,KAPAR_PL
03SPA0029,,99.7715,0.2207,KIAWAI_BARAT_PL
03SPA0031,,99.7848,0.1759,AIR_GADANG_TB
03SPA0032,,99.7887,0.0107,MAHA_KARYA_PASAMAN_BARAT_PL
03SPA0034,,99.8135,0.1306,SIMPANG_EMPAT_UTARA_PL
03SPA0035,,99.8155,0.0278,SIMPANG3_PASAMAN_PL
03SPA0036,,99.8166,0.0553,JAMBAK_TB
03SPA0037,,99.8194,0.1107,PASAMAN_BARU_PL
03SPA0038,,99.8204,0.0737,PASAR_PALUPUH_TB
03SPA0039,,99.8211,0.0086,SIMPANG_TIGA_PSB_MT
03SPA0040,,99.8214,0.104,BUNDARAN_SIMPANG_TB
03SPA0042,,99.8262,0.0933,SIMPANG_EMPAT_SPP_MT
03SPA0044,,99.8309,0.0971,PASAMAN_BARAT_EP
03SPA0045,,99.841,-0.0407,SUMBERAGUNG_KINALI_TB
03SPA0046,,99.8447,0.0731,BANDAREJO_PASAMAN_EB
03SPA0047,,99.8508,0.1108,PSAMAN_BARU_EB
03SPA0048,,99.8625,-0.0288,RIMBOTAMPURUNG_PL
03SPA0049,,99.8807,0.081,LEMBAH_BINUANG_TB
03SPA0050,,99.8869,-0.0465,MANGGOPOH_KINALI_MT
03SPA0051,,99.8875,0.1228,PADANGTUJUH_TB
03SPA0053,,99.9064,-0.0587,KINALI2_MT
03SPA0054,,99.9244,-0.0606,KINALI_EP
03SPA0055,,99.9302,0.1628,KAJAI_TB
03SPA0057,,99.9346,-0.1003,KINALI1_CM
03SPA0059,,99.9808,0.2259,TALU_PL
03SPA0063,,99.389,0.4056,KAMPUNG_BARU_PL
03SPA0064,,99.4399,0.3973,RANAHBATAHAN_CM
03SPA0065,,99.5011,0.28,KOTOBALINGKA_PARIT_MT
03SPA0066,,99.6836,0.3154,RABI_JONGGOR_ST
03SPA0067,,99.7811,0.0614,KAPA_PL
03SPA0068,,99.7963,0.0785,LINGKUANG_AUA_MT
03SPA0069,,99.9018,0.1372,AUA_KUNIANG_CM
03SPA0071,,99.9942,0.2152,TALAMAU_TALU_TB
03SPA0072,,99.7194,0.2301,MUARO_KIAWAI2_CM
03SPA0074,,99.9907,0.2354,TALU_ST
03SPA0075,,99.9433,-0.1201,KINALI_KOJA_TB
03SPA0077,,99.5679,0.2516,RANAHSALIDO_MT
03SPA0078,,99.8578,-0.0539,SUMBERAGUNG_KINALI_MT
03SPA0079,,99.8462,-0.0113,AMPATKOTO_KINALI_MT
03SPA0080,,99.9852,0.1476,KAJAI_MT
03SPA0081,,99.3555,0.3874,DESA_BARU_MT
03SPA0082,,99.3979,0.2151,AIA_BANGIH_MT
03SPA0083,,99.5584,0.2692,UJUANG_GADIANG5_PL
03SPA0084,,99.5567,0.2806,UJUANG_GADIANG4_PL
03SPA0085,,99.4379,0.3239,AIR_RUNDING_PL
03SPA0086,,99.889,0.062,LEMBAH_BINUANG2_CM
03SPA0087,,99.4549,0.245,BATAS_TAROK_CM
03SPA0088,,99.6367,0.2139,SIMP_3_SUNGAI_AUR_CM
03SPA0090,,99.4378,0.3067,JORONG_SIMPANG_PL
03SPA0099,,99.7644,0.19,NAGARI_AIA_GADANG_MT
03SPA0100,,99.8047,0.1513,AIA_GADANG_PASAMAN_MT
03SPA0101,,99.8799,0.0991,AUA_KUNIANG_PASAMAN_MT
03SPA0102,,99.7201,0.1162,GERSINDO_MINANG_MT
03SPA0103,,99.5131,0.218,UJUNG_GADING_KOTOSAWAH_MT
03SPA0104,,99.5267,0.2366,LINTAS_UJUNG_GADING_MT
03SPA0105,,99.8944,0.0361,LUHAK_NAN_DUO_ST
03SPA0106,,99.5021,0.4105,AEK_NABIRONG_MT
03SPA0107,,99.9308,-0.0788,NAGARI_BUNUIK_KINALI_PL
03SRK0001,,100.4607,-0.0998,SULIKI_TB
03SRK0002,,100.4877,-0.1769,SUAYAN_TB
03SRK0003,,100.5069,-0.0886,KOTO_KACIA_PL
03SRK0004,,100.5087,-0.2001,SUNGAI_BALANTIAK_MT
03SRK0005,,100.5105,-0.1093,JLTAN_MALAKA_LPK_TB
03SRK0006,,100.5214,-0.1201,LIMBANANG_EP
03SRK0007,,100.5226,-0.1047,TALAGO_LIMAPULUH_PL
03SRK0008,,100.5274,-0.1364,KUBANG_LPK_TB
03SRK0009,,100.5346,-0.2263,SARIAK_LAWEH_PL
03SRK0010,,100.5359,-0.0951,PDG_KANDIS_EP
03SRK0011,,100.5375,-0.1111,TABEK_GADANG_LPK_MT
03SRK0012,,100.5454,-0.1317,DANGUNG_TB
03SRK0013,,100.5493,-0.2426,BATU_HAMPAR_LPK_TB
03SRK0014,,100.5544,-0.1138,JORONG_MUNGKA_LPK_PL
03SRK0016,,100.5599,-0.1808,SUNGAI_TALANG_MT
03SRK0017,,100.563,-0.149,GUGUAK_VIII_KOTO_MT
03SRK0018,,100.5672,-0.1178,MUNGKA_TB
03SRK0020,,100.5732,-0.2046,PIOBANG_MT
03SRK0021,,100.5761,-0.1021,KOTOTUO_LIMAPULUH_PL
03SRK0022,,100.5777,-0.1428,TAEHBARUAH_TB
03SRK0023,,100.5786,-0.2644,PILADANG_MT
03SRK0024,,100.5841,-0.1609,SPGTIGA_SIMPAKKAPUAK_PB
03SRK0025,,100.5847,-0.2197,SUNGAI_BERINGIN_PL
03SRK0026,,100.5872,-0.1736,TANMALAKA_KOTOBARU_MT
03SRK0027,,100.5947,-0.1805,KOTO_BARU_SMLG_TB
03SRK0028,,100.596,-0.1673,KOTOTANGAH_SIMALANGGANG_PL
03SRK0029,,100.5995,-0.1844,SIMALANGGANG2_ST
03SRK0031,,100.6005,-0.2989,PARIAMAN_TENGAH_MT
03SRK0032,,100.6026,-0.1746,SIMALANGGANG1_MT
03SRK0033,,100.6093,-0.2825,PADANG_AMBACANG_PL
03SRK0034,,100.6171,-0.2948,SITUJUH_PL
03SRK0035,,100.6187,-0.188,RUPIH_APIAPI_PL
03SRK0036,,100.6212,-0.183,SIMALANGGANG_MT
03SRK0037,,100.6258,-0.1603,LUBUAK_BATINGKOK_PL
03SRK0038,,100.6308,-0.2879,SITUJUAH_GADANG_TB
03SRK0039,,100.6565,-0.2769,NAGARITJG_HAROSIKABU_GT
03SRK0040,,100.658,-0.1834,SULIKI1_PL
03SRK0041,,100.66,-0.1751,TARATAK_TANJUNG_PATI_PL
03SRK0042,,100.6624,-0.1654,TANJUNG_PATI_ST
03SRK0043,,100.6684,-0.1861,KAMPUNG_DAGANG_TB
03SRK0045,,100.6799,-0.1902,KOTO_TUO_HARAU_CM
03SRK0046,,100.6818,-0.149,JORONG_KETINGGIAN_PL
03SRK0047,,100.6853,-0.2729,SUNGAI_KAMUYANG_PL
03SRK0048,,100.6858,-0.2513,ANDALEH_TB
03SRK0049,,100.69,-0.2346,ANDALEH_LUAK_TB
03SRK0050,,100.6915,-0.2058,TARAM_PL
03SRK0051,,100.695,-0.259,MUNGO_LPK_ST
03SRK0052,,100.6983,-0.0284,RYPADANG_ULUAIR_PL
03SRK0053,,100.7011,-0.1259,LUBUK_BANGKO_TB
03SRK0054,,100.7137,-0.2882,BALAI_PANJANGLAREH_TB
03SRK0055,,100.7172,-0.2738,HALABAN_PDG_MT
03SRK0057,,100.7236,0.0872,PANGKALAN_PDG_MT
03SRK0058,,100.743,-0.315,KOTO_TINGGI_LPK_ST
03SRK0060,,100.7538,0.0523,MANGILANG_TB
03SRK0061,,100.5548,-0.2646,AKABILURU_TB
03SRK0062,,100.7174,-0.2442,BUKIK_SIKUMPA_MT
03SRK0063,,100.6625,-0.148,HARAU_SARILAMAK_MT
03SRK0064,,100.7451,-0.2801,SITANANG_TB
03SRK0065,,100.7455,-0.3366,LAREHSAGO_HALABAN_TB
03SRK0066,,100.7553,-0.261,SITANANG_MT
03SRK0069,,100.4434,-0.0385,BUKIK_KOTOTANGAH_TB
03SRK0071,,100.5728,-0.1248,PSR_MUNGKA_MT
03SRK0078,,100.703,-0.2662,MUNGO_MT
03SRK0079,,100.5841,-0.3101,TUNGKA_PL
03SRK0080,,100.6704,-0.2664,TANJUANG_HARO_CM
03SRK0081,,100.7396,-0.2319,BALAI_PANJANG_HALABAN_TB
03SRK0082,,100.6595,-0.1236,TARANTANG_HARAU_TB
03SRK0083,,100.7432,0.0682,PANGKALAN_KOTO_BARU_PL
03SRK0084,,100.729,-0.3024,TANJUANG_GADANG_HALABAN_PL
03SRK0085,,100.5569,-0.2969,SITUJUAH_LADANG_LAWEH_PL
03SRK0086,,100.6976,-0.1721,PILUBANG_HARAU_PL
03SRK0087,,100.5333,-0.2025,SARIAK_LAWEH2_GT
03SRK0091,,100.6058,-0.1316,TAEH_BUKIK_MT
03SRK0093,,100.568,-0.0802,TALANG_MAUA_MT
03SRK0096,,100.589,0.1893,LUBUK_ALAI_KAPUR_PL
03SRK0097,,100.5484,0.2427,PASAR_MUARO_PAITI_MT
03SRK0098,,100.4637,0.2459,SIALANG_KAPUR_TB
03SWN0001,,100.7348,-0.5959,TALAWI_SWL_TB
03SWN0002,,100.7512,-0.6534,BARANGIN_ST
03SWN0003,,100.7548,-0.7258,TALANG_TULUI_SILUNGKANG_PL
03SWN0004,,100.7564,-0.6639,BATU_ALANG_SOLOK_PL
03SWN0005,,100.7606,-0.6133,SIJANTANG_MT
03SWN0006,,100.7639,-0.6289,SIKALANG_TB
03SWN0007,,100.7653,-0.7211,SILUNGKANG_TB
03SWN0008,,100.7722,-0.6683,GUNUNG_PARI_SARINGAN_PL
03SWN0009,,100.776,-0.6824,PEMKO_SAWAHLUNTO_MT
03SWN0010,,100.7793,-0.6865,KUBANG_SIRAKUK_UTARA_CM
03SWN0012,,100.7942,-0.7106,MUARA_KALABAN_MT
03SWN0013,,100.7221,-0.6969,LUMINDAI_SAWAH_LUNTO_MT
04BKG0001,,100.6895,0.5999,TANDUN_BKG_CM
04BKG0002,,100.7234,0.6234,KASIKAN_TB
04BKG0003,,100.7385,0.3196,BATU_BERSURAT_ST
04BKG0004,,100.786,0.7465,SENAMANENEK_TB
04BKG0005,,100.7952,0.3189,TJALAI_TB
04BKG0006,,100.8297,0.3367,PULAU_GADANG_PL
04BKG0007,,100.8454,0.3274,RANTAUBERANGIN_TB
04BKG0008,,100.8712,0.6442,ROASUKA_RAMAI_EP
04BKG0009,,100.878,0.3616,SEISILAM_CM
04BKG0010,,100.8833,0.6479,SURAM_TAPUNG_HULU_TB
04BKG0011,,100.9044,0.6446,BUKIT_KEMUNING_BKG_TB
04BKG0012,,100.9205,0.3058,MERANGIN_BANGKINANG_BARAT_PL
04BKG0013,,100.9351,0.6311,BATUGAJAH_TB
04BKG0014,,100.9385,0.3196,KUOK_EP
04BKG0015,,100.9483,0.3398,PULAU_JAMBU_PL
04BKG0016,,100.9634,0.317,MAN_KUOK_TB
04BKG0017,,100.9754,0.6137,SUMBER_SARI_BKG_CM
04BKG0018,,100.9775,0.3319,GANTINGSALO_PL
04BKG0019,,100.9881,0.3182,SALO_KAMPAR_PL
04BKG0021,,100.9999,0.3471,DESA_SIPUNGGUK_MT
04BKG0022,,101.0001,0.3268,MANGGANTI_SUMPURKUDUS_PL
04BKG0023,,101.0067,0.3432,BANGKINANG_SEBERANG_PL
04BKG0025,,101.0166,0.3386,BANGKINANG_EP
04BKG0026,,101.0173,0.3278,BANGKINANG1_TB
04BKG0027,,101.0188,0.3351,LENGGINI_MT
04BKG0028,,101.0201,0.3397,MAMUTUI_PL
04BKG0029,,101.0221,0.6015,PETAPAHAN_BKG_EP
04BKG0030,,101.0236,0.4515,LABOIJAYA_ST
04BKG0031,,101.0249,0.354,PULAULAWAS_PL
04BKG0032,,101.0277,0.3364,BOYAK_BANGKINANG_PL
04BKG0033,,101.0284,0.3453,BANGKINANG_KAMPAR_PL
04BKG0034,,101.0333,0.3145,BUPATI_KAMPAR_TB
04BKG0035,,101.0344,0.3037,RIDAN_PERMAI_MT
04BKG0036,,101.0346,0.362,PULAU_LAWAS_PL
04BKG0037,,101.0349,0.3483,KUMANTANG_BANGKINANG_TB
04BKG0038,,101.0355,0.3324,BENGKINANG_CM
04BKG0039,,101.0411,0.4302,BUKITSEMBILAN_TB
04BKG0040,,101.0465,0.488,TAPUNG_TB
04BKG0041,,101.0498,0.3548,DESABATUBELAH_ST
04BKG0042,,101.0561,0.8429,KIJANG_MAKMUR_ST
04BKG0043,,101.0583,0.3679,DESA_SIALANG_TB
04BKG0044,,101.0611,0.3533,BATU_BELAH_BKG_ST
04BKG0045,,101.0677,0.6473,SUMBER_MAKMUR_BKG_MT
04BKG0046,,101.0689,0.5528,PATAPAHAN_PL
04BKG0047,,101.074,0.8462,KIJANG_JAYA_IT
04BKG0048,,101.0777,0.6271,TANJUNGSAWIT_ST
04BKG0049,,101.0796,0.529,TAPUNG_BKG_PL
04BKG0050,,101.0798,0.3545,TANJUNG_BERULAK_TB
04BKG0051,,101.0824,0.3707,PULAU_JAMBU_KAMPAR_PL
04BKG0052,,101.0867,0.4588,SEILEMBU_CM
04BKG0053,,101.09,0.4904,MUARA_MAHAT_BARU_KAMPAR_PL
04BKG0054,,101.0901,0.6342,MB_FLAMBOYAN_BKG_MT
04BKG0055,,101.094,0.3724,PASARUSANG_AIR_TIRI_MT
04BKG0056,,101.1006,0.3505,DUSUNRANAH_KAMPAR_PL
04BKG0057,,101.1043,0.6989,KOTA_BATAK2_TB
04BKG0058,,101.1044,0.8307,TANAH_TINGGI_BKG_MT
04BKG0059,,101.1044,0.3549,AIR_TIRIS_TB
04BKG0060,,101.1092,0.3576,DESA_RANAH_MT
04BKG0061,,101.111,0.8792,GERBANG_SARI_MT
04BKG0062,,101.111,0.6232,PETAPHAN_TB
04BKG0063,,101.1159,0.3443,LABOI_JAYA_GT
04BKG0064,,101.1161,0.7284,SEKIJANG_PL
04BKG0065,,101.1205,0.4897,PETAPAHAN_KAMPAR_SELATAN_PL
04BKG0066,,101.1217,0.6858,PANTAI_CERMIN_BKG_ST
04BKG0067,,101.1264,0.3455,RUMBIO_KAMPAR_PL
04BKG0068,,101.1302,0.3663,SIMPANG_PETAI_PL
04BKG0069,,101.1441,0.3464,PADANG_MUTUNG_PL
04BKG0070,,101.1458,0.6962,MUKTI_SARI_PL
04BKG0071,,101.1498,0.4902,MOJOPAHIT2_KN
04BKG0072,,101.1546,0.5595,MOJOPAHIT_BKG_PL
04BKG0073,,101.1656,0.5611,PANTAI_CERMIN_KAMPAR_PL
04BKG0074,,101.1671,0.6996,TRI_MANUNGGAL_MT
04BKG0075,,101.1699,0.8543,KJG_KANDIS_TB
04BKG0076,,101.1921,0.3505,PASAR_KAMPAR_PL
04BKG0077,,101.2002,0.7452,KOTA_BATAK_TB
04BKG0078,,101.2028,0.5714,SEI_GALUH_TB
04BKG0079,,101.2025,0.3518,TANJUNG_BUNGO_BKG_MT
04BKG0080,,101.2053,0.0213,LIPAT_KAIN_PL
04BKG0081,,101.2084,0.8054,ROEMAHTIGA_EB
04BKG0082,,101.2143,0.3584,PADANG_MERBAU_TB
04BKG0083,,101.2184,0.8323,TAPUNGHILIR_TB
04BKG0084,,101.2235,0.356,KAMPUNG_PANJANG_KAMPAR_PL
04BKG0085,,101.2305,0.5742,PANCURAN_GADING_TB
04BKG0086,,101.2316,0.2194,KOTODAMAI_TB
04BKG0087,,101.2359,0.3593,DESA_TAMBANG_ST
04BKG0088,,101.2387,0.2457,HIDUP_BARU_MT
04BKG0089,,101.2419,0.555,PSMINGGU_TB
04BKG0090,,101.2476,0.1242,KEBUN_DURIAN_TB
04BKG0091,,101.2499,0.7667,KOTAGARO_CM
04BKG0092,,101.2541,0.3979,ROABANGKINANG_EP
04BKG0093,,101.2556,0.5261,SEI_PUTIH_BKG_TB
04BKG0094,,101.2595,0.2292,DESA_SUKAMENANTI_TB
04BKG0095,,101.2598,0.1967,DESA_BUKIT_SAKAI_PL
04BKG0096,,101.2638,0.2567,GOBAHKAMPAR_CM
04BKG0097,,101.2669,0.4068,KUALU_MT
04BKG0098,,101.2681,0.7535,SUKA_MAJU_MT
04BKG0099,,101.2744,0.3523,PADANGLUAS_BKG_PL
04BKG0100,,101.2866,0.3438,GOBAH_TAMBANG_MT
04BKG0101,,101.2968,0.5306,KARYA_INDAH_TB
04BKG0102,,101.3069,0.4315,RIMBO_PANJANG_EP
04BKG0103,,101.3053,0.2183,LUBUK_SAKAI_EB
04BKG0104,,101.3052,0.2551,MEKAR_JAYA_BKG_PL
04BKG0105,,101.3095,0.2042,SIMALINYANG_TB
04BKG0106,,101.3268,0.1735,PERBATASAN_SUMBAR_RIAU_PL
04BKG0107,,101.3319,0.5106,BANCAHKULBI_PL
04BKG0108,,101.3364,0.5027,SURYA_LANGGENG_CM
04BKG0109,,101.337,0.4915,KARYA_INDAH2_MT
04BKG0110,,101.3385,0.2812,SUNGAI_PETAI_TB
04BKG0111,,101.3389,0.4475,RAYA_PEKANBARU_BANKINANG_PL
04BKG0112,,101.3437,0.492,KARYA_INDAH_KAMPAR_ATAS_MT
04BKG0113,,101.3444,0.4776,KARYA_INDAH_KAMPAR_BAWAH_PL
04BKG0114,,101.3453,0.4986,GARUDA_SAKTI_KM5_TB
04BKG0115,,101.3456,-0.028,GUNUNG_SARI_BKG_TB
04BKG0116,,101.3509,0.4619,RIMBA_PANJANG_PL
04BKG0117,,101.3527,0.4558,GRAHA_ATHYA_MT
04BKG0118,,101.3572,0.4661,UIN_SUSKA_GT
04BKG0119,,101.3615,0.4134,JLBUPATI_CM
04BKG0120,,101.362,0.5073,KOMPLEK_BSD_MT
04BKG0121,,101.3689,0.4237,TARAI_BANGUN_MT
04BKG0122,,101.369,0.4088,UNAND_MCP_BKG_MT
04BKG0123,,101.3724,0.2645,SIALANG_KUBANG_TB
04BKG0124,,101.3728,0.2286,SUNGAI_PAGAR_EP
04BKG0125,,101.377,0.4288,NTS_SUKAKARYA_UJUNG_MT
04BKG0126,,101.3779,0.3992,KUALU_PERMAI_MT
04BKG0127,,101.3777,0.2984,JLPOROS_BKG_PL
04BKG0128,,101.3792,0.4143,KUALU_TAMBANG_PL
04BKG0129,,101.3793,0.43,SOEKARNO_HATTA_BKG_MT
04BKG0130,,101.3819,0.433,KUBANG_RAYA_TB
04BKG0131,,101.3862,0.4316,JALAN_KARYAMASA_MT
04BKG0132,,101.3888,0.4122,KUALA_PAYUNG_MT
04BKG0133,,101.3917,0.4335,SUKAKARYA2_MT
04BKG0134,,101.4026,0.4314,KUBANG_BARU_MT
04BKG0135,,101.4081,0.4181,KUBANG_JAYA_ST
04BKG0136,,101.4109,0.2992,PANTAI_RAJA_TB
04BKG0137,,101.4151,0.4143,KUBANG_JAYA1_PL
04BKG0138,,101.4235,0.3421,LUBUK_SAKAT_TB
04BKG0139,,101.4273,0.4161,PASAR_KAGET_PL
04BKG0140,,101.4323,0.3948,TERATAK_BULUH_CM
04BKG0141,,101.4328,0.3836,TERATAH_BULAH_TB
04BKG0142,,101.4344,0.4177,KUBANG_SLAVE_PL
04BKG0143,,101.4372,0.4239,SOEKARNO_HATTA_KUBANG_PL
04BKG0144,,101.4529,0.4387,BUKIT_RAYA_BKG_MT
04BKG0145,,101.4531,0.4215,SENGON_RAYA_MT
04BKG0146,,101.4536,0.4278,PURNAMAPANDAUJAYA_PL
04BKG0147,,101.457,0.4166,PANDAU1_MT
04BKG0148,,101.4574,0.4215,MI_PUSKOPKAR_PK
04BKG0149,,101.4593,0.4197,PANDAU_ALPOKAT_PL
04BKG0150,,101.4598,0.4363,TANAH_MERAH_BKG_PL
04BKG0151,,101.4602,0.4261,PANDAU_EP
04BKG0153,,101.4665,0.4306,PANDAU_PERMAI_CM
04BKG0154,,101.4675,0.4421,PERUMNAS_PEPUTRA_MT
04BKG0155,,101.4693,0.4379,KARYA_BKG_CM
04BKG0156,,101.4728,0.4474,SEI_MINTAN_MT
04BKG0157,,101.4729,0.4288,PANDAU_JAYA_PL
04BKG0158,,101.478,0.4499,GRIA_TIGA_RAKSA_TB
04BKG0159,,101.4843,0.4171,PANDAU_JAYA1_PL
04BKG0160,,101.4969,0.4225,DESA_BARU_BKG_ST
04BKG0161,,101.5239,0.4035,PASIR_PUTIH_PKB_EP
04BKG0162,,101.5275,0.3798,BENCAH_PKB_PL
04BKG0163,,101.5551,0.3815,PANGKALAN_BARU_PL
04BKG0164,,101.0508,0.7313,PELAMBAIAN_TB
04BKG0165,,101.1891,0.3541,PASAR_KAMPAR2_MT
04BKG0166,,101.1722,0.3728,ALAM_PANJANG_PL
04BKG0167,,101.31,0.3558,TERANTANG_TAMBANG_PL
04BKG0168,,100.992,0.6328,SP_1_PETAPAHAN_JAYA_PL
04BKG0169,,101.2853,0.0882,GUNUNG_SAHILAN_PL
04BKG0170,,100.865,0.6628,LINDAI_PL
04BKG0171,,101.0336,0.2791,RIDAN_PERMAI_2_PL
04BKG0172,,101.3088,0.1579,DSPENGHIDUPAN_PL
04BKG0173,,100.9464,0.6134,RIMBA_BERINGIN_PL
04BKG0174,,101.5846,0.3023,BULUH_NIPIS_PL
04BKG0176,,101.1301,0.6277,INDRAPURI_TB
04BKG0177,,101.1963,0.5182,DESA_AIR_TERBIT_PL
04BKG0178,,101.2969,0.0291,SUKA_MAKMUR_GNSAHILAN_PL
04BKG0179,,101.1997,0.3633,PULAU_BIRANDANG_PL
04BKG0180,,101.1684,0.348,SIMP_TIBUN_IB
04BKG0181,,101.0624,0.7123,KIJANG_REJO_PL
04BKG0182,,100.8486,0.6312,KUSAU_ST_TB
04BKG0183,,101.4839,0.3708,DS_TANJUNG_BALAM_TB
04BKG0184,,101.1414,0.8325,SP_7BANGUN_JAYA_PL
04BKG0185,,101.3249,-0.0062,GUNUNG_SARI_2_PL
04BKG0186,,101.1499,0.5099,TAMBUSAI_PL
04BKG0187,,101.1519,0.8039,SP_8_BUANA_PL
04BKG0188,,101.1789,0.4765,SEI_PUTIH_2_GT
04BKG0189,,101.3247,0.4321,RIMBA_PANJANG2_PL
04BKG0190,,101.2484,0.3593,PULAU_PERMAI_PL
04BKG0191,,101.1526,0.4392,RUMBIO_JAYA_CM
04BKG0192,,101.1131,0.3835,NAGA_BERALIH_CM
04BKG0193,,100.8908,0.8012,DANAU_LANCANG_PL
04BKG0194,,100.7281,0.8095,DESA_INTAN_JAYA_PL
04BKG0195,,100.6424,0.3247,MUARA_TAKUS_PL
04BKG0196,,100.9216,0.8069,DANAU_LANCANG2_PL
04BKG0198,,101.2027,-0.0192,LIPAT_KAIN_2_PL
04BKG0199,,101.0676,0.3912,MUARA_JALAI_KAMPAR_MT
04BKG0200,,101.2422,0.3725,KM32BALAMJAYA_MT
04BKG0202,,101.1519,-0.0942,KUNTU_DARUSALAM_KAMPAR_MT
04BLS0001,,101.0846,1.2784,PETANI_BLS_ST
04BLS0002,,101.1301,1.2751,DURI_PETANI_TB
04BLS0003,,101.1325,1.3644,TUGU_DS_AIRKULIM_PL
04BLS0004,,101.1463,1.346,SIMPANG_KULIM_EP
04BLS0005,,101.1492,1.3925,JLSOKOBOTIK_ST
04BLS0006,,101.156,1.3374,DUMAIDURI_BALAIMAKAM_TB
04BLS0007,,101.1605,1.4055,SIMPANG_PUNCAK_CM
04BLS0008,,101.1653,1.3139,PERUM_BTN_MT
04BLS0009,,101.1663,1.3311,KM6_DURI_BLS_ST
04BLS0010,,101.1674,1.2992,CIK_PUAN_PL
04BLS0011,,101.1679,1.2795,MERDEKA_DUMAI_MT
04BLS0012,,101.17,1.2693,PETRO_ENERGI_TB
04BLS0013,,101.1713,1.283,KENANGAN_BLS_MT
04BLS0015,,101.1743,1.3215,AIRJAMBAN_BENGKALIS_PL
04BLS0016,,101.1744,1.2899,TEGAL_SARI_BLS_MT
04BLS0017,,101.1746,1.2943,SULTAN_SYARIF_KASIM_TB
04BLS0018,,101.1748,1.3067,SIAK_BAHAGIA_MT
04BLS0019,,101.1763,1.3131,DUMAI_SIMPANG_KULIN_PL
04BLS0020,,101.1768,1.3009,SUKAMAJU_BLS_PL
04BLS0021,,101.1774,1.4327,SIMPANG_BANGKO_TB
04BLS0022,,101.1782,1.3061,MANDAU_BLS2_MT
04BLS0023,,101.1791,1.2939,BALAI_MAKAM_BLS_PL
04BLS0024,,101.1793,1.2712,TRIBRATADURIBARAT_MT
04BLS0025,,101.1795,1.2652,KOMPLEK_SIBAYAK_TB
04BLS0026,,101.1803,1.2828,DURI_SIMPANG_PADANG_MT
04BLS0027,,101.1823,1.2869,AIR_JAMBAN1_MT
04BLS0028,,101.1832,1.2785,HANG_TUAH_JAMBU_MT
04BLS0029,,101.1832,1.2605,KANGEN1_MT
04BLS0030,,101.1836,1.2913,BLSMC2_TB
04BLS0031,,101.1854,1.2558,PEMATANG_PUDU_BLS_PL
04BLS0032,,101.1843,1.3243,AIRJAMBAN_BENGKALISTMR_PL
04BLS0033,,101.1848,1.2664,KANGEN2_TB
04BLS0034,,101.1852,1.2718,DURI_BARAT_MANDAU_PL
04BLS0036,,101.187,1.281,NUSANTARA_BLS_TB
04BLS0037,,101.1873,1.2959,BABUSSALAM_DURI_MT
04BLS0038,,101.1887,1.2436,AMPERA_PUDU_MT
04BLS0039,,101.1893,1.2647,PEMATANGDURI_EP
04BLS0040,,101.1901,1.2841,KEBUNKARETMANDAU_PL
04BLS0041,,101.1905,1.2901,AIR_JAMBAN2_ST
04BLS0042,,101.1909,1.2755,TENGGIRI_BABUSSALAM_MT
04BLS0043,,101.1909,1.2597,ASTERPEMATANGPUDU_PL
04BLS0044,,101.1916,1.2713,MANDAU_BLS1_TB
04BLS0045,,101.1928,1.2803,I2_MALL_MANDAU_CITY_MC
04BLS0046,,101.1933,1.2966,AIR_JAMBAN_TB
04BLS0047,,101.1938,1.2538,SIMPANG_SEBANGA_MT
04BLS0048,,101.1938,1.248,GANGCENDANA_MANDAU_TB
04BLS0049,,101.1941,1.3222,BALAI_MAKAM_XL
04BLS0050,,101.1954,1.279,PASARDURI_PL
04BLS0051,,101.1956,1.2925,ROKAN_JAMBAN_MT
04BLS0052,,101.1963,1.2427,PEMATANG_PUDU_DURI_MT
04BLS0053,,101.1963,1.2859,BERINGIN_AIR_JAMBAN_MT
04BLS0054,,101.1968,1.2739,PASAR_MANDAU_MT
04BLS0055,,101.2003,1.2819,IMAM_BONJOL_DURI_MT
04BLS0056,,101.2016,1.2763,PELITA_GAYA_BARU_MT
04BLS0057,,101.202,1.2705,JAWAGAJAH_SAKTI_CM
04BLS0059,,101.207,1.2749,DAMAI_DUA_GAJAH_SAKTI_MT
04BLS0060,,101.2071,1.2809,MANDAU2_TB
04BLS0061,,101.2143,1.2677,GAJAH_SAKTI_MT
04BLS0062,,101.2153,1.4289,DUMAI_DURI_BUMBUNG_PL
04BLS0063,,101.2234,1.248,SURINAME_DURI_MT
04BLS0064,,101.2232,1.2521,SEBANGA_DURI_PL
04BLS0065,,101.2258,1.0676,YLPI_MUJAHIDDIN_MT
04BLS0066,,101.2295,1.2513,ADVENT_SEBANGA_MT
04BLS0067,,101.2302,1.2211,MANDAU1_TB
04BLS0068,,101.2379,1.4299,RDTO_DURI13_TB
04BLS0069,,101.2413,1.2119,LINTAS_BALAI_RAJA_MT
04BLS0070,,101.2432,1.2498,GANG_TAPANULI_BLS_CM
04BLS0071,,101.2507,1.2022,BALAI_RAJA_CALTEX_EP
04BLS0072,,101.2551,1.1833,PINGGIR_CM
04BLS0073,,101.2652,1.0551,SEMUNE_SAM_SAM_TB
04BLS0074,,101.2709,1.2391,GAJAHMADA_KM6_MT
04BLS0075,,101.2712,1.1891,BATIN_SEMUNAI_MT
04BLS0076,,101.2722,1.0862,TENGGANAU_MT
04BLS0077,,101.279,1.1332,MUARA_BASUNG_TB
04BLS0078,,101.287,1.4263,LAMABUMBUNG_PL
04BLS0079,,101.2898,1.4299,DURI_TIGABELAS_EP
04BLS0080,,101.3031,1.2474,TITIAN_ANTUI_PL
04BLS0081,,101.3126,1.109,MUARA_BASUNG_PINGGIR_TB
04BLS0082,,101.3144,1.2964,HARAPAN_BARU_BLS_ST
04BLS0083,,101.3297,1.1302,SIALANG_RIMBUNG_MT
04BLS0084,,101.5163,1.7089,BATU_PANJANG_EP
04BLS0085,,101.9653,1.4594,SINAR_MAS_BLS_MT
04BLS0086,,102.0771,1.4986,DESA_BATANG_TENGAH_TB
04BLS0087,,102.0879,1.4858,KELAPAPATI_BENGKALIS_MT
04BLS0088,,102.0913,1.4901,KELAPA_PATI_PL
04BLS0089,,102.0971,1.4934,BENGKALIS_KOTA_PL
04BLS0090,,102.1009,1.4785,KELAPA_PUTIH_BENGKALIS_MT
04BLS0091,,102.1046,1.4715,SUDIRMAN_BENGKALIS_MT
04BLS0092,,102.1076,1.4824,PEMBANGUNAN_PATI_MT
04BLS0093,,102.1079,1.4678,PRINCESS_TB
04BLS0094,,102.1089,1.4777,SENAYAN_BENGKALIS_MT
04BLS0095,,102.1108,1.4661,BENGKALIS4_MT
04BLS0096,,102.111,1.4725,HANG_TUAH_BENGKALIS1_MT
04BLS0097,,102.1136,1.471,HANG_TUAH_BENGKALIS2_PL
04BLS0098,,102.1148,1.4823,WONOSARI_TENGAH_TB
04BLS0099,,102.1167,1.4756,BENGKALIS1_MT
04BLS0100,,102.1201,1.4719,BENGKALIS_EP
04BLS0101,,102.1225,1.4786,HRSOEBRANTAS_MT
04BLS0102,,102.1228,1.4656,SENGGORO2_TB
04BLS0103,,102.1324,1.4858,SENGGORO1_CM
04BLS0104,,102.1328,1.4654,DESA_AIR_PUTIH_TB
04BLS0105,,102.1398,1.2578,LUBUK_MUDA_PL
04BLS0106,,102.1406,1.4585,PELABUHAN_BENGKALIS_MT
04BLS0107,,102.1483,1.3,DOMPAS_MT
04BLS0108,,102.1493,1.3337,SEJANGAT_BENGKALIS_TB
04BLS0110,,102.1561,1.3511,SUNGAI_PAKNING_MT
04BLS0111,,102.1569,1.361,SEIPAKNING_MT
04BLS0112,,102.1575,1.4503,KUALA_ALAM_TB
04BLS0113,,102.1581,1.3566,NELAYAN_SUNGAI_SELARI_PL
04BLS0114,,102.1784,1.529,BANTAN_TUA_ST
04BLS0115,,102.1818,1.4461,BENGKALIS2_TB
04BLS0116,,102.1879,1.5587,JANGKANG_BLS_PL
04BLS0117,,102.2271,1.5286,SELAT_BARU_PL
04BLS0118,,102.2326,1.5097,DESA_PERANCAH_MT
04BLS0119,,102.2738,1.5214,BANTAN_TENGAH_ST
04BLS0120,,102.2838,1.5438,BANTAN_AIR_MT
04BLS0121,,101.2521,1.1713,DESA_PINGGIR_TB
04BLS0122,,101.2748,1.1739,PINGGIR2_IB
04BLS0125,,102.1186,1.4972,WONOSARI_BARAT_PL
04BLS0126,,102.038,1.5413,TELUK_LATAK_TB
04BLS0127,,101.229,1.3001,BB_PHR_SELATAN
04BLS0128,,101.2363,1.3345,BB_PHR_TENGAH
04BLS0129,,101.221,1.3764,BB_PHR_COB
04BLS0131,,102.3054,1.5259,DESA_BANTAN_SARI_CM
04BLS0132,,101.459,1.7412,TANJUNG_KAPAL_RUPAT_CM
04BLS0133,,102.1404,1.2029,KOTO_RAJA_PL
04BLS0134,,102.1337,1.1599,SADAR_JAYA_PL
04BLS0135,,101.6947,1.7503,SUKARJO_MESIM_RUPAT_CM
04BLS0136,,101.2853,1.0662,BALAI_PUNGUT_TB
04BLS0137,,101.5432,1.7088,TERKUL_RUPAT_CM
04BLS0138,,101.508,1.1142,TALANG_MUANDAU_ST
04BLS0139,,101.5934,1.6976,TERKUL_RUPAT2_PL
04BLS0140,,101.6649,1.7385,PERGAM_RUPAT_PL
04BLS0141,,102.1095,1.2684,TANJUNG_BELIT_TB
04BLS0142,,102.4569,1.4859,PAMBANG_BARU_CM
04BLS0150,,101.1374,1.3976,BATHIN_SOLAPAN_MT
04BLS0151,,101.2632,1.1134,TENGGANAU_BENGKALIS_MT
04BLS0152,,101.0988,1.3223,SIMPANG_LIMA_MANDAU_MT
04BLS0153,,101.3818,1.2023,TASIK_SERAI_PINGGIR_MT
04BLS0154,,101.4354,1.2046,KADES_TASIK_SERAI_MT
04DUM0001,,101.3086,1.8219,TANJUNG_PENYEMBAL2_MT
04DUM0002,,101.3128,1.8138,PENERBIT_DUMAI_PL
04DUM0003,,101.3162,1.8463,BASILAM_BARU_PL
04DUM0004,,101.3199,1.8013,TANJUNG_PENYEMBAL_MT
04DUM0005,,101.3336,1.7808,LUBUK_GAUNG_PL
04DUM0006,,101.3469,1.51,DUMAI_DURI_BUKIT_KAPUR_PL
04DUM0007,,101.3473,1.4757,JLRAYA_KAPUR_TB
04DUM0008,,101.3486,1.4852,ROAD_DUMAI_PL
04DUM0009,,101.3519,1.5145,BUKIT_KAPUR1_CM
04DUM0010,,101.3536,1.7643,KAMPUNG_BUGIS_MT
04DUM0012,,101.3619,1.7507,LUBUK_GAUNG_DUMAI_ST
04DUM0013,,101.3653,1.7459,BANGSAL_ACEH_TB
04DUM0014,,101.3708,1.6861,BAGANKELADISRIKEMBAR_TB
04DUM0015,,101.375,1.7245,BANGSAL_ACEH_DUM_MT
04DUM0016,,101.3773,1.5357,SIMP_MURINI_TB
04DUM0017,,101.3805,1.6146,PERUMAHAN_DUMAI_BARU_CM
04DUM0018,,101.3813,1.6882,BAMBU_KUNING_DUMAI_MT
04DUM0019,,101.3817,1.6304,MEKAR_SARI_DUM_PL
04DUM0020,,101.3842,1.5617,RAYADUMAI_DURI_PL
04DUM0021,,101.3849,1.6465,BUKIT_TIMAH_TB
04DUM0022,,101.3852,1.5753,BUKIT_KAPUR2_MT
04DUM0023,,101.3852,1.7107,PURNAMA_DUM1_MT
04DUM0024,,101.3857,1.6983,BAGAN_KELADI_DUM_PL
04DUM0025,,101.3939,1.5839,BAGAN_BESAR_PL
04DUM0026,,101.3954,1.7077,SAMPURNA_DUMAI_PL
04DUM0027,,101.3968,1.5271,BUKIT_NENAS_MT
04DUM0028,,101.399,1.6957,PURNAMA_PKU_PL
04DUM0029,,101.3993,1.631,MEKAR_SARI_DUM1_CM
04DUM0030,,101.4001,1.5889,DUMAI_DURI_BAGAN_BESAR_ST
04DUM0031,,101.4013,1.6993,PURNAMA_DUM2_MT
04DUM0032,,101.402,1.6625,MERANTI_DUM_PL
04DUM0033,,101.4049,1.6761,PASAR_KELAKAP_TUJUH_CM
04DUM0034,,101.4066,1.6942,SRIANDALAS_MT
04DUM0035,,101.4122,1.6316,KOMP_PERTAMINA_DUMAI_MT
04DUM0036,,101.4127,1.6033,GDG_BUDI_INDAH_TB
04DUM0037,,101.4137,1.6783,SIMPANG_DARULIHSAN_MT
04DUM0038,,101.4163,1.665,KELAKAP_TUJUH_TB
04DUM0039,,101.418,1.6725,DARUL_TETAP_TB
04DUM0041,,101.4256,1.6717,DOCK_YARD_MT
04DUM0042,,101.4266,1.6653,DUMAI1_MT
04DUM0043,,101.427,1.6775,LUMBA_LUMBA_DUMAI_PL
04DUM0045,,101.4304,1.6853,NELAYAN_LAUT_PL
04DUM0046,,101.4319,1.6699,SULTAN_HASANUDDIN_PL
04DUM0047,,101.4322,1.6766,BELIMBING_RIMBA_SEKAMPUNG_PL
04DUM0048,,101.434,1.6512,BUMI_AYU_DUMAI_MT
04DUM0049,,101.4342,1.6584,DUMAI_TOWN_SQUARE_ST
04DUM0050,,101.4364,1.6754,RIMBA_SEKAMPUNG_MT
04DUM0051,,101.4365,1.6545,BUMI_AYU_DUM_MT
04DUM0052,,101.4372,1.6659,DUMAI_EP
04DUM0053,,101.439,1.6702,OMBAK_HASANUDDIN_MT
04DUM0054,,101.4391,1.6782,PROF_M_YAMIN_TB
04DUM0055,,101.4399,1.6827,PATTIMURA_LAKSAMANA_ST
04DUM0056,,101.4402,1.662,JLPULAU_PAYUNG_EB
04DUM0057,,101.4402,1.6577,GUNUNG_MERAPI_DUM_MT
04DUM0058,,101.4433,1.6737,SUKAJADI_DUMAI2_EB
04DUM0059,,101.4448,1.6632,SUKAJADI_DUMAI1_MT
04DUM0060,,101.4463,1.6785,HOTEL_GAJAH_MADA_MT
04DUM0061,,101.4463,1.6704,BINTAN_D_DUM_TB
04DUM0062,,101.4478,1.6829,PELABUHAN_DUMAI_TB
04DUM0063,,101.4483,1.6609,MI_PLAZA_DUMAI_EB
04DUM0064,,101.4491,1.6742,SSGMANGARAJA_TLKBINJAI_CM
04DUM0065,,101.4514,1.6478,STMIK_DUMAI_EB
04DUM0066,,101.4519,1.667,AIR_BERSIH_DUM_EB
04DUM0067,,101.452,1.6574,JAYA_MUKTI_DUM1_PL
04DUM0068,,101.4528,1.6784,JLSS_KASIM_MT
04DUM0069,,101.453,1.6624,MI_DUMAI2_MT
04DUM0070,,101.4533,1.6832,KSATRIAN_DUMAI_TB
04DUM0071,,101.4552,1.6498,DUMAI4_MT
04DUM0072,,101.4568,1.6539,HARIFIN_AHMAD_PALANG_TB
04DUM0073,,101.457,1.6595,BAGAN_KELADI2_CM
04DUM0074,,101.4577,1.6645,KARTINI_DUMAI_EP
04DUM0075,,101.4579,1.6694,CALTEX_DUMAI_MT
04DUM0076,,101.4584,1.6826,PELABUHAN_DU_DUM_PL
04DUM0077,,101.4638,1.6707,TANJUNG_PALAS_DUMAI_ST
04DUM0078,,101.4646,1.662,JAYA_MUKTI_DUM2_TB
04DUM0079,,101.4672,1.6583,SLIWANGI_TB
04DUM0080,,101.4679,1.6676,MAKMUR_DUMAI_TIMUR_PL
04DUM0082,,101.4742,1.6663,TANJUNGPALAS_MT
04DUM0083,,101.4829,1.6597,RIDHO_MUNDAM_PL
04DUM0084,,101.4984,1.6588,PINANG_KAMPAI_MT
04DUM0085,,101.5131,1.6495,KEMBELI_TB
04DUM0086,,101.5373,1.6376,TELUK_MAKMUR_MT
04DUM0087,,101.5529,1.6317,MI_SMPN8_GUNTUNG_EB
04DUM0088,,101.5815,1.6299,PELINTUNG_DUMAI_PL
04DUM0089,,101.5854,1.624,PELINTUNG_TB
04DUM0090,,101.5975,1.6025,BUKIT_MAS_DUM_MT
04DUM0091,,101.6377,1.6448,KAWASAN_INDUSTRI_DUMAI_PL
04PBR0001,,101.3568,0.4827,PADANG_BULAN_MT
04PBR0002,,101.3586,0.4625,UINSUSKA_MT
04PBR0003,,101.3589,0.4744,TEMBILAHAN_PBR_TB
04PBR0004,,101.36,0.4976,JALAN_TERMINAL_TB
04PBR0005,,101.3622,0.4904,SMAN2_PEKANBARU_MT
04PBR0006,,101.3651,0.47,BULUH_CINA_BARU_MT
04PBR0007,,101.3655,0.4786,GARUDASAKTISMPANGBR_PL
04PBR0009,,101.3667,0.4922,MI_BANGAU_SAKTI_MT
04PBR0010,,101.3679,0.4372,KUBANG_SUKA_MAKMUR_TB
04PBR0011,,101.368,0.4746,GARUDA_SAKTI_TAMPAN_MT
04PBR0012,,101.3684,0.4997,AIR_HITAM_PBR1_MT
04PBR0013,,101.369,0.4453,TUAH_KARYA_MT
04PBR0014,,101.3691,0.4572,TUAHKARYA_PL
04PBR0015,,101.3693,0.4663,SIMPANG_BARU_PBR_PL
04PBR0016,,101.3713,0.4516,PURI_KUBANG_MT
04PBR0017,,101.3724,0.4756,CENDRAWASIH_BARU_MT
04PBR0018,,101.373,0.4691,LOGAS_TANAHDARAT_TB
04PBR0019,,101.3755,0.4798,UNRI1_MT
04PBR0020,,101.376,0.4857,FEKOM_UNRI_TB
04PBR0021,,101.3764,0.4556,JLTAMANKARYATAMPAN_PL
04PBR0022,,101.3766,0.4634,TUAHKARYATAMPAN_PL
04PBR0023,,101.3773,0.4392,TAMAN_KARYA_UJUNG_PL
04PBR0024,,101.3776,0.4982,PONPES_UMMUL_QURO_PL
04PBR0025,,101.378,0.4469,TMNKARYATUAHKARYA_PL
04PBR0026,,101.3792,0.4783,MI_GARUDA_SAKTI_UNRI_MT
04PBR0027,,101.374,0.4646,UNRI5_GT
04PBR0028,,101.3812,0.4639,UNRI_EP
04PBR0029,,101.383,0.4724,BINA_KRIDAUNRI_PL
04PBR0030,,101.3837,0.4514,SUKAKARYASENI_MT
04PBR0031,,101.3842,0.4372,MI_SUKAKARYA_PBR_MT
04PBR0032,,101.3851,0.5883,SRIPALAS_PBR_PL
04PBR0034,,101.3873,0.4593,MELAYU_SUKA_KARYA_MT
04PBR0035,,101.3877,0.4659,MERAKSAKTISIMPANGBR_PL
04PBR0036,,101.3893,0.4433,PERUM_JAWITRA_JAYA_KN
04PBR0037,,101.39,0.4389,MUTIARA_PURWODADI_PL
04PBR0038,,101.3904,0.5017,PAYUNG_SEKAKI_TB
04PBR0039,,101.3903,0.471,KUTILANG_SAKTI_MT
04PBR0040,,101.3929,0.6248,TENGKU_MAHMUD_PL
04PBR0041,,101.3932,0.4666,LINGKAR_BARAT_UNRI_PBR1_MT
04PBR0042,,101.3939,0.4582,PEKANBARU_KOTA_ST
04PBR0043,,101.3941,0.5116,BOLAKRING_ROADARENG_MT
04PBR0044,,101.3942,0.4901,MSC_PEKANBARU_MT
04PBR0045,,101.3949,0.6369,TELAUK_SAMAK_TB
04PBR0046,,101.395,0.4349,CIPTA_KARYA_PBR_PL
04PBR0048,,101.394,0.4745,LINGKAR_BARAT_UNRI_PBR2_KN
04PBR0049,,101.396,0.4819,ARENGKA2_PL
04PBR0050,,101.3961,0.6082,RUMBAI_BUKIT_PL
04PBR0051,,101.3963,0.4503,EKA_TUNGGAL_UJUNG_TAMPAN_PL
04PBR0052,,101.3964,0.5709,SIAK_PBR_PL
04PBR0053,,101.3977,0.5851,SIAK_UMBAN_SARI_PL
04PBR0054,,101.3979,0.5603,PALAS_PKU_TB
04PBR0055,,101.3981,0.4331,TEROPONG2_TB
04PBR0056,,101.3986,0.4646,ANGKASA_PANAM_MT
04PBR0058,,101.3991,0.488,TIGA_DARA_TB
04PBR0059,,101.3998,0.4729,DELIMA3_TB
04PBR0060,,101.3998,0.4979,NANGKA_UJUNG2_GT
04PBR0061,,101.3999,0.5549,SRI_MENANTI_PBR_ST
04PBR0062,,101.4002,0.5234,SIAKIILABUHBARU_CM
04PBR0063,,101.4008,0.4553,PURWODADITAMPAN_PL
04PBR0064,,101.4008,0.4624,RIAPOS_TM
04PBR0065,,101.4012,0.5309,PERGUDANGAN_AVIAN_TB
04PBR0066,,101.4022,0.6121,KANTOR_CAMAT_RUMBAI_MT
04PBR0067,,101.4024,0.5479,PERUM_WITAYU_MT
04PBR0068,,101.4032,0.4692,DELIMA1_PL
04PBR0069,,101.4036,0.5108,TERENTANG_PBR_PL
04PBR0070,,101.4036,0.5904,SIMPANG_PADAT_KARYA_MT
04PBR0071,,101.4043,0.521,DHARMA_BAKTI_IB
04PBR0072,,101.4046,0.5265,JLHANDAYANI_MT
04PBR0073,,101.4055,0.4421,TAMAN_PUJANGGA_MT
04PBR0075,,101.4059,0.4752,JLDELIMATAMPAN_PL
04PBR0076,,101.406,0.4636,PERUM_MARSAN_MT
04PBR0077,,101.4064,0.4818,SRIKANDI_DELIMA_MT
04PBR0078,,101.4067,0.5403,TAMPAN3_ST
04PBR0079,,101.4074,0.4925,PEKAN_BARU_KODYA_TB
04PBR0080,,101.408,0.4545,BERINGIN_PBR_MT
04PBR0081,,101.4082,0.4581,MARSAN_BARAT_TAMPAN_MT
04PBR0082,,101.4087,0.5037,NANGKA_UJUNG1_MT
04PBR0083,,101.409,0.5182,LABUH_BARU_MT
04PBR0084,,101.4091,0.577,UMBAN_SARI_MT
04PBR0085,,101.4095,0.5096,GABUS_PBR_TB
04PBR0086,,101.4098,0.4636,IN_MALLPANAM_MC
04PBR0087,,101.4098,0.5455,JLPEMUDI_TB
04PBR0089,,101.4096,0.463,PERUMAHAN_MARSAN_PL
04PBR0090,,101.4102,0.4858,SRIKAYA_DELIMA_MT
04PBR0091,,101.4111,0.5687,PUNCAKSARISRIMRANTI_ST
04PBR0093,,101.4114,0.4357,TAMPAN_KOTA_PEKANBARU_PL
04PBR0094,,101.412,0.6025,TENGKU_HASYIM_PL
04PBR0095,,101.4122,0.4808,SIMPANG_PANAM_PL
04PBR0096,,101.4124,0.4743,CEMARA_KIPAS_GT
04PBR0097,,101.4131,0.5619,MERANTI_PANDAK_TB
04PBR0099,,101.4135,0.4285,TEROPONG1_PL
04PBR0100,,101.4136,0.5414,PEMUDA_BAITURRAHMAN_MT
04PBR0101,,101.4137,0.5153,PANDAN_SAKTI_MT
04PBR0102,,101.4139,0.4663,TERATE_BULUH_TB
04PBR0103,,101.4122,0.5326,SUKODADI_PL
04PBR0104,,101.4148,0.5026,PEKANBARU3_TB
04PBR0106,,101.4151,0.5897,UMBAN_SARI_ATAS2_PL
04PBR0107,,101.416,0.5797,VILLA_SARI_MT
04PBR0108,,101.4167,0.5461,PONDOK_MUTIARA_MT
04PBR0109,,101.4179,0.5,IN_MALSKA1_DH
04PBR0110,,101.4172,0.4676,SOETTA_PKUSELATAN_ST
04PBR0111,,101.4174,0.4593,SIDOMULYO_TIMUR2_PL
04PBR0112,,101.4176,0.4388,RAWA_BENING_IB
04PBR0113,,101.4179,0.4946,JLSOEKARNO_PL
04PBR0114,,101.418,0.4637,MI_SIDOMULYO_BARAT_MT
04PBR0115,,101.4184,0.5379,TABRANI_PL
04PBR0116,,101.4186,0.5672,UMBAN_SARI_RUMBAI_MT
04PBR0117,,101.4186,0.5115,SOEKARNOHATTA_PL
04PBR0118,,101.4187,0.4494,SDMULYOTMRMRPYNDAMAI_MT
04PBR0119,,101.419,0.4718,JLSOEKARNO_HATTA_PBR_MT
04PBR0120,,101.419,0.5222,SOETTA_LABUBARU_MT
04PBR0122,,101.4192,0.5325,AIR_HITAM_PBR2_PL
04PBR0123,,101.4193,0.4265,JLTEROPONG_IB
04PBR0124,,101.4195,0.4882,SIDOMULYOBARAT_PL
04PBR0125,,101.4196,0.5269,SOEKARNO_HATTA_ARENGKA_TB
04PBR0126,,101.4198,0.5411,MI_PEMUDA_TAMPAN_PK
04PBR0127,,101.4201,0.6218,YOS_SUDARSO_KM15_TB
04PBR0128,,101.4203,0.4785,SIDOMULYOTIMUR_PL
04PBR0129,,101.4204,0.4552,BERINGIN_PKB_MT
04PBR0130,,101.4205,0.5729,UMBAN_SARI_ATAS1_MT
04PBR0131,,101.421,0.4998,I2_LIVING_WORLD_PEKANBARU_IJ
04PBR0132,,101.4207,0.5032,MUSYAWARAHKPMELAYU_GT
04PBR0133,,101.4207,0.5033,IN_TRANSMART_PEKANBARU_DH
04PBR0134,,101.4207,0.4435,SIDOMULYO_TIMUR1_MT
04PBR0135,,101.421,0.4664,ADI_SUCIPTO_PBR_PL
04PBR0136,,101.4215,0.6598,MUARA_FAJAR2_PL
04PBR0137,,101.4218,0.6271,MUARA_FAJAR1_PL
04PBR0138,,101.4222,0.5626,TEGALSARI_PBR_TB
04PBR0139,,101.4224,0.6037,SIMPANG_BINGUNG_TB
04PBR0140,,101.4222,0.4385,SOETA_SIDOMULYO_BARAT_PL
04PBR0141,,101.4224,0.524,ARENGKA1_MT
04PBR0142,,101.423,0.59,PEKANBARU2_TB
04PBR0143,,101.4233,0.5404,KAYUMASTAMPAN_MT
04PBR0144,,101.4236,0.5303,SIMPANG_ARENGKA_PL
04PBR0145,,101.4241,0.5173,DURIANLBUHBARUTIMUR_PL
04PBR0146,,101.4239,0.576,YOS_SUDARSO_RUMBAI_PL
04PBR0147,,101.4244,0.5009,ARENGKA_EP
04PBR0148,,101.4245,0.456,SMP_NEGERI_CM
04PBR0149,,101.4246,0.5819,RUMBAI_EP
04PBR0150,,101.4248,0.472,MAJALENGKA_PBR_IB
04PBR0151,,101.4249,0.5354,PONDOK_HARMONI_MT
04PBR0152,,101.4252,0.4662,SIDOMULYO_TIMUR_MT
04PBR0153,,101.4256,0.4773,JLBAKTI2_PL
04PBR0154,,101.4256,0.5445,PONDOKMUTIARA_PL
04PBR0155,,101.4259,0.4894,DUYUNG_PL
04PBR0156,,101.4264,0.509,GARUDA_SAKTI1_PL
04PBR0157,,101.4265,0.4343,GRIYA_SIDOMULYO_TB
04PBR0158,,101.4268,0.5579,UTAMA_SRI_MERANTI_PL
04PBR0159,,101.4269,0.5696,PCR_RUMBAI_MT
04PBR0160,,101.4276,0.528,LILY_SUKAJADI_MT
04PBR0161,,101.4277,0.5482,IRSYADDUNNAS_NELAYAN_PL
04PBR0162,,101.4277,0.6715,MUARA_FAJAR_MT
04PBR0165,,101.4288,0.4818,SIMPANG_BARU_PBR1_PL
04PBR0166,,101.4289,0.4452,JLKARTAMA_PBR_PL
04PBR0167,,101.4291,0.5632,UNLAK_MT
04PBR0168,,101.43,0.535,RIAU_ROAD_EB
04PBR0170,,101.4302,0.5357,I2_CIPUTRA_MALL_SERAYA_DH
04PBR0171,,101.4302,0.4396,PERUM_KARTAMA_MT
04PBR0172,,101.4304,0.5148,GARUDA_SAKTI2_TB
04PBR0173,,101.4305,0.543,MERANTI_PBR_MT
04PBR0174,,101.4307,0.4648,MARPOYAN_PL
04PBR0175,,101.4308,0.5099,TIUNG_PEMBANGUNAN_MT
04PBR0176,,101.4314,0.5242,DAHLIA_PBR1_MT
04PBR0177,,101.4316,0.4296,LOGAS_KUANTANSINGINGI_PL
04PBR0178,,101.4318,0.5526,JLTIRTONADI_TB
04PBR0179,,101.4322,0.5667,YOS_SUDARSO_PBR1_IB
04PBR0180,,101.4326,0.5011,DUYUNGTANGKERANGBARAT_MT
04PBR0181,,101.4328,0.575,RUMBAI_TIMUR_PL
04PBR0182,,101.4335,0.5172,RAJAWALI_SUKAJADI_MT
04PBR0183,,101.4335,0.4708,TAMPAN1_MT
04PBR0185,,101.4339,0.6499,MUARA_FAJAR_BARU_TB
04PBR0186,,101.4342,0.5069,MELAYU_PKB_PL
04PBR0187,,101.4343,0.5327,MELURPDG_TERUBUK_PL
04PBR0188,,101.4343,0.5439,JALAN_NELAYAN_RIAU_GT
04PBR0189,,101.4341,0.5283,MELUR_EP
04PBR0190,,101.4346,0.5126,BANGAU_KPMELAYU_PL
04PBR0191,,101.4352,0.5621,JLHARMONIS_PL
04PBR0192,,101.4358,0.55,YOS_SUDARSO_PBR2_PL
04PBR0193,,101.4361,0.5377,PANJAITAN_KPBARU_PL
04PBR0194,,101.4361,0.5669,HARAPANRUMBAI_PL
04PBR0195,,101.4361,0.4583,MI_AURAJAWALI_MT
04PBR0196,,101.4369,0.4884,PAUSSUKAJADI_PL
04PBR0197,,101.437,0.4953,PERMATA_PAUS_MT
04PBR0198,,101.4373,0.465,LANUD_PBR_PL
04PBR0199,,101.4379,0.5321,KENANGA_SENAPELAN_MT
04PBR0200,,101.438,0.4819,TAKERANG_TENGAH_KMT_KN
04PBR0201,,101.4381,0.5195,AHMADDAHLAN_SUKAJADI_CM
04PBR0202,,101.4387,0.4439,SUHADA_CM
04PBR0203,,101.4392,0.5025,PAUSWONOREJO_PL
04PBR0204,,101.4393,0.5387,KAMPUNG_BANDAR_EP
04PBR0205,,101.4399,0.5087,PUTRI_NILAM_MT
04PBR0206,,101.4402,0.5235,TERATAI_PBR_MT
04PBR0207,,101.4404,0.5474,PESISIRRUMBEO_TB
04PBR0208,,101.4406,0.5127,MANGGASUKAJADI_PL
04PBR0209,,101.4408,0.5289,RSIBNU_SINA_PL
04PBR0210,,101.441,0.5425,YOS_SUDARSO_PKU_PL
04PBR0211,,101.441,0.4374,MAHARATU_TB
04PBR0212,,101.4416,0.5158,PEPAYA_SUKAJADI_TB
04PBR0213,,101.4416,0.5352,GUNUNG_TOAR_PBR_CM
04PBR0214,,101.4417,0.5306,IN_PASAR_KODIM_IJ
04PBR0215,,101.443,0.5689,PAUSLEMBAH_DAMAI_PL
04PBR0216,,101.4437,0.5603,RUMBAIPESISIR_PL
04PBR0217,,101.4436,0.5378,PASAR_BAWAH_CM
04PBR0218,,101.4438,0.498,GARUDA_PBR_TB
04PBR0219,,101.4441,0.4913,MARPOYAN_DAMAI_PL
04PBR0220,,101.4443,0.5206,I2_THEPEAKHOTELDANAPARTMENT_MC
04PBR0221,,101.4445,0.5275,MESJID_ALIRSYAD_JLAGUSSALIM_GT
04PBR0222,,101.4451,0.4808,MI_MIE_ACEH_MT
04PBR0224,,101.4457,0.5044,TASKURUNTENGKERANGTGH_MT
04PBR0225,,101.4466,0.5782,DAMAIRUMBAI_PESISIR_PL
04PBR0226,,101.4466,0.5103,PEPAYA_SUKAJADI1_PL
04PBR0227,,101.4471,0.445,MAHARATU1_TB
04PBR0228,,101.4476,0.4647,I2_SULTAN_SYARIF_QASIM_MC
04PBR0230,,101.4477,0.5349,MI_JEND_SUDIRMAN2_PK
04PBR0231,,101.4479,0.5727,LEMBAH_DAMAI_LEMBAH_SARI_MT
04PBR0232,,101.4479,0.5318,IN_MALL_PEKANBARU_MC
04PBR0233,,101.4479,0.4944,TANGKERANG_TENGAH_TB
04PBR0234,,101.448,0.4338,JLKESEHATAN_GGSRIKANDI_XL
04PBR0236,,101.448,0.5372,JENDSUDIRMANPESISIR_PL
04PBR0237,,101.4481,0.5327,SENAPELAN_EP
04PBR0239,,101.4482,0.4853,TENGKERANG_TENGAH_TB
04PBR0241,,101.4483,0.5325,IN_SENAPELAN_PLAZA_DH
04PBR0242,,101.4484,0.5242,PEKANBARU1_MT
04PBR0243,,101.4486,0.4999,JLKERETA_API_PL
04PBR0244,,101.4486,0.5129,I2_HOTEL_THE_PREMIERE_MC
04PBR0245,,101.4487,0.5468,PESISIR_MT
04PBR0246,,101.4493,0.5292,BINTARA_KOTA_TINGGI_MT
04PBR0247,,101.4496,0.5606,MI_JLSEKOLAH1_MT
04PBR0248,,101.4497,0.4484,KAMPUSUIR_MT
04PBR0249,,101.4498,0.5642,RUMBAI1_MT
04PBR0250,,101.4502,0.5074,WONOREJO_PKB_PL
04PBR0251,,101.4503,0.4415,SIMPANG_PANDAU_MT
04PBR0252,,101.4509,0.5699,PRAMUKA_RUMBAI_EP
04PBR0253,,101.451,0.5163,RSUD_PEKANBARU_TB
04PBR0254,,101.4519,0.478,ARIFIN_ACHMAD_GREEN_HOTEL_PL
04PBR0255,,101.4525,0.575,RUMBAI_BUKIT1_CM
04PBR0256,,101.4526,0.5407,PESISIR_TANJUNG_BATU_MT
04PBR0257,,101.4527,0.4969,TANGKERANGTENGAH_PL
04PBR0258,,101.4531,0.452,AUR_KUNING_YAMAHA_TB
04PBR0259,,101.4537,0.535,TAMPAN2_GT
04PBR0260,,101.4537,0.5039,JEND_SUDIRMAN_PBR_TB
04PBR0261,,101.4538,0.4585,KAHARUDIN_NASUTION_PL
04PBR0262,,101.4538,0.5249,HANGTUAH_SUKAMULIA_MT
04PBR0263,,101.4539,0.5093,KEMBANG_SARI_TB
04PBR0264,,101.4549,0.4658,AIRPORT_PKU_EP
04PBR0265,,101.4542,0.4485,NEWMARPOYAN_KN
04PBR0266,,101.4546,0.514,RONGGO_WARSITO_PL
04PBR0267,,101.4548,0.4719,PEKANBARU_AIRPORT_TB
04PBR0268,,101.4549,0.5289,HOTEL_RESTY_TB
04PBR0269,,101.4549,0.489,YAMAHA_SCHOOL_PL
04PBR0270,,101.4552,0.442,AMALIAH_TANAH_MERAH_PL
04PBR0271,,101.4554,0.4827,RATU_MAYANG_PBR_PL
04PBR0272,,101.4554,0.5587,GGSUKAI_LIMBUNGAN_PL
04PBR0273,,101.4574,0.4997,NEWHARAPAN_BARU_TB
04PBR0274,,101.458,0.5674,ANTORIUMRUMBAI_MT
04PBR0275,,101.458,0.4926,TANGKERANG_MT
04PBR0276,,101.4581,0.5385,TANJUNG_DATUK_TB
04PBR0277,,101.4584,0.4624,TENGKU_BEY_MT
04PBR0278,,101.4593,0.5045,MAHONI_GT
04PBR0279,,101.4587,0.5177,BERINGIN50_PL
04PBR0280,,101.4587,0.5346,JALAN_KAMPAR_TB
04PBR0281,,101.4587,0.4551,SIMPANGTIGA_BUKITRAYA_TB
04PBR0282,,101.4592,0.4962,HARAPAN_BARU_PBR_MT
04PBR0283,,101.4604,0.5756,PRAMUKALEMBAHSARI_PL
04PBR0284,,101.4606,0.4477,AIR_DINGIN_UIR_MT
04PBR0285,,101.4606,0.5412,SUMBER_SARI_PBR_PL
04PBR0286,,101.4608,0.5087,RSPKB_MEDICALCENTER_MT
04PBR0287,,101.4611,0.4675,SIDOMULYO_PBR_PL
04PBR0288,,101.4613,0.4852,PURWOSARI_PBR_PL
04PBR0289,,101.4614,0.4416,JLKARYA_BERSAMA_TB
04PBR0290,,101.4614,0.5253,HANG_TUAH_SEKIP_PL
04PBR0291,,101.4616,0.5323,KAMPAR_TANJUNG_RHU_PL
04PBR0292,,101.4619,0.5157,THAMRIN_SUKAMAJU_PL
04PBR0293,,101.462,0.5093,PEKANBARU_MEDICAL_CENTER1_MC
04PBR0295,,101.462,0.5535,LIMBUNGAN_IB
04PBR0296,,101.4629,0.5644,ALFATTAH_PL
04PBR0297,,101.4629,0.4997,HARAPAN_RAYA2_EP
04PBR0298,,101.4631,0.4591,BAY_SIMPANGTIGA_PL
04PBR0299,,101.4635,0.4928,LUMBA2TANGSEL_MT
04PBR0302,,101.4645,0.545,TANJUNG_RHU_PL
04PBR0303,,101.4649,0.4817,MERAKUTAMATNGKERANG_PL
04PBR0304,,101.4652,0.5068,PATTIMURA_PBR_EP
04PBR0305,,101.4658,0.4958,BUKIT_RAYA_TB
04PBR0306,,101.4658,0.5387,KUANTAN_TB
04PBR0307,,101.4658,0.5252,HANGTUAH_TENGAH_TB
04PBR0308,,101.4662,0.4509,PUTRA_PANCA_PL
04PBR0309,,101.4666,0.4873,BUKIT_RAYA_PBR_IB
04PBR0310,,101.4667,0.5709,MI_TAMANRAYA_RUSSELIA_MT
04PBR0311,,101.4672,0.5152,THAMRIN_PBR_IB
04PBR0312,,101.4679,0.4567,PEPUTRA_TB
04PBR0313,,101.4691,0.4782,SIMAHARAJA_UJUNG_ST
04PBR0314,,101.4692,0.5333,KUANTAN_REGENCY_MT
04PBR0316,,101.4706,0.5774,LEMBAHSARI_PBR_PL
04PBR0318,,101.4711,0.5032,SENTOSA_PBR_PL
04PBR0319,,101.4716,0.4906,RAWA_MANGUN_MT
04PBR0320,,101.4717,0.5079,TANGKERANG_UTARA_MT
04PBR0321,,101.4719,0.5615,KAMPUNG_BARU_PBR_PL
04PBR0322,,101.4725,0.5205,KESEHATAN_PKU_TB
04PBR0324,,101.473,0.53,JONDUL_BBONE_EP
04PBR0326,,101.4733,0.4979,KELAPA_SAWIT_MT
04PBR0327,,101.475,0.5331,REJOSARI_PBR1_PL
04PBR0328,,101.4753,0.5249,HANG_TUAH_PBR_PL
04PBR0329,,101.4762,0.5157,REJOSARI_PKU_PL
04PBR0330,,101.4764,0.5014,SIDODADITNGKRANGUTR_PL
04PBR0331,,101.4776,0.4807,TANGKERANG_LABUAI_PL
04PBR0332,,101.4781,0.4993,HARAPAN_RAYA_EP
04PBR0333,,101.4788,0.5291,PELABUHAN_CALTEX_PL
04PBR0334,,101.4789,0.5229,SIMPANG_BPG_PANORAMA_TB
04PBR0335,,101.4796,0.5367,KARYA_BAKTI_PBR_MT
04PBR0336,,101.4813,0.5482,REJOSARI_PBR2_TB
04PBR0337,,101.4816,0.475,PERMATA_RATU_TB
04PBR0338,,101.4816,0.5646,LIMBUNGAN1_ST
04PBR0339,,101.4823,0.5066,KULIM_SUMATERA_MT
04PBR0341,,101.4839,0.5774,LEMBAH_SARI_PL
04PBR0342,,101.4846,0.5403,TELE_KN
04PBR0343,,101.4854,0.4977,DAHLIA_PBR2_PL
04PBR0344,,101.4854,0.5183,HANGTUAHUJUNGPKBARU_PL
04PBR0345,,101.4861,0.5307,BATA_REJOSARI_MT
04PBR0346,,101.4863,0.5143,SEGAR_INDAH_TB
04PBR0347,,101.488,0.4804,JLIKHLAS_PL
04PBR0348,,101.4882,0.49,BUKIT_BARISAN_PBR_MT
04PBR0349,,101.4886,0.4846,IKHLAS_TANGKERANG_TIMUR_PL
04PBR0350,,101.4899,0.4991,MERPATITANGKERANGTMR_MT
04PBR0351,,101.491,0.5112,HANGTUAH_PBR_PL
04PBR0352,,101.4941,0.4701,PADATKARYA_TANGKERANGTMR_PL
04PBR0353,,101.4941,0.517,INDRAPURI_UJUNG_MT
04PBR0354,,101.4946,0.4951,TANGKERANGTIMUR_TB
04PBR0355,,101.4976,0.4789,PINANG_HIJAU_PL
04PBR0356,,101.4977,0.4881,TANGKERANG_TIMUR1_MT
04PBR0357,,101.4995,0.5064,HANG_TUAH_SAIL_PL
04PBR0358,,101.501,0.4744,KOMPLEK_KAPAU_SARI_TB
04PBR0359,,101.5017,0.5165,HARAPAN_JAYA_SAIL_ST
04PBR0360,,101.502,0.5105,HARAPAN_JAYA_PBR_MT
04PBR0361,,101.5024,0.4862,TANGKERANG_TIMUR_KN
04PBR0362,,101.5029,0.4965,ALAM_MAYANG_MT
04PBR0363,,101.504,0.5924,ROAD_OKURA_TB
04PBR0364,,101.5064,0.4867,SINGGALANG_TANGKERANGTMR_PL
04PBR0365,,101.5071,0.4675,JLPESANTREN_TB
04PBR0366,,101.5086,0.4752,MI_CENDANA_PBR_MT
04PBR0367,,101.5093,0.4812,BUKIT_PASIR_SEPAKAT_MT
04PBR0368,,101.5095,0.5047,HANGTUAH_UJUNG_EP
04PBR0369,,101.5114,0.4875,BUKIT_MUTIARA_PERMAI_MT
04PBR0370,,101.5128,0.4768,SEPAKAT_PBR_PL
04PBR0371,,101.5132,0.4736,JAKE_KUANTANTENGAH_TB
04PBR0372,,101.5136,0.5103,SAOMATI_TB
04PBR0373,,101.5153,0.4933,HANG_TUAH_UJUNG_SAIL_ST
04PBR0374,,101.5188,0.4847,SAIL_RIAU_PL
04PBR0375,,101.5204,0.4645,LIMESTONE_EP
04PBR0376,,101.5238,0.504,CINTA_RAJA_KOTA_PEKANBARU_PL
04PBR0377,,101.5278,0.4858,TENAYAN_JAYA_PL
04PBR0378,,101.529,0.5927,OKURA_TB
04PBR0379,,101.5292,0.4613,TANGKERANG_TIMUR2_MT
04PBR0380,,101.5343,0.4688,GEMBARA_KULIM_PBR_PL
04PBR0381,,101.5377,0.4936,TENAYAN_RAYA_GT
04PBR0382,,101.5394,0.498,TUALANG_PBR_PL
04PBR0383,,101.5492,0.487,TENGKERANG_BARAT_PL
04PBR0384,,101.5507,0.4711,KULIM_ATAS_TB
04PBR0385,,101.5597,0.4383,PESANTREN_TEKNOLOGI_TB
04PBR0386,,101.4086,0.4491,SIDOMULYO_BARAT_PL
04PBR0391,,101.4288,0.5175,MERANTI_PEKANBARU_GT
04PKR0001,,101.5916,0.469,SIMPANG_BERINGIN_TB
04PKR0002,,101.6158,0.4411,LINTAS_TIMUR_MUDA_SETIA_PL
04PKR0003,,101.6356,0.4264,SIKIJANG_MATI_TB
04PKR0004,,101.6976,0.4066,LUBUK_OGUNG_TB
04PKR0005,,101.7191,0.4466,LINTAS_TIMUR_KM43_ST
04PKR0006,,101.747,0.4269,ROAD_TO_KERINCI_TB
04PKR0007,,101.818,0.4301,MERPATI_BUKIT_AGUNG_TB
04PKR0008,,101.822,0.3829,JLLANGGAM_KM25_TB
04PKR0009,,101.8319,0.4259,MAKMUR_RIAU_PL
04PKR0010,,101.8419,0.3878,PEMD_PELALAWAN_MT
04PKR0011,,101.847,0.4043,GUNUNG_MELINTANG_TB
04PKR0012,,101.8539,0.4137,KERINCI_EP
04PKR0013,,101.854,0.3911,KERINCI_KOTA_MT
04PKR0014,,101.8566,0.4061,PANGKALANKERINCITIMUR_PL
04PKR0015,,101.857,0.4188,SIMPANG_LANGGAM_TB
04PKR0016,,101.859,0.3738,GGKURNIA1_KERINCI_ST
04PKR0017,,101.8591,0.3826,PANGKALAN_KERINCI_EP
04PKR0018,,101.8595,0.4,MAHARAJA_INDRA_PL
04PKR0019,,101.8605,0.4134,RAPPKRNCITMR_MT
04PKR0020,,101.861,0.3948,DELIK_ST
04PKR0021,,101.88,0.3793,LINGKAR_PEMDA_TB
04PKR0022,,101.8842,0.4261,RAPP_KERINCI_EP
04PKR0024,,101.9084,0.306,KEMANG_PKR_PL
04PKR0025,,101.9153,0.258,MERANTI_PKR_PKR2_TB
04PKR0026,,101.93,0.2413,HARAPAN_JAYA_PKR_MT
04PKR0027,,101.9528,0.2312,MERANTI_PKR_PKR1_PL
04PKR0028,,101.9572,0.2797,RKMNG_SOREK_TB
04PKR0029,,101.9682,0.2085,BERINGIN_INDAH_TB
04PKR0030,,101.9986,0.1881,BANJARSORIK_TB
04PKR0031,,102.0251,0.214,KEMANG_SOREK_TB
04PKR0032,,102.059,-0.1658,KURANJI_PKR_ST
04PKR0033,,102.0677,0.155,SOREK_DUA_TB
04PKR0034,,102.074,0.1311,SOREK_MT
04PKR0035,,102.0822,0.1106,LUBUK_TERAP_PL
04PKR0036,,102.0894,0.0902,PESAGUAN_PKR_PL
04PKR0037,,102.0937,-0.1361,PEMATANGUKUI_PL
04PKR0038,,102.0956,-0.2231,ASIAN_AGRI_EP
04PKR0039,,102.1054,-0.1979,LUBUKUKUI_TB
04PKR0040,,102.1099,-0.0456,PANGK_LESUNG_TB
04PKR0041,,102.1515,-0.1235,UKUI_EP
04PKR0042,,102.1918,-0.0731,LUBUK_KARANJI_TB
04PKR0043,,102.257,-0.0707,KERUMUTAN_EB
04PKR0044,,102.2914,-0.0443,PEMATANG_TINGGI_PL
04PKR0045,,102.3183,-0.0637,SP3_KERUMUTAN_PL
04PKR0046,,103.2684,0.5341,TLK_PENYALAI_MT
04PKR0048,,101.8671,0.4047,PURI_SAKINAH_KERINCI_CM
04PKR0049,,101.7239,0.2446,LANGGAM_PELALAWAN_TB
04PKR0050,,101.7546,0.1497,LANGKAN_PELALAWAN_TB
04PKR0051,,102.1545,-0.1525,BUKIT_GAJAH_CM
04PKR0052,,101.8402,0.1262,PANGKALAN_GONDAI_PL
04PKR0053,,102.2666,-0.005,TANJUNG_KUYO_PL
04PKR0054,,102.1593,-0.0105,MAYANG_SARI_PELALAWAN_CM
04PKR0055,,102.0248,0.1189,BATANG_KULIM_CM
04PKR0056,,102.1307,-0.1053,UKUI2_CM
04PKR0057,,102.2948,-0.0837,BANJAR_PANJANG_PL
04PKR0058,,102.1436,-0.077,MULIA_SUBUR_TB
04PKR0059,,102.1058,-0.1638,BUKITJAYA_UKUI_PL
04PKR0060,,101.7952,-0.0306,BUKIT_KESUMA_TB
04PKR0061,,102.099,-0.1118,DESA_AIR_EMAS_TB
04PKR0062,,102.0562,0.1252,SIMPANG_PANCING_CM
04PKR0063,,101.8908,0.4357,BB_RAPP_BOILER
04PKR0064,,102.0165,0.1952,SURYA_INDAH_PL
04PKR0065,,101.8805,0.442,BB_RAPP_SPINNINGBUILDING
04PPN0001,,100.1977,0.8884,PSR_TANGUN_TB
04PPN0002,,100.2331,1.1174,BATANG_KUMU_EB
04PPN0003,,100.25,1.084,DALU_DALU_TB
04PPN0004,,100.2843,0.9875,SPG_SKPD_ST
04PPN0005,,100.2939,0.8813,SYEHISMAIL_PANGRAYAN_MT
04PPN0007,,100.2966,0.8722,PASARLAMA_PANGAREYAN_MT
04PPN0008,,100.2968,0.8544,PENGAYOMAN_PASIR_MT
04PPN0010,,100.3008,0.8641,PASIR_PANGARAYAN_MT
04PPN0011,,100.3048,0.8577,PASIR_PANGARAYAN1_PL
04PPN0012,,100.3054,0.8899,PANGARAYAN2_TB
04PPN0013,,100.3061,1.0299,BATAS_EB
04PPN0014,,100.3139,0.848,KOTO_TINGGI_PPN_MT
04PPN0015,,100.3225,0.993,RAMBAHMUDA_EB
04PPN0016,,100.3286,0.902,RAMBAH_TENGAH_HILIR_MT
04PPN0017,,100.3372,0.9385,SIMPANG_KUMU_TB
04PPN0018,,100.3525,0.836,RAMBAH_SAMO_TB
04PPN0019,,100.38,0.8288,RAMBAH_SAMO1_PL
04PPN0020,,100.3821,0.7965,RAMBAHSAMO_TB
04PPN0021,,100.3829,0.9549,RAMBAHILIR_PL
04PPN0022,,100.395,0.8932,MUARARUMBAI_ST
04PPN0023,,100.4213,0.8637,SEJATIROKAN_TB
04PPN0024,,100.4546,1.0259,RKOTA_TENGAH_TB
04PPN0025,,100.4657,1.0298,PEKAN_TEBIH_PL
04PPN0026,,100.4678,0.7864,ROASEI_KUNING_EP
04PPN0027,,100.4803,0.6787,LUBUKBANDAHARO_TB
04PPN0028,,100.49,0.7547,BATUSUNGAI_KUNING_ST
04PPN0029,,100.5039,0.7019,PEMATANGTEBIH_TB
04PPN0030,,100.5104,0.7255,PEMATANG_TEBIH_MT
04PPN0031,,100.5196,0.7099,ROKAN_HULU_MT
04PPN0032,,100.5237,0.7033,KAMPUNG_TANAH_DATAR_MT
04PPN0033,,100.528,0.6688,TAPUNG_JAYA1_ST
04PPN0034,,100.5313,0.7127,UJUNG_BATU_EP
04PPN0035,,100.5352,0.7036,DURIAN_UJUNG_BATU_MT
04PPN0036,,100.5359,0.7167,NGASO1_MT
04PPN0037,,100.5446,1.0827,KTTENGAH_RIAU_TB
04PPN0038,,100.5455,0.7195,NGASO_MT
04PPN0040,,100.553,0.7267,NGASO2_ST
04PPN0041,,100.5534,0.6967,UJUNG_BATU_TIMUR_CM
04PPN0042,,100.5576,0.7349,UJUNG_BATU2_TB
04PPN0043,,100.5594,0.9667,MUARA_JAYA2_PL
04PPN0044,,100.5599,0.6166,TAPUNG_JAYA_MT
04PPN0045,,100.5666,0.9519,MUARA_JAYA_PPN_MT
04PPN0046,,100.5871,0.9533,KUNTO_DARUSSALAM_MT
04PPN0047,,100.5976,0.635,LANGGAK_PL
04PPN0048,,100.6091,0.7956,RKOTALAMA_MT
04PPN0049,,100.6503,0.5987,TANDUN_PPN_MT
04PPN0050,,100.6578,0.8394,KOTA_LAMA_PKB_TB
04PPN0051,,100.6871,0.569,PUORAYA_EB
04PPN0052,,100.6934,0.8376,BAGAN_TUJUH_EB
04PPN0053,,100.699,0.5155,BONCAH_KESUMA_ST
04PPN0054,,100.7443,0.5223,ALIANTAN_TB
04PPN0055,,100.7821,0.4648,KABUN_PL
04PPN0056,,100.8342,0.4024,KUBU_BERINGIN_TB
04PPN0057,,100.5469,0.7027,UJUNG_BATU3_PPN_MT
04PPN0058,,100.3762,1.2646,MAHATO1_PL
04PPN0059,,100.4056,1.265,MAHATO2_TB
04PPN0060,,100.3164,1.2264,RANTAU_KASAI_PL
04PPN0061,,100.2131,1.1876,SIMPANG_HARAPAN_PL
04PPN0062,,100.3015,0.9494,DS_PASIR_UTAMA_PL
04PPN0063,,100.3996,1.2316,MAHATO3_EB
04PPN0064,,100.2269,1.1695,BANGUN_JAYA_PPN_PL
04PPN0065,,100.289,1.1712,PAGAR_MAYANG_EB
04PPN0066,,100.2635,1.2071,DS_HARAPAN_ST
04PPN0067,,100.3742,1.0806,SUKAMAJU_TAMBUSAI_PL
04PPN0068,,100.24,0.8715,BANGUN_PURBA_TIMUR_CM
04PPN0069,,100.5968,1.0981,KEPENUHAN_TIMUR_CM
04PPN0070,,100.5947,0.9129,KOTA_RAYA_TB
04PPN0071,,100.692,0.8063,BKT_INTAN_MAKMUR_PL
04PPN0072,,100.4087,0.9959,LUBUK_KRAPAT_PL
04PPN0073,,100.4569,1.318,DS_SUKA_DAMAI_PL
04PPN0074,,100.1727,1.0744,SUNGAI_KUMANGO_PL
04PPN0075,,100.1748,0.8876,PSR_TANGUN2_PL
04PPN0076,,100.5025,1.0594,KEPENUHAN_HULU_PL
04PPN0077,,100.5362,1.1292,SUKA_DAMAI_KEPENUHAN_MT
04PPN0078,,100.6555,0.5538,PASAR_DESA_KUMAIN_MT
04PPN0079,,100.1482,1.063,TAMBUSAI_BARAT_MT
04PPN0080,,100.6649,0.5874,PUSKESMAS_TANDUN_MT
04PPN0081,,100.6221,0.6009,INTI_SEI_TAPUNG_MT
04PPN0086,,100.5329,1.0759,KOTA_TENGAH_KEPENUHAN_TB
04PPN0087,,100.7856,0.4573,GITIRAYA_KABUN_PL
04RGT0001,,101.9343,-0.5512,SELUNAK_MT
04RGT0002,,101.9374,-0.5222,BATURIJAL_HULU_MT
04RGT0003,,101.9626,-0.5214,BATURIJAL_TB
04RGT0004,,101.97,-0.531,PERANAP1_MT
04RGT0005,,101.9726,-0.5198,PERANAP2_PL
04RGT0006,,102.0021,-0.5526,KUANTAN_TENANG_CM
04RGT0007,,102.0668,-0.476,SIMPANG_KOTA_MEDAN_MT
04RGT0008,,102.0743,-0.4621,RSP_KELAYANG_TB
04RGT0009,,102.099,-0.4195,SEI_PASIR_PUTIH_MT
04RGT0010,,102.1173,-0.3862,KULIM_JAYA_MT
04RGT0011,,102.1245,-0.302,AIR_PUTIH_RGT_ST
04RGT0012,,102.1324,-0.3853,SEI_BERAS_HILIR_MT
04RGT0013,,102.1348,-0.4686,SIMPANG_KELAYANG1_PL
04RGT0014,,102.1387,-0.4528,SIMPANG_KELAYANG_EP
04RGT0015,,102.169,-0.4479,BONGKAL_MALANG_MT
04RGT0016,,102.1949,-0.4025,SEI_LALA_TB
04RGT0017,,102.2045,-0.403,BASUKIMULYA_SUNGAILALA_PL
04RGT0018,,102.2089,-0.1764,REDANG_SEKO_TB
04RGT0019,,102.2319,-0.6867,BUKIT_LINGKAR_PL
04RGT0020,,102.2531,-0.6591,BUKIT_LIPAI_MT
04RGT0021,,102.2637,-0.6277,KUALA_GADING_MT
04RGT0022,,102.2661,-0.3725,PASIR_PENYU_MT
04RGT0023,,102.2779,-0.3743,AIR_MOLEK2_TB
04RGT0024,,102.2817,-0.6573,BATANG_CENAKU_ST
04RGT0025,,102.2877,-0.3642,SULTAN_IBRAHIM_CANDI_MT
04RGT0026,,102.2885,-0.374,AIR_MOLEK1_PL
04RGT0027,,102.2945,-0.3067,RAFLESIA_SUKAJADI_PL
04RGT0028,,102.2948,-0.3545,KUALA_PANDUK_CM
04RGT0029,,102.2955,-0.3654,AIR_MOLEK_EP
04RGT0030,,102.302,-0.3013,LIRIK_PERTAMINA_EP
04RGT0031,,102.3027,-0.3595,SEKAR_MAWAR2_PL
04RGT0032,,102.3032,-0.3529,SEKAR_MAWAR1_MT
04RGT0033,,102.3081,-0.2971,LAMBANGSARI_MT
04RGT0034,,102.3104,-0.3138,DESA_REJOSARI_LIRIK_MT
04RGT0035,,102.3309,-0.3455,JAPURA_INHUL_ST
04RGT0036,,102.3372,-0.3426,JAPURA_TB
04RGT0037,,102.3663,-0.4469,TANI_MAKMUR_RENGAT_PL
04RGT0038,,102.3781,-0.4086,PEMATANG_JAYA_PL
04RGT0039,,102.3853,-0.4339,BUKIT_PETALING_TB
04RGT0040,,102.3954,-0.5159,PETALABUMI_SEBERIDA_TB
04RGT0041,,102.3991,-0.535,BELILAS2_ST
04RGT0042,,102.4095,-0.5615,SIMPANG_EMPAT_BELILAS_TB
04RGT0043,,102.412,-0.5418,BELILAS_MT
04RGT0044,,102.4132,-0.5511,BELILAS1_MT
04RGT0045,,102.4179,-0.5372,KANTOR_CAMAT_SEBERIDA_PL
04RGT0047,,102.4325,-0.5504,TELUK_MERANTI_CM
04RGT0048,,102.4437,-0.3951,PEMATANG_REBA_PL
04RGT0049,,102.444,-0.387,SIMPANG_PEMATANG_REBA_TB
04RGT0050,,102.445,-0.3489,PEKANHERAN_ST
04RGT0051,,102.4549,-0.3935,TALANG_JERINJING_PL
04RGT0052,,102.5081,-0.7276,SIBERIDA_TB
04RGT0053,,102.5199,-0.3688,RENGAT2_TB
04RGT0054,,102.5328,-0.3679,SMA_PGRI_RENGAT_MT
04RGT0055,,102.5416,-0.3575,KAMPUNG_SEBERANG_TB
04RGT0056,,102.543,-0.3758,RENGAT_EP
04RGT0057,,102.5431,-0.3696,KAMPUNG_BESAR_KOTA_MT
04RGT0058,,102.5472,-0.3839,STADION_NARASINGA_MT
04RGT0059,,102.5497,-0.3717,RENGAT1_MT
04RGT0060,,102.5506,-0.3795,SUPRAPTO_RENGAT_PL
04RGT0061,,102.5545,-0.3754,SULTAN_RENGAT_PL
04RGT0062,,102.5596,-0.3829,SMAN_RENGAT_MT
04RGT0063,,102.5735,-0.3895,SUNGAIBERINGIN_RENGAT_TB
04RGT0064,,102.6025,-0.7337,LINTAS_SAMUDERA_KM4_MT
04RGT0067,,102.67,-0.4476,KUALA_CENAKU_ST
04RGT0068,,102.6746,-0.4556,KUALA_MULIA_PL
04RGT0072,,102.5342,-0.7507,SIBERIDA2_TB
04RGT0073,,102.5428,-0.6919,DESA_BELIMBING_ST
04RGT0074,,102.3709,-0.5794,SERESAM_SEBERIDA_PL
04RGT0075,,102.0854,-0.3877,SEI_BERAS_BERAS_PL
04RGT0076,,102.4182,-0.472,TANAH_DATAR_PL
04RGT0077,,102.0896,-0.3427,PONTIAN_MEKAR_PL
04RGT0078,,102.0872,-0.514,KOTA_MEDAN_KELAYANG_PL
04RGT0079,,102.3856,-0.3823,KOTA_LAMA_RENGAT_PL
04RGT0080,,102.349,-0.359,PASAR_JAPURA_PL
04RGT0081,,102.2194,-0.3922,KELAWAT_SEI_LALA_PL
04RGT0082,,102.043,-0.4871,SUNGAI_KUNING_BENIO_PL
04RGT0085,,102.6278,-0.7238,BATANG_GANGSAL_RAMBAI_MT
04RGT0086,,102.187,-0.5048,PETONGGAN_RAKIT_KULIM_MT
04RGT0087,,102.2768,-0.3027,TPP_SUNGAI_SAGU_PL
04SPJ0001,,102.4414,1.0528,TELUK_BELETUNG_EP
04SPJ0002,,102.6872,1.0021,MERDEKA_SELAT_PANJANG_TB
04SPJ0003,,102.6981,1.0065,NUSA_INDAH_SELAT_PANJANG_PL
04SPJ0004,,102.7019,1.0,ALAH_AIR_TIMUR_MT
04SPJ0005,,102.7021,1.0114,SELAT_PANJANG_MT
04SPJ0006,,102.7051,1.0076,KARTINI_SELAT_PANJANG_PL
04SPJ0007,,102.7085,1.0041,SELAT_PANJANG_SLP1_CM
04SPJ0008,,102.7106,1.0136,SELAT_PANJANG_SLP2_MT
04SPJ0009,,102.7137,1.0114,SELAT_PANJANG_SLP_MT
04SPJ0010,,102.7143,0.9924,DESA_BANGLAS_PL
04SPJ0011,,102.7177,1.0151,SELAT_PANJANG_KOTA_PL
04SPJ0012,,102.7187,0.9996,DORAK_MT
04SPJ0013,,102.6236,0.923,NT_DESA_TANJUNG_PK
04SPJ0014,,102.8584,0.795,NT_KEPAU_BARU_MT
04SPJ0016,,102.6239,0.9815,DESA_ALAI_PL
04SPJ0017,,102.6701,0.9877,DESA_INSIT_PL
04SSI0001,,101.2443,0.8864,KANDIS_SSI_EP
04SSI0002,,101.2455,0.9544,PASAR_MINGGU_KANDIS_TB
04SSI0003,,101.276,1.0078,KANDIS_KM88_TB
04SSI0004,,101.2767,0.9182,SAMSAM_SIAK_IB
04SSI0005,,101.2887,0.8581,SIMPANG_GELOMBANG_TB
04SSI0006,,101.3097,1.0085,JAMBAI_MAKMUR_MT
04SSI0007,,101.353,0.8097,RDTO_GELOMBANG_EP
04SSI0008,,101.3789,0.9224,BELUTU_PL
04SSI0009,,101.4428,0.7043,YOS_SUDARSO_MINAS_JAYA_PL
04SSI0010,,101.4434,0.7648,YOS_SUDARSO_MINAS_BARAT_PL
04SSI0011,,101.4515,0.7363,MINAS_EP
04SSI0013,,101.5196,0.723,SIAK_TUALANG_EP
04SSI0014,,101.5708,0.6887,CAMAT_TUALANG_PERAWANG_MT
04SSI0015,,101.5781,0.6773,PULAI_INDAH_EB
04SSI0016,,101.5898,0.677,KECIK_PERAWANG_TB
04SSI0017,,101.5906,0.6704,MALIJAMSOSTEKPRWNG_MT
04SSI0018,,101.5942,0.6743,PERAWANG_MT
04SSI0019,,101.5943,0.6647,HANG_JEBAT_TB
04SSI0020,,101.5988,0.679,KESEHATANPERAWANG_PL
04SSI0021,,101.5996,0.6719,RAJAWALI_PERAWANG_MT
04SSI0022,,101.6029,0.6642,PELAJAR_PL
04SSI0023,,101.6044,0.6943,DESA_BUNUT_TB
04SSI0024,,101.6064,0.6723,PERAWANG_KOTA_MT
04SSI0025,,101.6073,0.6662,SIAK_PERAWANG_TB
04SSI0026,,101.6136,0.6687,IKPPPERAWANG_EP
04SSI0027,,101.6153,0.6477,SURYA_DUMAI_TB
04SSI0028,,101.615,0.6924,PINANG_SEBATANG_SSI_TB
04SSI0029,,101.6231,0.6611,BESAR_PERAWANG_PL
04SSI0030,,101.673,0.4338,KERINCI_KIRI_MT
04SSI0031,,101.7938,0.4094,PEMDAKM55_KERINCI_TB
04SSI0032,,101.8031,0.6567,BUATAN2_EP
04SSI0033,,101.8034,0.6139,LUBUK_DALAM_TB
04SSI0034,,101.8059,0.6959,EMPANG_PANDAN_DEPAN_PL
04SSI0035,,101.8122,0.5611,DESA_SIALANG_PALAS_ST
04SSI0036,,101.8181,0.7395,BUATAN_MT
04SSI0037,,101.8304,0.6928,EMPANG_PANDAN_DALAM_TB
04SSI0038,,101.832,0.5131,KERINCI_KANAN_MT
04SSI0039,,101.865,0.6426,PEMDA_SAWIT_PERMAI_PL
04SSI0041,,101.8708,0.6928,SIALANG_SAKTI_ST
04SSI0042,,101.8982,0.5183,JATI_MULIA_PL
04SSI0043,,101.9043,0.4589,SIMPANG_PERAK_TB
04SSI0044,,101.912,0.4864,GABUNG_MAKMUR_TB
04SSI0045,,101.9245,0.6946,MERANGKAI_ST
04SSI0046,,101.936,0.8016,PANCA_PLYWOOD_TB
04SSI0047,,101.9551,0.6505,BJSEMINAI_TB
04SSI0048,,102.0101,0.7901,SUAK_RENGAS_SIAK_MT
04SSI0049,,102.0204,0.9478,BUANTAN_LESTARI2_MT
04SSI0050,,102.0206,0.665,DAYUN_TB
04SSI0051,,102.0271,0.82,SIAK_UTARA_PL
04SSI0052,,102.035,0.9615,BUANTAN_LESTARI_PL
04SSI0053,,102.0353,0.8068,SIAK_MT
04SSI0054,,102.0408,0.803,SIAK_SRIINDRAPURA_EP
04SSI0055,,102.0428,0.8354,LANGKAISIAK_ST
04SSI0056,,102.0444,0.9309,BUNGA_RAYA_EP
04SSI0057,,102.0462,0.809,JLTENGKU_BUANG_ASMARA_TB
04SSI0058,,102.0522,0.7945,STO_SIAK_MT
04SSI0059,,102.0548,0.774,GROUP_WILMART_MT
04SSI0060,,102.0551,0.807,SIAK_SSI2_MT
04SSI0061,,102.0576,0.9465,DUSUN_TANIJAYA_MT
04SSI0062,,102.0579,0.7959,SIAK_SSI1_MT
04SSI0063,,102.0596,0.7838,SIAK_SEBRANG_MT
04SSI0064,,102.0598,0.9886,JATI_BARU_SSI_TB
04SSI0065,,102.0609,0.8012,SUAK_LANJUT_PL
04SSI0067,,102.0725,0.9597,BUNGA_RAYA2_TB
04SSI0068,,102.0938,0.9432,DASAN_TB
04SSI0069,,102.1005,1.1059,PEDADA_CALTEX_TB
04SSI0070,,102.1595,1.1234,SUNGAI_APIT_MT
04SSI0072,,102.2492,0.9624,BUTON_EP
04SSI0074,,102.3396,0.892,SEI_RAWA_EP
04SSI0075,,102.8446,0.7372,VS_NT_TELUK_LANUS_MT
04SSI0082,,101.2348,0.9216,KANDIS_KOTA_PL
04SSI0083,,101.945,0.6314,PANGKALAN_MAKMUR_TB
04SSI0084,,101.8373,0.6199,SRI_GADING_TB
04SSI0085,,101.8137,0.7185,PANGKALAN_PISANG_BUATAN_TB
04SSI0086,,101.454,0.7419,MINAS2_PL
04SSI0087,,102.1362,1.0718,TELUK_MESJID_PL
04SSI0088,,101.8363,0.5662,KPG_EMPANG_BARU_TB
04SSI0089,,102.2069,1.0475,DESA_BUNSUR_PL
04SSI0090,,101.7974,0.4584,KUMBARA_UTAMA_PL
04SSI0091,,101.1548,0.9811,LIBO_JAYA_PL
04SSI0092,,101.855,0.7442,DESA_RANTAU_PANJANG_PL
04SSI0093,,101.8767,0.6726,SAWIT_PERMAI_PL
04SSI0094,,101.8396,0.6636,KERANJI_GUGUH_TB
04SSI0095,,101.9376,0.6756,BURUMBUNG_BARU_PL
04SSI0096,,101.7897,0.5157,BUANA_BAKTI_TB
04SSI0097,,101.7888,0.5964,DESA_SIALANG_BARU_PL
04SSI0098,,101.8952,0.4524,SIMPANG_PERAK_JAYA_PL
04SSI0099,,101.6477,0.5958,SIMPANG_MAREDAN_PL
04SSI0100,,101.2558,0.9765,KANDIS_KM83_PL
04SSI0101,,101.368,0.9572,SDN_PENCING_BEKULO_MT
04SSI0103,,101.5773,0.6614,TUALANG_PERAWANG_BARAT_EB
04SSI0104,,101.5471,0.6801,TUALANG_MAREDAN_BARAT_PL
04SSI0105,,101.994,0.6468,DAYUN_SIAK_PL
04SSI0106,,102.0954,1.0729,SEROJA_SUNGAI_TENGAH_TB
04TAK0001,,101.2639,-0.0637,TANJUNG_PAUH_TAK_TB
04TAK0002,,101.3022,-0.1796,ROAMUARA_LEMBU_MT
04TAK0003,,101.3219,-0.231,KOTA_BARU_TB
04TAK0004,,101.3397,-0.2853,DESA_PETAI_TAK_TB
04TAK0005,,101.3455,-0.39,MUARA_LEMBU_EP
04TAK0006,,101.3995,-0.4628,LOGAS_TB
04TAK0007,,101.4137,-0.2949,SUNGAI_BULUH_TAK_TB
04TAK0008,,101.4168,-0.3663,SUNGAISIRIH_ST
04TAK0009,,101.4172,-0.2704,GUNUNG_TOAR_TB
04TAK0010,,101.433,-0.3931,AIR_MAS_CM
04TAK0011,,101.4414,-0.4124,MUARALEMBU_ST
04TAK0012,,101.4467,-0.3759,PASIR_EMAS_TB
04TAK0013,,101.471,-0.6618,LUBUK_JAMBI_TB
04TAK0014,,101.4714,-0.502,JAKE_TB
04TAK0015,,101.5097,-0.5864,KAMPUNG_BARU_TAK_ST
04TAK0016,,101.5193,-0.3847,MARSAWA_MT
04TAK0017,,101.5243,-0.4358,GERINGGING_BARU_PL
04TAK0018,,101.5314,-0.29,SUKARAJA_TAK_ST
04TAK0019,,101.5326,-0.5188,PEMDA_TALUK_KUANTAN_ST
04TAK0020,,101.5368,-0.5114,SUNGAI_JERING_MT
04TAK0021,,101.5447,-0.5456,KOTO_KARI_MT
04TAK0022,,101.548,-0.526,SUNGAIJERING_PL
04TAK0023,,101.5587,-0.3591,LANGSAT_HULU_MT
04TAK0024,,101.5664,-0.3274,MUARA_LANGSAT_TB
04TAK0025,,101.5664,-0.535,TELUK_KUANTAN_EP
04TAK0026,,101.5729,-0.528,KRMTDESABERINGIN_MT
04TAK0027,,101.5862,-0.491,MUARO_SENTAJO_PL
04TAK0028,,101.5989,-0.44,BENAI_TB
04TAK0029,,101.6065,-0.4868,KAMPUNG_BARU_SENTAJO_MT
04TAK0030,,101.6276,-0.4841,TELUK_KUANTAN2_PL
04TAK0031,,101.6553,-0.4539,PULAU_INGU_TB
04TAK0032,,101.6731,-0.3122,LOGEH_TB
04TAK0033,,101.6839,-0.4133,PASAR_BARU_PANGEAN_ST
04TAK0034,,101.7321,-0.4358,BASERAH_MT
04TAK0035,,101.878,-0.4908,CERENTI_TB
04TAK0036,,101.3277,-0.4053,PULAU_PADANG_MT
04TAK0037,,101.7988,-0.4534,PASAR_INUMAN_PL
04TAK0038,,101.4236,-0.3293,SUNGAI_KUNING_SENGINGI_CM
04TAK0039,,101.4094,-0.121,SUKAMAJU_SINGINGI_CM
04TAK0040,,101.4996,-0.2795,KUANTAN_SAKO_CM
04TAK0041,,101.8478,-0.494,CERENTI_KOMPE_CM
04TAK0042,,101.5391,-0.265,HULU_TESO_CM
04TAK0043,,101.4125,-0.2204,MUARA_BAHAN_CM
04TAK0044,,101.4202,-0.5996,TANJUNG_KUANTAN_CM
04TAK0045,,101.6177,-0.467,TEBING_TINGGI_BENAI_CM
04TAK0046,,101.7571,-0.4504,DESA_PULAU_BERALO_CM
04TAK0047,,101.4402,-0.6374,KUANTAN_MUDIK_TB
04TAK0048,,101.7211,-0.4658,KOTO_RAJO_PL
04TAK0049,,101.6497,-0.3992,SAKO_PANGEAN_CM
04TAK0050,,101.4859,-0.609,GUNUNG_TOAR_CM
04TAK0051,,101.4748,-0.6333,LUAI_PULAU_MUNGKUR_PL
04TAK0052,,101.6118,-0.4204,BERINGIN_JAYA_SETANJO_PL
04TAK0053,,101.7121,-0.4332,KEPALA_PULAU_PL
04TAK0054,,101.4338,-0.145,BERINGIN_JAYA_PL
04TAK0055,,101.6077,-0.5201,JAYA_KOPAH_PL
04TAK0056,,101.685,-0.3725,POROS_TERATAK_RENDAH_CM
04TAK0057,,101.6488,-0.4864,BENAI_KUANTAN_PL
04TAK0059,,101.3457,-0.3511,KEBUN_LADO_CM
04TBH0001,,102.6944,-0.4751,KUALA_CENAKE_TB
04TBH0002,,102.7617,-0.9726,BARU_RIAU_MT
04TBH0003,,102.7684,-0.4983,PEKAN_TUA_IT
04TBH0005,,102.8423,-0.5381,ROATO_RENGAT_EP
04TBH0006,,102.8664,-0.5507,SUNGAI_ARA_GT
04TBH0007,,102.8927,-0.6058,HARAPAN_TANI_INHIL_PL
04TBH0008,,102.9247,-0.7434,KOTABARU_SIBEREDA_PL
04TBH0009,,102.9256,-0.519,IRFANJAYA_RENGATTBLHN_ST
04TBH0010,,102.9335,-0.5131,RUMBAI_JAYA_TB
04TBH0011,,102.935,-0.5796,PARITATAH_MT
04TBH0012,,102.9576,-0.4736,TELUK_JIRA_MT
04TBH0013,,102.9596,-0.566,SIMPANG_GRANIT_PL
04TBH0015,,102.992,-0.4553,SEI_SALAK_TB
04TBH0016,,103.0859,-0.395,JAMI_ALFALAHRENGAT_MT
04TBH0017,,103.0971,-0.3678,RTEMBILAHAN_EP
04TBH0018,,103.1061,-0.3585,KAMPUS_UNISI_MT
04TBH0019,,103.1162,-0.3485,ESTATE_TANJUNGSIMPA_MT
04TBH0020,,103.1221,-0.3406,PARUNA_TEMBILAHAN_MT
04TBH0021,,103.1333,-0.3316,TELAGA_BIRU_MAKRO_MT
04TBH0022,,103.1376,-0.3326,TEMBILAHAN_TBH2_TB
04TBH0023,,103.1384,-0.3369,TEMBILAHULU_MT
04TBH0024,,103.1394,-0.329,PELITA_TEMBILAHAN_MT
04TBH0025,,103.1467,-0.3026,LINTAS_PEKAN_ARBA_MT
04TBH0026,,103.1443,-0.3276,PERINTIS_TBH_MT
04TBH0027,,103.1448,-0.3218,PELAJAR_TEMBILAHAN_PL
04TBH0028,,103.147,-0.3247,TEMBILAHAN_TBH_EP
04TBH0029,,103.1478,-0.3154,TEMBILAHAN_MT
04TBH0030,,103.1492,-0.3307,PERINTIS_TEMBILAHAN_HULU_MT
04TBH0031,,103.1512,-0.3183,JLGUNUNG_DAEK_TEMBILAHAN_MT
04TBH0032,,103.1513,-0.3223,TELAGA_BIRU_KOTA_MT
04TBH0033,,103.1532,-0.3116,HARAPAN_TEMBILAHAN_PL
04TBH0034,,103.1541,-0.3247,KARTINI_TEMBILAHAN_EB
04TBH0035,,103.1548,-0.3291,TEMBILAHAN_KOTA_TB
04TBH0036,,103.1565,-0.3137,BERINGIN_TANJUNG_HARAPAN_MT
04TBH0038,,103.1582,-0.3246,TEMBILAHAN_TBH1_MT
04TBH0039,,103.1602,-0.3208,KEMBANG_TBH_MT
04TBH0040,,103.1627,-0.3069,TEMBILAHAN2_TB
04TBH0041,,103.1638,-0.3205,TEMBILAHIILIR_PL
04TBH0042,,103.1649,0.2115,MGI_PULAI_EP
04TBH0043,,103.1652,-0.3141,PULAU_INDAH_PL
04TBH0044,,103.1685,-0.3196,WASPADA_MT
04TBH0045,,103.1689,-0.2943,SEI_BERINGIN_INHIL_PL
04TBH0046,,103.2652,0.225,PELANGIRAN_HILIR_EP
04TBH0047,,103.3129,-0.3232,SAPAT_PL
04TBH0048,,103.3247,-0.4349,TANJUNG_BARU_TBH_ST
04TBH0049,,103.3823,-0.5103,KUALA_ENOK_ST
04TBH0050,,103.3868,-0.5214,SAMBU_KUALAENOK_TB
04TBH0051,,103.4896,0.3634,KM9_BURUNG_EP
04TBH0052,,103.5412,0.4264,PULAU_BURUNG_EP
04TBH0053,,103.5494,0.4168,PARIT_SATU_BURUNG_MT
04TBH0054,,103.5994,0.3033,SUNGAI_GUNTUNG_EP
04TBH0056,,103.6108,0.2957,TAGARAJA_KATEMAN_PL
04TBH0057,,103.4062,-0.6024,NT_DESA_KUALA_PATAH_PARANG_PK
04TBH0058,,103.3096,-0.2664,NT_DESA_SUNGAIPIYAI_PS
04TBH0059,,103.1443,-0.1839,NT_DESA_RAMBAIAN_PS
04TBH0060,,103.157,-0.166,NT_DESA_KELUMPANG_MT
04TBH0061,,103.1599,-0.0914,NT_PUNGKAT_PS
04TBH0062,,103.1002,-0.1031,VS_NT_SIMPANG_GAUNG_PL
04TBH0065,,103.6166,0.2977,TUNAS_HARAPAN_MT
04TBH0066,,103.616,0.2921,TAGARAJA_MT
04TBH0067,,103.6033,0.3134,AIA_TAWAR_MT
04TBH0068,,103.5412,0.4162,RSUP_PULAU_BURUNG_PL
04TBH0069,,103.3596,-0.1816,TELUK_PINANG_PL
04TBH0070,,102.7381,-0.9618,DESA_BATU_AMPAR_PL
04TBH0071,,103.2116,-0.3114,SUNGAI_PERAK_PL
04TBH0072,,102.7334,-0.4608,BAYAS_JAYA_CM
04TBH0073,,103.173,-0.2596,PARIT5_SEIULAR_PL
04TBH0075,,103.1677,-0.3421,RAYA_LINTAS_ENOK_MT
04TBH0076,,103.6177,0.3089,BANDAR_SRI_GEMILANG_MT
04TBH0077,,103.2052,-0.6958,PULAU_KIJANG_RETEH_ST
04TBH0078,,102.7111,-0.9392,BATU_AMPAR_KEMUNING_MT
04TBH0079,,102.7964,-0.8964,PASAR_KEMUNING_TUA_TB
04TBH0080,,103.1307,-0.6849,MEKAR_SARI_RETEH_MT
04TBH0081,,103.1708,-0.6939,PULAU_KECIL_RETEH_MT
04TBH0082,,102.6814,-0.9014,KERINTANG_KEMUNING_TB
04TBH0083,,103.0506,-0.6874,SUNGAI_DUNGUN_SANGLAR_ST
04TBH0084,,102.9883,-0.7184,SEBERANG_PABENAAN_TB
04UJT0001,,100.2984,1.8623,SPKANAN_STP_ST
04UJT0002,,100.306,1.8109,BAGAN_NIBUNG_TB
04UJT0003,,100.325,2.4725,PANIPAHAN_DARAT_TB
04UJT0004,,100.3263,2.4641,TANJUNG_ROKAM_MT
04UJT0005,,100.3271,2.4793,TELUK_PULAI2_TB
04UJT0006,,100.3352,2.4664,PANIPAHAN_ROHIL_ST
04UJT0007,,100.3422,2.4701,TELUK_PULAI1_EB
04UJT0008,,100.345,1.822,GAMETRACO_BUKIT_DAMAR_GT
04UJT0010,,100.3816,1.7116,BAGAN_MANUNGGAL_CM
04UJT0011,,100.3864,1.7178,SEI_MERANTI_ST
04UJT0012,,100.3886,1.7462,API_DESA_SALAK_TB
04UJT0013,,100.3895,1.6989,TARUNA_BAGAN_PL
04UJT0014,,100.3972,1.7088,BAGANBATU_LABUHAN_PL
04UJT0015,,100.4005,1.7066,BAGAN_BATU1_MT
04UJT0017,,100.406,1.7014,BAGAN_BATU_EP
04UJT0018,,100.4076,1.6986,BAGAN_BATU_DURI_MT
04UJT0019,,100.4101,1.7349,BAGAN_KAMPUNG_HARAPAN_PL
04UJT0020,,100.4118,1.693,BAGAN_BATU_KM1_TB
04UJT0021,,100.4127,1.7685,PKS_MAKMUR_JAYA_ST
04UJT0023,,100.4182,1.7087,SMRAJA_BAGANBATU_MT
04UJT0024,,100.4233,1.6861,BAHTERA_MAKMUR_TB
04UJT0025,,100.425,1.7905,BAGAN_SINEMBAH_BARAT_PL
04UJT0026,,100.4501,1.7702,DESA_SALAK_PL
04UJT0027,,100.4507,1.6724,BAGAN_BATU2_TB
04UJT0028,,100.4619,1.6755,PELITA_ROHIL_CM
04UJT0029,,100.4665,1.6499,PASAR_DESA_SALAK_MT
04UJT0030,,100.4951,1.6704,BAGAN_BATU_ROKAN_HILIR_PL
04UJT0031,,100.5176,1.6738,KENCANA_MT
04UJT0032,,100.5202,1.6924,ROAPJR_MT
04UJT0033,,100.5662,1.6971,BALAI_JAYA_TB
04UJT0034,,100.6068,2.065,SUNGAI_KUBU_PL
04UJT0035,,100.6234,2.0506,KUBU_UJT_MT
04UJT0036,,100.6292,2.0379,SUNGAI_MAJO2_MT
04UJT0037,,100.6308,2.0323,RANTAU_PANJANG_KANAN_CM
04UJT0038,,100.6343,2.0447,DESA_PUTIK_MT
04UJT0040,,100.647,1.4386,PUJUD_PL
04UJT0041,,100.6495,2.064,ROKAN_HILIR1_EB
04UJT0042,,100.6519,2.0384,SUNGAI_MAJO1_MT
04UJT0043,,100.661,1.7023,BALAM_MT
04UJT0044,,100.6698,1.4331,TELUK_NAYANG_GT
04UJT0045,,100.6721,2.1837,PULAU_HALANG_ROKAN_HILIR_PL
04UJT0046,,100.6848,2.0632,TELUK_PIYAI_TELUK_MEDAN_PL
04UJT0047,,100.6865,1.6978,BALAM_SAMPURNA_MT
04UJT0048,,100.6924,1.4268,SIARANG_ARANG_MT
04UJT0049,,100.7128,1.6918,BANGKO_SEMPURNA_TB
04UJT0050,,100.7399,1.6769,ROKAN_HILIR2_EB
04UJT0051,,100.766,1.6685,RDTO_BANGKO_TB
04UJT0052,,100.7949,2.1511,BAGAN_SIAPIAPI2_MT
04UJT0053,,100.797,1.6675,BANGKO_JAYA_ST
04UJT0054,,100.7973,2.1615,BAGAN_BARAT_MT
04UJT0055,,100.8,2.169,PENDIDIKAN_PULAUBARU_MT
04UJT0056,,100.801,2.1415,BAGAN_SIAPIAPI1_CM
04UJT0058,,100.8041,2.1655,STADIUM_BAGAN_MT
04UJT0059,,100.8075,2.1625,BAGAN_SIAPI_API3_TB
04UJT0060,,100.8076,2.1589,BAGAN_SIAPI_API1_MT
04UJT0061,,100.8084,2.1471,BAGAN_HULU_UJT_MT
04UJT0062,,100.8085,2.1692,BINTANG_TENGAH_UJT_CM
04UJT0063,,100.8102,2.174,BAGAN_JAWA_UJT_PL
04UJT0064,,100.8104,2.1562,BAGAN_SIAPI_API2_MT
04UJT0065,,100.8111,2.1428,ROKANHILIR_SELATAN_PL
04UJT0066,,100.8122,2.161,BAGAN_SIAPIAPI_TB
04UJT0067,,100.813,2.1378,JLKECAMATAN_MT
04UJT0068,,100.8148,2.1532,NATAMA_ROKANHILIR_TB
04UJT0069,,100.808,2.1528,TANAH_PUTIH_BANGKO_MT
04UJT0070,,100.8158,1.4818,MANGGALA_SAKTI_ST
04UJT0071,,100.8158,2.1329,BANKO_PL
04UJT0072,,100.819,2.1247,LINGKAR_BATU_PL
04UJT0073,,100.82,2.0996,BATU6_BAGANSIAPIAPI_MT
04UJT0074,,100.8273,2.2297,NURULHUDA_BINTANG_TB
04UJT0075,,100.8358,1.5324,SIMPANG_MANGGA_MT
04UJT0076,,100.8409,1.6855,KM3BANGKO_PUSAKO_TB
04UJT0077,,100.8458,2.0894,POROS_KECAMATAN_SEPAKAT_PL
04UJT0078,,100.8589,2.0761,TANGGA_BESAR_TB
04UJT0079,,100.8644,2.0672,SIMPANG_PADEMARAN_MT
04UJT0080,,100.8668,1.6757,BANGKO_CALTEX_TB
04UJT0081,,100.8713,1.9123,ROKAN_BARU_PL
04UJT0082,,100.8889,2.2601,SUNGAI_NYAMUK_UJT_TB
04UJT0083,,100.895,1.6627,PEMATANG_IBUL_TB
04UJT0084,,100.9006,1.9643,SUNGAISLALANG_TB
04UJT0085,,100.9254,1.6059,SIMPANG_PUJUT_ST
04UJT0086,,100.926,1.9293,BANTAYAN_UJT_TB
04UJT0087,,100.9488,1.8629,MUKTI_JAYA_UJT_TB
04UJT0088,,100.9489,1.7693,SIMPANG_POROS1_CM
04UJT0089,,100.9559,1.8772,TNH_MERAH_RIAU_MT
04UJT0090,,100.9681,1.7452,KARYA_MUKTI_UJT_PL
04UJT0091,,100.9708,1.5135,SINTONG_ST
04UJT0092,,100.9798,1.8435,LENGGADAI_HULU_MT
04UJT0093,,100.9845,2.2833,SENABOI_TB
04UJT0094,,100.9868,1.5828,ROATHAMBUSAI_MT
04UJT0095,,100.9869,1.6007,BANJAR1_ST
04UJT0096,,100.9918,1.618,BANJAR_PL
04UJT0097,,100.9951,1.7195,SIMPANG_POROS2_MT
04UJT0098,,101.0015,1.5372,SEDINGINAN_TANAH_PUTIH_PL
04UJT0099,,101.0055,1.6271,UJUNG_TANJUNG1_MT
04UJT0100,,101.0093,1.5535,SEDINGINAN_PL
04UJT0101,,101.0104,1.3795,RANTAU_KOPAR_TB
04UJT0102,,101.0106,1.7456,TANAH_PUTIH_PKB_TB
04UJT0103,,101.0217,2.284,SINABOY_MT
04UJT0104,,101.0234,1.7911,JUMRAH_ST
04UJT0105,,101.0306,1.6275,UJUNG_TANJUNG_EP
04UJT0106,,101.0352,1.6316,UJUNG_TANJUNG_TANAH_PUTIH_PL
04UJT0107,,101.0437,1.7501,RIMBA_MELINTANG_TB
04UJT0108,,101.0516,1.6781,SUDIRMAN_MELAYU_BESAR_PL
04UJT0109,,101.056,1.685,MELAYU_BESAR_ST
04UJT0110,,101.1156,1.5644,TELUK_BEREMBUN_TB
04UJT0111,,101.1821,1.5511,BALAM_KM12_MT
04UJT0112,,101.2796,1.5934,BUKIT_KAPUR_TB
04UJT0113,,101.072,1.6822,NT_DESA_LABUHAN_PAPAN_ST
04UJT0116,,101.0035,1.8114,TELUK_PULAU_HULU_CM
04UJT0117,,100.5859,2.0745,SEI_SEGAJAH_MAKMUR_CM
04UJT0118,,100.9328,2.2754,SINAMBOI_SUKAJADI_PL
04UJT0119,,100.6208,1.7053,BALAM_KM31_PL
04UJT0120,,100.8642,2.2611,SERUSA_MATI_PL
04UJT0121,,100.5477,1.6933,BALAIJAYA_BAGAN_SINEMBAH_MT
04UJT0123,,100.8933,2.0247,LABUHAN_TANGGA_KECIL_MT
04UJT0124,,100.8512,1.9715,PADAMARAN_PEKAITAN_MT
04UJT0125,,100.9468,1.4544,SEKELADI_HILIR_TANAHPUTI_MT
04UJT0126,,101.0229,1.774,SAREMBAN_JAYA_TB
04UJT0128,,100.6266,2.0603,SUNGAIKUBU_MT
04UJT0129,,100.5942,2.0476,TANJUNGLEBAN_KUBU_MT
04UJT0130,,101.001,1.8351,PEMATANG_SIKEK_ST
04UJT0131,,100.8134,2.1993,PARIT_AMAN_BANGKO_MT
04UJT0132,,100.6974,1.6832,BANGKO_PUSAKO_MT
05BTM0003,,103.8253,1.0693,PULAU_KASU_CM
05BTM0004,,103.8889,1.1549,BELAKANG_PADANG_EP
05BTM0005,,103.8907,1.1489,SEKANAK_RAYA_PL
05BTM0007,,103.897,1.0892,PAN_UNITED_SHIPYARD_EP
05BTM0008,,103.9052,1.0845,NEXUST_GUNCANG_PL
05BTM0009,,103.9151,1.0504,INDUSTRI_SAGULUNG_MT
05BTM0010,,103.9169,1.0705,BRIGJEN_KATAMSO_BTM_PL
05BTM0011,,103.9167,1.0642,RUKO_BARELANG_TB
05BTM0012,,103.9208,1.0581,TANJUNG_UNCANG_PL
05BTM0013,,103.9219,1.1396,RADIO_RAMAKO_SEKUPANG_HS
05BTM0014,,103.9229,1.0343,PELABUHAN_BATUAJI_PL
05BTM0016,,103.9266,1.0631,MARINABATAM_EB
05BTM0017,,103.9277,1.0518,PULAUBULUH_BATAMBARAT_GT
05BTM0018,,103.928,1.1314,BUKIT_BALADA_EP
05BTM0019,,103.9285,1.0319,BATU_AJI3_PN
05BTM0020,,103.9297,1.0675,BAPELKES_BATAM_KN
05BTM0021,,103.9336,1.0591,MARINA_MAS_MT
05BTM0022,,103.9339,1.0242,PELABUHAN_SAGULUNG_MT
05BTM0023,,103.935,1.1,TANJUNG_RIAU_TB
05BTM0024,,103.9377,1.0478,RUKO_FANINDO_PL
05BTM0025,,103.9376,1.1095,SEKUPANG_EP
05BTM0026,,103.938,1.0381,BATU_AJI_BERSERI_MT
05BTM0027,,103.939,1.1202,SEKUPANG_HARBOUR_TB
05BTM0028,,103.9397,1.0544,MARINACITY_BATUAJI_PL
05BTM0029,,103.9409,1.0327,SEIBINTI_TB
05BTM0030,,103.9424,1.0176,SEILEKOK_TB
05BTM0031,,103.9429,1.0826,MARINA_CITY_PL
05BTM0032,,103.9432,1.0675,PERUM_RICCI_GH
05BTM0033,,103.9446,1.0407,BATUAJI_BERSERI_KMT_PL
05BTM0034,,103.9448,1.0361,MI_KAPLING_KAMBOJA_MT
05BTM0035,,103.9462,1.0254,BATUAJI_SHIPYARD_PL
05BTM0036,,103.9472,1.1091,SEKUPANGKARTINI_PL
05BTM0037,,103.9481,1.0585,PERUM_MERLION_MT
05BTM0038,,103.9484,1.0377,ALMUJAHIRIN_KAVLAMA_PL
05BTM0039,,103.9488,1.1016,JLAHMAD_DAHLAN_PL
05BTM0040,,103.9495,1.0427,PURI_BERATA_MT
05BTM0041,,103.9497,1.0332,SAGULUNG2_XL
05BTM0042,,103.9503,1.0645,LAMBUR_MUARASABAK_GH
05BTM0043,,103.9505,1.0503,BRIGJEN_KATAMSO_SAGULUNG_PL
05BTM0044,,103.9508,1.0777,WATERFRONT_EP
05BTM0045,,103.9523,1.1132,MI_QURAN_CENTRE_GT
05BTM0047,,103.9525,1.1041,PASARSEI_HARAPAN_PL
05BTM0049,,103.9543,1.0457,BATUAJI_BTM_EP
05BTM0050,,103.9552,1.032,SEI_LANGKAI_TB
05BTM0051,,103.9554,1.1092,MASJID_BAITURRAHMAN_EP
05BTM0052,,103.9571,1.039,SAGULUNG_MT
05BTM0053,,103.9579,1.0277,GANG_RAFLESIA_ST
05BTM0054,,103.9594,1.0234,DAPUR_DUA_BELAS_EP
05BTM0055,,103.9594,1.1194,SEKUPANG_KOTA_BATAM_PL
05BTM0056,,103.9595,1.1264,PATAM_LESTARI_PL
05BTM0057,,103.9601,1.0523,SAGULUNG1_PL
05BTM0058,,103.9606,1.0666,GIHON_GH
05BTM0059,,103.9613,1.0175,SAGULUNG_SELATAN_PL
05BTM0060,,103.9616,1.0337,KAMP_NATO_GT
05BTM0061,,103.9619,1.1031,DELTA_TIBAN_MT
05BTM0062,,103.9624,1.1126,TIBAN_PALESTA_TB
05BTM0064,,103.9634,1.0447,BATU_AJI1_MT
05BTM0065,,103.9655,1.122,MI_KOMP_TIBAN_MENTARAU_GT
05BTM0066,,103.9659,1.0569,RSCHARIS_MEDIKA_MT
05BTM0067,,103.966,1.1099,TIBAN1_PL
05BTM0068,,103.9669,1.0493,UNRIKA_BATU_AJIBARU_PL
05BTM0069,,103.9679,1.1168,GEREJA_ZEBULON_MT
05BTM0070,,103.9689,1.0354,KAPLINGBARU_BATUAJI_PL
05BTM0071,,103.9699,1.1037,TIBAN_BARU_TB
05BTM0072,,103.97,1.0514,AVIARI_PRATAMA_MT
05BTM0073,,103.9702,1.0446,MKGR_BATAM_EP
05BTM0074,,103.9704,1.0637,TEMIANG_BATAM_EP
05BTM0075,,103.9712,1.0905,BUKIT_MATA_KUCING_EP
05BTM0076,,103.9728,1.0583,SUNGAI_PELUNGGUT_CM
05BTM0077,,103.973,1.0367,GRIYA_BATUAJI_KN
05BTM0078,,103.973,1.1106,PINE_GARDEN_EP
05BTM0079,,103.9747,1.03,MI_GRIYA_BATUAJI_ASRI_GT
05BTM0080,,103.975,1.0508,BATU_AJI2_MT
05BTM0081,,103.9757,1.037,PERUMMKGR_GRIYABATUAJI_PL
05BTM0082,,103.9772,1.122,TIBAN_TB
05BTM0083,,103.9772,1.0455,GENTA_PLAZA_PL
05BTM0084,,103.9778,1.1291,MI_PERUM_CIPTALAND_GT
05BTM0085,,103.9781,1.1128,TIBAN_BTN_TB
05BTM0086,,103.979,1.0413,GENTADEPAN_BATUAJI_PL
05BTM0087,,103.9796,1.0511,YPIP_BATU_AJI_MT
05BTM0088,,103.9798,1.0556,SEI_TAMIANG_PL
05BTM0089,,103.9799,1.1079,TIBAN_TAMANSARI_PL
05BTM0090,,103.9821,1.0486,HIDAYATULLAH_KIBING_BTM_PL
05BTM0091,,103.9824,1.0415,IN_SPPLAZA1_2BATAM_MC
05BTM0092,,103.9864,1.1136,TIBAN_KAMPUNG_PL
05BTM0094,,103.9849,1.0393,PASAR_SEKEN_TB
05BTM0095,,103.9887,1.1185,MI_PERUM_BAVERLY_MT
05BTM0096,,103.9889,1.0439,AVIARI_TB
05BTM0097,,103.9891,1.048,KIBING_BUKIT_INDAH_MT
05BTM0098,,103.99,1.0543,SIMBURNAIK_BTM_GH
05BTM0100,,103.9941,1.1461,TANJUNG_UMA_JODOH_PTB_PN
05BTM0101,,103.9956,1.1375,LUCKYESTATE3_MT
05BTM0102,,103.9963,1.0384,TEMBESI1_MT
05BTM0103,,103.9989,1.1441,TJG_UMA_PL
05BTM0104,,104.0011,1.1547,I2_AMIRHOTELHARBOURBAY_MC
05BTM0105,,104.0012,1.135,PANGKAL_PETAI_PL
05BTM0106,,104.002,1.0408,IN_MALL_TOP_100_BATU_AJI_MC
05BTM0107,,104.0022,1.1517,IN_HOTEL_PACIFIC_DH
05BTM0108,,104.0022,1.1517,HOTEL_PACIFIC_MT
05BTM0109,,104.0032,1.1186,BALOI_LAUT_MT
05BTM0110,,104.0426,1.1661,JODOH_EP
05BTM0111,,104.004,1.1403,GOLDEN_GATE_EP
05BTM0112,,104.0043,1.031,BUANA_IMPIAN_PL
05BTM0113,,104.0043,1.0427,TEMBESI_TB
05BTM0114,,104.0048,1.1269,RUKO_PANTAIPERMATA_PL
05BTM0115,,104.0076,1.1427,LUCKY_PLAZA_EP
05BTM0116,,104.0048,1.1469,IN_PLAZA_AVAVA_DH
05BTM0117,,104.0049,1.1468,PLASA_AVAVA_NAGOYA_CM
05BTM0118,,104.0049,1.1476,IN_ROBINSON_JODOH_DH
05BTM0119,,104.0055,1.0167,PULAUBULUH_BATAMTGH_PL
05BTM0120,,104.0058,1.1624,BATAM_SAMUDERA_PL
05BTM0121,,104.0073,1.1359,I2_GRAND_BATAM_MALL1_KI
05BTM0123,,104.0073,1.1523,PLANET_HOLIDAY_EP
05BTM0124,,104.0075,1.1703,DERMOT_EP
05BTM0125,,104.0076,1.1575,HAPPY_VALLEY_CM
05BTM0126,,104.008,1.1209,BALOIINDAH_PL
05BTM0127,,104.0073,1.1319,NAGOYA_EP
05BTM0128,,104.0087,1.1489,DANAGRAHA_BUILDING_EP
05BTM0129,,104.009,1.1373,PELANTAR1HOTEL89_ST
05BTM0130,,104.0092,1.1792,TOYOKINETSU_MT
05BTM0131,,104.0093,1.0516,RADEN_SUPRAPTOMUKA_KUNING_PL
05BTM0132,,104.0105,1.1323,IN_BATAM_CITY_SQUARE_MALL_AE
05BTM0133,,104.0105,1.1438,IN_BTM_LUCKY_PLAZA_DH
05BTM0134,,104.0109,1.1572,BUKIT_SENYUM_EP
05BTM0135,,104.011,1.1529,BATAM_SENTOSA_PL
05BTM0136,,104.011,1.1481,PURI_GARDEN_ST
05BTM0137,,104.0119,1.1311,LUBUK_BAJA_CM
05BTM0138,,104.0136,1.1751,SCTV_BTM_MT
05BTM0139,,104.0123,1.1366,LUBUKBAJA_BTSELICIN_CM
05BTM0140,,104.0124,1.1265,BALOI_MAS_MT
05BTM0141,,104.0126,1.1432,HARMONI_APARTEMEN_NAGOYA_ST
05BTM0142,,104.0132,1.1462,IN_NAGOYA_HILL_DH
05BTM0143,,104.0132,1.1462,NAGOYA_HILL_EP
05BTM0145,,104.0134,1.1637,BINTANG_INDUSTRI_PL
05BTM0146,,104.0141,1.1176,PDAM_TOP_VIEW_EP
05BTM0147,,104.0145,1.1817,SCTV_TB
05BTM0148,,104.0146,1.1469,HOTEL_BATAM_MC
05BTM0149,,104.0151,1.0204,PGN_BARELANG_PL
05BTM0150,,104.0159,1.1271,BALOIMAS_TB
05BTM0151,,104.016,1.1233,RSAWAL_BROSS_PL
05BTM0152,,104.0163,1.1326,KOMPLEK_BALOI_PL
05BTM0153,,104.0165,1.147,CITRA_BUANA_SERAYA_EP
05BTM0154,,104.0168,1.1395,PELITA_BTM_MT
05BTM0155,,104.0171,1.1505,MASJID_NURUL_IKSAN_PL
05BTM0156,,104.0172,1.0657,RUSUNMUKA_KUNING_GT
05BTM0157,,104.0179,1.1608,GARAMA_CITRA_PL
05BTM0158,,104.0184,1.1556,SAKURA_PERMAI_TB
05BTM0160,,104.0195,1.1357,TELKOM_LUBUK_BAJA_MT
05BTM0161,,104.0203,1.1241,TOP_VIEW_MT
05BTM0162,,104.0207,1.1699,KAVBIDAS_RINGSTERING_PL
05BTM0163,,104.0216,1.1637,BUKIT_KODIM_EP
05BTM0164,,104.0217,1.1439,KPG_PELITA_CM
05BTM0165,,104.0221,1.1558,GREEN_TOWN_PL
05BTM0166,,104.0224,1.1799,TJSENGKUANG_PL
05BTM0167,,104.0224,1.141,SRIWIJAYA_SEIPANAS_PL
05BTM0168,,104.0232,1.0718,IN_PANBILL_MALL_DH
05BTM0169,,104.0232,1.0718,PANBILL_MALL_MT
05BTM0170,,104.0236,1.066,MUKA_KUNING1_PL
05BTM0171,,104.0239,1.1374,GADING_MAS_KN
05BTM0172,,104.0249,1.16,SUMBAWA_TANJUNG_BUNTUNG_PL
05BTM0173,,104.025,1.0056,BATALYON_TEMBESI_TB
05BTM0174,,104.0255,1.1636,BUKIT_BENGKONG_TB
05BTM0175,,104.0258,1.1499,KOMP_PERTOKOAN_ALJABAR_PL
05BTM0176,,104.0263,1.1545,BENGKONG_KOLAM_PL
05BTM0177,,104.0269,1.1674,JEMBATAN_BARELANG_TB
05BTM0178,,104.0277,1.1312,SUNGAI_PANAS_EP
05BTM0179,,104.0279,1.1381,SIMPANGKUDA_SEIPANAS_MT
05BTM0180,,104.0284,1.1246,PALM_SPRING_EP
05BTM0181,,104.0286,1.0695,PANBIL_TB
05BTM0183,,104.0296,1.1565,ALMUTTAQIN_BENGKONG_PL
05BTM0184,,104.0296,1.0821,BTM_BWP_KI
05BTM0185,,104.0297,1.1447,TAMAN_BUANAINDAH_MT
05BTM0186,,104.0303,1.119,PALM_SPRING1_PL
05BTM0187,,104.0304,1.1638,JLTJ_BUNTUNG_PL
05BTM0188,,104.0307,1.0551,PINTU_6_KUNING_TM
05BTM0189,,104.0285,1.1077,MASJID_BUKITINDAH_SUKAJADI_PL
05BTM0190,,104.0315,1.1338,AKU_TAHU_PL
05BTM0191,,104.0318,1.1586,BENGKONG_LAUT_EP
05BTM0192,,104.0319,1.141,TIBAN_MUTIARA_TB
05BTM0193,,104.0323,1.1267,MI_3STORE_BATAM_SG
05BTM0194,,104.0329,1.1506,GANG_DELIMA_PL
05BTM0195,,104.0336,1.1675,MI_BENGKONG_BARU_MT
05BTM0196,,104.0342,1.1204,HARAPAN_UTAMA_PL
05BTM0197,,104.0342,1.155,BENGKONG_TB
05BTM0198,,104.0351,1.0944,TAMAN_NIAGA_PL
05BTM0199,,104.0352,1.144,CIPTA_PERMANA_PL
05BTM0201,,104.0362,1.1279,BATAMCENTER_MT
05BTM0202,,104.0364,1.1011,I2_MALL_KEPRI_MC
05BTM0203,,104.0365,1.161,I2_HOTEL_GOLDEN_VIEW_MC
05BTM0204,,104.0366,1.0644,MUKA_KUNING2_TB
05BTM0205,,104.0371,1.1385,WIHARA_SEIPANAS_EP
05BTM0206,,104.0383,1.1491,HARAPAN_BARU_PL
05BTM0207,,104.039,1.0591,PINTU4_MUKA_KUNING_EP
05BTM0208,,104.0387,1.1295,TAMANSERUNI_INDAH_IB
05BTM0209,,104.0395,1.1456,BATAM2_TB
05BTM0210,,104.0395,1.1059,RUKO_TAMANEDEN_PL
05BTM0211,,104.0396,1.1189,RUKO_BATAM_CENTRE_PL
05BTM0212,,104.0399,1.1537,BATAM29_TB
05BTM0213,,104.0421,1.1493,BENGKONG_SADAI_MT
05BTM0214,,104.0425,1.1344,BATAM1_TB
05BTM0215,,104.0438,1.1056,TAMAN_DUTA_MAS_PL
05BTM0216,,104.0444,1.1117,INDUSTRIAL_KARA_PL
05BTM0217,,104.0449,1.0476,BUKIT_KEMUNING_BTM_PL
05BTM0218,,104.0451,1.1269,MAY_MART_EP
05BTM0219,,104.0462,1.121,PERUM_CITRA_BATAM_PL
05BTM0220,,104.0467,1.1466,OCARINA_MT
05BTM0221,,104.0471,1.1384,EKUALITA_PL
05BTM0222,,104.0478,1.0411,BUNGURMUKAKUNING_PL
05BTM0223,,104.0487,1.1513,PERUM_ORIANA_PL
05BTM0224,,104.049,1.0985,DUTA_MAS_GT
05BTM0226,,104.0501,1.1295,TELUK_KERING_PL
05BTM0227,,104.0506,1.1137,LEGENDA_MALAKA_TB
05BTM0228,,104.0512,1.0324,SEIBEDUK_PL
05BTM0229,,104.0517,1.1258,GRAHAPENABATAMBSC_MT
05BTM0230,,104.0525,1.0272,JLPINTU4_MANGSANG_GH
05BTM0231,,104.0531,0.9751,PULAU_NIPAH_TB
05BTM0232,,104.0532,1.1105,PURI_INDUSTRIALPARK_MT
05BTM0233,,104.0533,1.0401,TANJUNGPIAYU_ST
05BTM0234,,104.0535,1.0364,PIAYU_SIMPANG_KARA_MT
05BTM0235,,104.0541,1.1199,CROWN_HILL_PL
05BTM0236,,104.055,1.1044,GRAHALEGEND_PL
05BTM0237,,104.0554,1.1001,KOMLEGENDA_MALAKANONGSA_PL
05BTM0238,,104.0554,1.128,KANTOR_WALIKOTA_BATAM_CM
05BTM0239,,104.0563,1.1293,I2_MEGA_MALL_DH
05BTM0240,,104.0568,1.1233,ASRAMA_HAJI_BATAM_PL
05BTM0242,,104.0581,1.1271,BATAM_CENTER_EP
05BTM0243,,104.0586,1.1087,RUKOPURILGNDABALOI_MT
05BTM0244,,104.0598,1.0352,TANJUNG_PIAYU_TB
05BTM0245,,104.0601,1.1003,MEDITERANIA_EP
05BTM0246,,104.0607,1.1154,PERUMAHAN_BEVERLY_GT
05BTM0247,,104.061,1.0301,KOMP_GARDENAYUPRMAI_PL
05BTM0248,,104.061,1.1228,BUANA_VISTA_PL
05BTM0249,,104.0625,1.0207,DURIANGKANG_EP
05BTM0250,,104.0648,1.1063,BTM_LEGENDA_KI
05BTM0251,,104.0643,1.1029,MEGA_LEGENDA_PL
05BTM0252,,104.0648,1.0262,MASJID_ATH_THORIQ_PL
05BTM0253,,104.0655,1.1291,BEVERLYBELIAN_TB
05BTM0254,,104.0664,1.1125,TUNAS_INDUSTRIALGIMLY_GT
05BTM0255,,104.0685,1.1027,MEDITERANIA1_MT
05BTM0256,,104.0707,1.0199,SUDIRMANGARDENAYU_PL
05BTM0257,,104.0723,1.1023,MASYEBA_KENCANA2_MT
05BTM0258,,104.0737,1.1119,TUNAS_INDUSTRI_GT
05BTM0260,,104.0763,1.1021,SIMPANG_KDA_MT
05BTM0261,,104.0766,1.0382,SEI_DAUN_BTM_GH
05BTM0262,,104.0769,1.1051,INDUSTRIAL_TUNAS_EP
05BTM0263,,104.0779,1.0071,BUKIT_LAGUNA_PL
05BTM0264,,104.0781,1.1123,PERUM_PLN_BTM_TB
05BTM0265,,104.082,1.1081,COSTARICA_PL
05BTM0266,,104.0865,1.1912,ISAT_NONGSABEACH_TB
05BTM0267,,104.0867,1.103,CENDANA_BERLIANAN_MT
05BTM0268,,104.0876,1.119,TAMAN_VALENCIA_MT
05BTM0269,,104.0877,1.1104,TAMANVALENCIA_PL
05BTM0270,,104.088,1.0984,RDTO_AIRPORT_TB
05BTM0271,,104.0926,1.0308,DURIANGKANG1_TB
05BTM0272,,104.0928,1.1061,KAPITAL_RAYA_PL
05BTM0273,,104.0932,1.1162,FRENSIANA_GARDEN_MT
05BTM0274,,104.0939,1.1617,NONGSA_RESORT2_PN
05BTM0275,,104.0952,1.1272,PASAR_BOTANIA_MT
05BTM0276,,104.0959,1.1087,MASYEBA_KENCANA1_MT
05BTM0277,,104.0979,1.114,KOMPDUTARY_BATUBSR_GT
05BTM0278,,104.0966,1.1182,DOTAMANA_EP
05BTM0279,,104.0969,1.1374,KOMP_BKT_RY_BELIAN_PL
05BTM0280,,104.0992,1.1241,HANGNADIM_AIRPORT_PL
05BTM0281,,104.1016,1.1322,SIMPANG_BANDARA_EP
05BTM0282,,104.1018,1.1526,SAMBAU_PL
05BTM0283,,104.1018,1.1934,NONGSA_RESORT_EP
05BTM0284,,104.1095,1.1631,HANGLEKUIBATUBESAR_PL
05BTM0285,,104.1095,1.1868,RAYA_NONGSA_NONGSA_MT
05BTM0286,,104.112,1.1673,NONGSA_EP
05BTM0287,,104.1139,1.1527,NONGSA_ASRI_TBG_TB
05BTM0290,,104.1151,1.1232,I2_HANG_NADIM_AIRPORT_MC
05BTM0291,,104.1153,1.0847,KABIL_RAYA_PL
05BTM0292,,104.1165,1.138,PEREMPATAN_BANDARA_MT
05BTM0293,,104.121,1.065,ALKAUTSAR_PATTIMURA_PL
05BTM0294,,104.1211,1.0607,PERUM_KABIL_EP
05BTM0295,,104.1219,1.1564,NONGSA1_MT
05BTM0296,,104.1228,1.0734,PATIMURA_KABIL_GT
05BTM0297,,104.1233,1.1643,KAPOLDA_KEPRI_KN
05BTM0298,,104.1256,1.0352,PUNGGUR_BATAM_PL
05BTM0299,,104.1258,1.099,TAIWAN_IND_PARK_TB
05BTM0300,,104.1261,1.1478,NONGSA_BATAMUTARA_PL
05BTM0301,,104.1263,1.0807,KABIL_EP
05BTM0302,,104.1295,1.1086,TAIWAN_INDUSTRI_EP
05BTM0303,,104.1369,1.1044,TAIWAN_INTERNPARK_CM
05BTM0304,,104.1315,1.0346,TELAGA_PUNGGUR_EP
05BTM0305,,104.1323,1.1521,SPG_BATUBESAR_PN
05BTM0306,,104.1359,1.1152,KABIL1_MT
05BTM0308,,104.1406,1.1322,PERMATA_KABIL_KN
05BTM0309,,104.1407,0.8883,PGATE_EP
05BTM0310,,104.1408,1.1258,KAMPUNG_JABI_PL
05BTM0311,,104.1734,0.8424,PPINGGIR_MT
05BTM0312,,104.2245,0.6994,VGALANG_BR_TGH_EP
05BTM0313,,104.2625,0.6418,VGALANG_BR_UJG_EP
05BTM0314,,104.3411,0.753,KARAS_BTM_EP
05BTM0315,,104.0362,1.1162,PERUM_MARCHELIA_ST
05BTM0316,,104.0762,1.1768,MONTIGO_NONGS_PL
05BTM0318,,104.1343,1.0583,KAMPUNGBARU_KABIL_MT
05BTM0322,,104.0194,1.0618,BATU_TUJUH_BK
05BTM0323,,104.0681,0.9514,MARINIR_SETOKOK_GT
05BTM0324,,103.9264,1.0426,BATUAJI_BARU_BTM_TB
05BTM0325,,103.9983,1.155,I2_HARBOUR_BAY_BTM_KI
05BTM0326,,103.9363,1.0679,PERUM_BENIH_RAYA_BTM_TB
05BTM0327,,104.019,1.1757,SENGKUANG_RAYA_BTM_TB
05BTM0328,,104.0284,1.1719,TJ_BUNTUNG_RAMBUTAN_BTM_TB
05BTM0329,,104.0257,1.1426,PANGEK_OMBILIN_BTM_TB
05BTM0330,,104.1439,1.1109,INDUSTRI_SMOE_BTM_TB
05BTM0331,,104.0388,1.1116,PERUM_EDEN_PARK_BTM_TB
05BTM0332,,104.0492,1.1048,PERUM_DUTA_MAS_BTM_TB
05BTM0335,,103.9945,1.1112,SOUTH_LINK_BTM_TB
05BTM0336,,103.9624,1.027,SMKN_5_BTM_TB
05BTM0337,,103.9663,1.0295,KAV_BUKIT_KAMBOJA_BTM_TB
05BTM0338,,104.0666,1.0326,GESYA_PANCUR_BTM_TB
05BTM0339,,104.0951,0.9852,SEAFOOD_PIAYU_BTM_TB
05BTM0346,,104.1146,1.0634,NRLHIKMAH_PRAMUKA_PL
05BTM0347,,104.0196,1.0611,BATAM_BINTAN_TELEKOMUNIKASI_GT
05BTM0349,,104.0335,1.0888,GOR_TEMENGGUNG_BTM_MT
05BTM0351,,104.0597,0.9244,PANTAI_SETOKOK_BULANG_TB
05BTM0352,,104.0288,0.9826,TIANGWANGKANG_TEMBESI_TB
05BTM0353,,103.98,1.033,GARDENIA_RESIDENCE_BATUAJI_TB
05LGA0001,,104.1914,-0.3872,POSIK_TB
05LGA0002,,104.3208,-0.5364,MARUK_MT
05LGA0003,,104.3932,-0.5941,RESANG_EP
05LGA0004,,104.407,-0.8592,PULAU_BERHALA_EP
05LGA0005,,104.4205,0.2851,TAJUR_BIRU_EP
05LGA0006,,104.4263,-0.3917,SEI_BULUH_LGA_EP
05LGA0007,,104.4526,0.4711,PULAU_BUKIT_EP
05LGA0008,,104.454,-0.4642,RAYA_EP
05LGA0009,,104.468,-0.3427,JAGO_LGA_EP
05LGA0010,,104.4687,0.1498,REJAI_EP
05LGA0011,,104.5541,-0.5084,BATU_BERDAUN_SINGKEP_MT
05LGA0012,,104.5596,-0.4911,DABO_SINGKEP_EP
05LGA0013,,104.5728,-0.4471,BERINDAT_EP
05LGA0014,,104.5763,-0.4871,TJHARAPAN_LGA_TB
05LGA0015,,104.6159,-0.2108,DAIK_EP
05LGA0016,,104.6173,-0.1306,RESUN_TB
05LGA0018,,104.6416,-0.0798,PANCUR_BTM_MT
05LGA0019,,104.6515,0.0393,SENAYANG_MT
05LGA0020,,104.6881,-0.1821,MUSAI_EP
05LGA0021,,104.7559,-0.2054,LIMBUNG_BTM_EP
05LGA0022,,104.8883,-0.2798,VS_NT_KUDUNG_PL
05LGA0023,,104.4874,0.1676,NT_BARAN_PL
05LGA0024,,104.6391,0.1027,NT_DESA_LABOH_PL
05LGA0025,,104.7507,-0.1404,NT_PENAAH_PL
05LGA0026,,104.4936,0.0172,NT_TANJUNG_KELIT_TB
05LGA0027,,104.4145,-0.5686,NT_DESA_MAROK_KECIL_PL
05LGA0028,,105.2685,-1.2121,NT_PEKAJANG_TB
05LGA0029,,104.3353,0.1281,VS_NT_CEMPA_TB
05LGA0030,,104.606,-0.2117,DAIK_MT
05LGA0031,,104.569,-0.4966,SURAU_BABUSSALAM_DABOLAMA_PL
05LGA0032,,104.437,-0.3657,SEI_BULUH_SINGKEP_PL
05LGA0033,,104.5318,-0.5423,PANTAI_TODAK_PL
05RAI0001,,107.9933,4.7298,US_TANJUNG_PALA_BU
05RAI0002,,108.2409,3.8105,BINJAI_NATUNA_EP
05RAI0003,,108.3418,3.9084,RTO_RANAI_PL
05RAI0004,,108.372,3.9376,RANAI_EP
05RAI0006,,108.0637,3.6369,VS_NT_SELADING_PL
05RAI0007,,108.3783,3.9255,RANAI_KOTA_BUNGURAN_MT
05TBK0001,,103.3143,1.05,PELAWAN_BTM_TB
05TBK0002,,103.3221,1.0814,TELUK_PAKU_EP
05TBK0003,,103.3243,1.0465,SAIPEM_TBK_EP
05TBK0004,,103.3458,1.0264,PAYA_LABU_ST
05TBK0005,,103.3519,0.8055,DRL_FURQON_TB
05TBK0006,,103.3582,1.0385,PARIT_BENUT_MT
05TBK0008,,103.3717,0.7332,SAWANG_KM16_EP
05TBK0009,,103.3719,1.0432,DARUSSALAM_MERAL_TB
05TBK0010,,103.3761,1.0187,TAMANMUTIARA_KARIMUN_TB
05TBK0011,,103.3769,1.0943,PONGKAR_TB
05TBK0012,,103.3794,1.0296,JLPOROS_TBK_EP
05TBK0013,,103.381,1.033,KOTA_BALAI_KARIMUN_PL
05TBK0014,,103.3841,1.0153,PASAR_NAGA_MAS1_MT
05TBK0015,,103.3885,1.0275,MERAL_KOTA_BARU_MT
05TBK0016,,103.389,1.0057,MERAL_KARIMUN_TB
05TBK0017,,103.3892,1.0465,PASIR_PANJANG_TBK_CM
05TBK0018,,103.3895,0.8768,KUNDUR_TB
05TBK0019,,103.3939,1.0006,MERAL_EP
05TBK0020,,103.3998,1.0352,TEBING_KARIMUN_TIMUR_PL
05TBK0021,,103.4012,1.0452,BUPATIBALAI_EP
05TBK0022,,103.4027,1.0399,UNIVERSITAS_KARIMUN_MT
05TBK0023,,103.4044,0.997,BARAN2_TB
05TBK0024,,103.4056,1.0081,MERALD2_MT
05TBK0025,,103.4095,0.9974,BARAN_MT
05TBK0026,,103.4105,1.0294,BANGUN_SARI_TBK_PL
05TBK0027,,103.4109,0.67,PANTAI_LUBUK_TB
05TBK0028,,103.4118,1.0031,TELAGA_RIAU_TANJUNG_BALAI_PL
05TBK0029,,103.4121,1.0173,RSUD_KARIMUN_TB
05TBK0030,,103.4122,0.9938,PASAR_NAGA_MAS2_TB
05TBK0031,,103.4152,1.0301,TEBING_KARIMUN1_TB
05TBK0032,,103.4153,0.9977,GRAHA_PARI_SHOP_TBK_TB
05TBK0033,,103.4155,1.0383,BUKIT_CARUK_MT
05TBK0034,,103.4199,1.0062,SUNGAI_LAKAM_EP
05TBK0035,,103.4213,0.9941,MERALD1_MT
05TBK0036,,103.4234,1.016,SUNGAI_AYAM_EP
05TBK0038,,103.4273,0.9951,SETIA_BUDI_KARIMUN_TB
05TBK0039,,103.4275,0.9991,TGBALAI_KARIMUN_EP
05TBK0040,,103.4276,0.6946,SAWANG_EP
05TBK0041,,103.4302,0.9911,HOTEL_GABION_MT
05TBK0042,,103.4311,1.0063,KAMPUNG_TENGAH_TBK_PL
05TBK0043,,103.4351,1.0034,LUBUK_SEMUT_TB
05TBK0044,,103.4371,0.9914,TGBALAI_CENTER_EP
05TBK0045,,103.4375,0.9967,PERUMAHAN_BUKIT_SENANG_TB
05TBK0046,,103.4407,0.6824,TANJUNG_BATU_BARAT1_MT
05TBK0047,,103.4424,0.994,COASTAL_AREA_PL
05TBK0049,,103.4466,0.6758,TANJUNG_BATU_BARAT2_MT
05TBK0050,,103.4563,0.6612,DESA_TIANGAU_MT
05TBK0051,,103.4566,0.6519,TANJUNG_BATU_KOTA_2HOTEL_TB
05TBK0052,,103.4604,0.6668,TANJUNG_BATU_TJT_MT
05TBK0053,,103.4617,0.6628,TANJUNG_BATU_TBK_EP
05TBK0054,,103.4626,0.6716,POLSEK_TANJUNG_BATU_ST
05TBK0056,,103.467,0.6556,HTLGEMBIRA_TJBATU_TB
05TBK0057,,103.4808,0.7817,URUNG_ST
05TBK0058,,103.482,0.707,SEI_SEBESI_TB
05TBK0059,,103.4984,0.7371,UNGAR_TB
05TBK0060,,103.5168,0.8915,BURU_TBK_EP
05TBK0061,,103.6084,0.4976,DURAI_TB
05TBK0062,,103.6207,0.505,DURAI1_ST
05TBK0063,,103.7027,0.7574,MORO_TB
05TBK0064,,103.7105,0.7553,MORO2_PL
05TBK0065,,103.7202,0.7546,PULAU_JANG_PULAU_MORO_MT
05TBK0066,,103.325,1.0407,SAIPEM2_TB
05TBK0069,,103.3446,1.0385,SUNGAI_RAYA_MT
05TBK0070,,103.3923,0.8585,TELUK_RADANG_TB
05TBK0071,,103.3577,0.7858,KUNDUR2_TB
05TBK0072,,103.5045,0.8639,PELABUHAN_BURU_PL
05TBK0073,,103.3585,1.0512,DARUSSALAM1_TB
05TBK0074,,103.4435,0.9603,PULAU_PARIT1_PL
05TBK0075,,103.3723,0.8933,SELAT_BELIAH_TB
05TBK0076,,103.3554,0.746,PANTAI_ASMARA_SAWANG_PL
05TBK0077,,103.3962,0.7345,TUGU_TIMAH_SAWANG_TB
05TBK0078,,103.7141,0.7929,PULAU_PAUH_MORO_TB
05TBK0079,,103.3488,1.0629,GUNTUNG_PUNAK_TB
05TBK0080,,103.3606,0.8436,BATU_GAJAH_KUNDUR_PL
05TBK0081,,103.4711,0.7591,BUKIT_MADYA_UNGAR_PL
05TBK0082,,103.3387,1.1123,PASIR_PANJANG1_TBK_TB
05TBK0083,,103.321,1.0379,BB_SAIPEM_KARIMUN
05TJG0001,,104.4387,0.9136,TELUK_KRITANG_MT
05TJG0002,,104.4395,0.9211,MI_TANJUNGPINANG_BARAT_MT
05TJG0004,,104.4415,0.8816,NEWDOMPAK_TB
05TJG0005,,104.4423,0.929,HOTEL_LAGUNA_TJGPNG_MT
05TJG0006,,104.4428,0.9137,BAHARAI_MT
05TJG0007,,104.4436,0.9231,HOTEL_TONY_EB
05TJG0008,,104.4439,0.9319,MI_TANJUNG_PINANG2_PL
05TJG0009,,104.4455,0.9099,YOS_SUDARSO_BINTAN_EP
05TJG0010,,104.4457,0.9192,MI_BUKIT_CERMIN2_PL
05TJG0011,,104.4468,0.9277,BAKAR_BATU_CM
05TJG0012,,104.4473,0.9618,SENGGARANG_PL
05TJG0013,,104.4481,0.9443,BESTARI_KP_BUGIS_GT
05TJG0014,,104.449,0.906,KAMPUNG_BARU_TJG_PL
05TJG0015,,104.4491,0.9126,WIRATNO_CM
05TJG0016,,104.4506,0.9172,BUKIT_CERMIN1_MT
05TJG0017,,104.4506,0.9237,PINANG_BTM_EP
05TJG0018,,104.4519,0.9261,RIMBA_JAYA_TJG_MT
05TJG0019,,104.4535,0.9221,SIMPANG_PUNCUR_PL
05TJG0020,,104.4541,0.9119,TJKRITINGTENGAH_GT
05TJG0021,,104.4545,0.9074,BKT_BESTARI_CM
05TJG0022,,104.4593,0.9209,TEMBESU_TJGPINANG_PL
05TJG0023,,104.4616,0.9082,ALI_HAJI_CM
05TJG0024,,104.4617,0.9238,TANJUNG_UNGGAT1_PL
05TJG0025,,104.4629,0.9006,PRAMUKA_TJG_GT
05TJG0027,,104.464,0.913,PATTIMURA_TG_PAHLAWAN_MT
05TJG0028,,104.4654,0.9277,SULTAN_MAHMUD_MT
05TJG0029,,104.466,0.9201,JLMT_HARYONO_EP
05TJG0030,,104.4681,0.9043,SEI_JANG_TB
05TJG0031,,104.4684,0.8982,TJAYUNSAKTI_PL
05TJG0032,,104.4691,0.9099,SIDOMULYO_SUNGJANG_PL
05TJG0033,,104.4732,0.9145,KAMPUNG_BULANG_GT
05TJG0034,,104.4739,0.9253,SULTAN_SULAIMAN_PL
05TJG0035,,104.4758,0.9059,RAJA_HAJI_FISABILILLAH_GT
05TJG0036,,104.4788,0.9117,BATU_ENAM_BAWAH_EP
05TJG0037,,104.4803,0.9235,TANJUNG_UNGGAT2_TB
05TJG0038,,104.482,0.8662,PULADOMPAK_TB
05TJG0039,,104.4824,0.9168,TANJUNG_PINANG3_XL
05TJG0040,,104.4838,0.8978,BUKIT_LESTARI_PL
05TJG0041,,104.4864,0.8845,DOMPAK_RESIDENCE_MT
05TJG0042,,104.4887,0.9048,BUKIT_INDAH_LESTARI_PL
05TJG0044,,104.491,0.9176,BINTAN_OUT_EB
05TJG0045,,104.4943,0.9114,TANJUNG_PINANG1_CM
05TJG0047,,104.4993,0.9186,PANJAITAN_KM9_PL
05TJG0048,,104.4995,0.9229,PERUM_HARAPAN_INDAH_MT
05TJG0049,,104.5037,0.9138,BINTAN_AIRPORT_MT
05TJG0050,,104.5085,0.9321,KUDUNG_ST
05TJG0051,,104.5085,0.9099,HANG_LEKIR_PINANG_PL
05TJG0052,,104.5117,0.9186,SUMBER_REZEKI_PL
05TJG0053,,104.5121,0.9261,AIR_RAJA_CM
05TJG0054,,104.5137,0.9344,GANET_TB
05TJG0055,,104.5162,0.9169,ADI_SUCIPTO_TJG_PL
05TJG0056,,104.5189,0.9518,PERUM_KIJANG_KENCANA_EP
05TJG0057,,104.5198,0.9309,GANETBATU12_PL
05TJG0058,,104.5231,0.9185,PROYEK_KARGO_CM
05TJG0059,,104.5239,0.9262,BANDARA_RAJA_HAJI_MT
05TJG0061,,104.5335,0.9127,ADI_SUCIPTO_BATU_PL
05TJG0062,,104.5464,0.9067,BATU_SEMBILAN_PL
05TJG0063,,104.5037,0.8885,PERUM_BATU_SEMBILAN_TB
05TJG0064,,104.5231,0.9051,PERUMAHAN_GRIYA_PUSPANDARI_TB
05TJG0065,,104.5191,0.9635,TRIWIJAYA_TOAPAYA_SELATAN_PL
05TPI0001,,104.2164,1.065,PEL_TJ_UBAN_TB
05TPI0002,,104.2207,1.064,YOS_SUDARSOUBAN_PL
05TPI0003,,104.2246,1.0581,UBAN_KOTA_PL
05TPI0004,,104.2269,1.0649,TANJUNG_UBAN1_MT
05TPI0005,,104.2278,1.0793,SMAN5_SEIKECIL_TB
05TPI0006,,104.228,1.0717,TANJUNG_UBAN_EP
05TPI0007,,104.2334,1.077,UBAN_EP
05TPI0008,,104.2345,1.0717,INDUNSURI_TANJUNG_UBAN_PL
05TPI0009,,104.2357,1.0646,TJGUBAN_TB
05TPI0010,,104.2371,1.0307,TELUK_SASAH_BINTAN_PL
05TPI0011,,104.24,1.048,POLRES_DABO_MT
05TPI0012,,104.2433,1.0332,TELUK_SASAH_TB
05TPI0013,,104.2444,1.1134,SAKERAH_TB
05TPI0014,,104.2449,1.0418,INDUNSURI_TELUK_SASAH_ST
05TPI0015,,104.2491,1.0379,RDTO_LOBAM_TB
05TPI0016,,104.2625,1.0081,LOBAM_TM
05TPI0017,,104.2738,1.0826,BKTHARAPAN_LCGKUNING_PL
05TPI0019,,104.3207,1.13,TELUK_SEBONG_PL
05TPI0020,,104.3217,1.1765,MANAMANA_BEACH_CM
05TPI0021,,104.3343,1.1505,LAGOI_DORMITORY_EP
05TPI0022,,104.3408,1.0312,BUSUNG_TB
05TPI0023,,104.356,1.1105,SIMPANG_LAGOI_EP
05TPI0024,,104.3755,1.1519,BBT_LAGOI_TM
05TPI0025,,104.4081,1.1135,SRI_BINTAN_MT
05TPI0026,,104.4221,1.1922,BINTAN_LAGOON_EP
05TPI0027,,104.4371,1.1175,RADAR_KM60_TB
05TPI0028,,104.4718,1.0168,TEMBELING_TB
05TPI0030,,104.5309,0.9952,TUA_PAYA_TB
05TPI0031,,104.5407,0.9607,GESIK_TPI_GT
05TPI0032,,104.5595,0.981,SIMPANG_GESEK_EP
05TPI0033,,104.5619,0.792,MANTANG_TPI_EP
05TPI0034,,104.563,0.9084,DANAU_SEIPULAI_TB
05TPI0035,,104.5716,0.8969,KM18_KIJANG_MT
05TPI0036,,104.5781,0.8838,SIMPANG_KIJANG_EP
05TPI0037,,104.5832,0.9168,BANJAR_GUNUNG_KIJANG_MT
05TPI0038,,104.593,0.902,GUNUNG_KIJANG_BINTAN_TMR_PL
05TPI0039,,104.5936,0.817,SENJOLONG_MT
05TPI0040,,104.5983,0.8806,REPKIJANG_MT
05TPI0041,,104.599,0.8417,PASAR_KIJANG_MT
05TPI0043,,104.6008,0.8515,KIJANG_PL
05TPI0044,,104.6024,0.8587,SEIDATOK_KIJANGKOTA_PL
05TPI0045,,104.6024,0.8253,KIJANG3_PL
05TPI0046,,104.6054,0.8373,NOGASARI_BINTIM_CM
05TPI0047,,104.6064,0.8969,KORINDO_TPI_PL
05TPI0048,,104.6069,0.8682,GALANG_BATANG_TB
05TPI0049,,104.6069,0.8551,KIJANG_BINTAN_EP
05TPI0050,,104.616,0.9929,KAWAL_PL
05TPI0051,,104.6466,1.0596,PANTAI_TRIKORA_TB
05TPI0052,,104.6515,0.8646,KELOK_KJG_TB
05TPI0053,,104.6558,1.0344,TELUK_BAKAU_PL
05TPI0054,,104.7317,0.7569,NUMBING_TB
05TPI0055,,104.5905,0.7786,NT_DESA_MANTANG_BESAR_PL
05TPI0058,,104.5297,0.9603,SIMPANG_BATU_CM
05TPI0059,,104.2303,1.0945,TANJUNG_UBAN_UTARA_PL
05TRP0001,,105.7711,2.9222,US_MUNJAN_BU
05TRP0002,,106.2235,3.2238,TEREMPA_EP
05TRP0003,,106.2526,3.3372,MATAK2_EP
05TRP0004,,106.2948,3.3163,MATAK_PL
05TRP0005,,106.2949,3.2417,RTO_MATAK_EP
05TRP0006,,106.2962,3.1877,US_BATU_BELAH_TRP_BU
06BKO0001,,102.0731,-2.1559,GUGUK_TB
06BKO0002,,102.2148,-2.1152,PULAU_RENGAS_TB
06BKO0003,,102.22,-2.0676,DESA_LUBUK_GAUNG_BANGKO_ST
06BKO0004,,102.2376,-1.7708,SUNGAI_ABU_TB
06BKO0005,,102.2464,-2.0987,KUNGKAI_TB
06BKO0006,,102.2568,-2.0886,PASAR_ATAS_BANGKO1_MT
06BKO0007,,102.267,-1.8819,MARGOYOSO_BKO_MT
06BKO0008,,102.2699,-2.0776,PASAR_ATAS_BANGKO2_MT
06BKO0009,,102.2732,-2.0597,PEMATANG_KANDIS_BANGKO1_MT
06BKO0010,,102.2732,-2.0546,PEMUDA_PEMATANG_KANDIS_PL
06BKO0011,,102.2736,-2.072,BANGKO_TB
06BKO0012,,102.2752,-2.0659,PEMATANG_KANDIS_BANGKO2_MT
06BKO0013,,102.2769,-2.0385,DSSUNGAI_ULAKNALO_PL
06BKO0014,,102.2787,-2.0583,BANGKO_KANDIS_MT
06BKO0015,,102.282,-1.9997,KM9SUNGAI_ULAK_PL
06BKO0016,,102.2855,-1.9635,MENTAWAK_TB
06BKO0017,,102.2874,-2.0945,TALANG_KAWO_MT
06BKO0018,,102.2928,-1.8595,MAMPUN_TABIR_PL
06BKO0019,,102.3001,-1.8806,MERDEKA_SIDOLEGO_PL
06BKO0020,,102.3028,-1.844,RANTAU_PANJANG_PL
06BKO0021,,102.3098,-2.1421,SUNGAI_KAPAS_MT
06BKO0022,,102.3418,-2.1848,BUKIT_BUNGKUL_MT
06BKO0023,,102.3443,-1.8857,TJREJO_EB
06BKO0024,,102.356,-2.1266,MAMPUN_BARU_MT
06BKO0025,,102.3715,-1.8098,BELURAN_PANJANG_MT
06BKO0026,,102.3806,-2.2422,TANJUNG_BENUANG_TB
06BKO0027,,102.3813,-1.9765,ITAM_ULU_TB
06BKO0028,,102.3817,-2.205,TAMBANG_EMAS_TB
06BKO0029,,102.3819,-2.1704,MERANTI_BKO_MT
06BKO0030,,102.4069,-2.126,PINANG_MERAH_TB
06BKO0031,,102.407,-1.9872,SUNGAI_SAHUT_MT
06BKO0032,,102.4151,-2.1702,KKUD_SUMBER_JAYA_MT
06BKO0033,,102.4284,-2.0718,MAMBAUL_ULUM_MT
06BKO0034,,102.4616,-1.9854,ITAM_ULU_SPB_MT
06BKO0035,,102.4815,-2.0774,JELATANG_PL
06BKO0036,,102.497,-1.6841,SRI_SEMBILAN_TB
06BKO0037,,102.5017,-1.7167,SUNGAI_BULIAN_MT
06BKO0038,,102.5229,-2.1213,PEMENANG_MBG_PL
06BKO0039,,102.5371,-2.1498,PAUH_MENANG_TB
06BKO0040,,102.5541,-2.1696,SUNGAI_UDANG_PL
06BKO0041,,102.5888,-2.1928,SEI_PELEKAR_TB
06BKO0042,,102.3135,-2.0666,DUSUN_BANGKO_MT
06BKO0044,,102.2754,-2.1757,SUNGAI_PUTIH_MT
06BKO0045,,102.431,-2.2083,LANTAK_SERIBU_PL
06BKO0046,,102.4475,-1.8599,TABIRSELATAN_MEKARJAYA_ST
06BKO0047,,102.4289,-1.8918,BUNGO_TANJUNG_MT
06BKO0048,,102.4718,-1.7648,BUKIT_SUBUR_ST
06BKO0049,,102.0956,-2.2805,PASAR_MUARASIAU_ST
06BKO0050,,102.2866,-2.2168,BUKIT_BERINGIN_MT
06BKO0051,,102.2052,-2.2449,SEKANCING_ILIR_MT
06BKO0053,,102.3731,-2.2027,POLSEK_PAMENANG_SELATAN_TB
06BKO0054,,102.5517,-2.1983,DS_TANAH_ABANG_PL
06BKO0055,,102.5272,-2.1132,MERANGIN_PAMENANG_TB
06BKO0056,,102.18,-2.0842,PULAU_BARU_TB
06BKO0057,,102.2091,-1.9297,PULAU_ARO_TABIR_ULU_PL
06BKO0058,,102.4039,-1.7645,ULAK_MAKAM_PL
06BKO0059,,102.2925,-2.0756,DUSUN_BANGKO2_CM
06BKO0060,,102.0504,-2.1456,SIMPANG_PARIT_PL
06BKO0061,,102.4673,-2.0629,KARANG_BIRAHI_PL
06BKO0062,,102.4535,-2.1314,SIALANG_PAMENANG_MT
06BKO0064,,102.5099,-2.1094,MUARA_BALENGO_PAMENANG_EB
06JBI0001,,103.5435,-1.6338,SMPN2_JAMBI_MT
06JBI0002,,103.55,-1.6353,LKRBARAT_KENALIBESAR_ST
06JBI0003,,103.5504,-1.6285,SIMPANG_RIMBO_TB
06JBI0004,,103.5514,-1.6232,MI_PATTIMURA_PK
06JBI0005,,103.5518,-1.6116,KENALIBESAR_PL
06JBI0006,,103.5539,-1.5926,AUR_DURI_JBI_ST
06JBI0007,,103.557,-1.6461,BAGANPETE_PL
06JBI0008,,103.557,-1.6189,PATTIMURA_KENALIBESAR_PL
06JBI0009,,103.5573,-1.599,DEPATI_PURBOSULUR_PL
06JBI0010,,103.5573,-1.6259,VILLA_BUKIT_MAS_TB
06JBI0011,,103.5608,-1.6404,SERSAN_ANWAR_BAY_TB
06JBI0013,,103.561,-1.6337,KAMPUNG_RAJO_ST
06JBI0014,,103.5626,-1.6035,PEMATANG_SULUR2_PL
06JBI0015,,103.5631,-1.6085,YULIUS_USMAN_PL
06JBI0016,,103.5632,-1.6212,KENALI_BESAR_TB
06JBI0017,,103.564,-1.6526,BAGAN_PETE_PL
06JBI0018,,103.5646,-1.5775,LINTAS_TIMUR_TELUK_KENALI_PL
06JBI0019,,103.5649,-1.6575,LINGKAR_BARAT_JAMBI_MT
06JBI0020,,103.5653,-1.5988,PEMATANG_SULUN_PL
06JBI0021,,103.567,-1.6125,PEMATANG_SULUR1_MT
06JBI0022,,103.5677,-1.6194,DELTACOMSEL_TB
06JBI0023,,103.5683,-1.6363,MI_RAWASARI_JBI1_MT
06JBI0024,,103.5684,-1.6314,SRIWIJAYA_RAWASARI_TB
06JBI0025,,103.5687,-1.6431,BAGAN_PETE1_PL
06JBI0027,,103.5703,-1.5869,TELUK_KENALI_TELANAI_PURA_PL
06JBI0028,,103.5709,-1.6,BATAS_SENGETI_TB
06JBI0029,,103.5716,-1.6152,TVRI_JAMBI_TB
06JBI0030,,103.5724,-1.6486,MI_KEBUN_DAGING_JBI_MT
06JBI0031,,103.5729,-1.632,KASANG_JAYA_TB
06JBI0033,,103.5734,-1.656,SEMAYANG_MALIK_MT
06JBI0034,,103.574,-1.6627,MAYANG_KOTABARU_PL
06JBI0035,,103.5743,-1.6095,PAKIS_SPGSIPIN_PL
06JBI0036,,103.5762,-1.6244,PEMANCAR_TVRIJAMBI_PL
06JBI0037,,103.5772,-1.6177,RAMPAI_KARYA_PL
06JBI0038,,103.5773,-1.6038,RETOWER_MTHARYONO_CM
06JBI0039,,103.5778,-1.6302,SIMPANG6_SIPIN_PL
06JBI0040,,103.5785,-1.6357,MAYANG_TB
06JBI0041,,103.5792,-1.6083,TELANAI_PURA_TB
06JBI0042,,103.5799,-1.6405,MI_RSABDULMANAF_MT
06JBI0043,,103.58,-1.6451,SIMPANG3_SIPIN_PL
06JBI0044,,103.581,-1.6149,AMIR_HAMZAH2_MT
06JBI0045,,103.5814,-1.6539,MAYANG_MANGURAI_MASJID_PL
06JBI0046,,103.5823,-1.6222,RAWASARI_JBI2_PL
06JBI0047,,103.5824,-1.6471,MI_MCP_VILLA_KENALI_PK
06JBI0048,,103.5836,-1.6378,SYAHBUDDIN_MAYANG_PL
06JBI0049,,103.5842,-1.6058,RRI_TELANAIPURA_HS
06JBI0050,,103.5849,-1.6303,KOTA_BARU_JBI2_PL
06JBI0051,,103.585,-1.6119,AMIR_HAMZAH1_MT
06JBI0052,,103.5853,-1.6436,MAYANG_KOTA_BARU_MT
06JBI0053,,103.5854,-1.6339,MI_IRHJUANDA_PK
06JBI0054,,103.5859,-1.6248,BELIUNG_KOTA_BARU_PL
06JBI0055,,103.5871,-1.6188,SPG4_SIPIN_PL
06JBI0056,,103.5871,-1.6214,IN_JAMBITOWNSQUARE_MC
06JBI0058,,103.5902,-1.6052,KAMBOJA_TELANAIPURA_PL
06JBI0059,,103.5902,-1.6475,VILLA_KENALI_NUR_HAYATI_TB
06JBI0060,,103.5903,-1.5871,TANJUNG_PASIR_JBI_MT
06JBI0061,,103.5911,-1.6311,SIMPANG_III_SIPIN_CM
06JBI0062,,103.5915,-1.6247,SIMPANG3_KOTABARU_PL
06JBI0063,,103.5923,-1.6212,SIMPANG_3_SIPIN_PL
06JBI0064,,103.5923,-1.6692,KENALIASAM_ST
06JBI0065,,103.5925,-1.5974,JAMBI10_TB
06JBI0066,,103.593,-1.6154,ABUNJANI_PL
06JBI0067,,103.5932,-1.6086,SRI_SOEDEWI_EP
06JBI0068,,103.594,-1.6437,KENALI_ASAMBAWAH_PL
06JBI0069,,103.5949,-1.6129,MI_ALFAMART_RA_RAHMAN_PK
06JBI0070,,103.5951,-1.6292,SIMPANG_TIGASIPIN_MT
06JBI0071,,103.5953,-1.6334,PLATUR_PURNAMA_TB
06JBI0072,,103.5957,-1.6629,JAMBI2_JBI_TB
06JBI0073,,103.596,-1.6696,SURYA_DARMA_TB
06JBI0074,,103.5961,-1.5845,TANJUNG_PASIR_PL
06JBI0075,,103.5969,-1.626,SIMPANG_TIGA_SIPIN1_MT
06JBI0076,,103.597,-1.6078,SUNGAI_PUTRI_JBI_TB
06JBI0077,,103.5977,-1.6184,SIMPANG_TIGA_SIPIN2_PL
06JBI0078,,103.5987,-1.6396,SUKAKARYA_JAMBI_MT
06JBI0079,,103.5987,-1.6583,JAMBI1_TB
06JBI0080,,103.5993,-1.6003,MALIK_IBRAHIM_SOLOK_SIPIN_PL
06JBI0081,,103.5995,-1.6338,SUKAKARYA_KOTABARU_PL
06JBI0082,,103.6004,-1.5964,SIPIN_SOLOK_PL
06JBI0083,,103.6004,-1.6046,SUMANTRISOLOK_SIPIN_MT
06JBI0084,,103.6009,-1.6231,SUKA_KARYA_JBI_PL
06JBI0085,,103.6014,-1.6117,HSYAMSU_BAHRUN_PL
06JBI0086,,103.6013,-1.5918,PENYENGAT_RENDAH2_CM
06JBI0087,,103.6016,-1.6524,SURYA_DHARMA_PL
06JBI0088,,103.6035,-1.6473,PERTAMINA_JAMBI_EP
06JBI0090,,103.6042,-1.6024,SIMPANG_PULAI_TB
06JBI0091,,103.6053,-1.6339,KOTA_BARU_JBI_TB
06JBI0092,,103.605,-1.5947,LEGOK_TELANAI_PURA_MT
06JBI0093,,103.6053,-1.6069,LEBAK_BANDUNG_CM
06JBI0094,,103.6053,-1.6291,JAKARTA_KOTA_BARU_ST
06JBI0095,,103.6057,-1.5846,ULU_GEDONG_PL
06JBI0096,,103.6064,-1.5741,JAMBI_SEBERANG_TB
06JBI0098,,103.6086,-1.6163,JELUTUNG2_PL
06JBI0099,,103.6091,-1.6242,HANDILJAYA_PL
06JBI0100,,103.6105,-1.6386,BTN_KOTA_BARU_PAAL_PK
06JBI0101,,103.6106,-1.6704,KENALIASAM_BAWAH_PL
06JBI0102,,103.6113,-1.5919,SULTAN_THAHA_BERINGIN_PL
06JBI0103,,103.6114,-1.611,GAJAH_MADA_JELUTUNG_PL
06JBI0104,,103.6114,-1.6058,JELUTUNG1_PK
06JBI0106,,103.6119,-1.6516,KENALIASAM_ATAS_PL
06JBI0107,,103.6125,-1.596,JENDGATOT_SUBROTO_CM
06JBI0108,,103.6132,-1.6025,CEMPAKA_PUTIH_PL
06JBI0109,,103.6136,-1.5826,ARAB_MELAYU_PELAYANGAN_PL
06JBI0110,,103.6139,-1.6316,ANDIL_JAYA_JELUTUNG_PL
06JBI0111,,103.6145,-1.5925,MI_ORANG_KAYOHITAM_PL
06JBI0112,,103.6147,-1.6197,SUMATERA_JELUTUNG_PL
06JBI0113,,103.6155,-1.6155,JELUTUNG_EP
06JBI0114,,103.6156,-1.5896,PSR_JAMBI_KN
06JBI0115,,103.6158,-1.589,IN_WTCBATANGHARI_DH
06JBI0116,,103.6158,-1.5997,GATSU_JAMBI_MT
06JBI0117,,103.6159,-1.6243,MEKAKO_JBI_MT
06JBI0118,,103.6166,-1.5941,PERDANA_KUSUMA_TB
06JBI0120,,103.618,-1.6408,PAALLIMAKOTABARU_MT
06JBI0121,,103.6189,-1.6026,SUDIRMANTALANGJAUH_PL
06JBI0122,,103.619,-1.6045,IN_JAMBI_PRIMA_MALL_DH
06JBI0123,,103.6194,-1.6497,KENALI_ASAM_PL
06JBI0124,,103.6194,-1.5877,JAMBI11_JBI_TB
06JBI0125,,103.6199,-1.6713,KENALI_ASAM_BAWAH_MT
06JBI0126,,103.6202,-1.6121,NUSA_INDAH_JBI_PL
06JBI0127,,103.6204,-1.5923,LETKOL_M_INSYAHRAJAWALI_PL
06JBI0128,,103.6208,-1.6341,ADAMMALIK_HANDILJAYA_PL
06JBI0129,,103.6209,-1.596,OTTO_ISKANDAR_PL
06JBI0130,,103.621,-1.628,KEBUN_HANDIL1_MT
06JBI0131,,103.6217,-1.6199,KEBUN_HANDIL2_PL
06JBI0132,,103.6225,-1.654,DHARMASAKTIPAALMERAH_PK
06JBI0133,,103.6228,-1.5698,TAHTUL_YAMAN_PL
06JBI0134,,103.6235,-1.6441,RADEN_WIJAYATHEHOK_PL
06JBI0135,,103.6236,-1.6314,KEBUN_ANDIL_PL
06JBI0137,,103.6242,-1.6392,TEHOK_PL
06JBI0138,,103.6242,-1.6055,PAKUAN_BARU_PL
06JBI0139,,103.6252,-1.6096,PANGERAN_HIDAYAT_PL
06JBI0140,,103.6252,-1.5922,RAJAWALI_JBI_PL
06JBI0141,,103.626,-1.6009,MANGKUBUMI_DUREN_BUDIMAN_CM
06JBI0142,,103.6254,-1.6285,THEHOK_TB
06JBI0143,,103.6267,-1.6202,RETOWERRAWASARI_CM
06JBI0144,,103.6273,-1.5878,KASANG_JBI_PL
06JBI0145,,103.6285,-1.5953,GANG_KEMBANG_PL
06JBI0146,,103.6283,-1.6317,ADAM_MALIK_JAMBI_MT
06JBI0147,,103.6289,-1.6471,KEBUN_KOPI_PL
06JBI0148,,103.6293,-1.6056,CORONATANJUNGPINANG_PL
06JBI0150,,103.6295,-1.6095,TENGKUSULAIMANPAKUANBARU_PL
06JBI0151,,103.631,-1.5893,KASANG_JAYA_JAMBI_TIMUR_MT
06JBI0152,,103.6311,-1.6405,PAALMERAH_PL
06JBI0153,,103.6317,-1.6174,WIJAYAPURA_XL
06JBI0154,,103.635,-1.6338,PAAL_MERAH_JAMBI_SELATAN_HS
06JBI0155,,103.6319,-1.6025,TALANG_BANJAR1_PL
06JBI0156,,103.6338,-1.5976,TLGBANJAR_JAMBITMR_PL
06JBI0157,,103.6343,-1.5863,TANJUNG_PASIR1_CM
06JBI0158,,103.6346,-1.6214,SBB_PALAPA_MT
06JBI0159,,103.6351,-1.5928,MANGKURATTANJUNGSARI_PL
06JBI0160,,103.6355,-1.6284,I2_RUMAHSAKITSILOAMHOSPITAL_MC
06JBI0161,,103.6359,-1.6481,LINGKAR_SELATAN_JBI_PL
06JBI0162,,103.6365,-1.6066,PANTASARI_TALANGBANJAR_PL
06JBI0163,,103.6371,-1.6535,PALMERAH_LAMA_PL
06JBI0164,,103.6376,-1.5806,YOS_SUDARSO_TB
06JBI0165,,103.639,-1.625,NEWAIRPORTJMB_MT
06JBI0166,,103.639,-1.5994,GARUDA_TALANGBANJAR_CM
06JBI0167,,103.6403,-1.6276,BAJURI_TALANG_BAKUNG_PL
06JBI0168,,103.6403,-1.6164,PASIRPUTIH_JAMBI_PL
06JBI0169,,103.6411,-1.6441,LINGKARSELATAN_JAMBI_PL
06JBI0170,,103.642,-1.6507,JLTUNA_PL
06JBI0171,,103.6423,-1.5876,PRBSILIWANGI_TJGSARI_PL
06JBI0172,,103.6425,-1.5753,YOS_SUDARSO_SIJENJANG_PL
06JBI0173,,103.644,-1.6323,I2_BANDARA_SULTAN_THAHA2_MC
06JBI0174,,103.6437,-1.6058,TALANG_BANJAR_PL
06JBI0175,,103.6443,-1.6538,LINGKARSELATAN_JAMBICITY_PL
06JBI0177,,103.6451,-1.6008,JAMBI17_TB
06JBI0178,,103.646,-1.6122,LORONG_MULYO_JBI_TB
06JBI0180,,103.6471,-1.6177,TANJUNG_LUMUT_ST
06JBI0181,,103.6489,-1.5652,KUMPEH_TB
06JBI0182,,103.6491,-1.5905,TBGSMU_TB
06JBI0183,,103.6498,-1.6332,TALANGBAKUNG_MT
06JBI0184,,103.6498,-1.648,KOMPLEK_ARTHA_ULI_PL
06JBI0185,,103.6517,-1.6096,SERSAN_DARPIN_TB
06JBI0186,,103.6521,-1.6385,PELTU_SIPAHUTAR_PL
06JBI0187,,103.6521,-1.6276,BANDARA_SULTAN_THAHA1_PL
06JBI0188,,103.6522,-1.6167,FATAHILLA_TALANG_BAKUNG_PL
06JBI0189,,103.6532,-1.5974,BARUPAYOSELINCAH_PL
06JBI0190,,103.6545,-1.6212,EKAJAYA_TB
06JBI0191,,103.655,-1.6321,SLTNSYAHRIL_TLGBAKUNG_ST
06JBI0192,,103.6585,-1.6246,TANJUNG_PERMATA_TB
06JBI0193,,103.66,-1.633,PASIR_PUTIH_CANDRA_ST
06JBI0194,,103.6604,-1.6183,EKA_JAYA_TB
06JBI0195,,103.6639,-1.613,JLAMANAH_PL
06JBI0196,,103.6648,-1.621,EKAJAYA_JAMBISLTN_PL
06JBI0197,,103.668,-1.6331,TLG_BAKUNG_PL
06JBI0198,,103.6687,-1.6151,POSOS_TB
06JBI0202,,103.5526,-1.6561,NEW_BAGAN_PETE_ST
06JBI0203,,103.5959,-1.6521,JL_SUNAN_GUNUNG_JATI_PL
06JBI0204,,103.6315,-1.5529,TANJUNG_JOHOR_PL
06KSP0001,,101.383,-2.0315,SUMUR_GEDANG_TB
06KSP0002,,101.3889,-2.061,SUNGAI_PENUH_EP
06KSP0003,,101.3996,-2.0578,ARTOS_TB
06KSP0004,,101.4073,-2.0414,KOTO_TELUK_TB
06KSP0005,,101.4089,-2.0857,AIR_TELUH_TB
06KSP0006,,101.422,-2.1016,SANDARAN_GALEH_MT
06KSP0007,,101.435,-2.0779,SEMBILAN_TB
06KSP0008,,101.3811,-2.0774,TALANG_LINDUNG_CM
06KSP0009,,101.3912,-2.0493,KOTO_BENTO_PL
06KSP0010,,101.4213,-2.0614,TANJUNG_MUDA_PL
06KTL0001,,102.873,-1.0297,RT13_SUBAN_TB
06KTL0002,,102.9184,-1.0562,SUBAN_ST
06KTL0003,,102.9286,-1.0435,SRI_AGUNG_TB
06KTL0004,,102.9859,-1.082,ANUGRAH_JAYA_PL
06KTL0005,,103.0373,-0.8478,SUNGAI_RAMBAI_PL
06KTL0006,,103.0449,-1.1087,TAMAN_RAJA_MT
06KTL0007,,103.0569,-1.2701,MERLUNG_TB
06KTL0008,,103.0829,-1.0153,TEBING_TINGGI_KTL_PL
06KTL0009,,103.081,-1.1463,PELABUHAN_DAGANG_EP
06KTL0010,,103.0885,-1.0667,BRASAU_TB
06KTL0011,,103.0908,-1.0225,WKS_PL
06KTL0012,,103.0995,-0.8074,TELUK_KETAPANG_MT
06KTL0013,,103.1527,-0.8284,SENYERANG_ST
06KTL0014,,103.1589,-1.1173,PURWODADI_JMB_MT
06KTL0015,,103.212,-0.8501,TELUK_NILAU_TB
06KTL0017,,103.3067,-0.8802,PARIT_PUDIN_ST
06KTL0018,,103.3738,-0.9152,BETARA_TB
06KTL0019,,103.3749,-0.9634,MEKAR_JAYA_KTL_PL
06KTL0020,,103.3778,-1.0145,SERDANG_JAYA_TB
06KTL0021,,103.3938,-1.1142,PEMATANG_LUMUT_MT
06KTL0022,,103.4035,-0.9011,BERAM_ITAM_KIRI_MT
06KTL0023,,103.4154,-0.8541,PEMBENGIS_ST
06KTL0024,,103.444,-0.8381,KUALA_TUNGKAL_ILIR_MT
06KTL0025,,103.4481,-0.8886,TELUK_SIALANG_PL
06KTL0027,,103.4551,-0.8296,JAMBI11_KTL_TB
06KTL0028,,103.4563,-0.8199,PASAR_KUALA_TUNGKAL_TB
06KTL0029,,103.458,-0.8231,TUNGKAL_HARAPAN_KTL_ST
06KTL0030,,103.4615,-0.8158,KUALA_TUNGKAL_EP
06KTL0031,,103.4657,-0.813,KUALA_TUNGKAL1_MT
06KTL0032,,103.4658,-0.8187,PATUNAS_PL
06KTL0033,,103.4659,-0.8325,TUNGKAL_III_KTL_TB
06KTL0034,,103.4709,-0.8218,TUNGKAL_PL
06KTL0035,,103.4717,-0.8175,KUALA_TUNGKAL2_TB
06KTL0038,,103.0635,-1.2084,BADANG_CM
06KTL0040,,103.0907,-1.038,TEBING_TINGGI_PL
06KTL0041,,103.0642,-1.1216,PELABUHAN_DAGANG_TB
06KTL0042,,103.1804,-1.1136,PURWODADI_TB
06KTL0044,,103.4035,-1.1017,PEMATANG_LUMUT2_PL
06KTL0045,,103.0977,-1.2715,RANTAU_BADAK_LAMO_PL
06KTL0048,,103.3981,-0.8774,BRAM_ITAM1_PL
06KTL0049,,103.4694,-0.8488,TUNGKAL_ILIR_CM
06KTL0051,,103.4781,-0.874,BETARA_KANAN_PL
06KTL0052,,103.1046,-1.0495,TALANG_MAKMUR_TEBING_PL
06KTL0053,,102.9567,-1.0638,BATANG_ASAM_PL
06KTL0054,,103.0578,-0.8518,SUNGAI_RAMBAI_BESAR_MT
06KTL0055,,103.3801,-0.9379,BETARA_MEKAR_JAYA_PL
06KTL0057,,103.008,-0.8712,LUMAHAN_SANYERANG_MT
06KTL0058,,103.3822,-1.0555,MUNTIALO_SERDANG_JAYA_MT
06KTL0059,,103.1091,-1.0808,AGROWIYANA_TEBING_TINGGI_MT
06KTL0060,,103.1255,-0.8417,SANYERANG_TIGA_PL
06KTL0061,,103.1429,-1.0263,SUKADAMAI_TEBING_TINGGI_MT
06KTL0062,,103.1838,-0.8455,SANYERANG2_TANJUNG_JABUNG_PL
06KTL0063,,103.3992,-0.9845,SERDANG_JAYA_BETARA_PL
06KTL0064,,103.1958,-0.8685,TELUK_NILAU_PENGABUAN_PL
06KTL0065,,103.0445,-1.265,TANJUNG_JABUNG_MERLUNG_ST
06KTL0066,,102.9274,-1.0309,DESA_RAWA_MEDANG_CM
06KTL0068,,102.9495,-1.3177,LAMPISI_RENAH_MENDALU_PL
06KTL0069,,102.9992,-1.2656,KADES_PENYAMBUNGAN_MERLUNG_TB
06KTL0070,,102.9482,-1.2711,PULAU_PAUH_TB
06MAB0001,,101.8477,-1.4386,PELAYANG_PL
06MAB0002,,101.8676,-1.1575,SITIUNG_MAB_EP
06MAB0004,,101.8747,-1.4362,TANAH_TUMBUH_MT
06MAB0005,,101.8906,-1.1556,BUKIT_SARI_BUNGO_PL
06MAB0006,,101.9055,-1.4271,CANDI_MAB_TB
06MAB0007,,101.95,-1.4095,PASAR_LUBUK_LANDAI_ST
06MAB0008,,101.9839,-1.4225,EMPELU_TB
06MAB0009,,102.0175,-1.4262,TELUK_PANDAK_TB
06MAB0010,,102.0217,-1.4017,SIMPANG_SAWMEL_PL
06MAB0011,,102.0486,-1.5232,MUKO_BATHIN_TB
06MAB0012,,102.0793,-1.4913,SUNGAI_ARANG_MT
06MAB0013,,102.0931,-1.5073,SUNGAI_KERJAN_MT
06MAB0014,,102.0977,-1.5424,PERUMAHAN_BTN_TB
06MAB0015,,102.1023,-1.4918,TALANGPANTAI_BUNGO_GH
06MAB0016,,102.1048,-1.4974,PASIR_PUTIH_BUNGO1_MT
06MAB0017,,102.1052,-1.4872,LEBAI_HASAN_BUNGO_PL
06MAB0018,,102.1074,-1.5021,DHARMA_BAKTI_PASIR_PUTIH_CM
06MAB0019,,102.1075,-1.4923,SUNGAI_PINANG_BUNGO_DANI_MT
06MAB0020,,102.112,-1.514,PERUMAHAN_BUNGO_ST
06MAB0021,,102.1125,-1.4886,IBRAHIM_SYAMSIR_BUNGOBRT_PL
06MAB0022,,102.113,-1.4949,PASIR_PUTIH_BUNGO2_EB
06MAB0023,,102.1146,-1.4854,I2_MATAHARI_WILTOP_MUAROBUNGO_DH
06MAB0024,,102.1161,-1.4729,TANAHTUMBUH_BUNGO_PL
06MAB0025,,102.117,-1.4967,MUARA_BUNGO_EP
06MAB0026,,102.1189,-1.48,MUARA_BUNGO1_MT
06MAB0027,,102.1212,-1.4948,RANGKYOHTMMUAROBNGO_MT
06MAB0028,,102.1233,-1.4668,SIMPANG_BUNGO_MT
06MAB0029,,102.1251,-1.4538,TERMINALSKB_GH
06MAB0030,,102.1266,-1.6157,SINAMAT_TB
06MAB0031,,102.1313,-1.518,PERUMNAS_MUARA_BUNGO_TB
06MAB0032,,102.1327,-1.5029,CADIKA_PL
06MAB0033,,102.1444,-1.7266,RANTAU_KELOYANG_TB
06MAB0035,,102.1971,-1.4878,SPBABEKO_PL
06MAB0036,,102.2171,-1.6098,DSN_DANAU_PL
06MAB0038,,102.2633,-1.5177,SEPUNGGUR_MAB_TB
06MAB0039,,102.2831,-1.4818,BABEKO_PL
06MAB0040,,102.2915,-1.7048,GAPURA_SUCI_TB
06MAB0041,,102.3008,-1.5903,MUARAKUAMANG_TB
06MAB0042,,102.3062,-1.6188,KARYA_HARAPAN_MUKTI_MT
06MAB0043,,102.3335,-1.5788,BANGUN_HARJO_TB
06MAB0044,,102.3347,-1.6793,CILODANG_CM
06MAB0045,,102.3478,-1.6157,KUAMANG_KUNING_TB
06MAB0046,,102.3793,-1.6124,JLSAMOSIR_TB
06MAB0047,,102.4115,-1.6341,LINGGA_KUAMANG_EP
06MAB0048,,102.4179,-1.6765,SUMBER_MULIA_MAB_MT
06MAB0049,,102.441,-1.6458,TIRTA_MULIA_MT
06MAB0050,,102.4429,-1.6772,KUAMANGKNGU6_KN
06MAB0051,,102.0601,-1.5067,SUNGAIARANG_BUNGO_PL
06MAB0052,,102.2745,-1.7221,PALEPAT_MULYAJAYA_MT
06MAB0053,,101.6913,-1.5005,TEBO_JAYA_ST
06MAB0054,,102.0624,-1.3976,SARANA_JAYA_PL
06MAB0055,,101.8525,-1.2644,TEPIAN_DANTO_MT
06MAB0057,,101.9001,-1.2242,PULAU_BATU_PL
06MAB0058,,102.1098,-1.5757,SUNGAI_MENGKUANG_MT
06MAB0059,,101.7105,-1.4778,SEKAR_MENGKUANG_CM
06MAB0061,,102.3702,-1.6449,LEMBAH_KUAMANG_TB
06MAB0063,,101.9563,-1.3876,SUNGAI_LILIN_PL
06MAB0064,,102.1022,-1.5301,BTN_GRIYAPURIKENCANA_PL
06MAB0065,,102.0399,-1.4275,LUBUKBENTENG_TANAHTUMBUH_PL
06MAB0066,,102.099,-1.4248,AIR_GEMURUH_PL
06MAB0067,,102.0909,-1.4533,PURWOBAKTI_PL
06MAB0068,,102.1055,-1.4673,BTN_BUMI_SEMAGI_PERMAI_CM
06MAB0069,,101.9118,-1.3774,PASAR_RANTAU_MAKMUR_PL
06MAB0071,,101.7498,-1.3495,PULAU_JELMU_PL
06MAB0072,,101.9394,-1.6404,RANTAU_PANDAN_PL
06MAB0073,,101.9765,-1.6189,RANTAU_DUKU_PL
06MAB0074,,102.0215,-1.5763,DUSUN_DATAR_PL
06MAB0075,,102.0036,-1.5561,PASAR_BEDARO_PL
06MAB0076,,102.0331,-1.5559,PUSAT_JALO_PL
06MAB0077,,102.1527,-1.4804,TJ_MENANTI_PL
06MAB0078,,102.1345,-1.6382,PELEPAT_SINAMAT_PL
06MAB0079,,102.15,-1.5256,RIMBO_SUNGAI_BULUH_CM
06MAB0080,,102.2526,-1.5915,MUARA_KUAMANG_CM
06MAB0081,,102.1493,-1.6851,SUNGAI_GURUN_PELEPAT_PL
06MAB0082,,102.4023,-1.6601,DAYA_MURNI_KUAMANG_PL
06MAB0083,,102.3635,-1.6092,KUAMANG_KUNING2_CM
06MAB0084,,102.3209,-1.5972,KUNING_GADING_PL
06MAB0085,,101.7613,-1.3159,RANTAU_IKIL_PL
06MAB0086,,101.7395,-1.2493,SIRIH_SEKAPUR_PL
06MAB0087,,101.936,-1.153,SARI_MULYA_JUJUHAN_CM
06MAB0088,,102.3158,-1.6988,KUAMANG_MULYA_BAKTI_MT
06MAB0089,,101.8399,-1.4282,PENINJAU_BATHIN_PL
06MAB0090,,101.9374,-1.4109,SUNGAI_GAMBIR_MT
06MAB0091,,101.6781,-1.5743,PASAR_SUNGAI_IPUH_MT
06MAB0092,,101.6655,-1.5188,TUO_LIMBUR_MENGKUANG_MT
06MAB0093,,101.6446,-1.5457,LIMBUR_BARU_MENGKUANG_MT
06MAB0094,,101.8665,-1.4558,DUSUN_RAMBAH_MT
06MAB0095,,102.1257,-1.4848,SUNGAIUDO_BUNGO_PL
06MBN0001,,102.8018,-1.643,TELUK_LEBAN_ST
06MBN0002,,102.8291,-1.5891,KEMBANG_SRI_JMB_MT
06MBN0003,,102.8763,-1.636,SUNGAI_RENGAS_TB
06MBN0004,,102.9031,-1.7052,SUNGAI_RUAN_ILIR_PL
06MBN0005,,102.914,-1.6405,LINTAS_MERSAM_PL
06MBN0007,,102.9393,-1.6501,SIMPANG_TLS_MT
06MBN0008,,102.9981,-1.8798,DURIAN_LUNCUK_TB
06MBN0009,,103.0072,-1.672,MERSAM_PL
06MBN0010,,103.0498,-1.8121,SIMPANG_KERMEO_TB
06MBN0011,,103.089,-1.6738,BUKIT_PAKU_MT
06MBN0012,,103.107,-1.7022,RAYAGAMPO_TEMBESI_CM
06MBN0013,,103.1212,-1.7161,SUKARAMAI_MT
06MBN0014,,103.137,-1.7214,MUARA_TEMBESI_MT
06MBN0015,,103.1703,-1.6833,MARO_SEBO_ILIR_PL
06MBN0016,,103.1887,-1.7352,TENAM_PL
06MBN0017,,103.223,-1.7311,SIMPANG_SRIDADI_TB
06MBN0018,,103.2556,-1.7125,GAJAH_MADA_MUARA_BULIAN_PL
06MBN0019,,103.2641,-1.7183,JENDSUDIRMAN_MUARABULIAN_PL
06MBN0020,,103.265,-1.7115,STI_MUARA_BURLIAN_TB
06MBN0021,,103.2653,-1.704,MUARA_BULIAN_MT
06MBN0022,,103.2739,-1.7569,BULIAN_MBN_PL
06MBN0023,,103.2747,-1.7315,RENGAS_CONDONG_PL
06MBN0024,,103.2803,-1.6465,JLDESA_ARO_ST
06MBN0025,,103.2887,-1.6962,SPBAJUBANG_LAUT_PL
06MBN0026,,103.327,-1.6567,RANTAU_PURI_KN
06MBN0027,,103.3355,-1.6351,SALAMUN_ALJAWI_TB
06MBN0028,,103.3374,-1.7828,BAJUBANG_MT
06MBN0029,,103.3395,-2.0435,ASIATIK_TB
06MBN0030,,103.3644,-1.5611,LUBUK_RUSO_KN
06MBN0031,,103.3748,-1.6023,PEMAYUNG_MT
06MBN0032,,103.3969,-1.7884,PANEROKAN_MT
06MBN0033,,103.4396,-1.5157,TELUK_MBN_PL
06MBN0034,,103.4474,-1.5498,SELAT_PEMAYUNG_PL
06MBN0036,,103.03,-1.8164,KOTO_BUAYO_MT
06MBN0037,,103.3026,-1.7104,SUNGAI_BULUH_MBN_EB
06MBN0038,,103.3336,-1.8004,LADANG_PERIS_BAJUBANG_PL
06MBN0039,,103.1057,-1.774,AMPELU_MUDO_PL
06MBN0040,,103.1631,-1.6566,TERUSAN_M_SEBO_TB
06MBN0041,,103.0648,-1.665,BUKIT_PAKU2_PL
06MBN0042,,102.9632,-1.6481,SENGKATI_BARU_PL
06MBN0043,,103.4237,-1.5616,PULAU_BETUNG_SELAT_PL
06MBN0044,,103.1808,-1.6126,BULIAN_JAYA_MAROSEBOILIR_PL
06MBN0045,,103.0117,-1.8524,AUR_GADING_BATIN24_PL
06MBN0046,,103.1634,-1.7251,TERUSAN_BATANGHARI_EB
06MBN0047,,103.2399,-1.7262,SRIDADI_2_PL
06MBN0048,,103.1239,-1.7419,TANJUNG_MARWO_PL
06MBN0049,,103.3645,-1.7865,PANEROKAN2_CM
06MBN0050,,102.9893,-1.6529,PEMATANG_GADUNG_PL
06MBN0051,,102.9985,-1.6965,MERSAM2_PL
06MBN0052,,103.112,-1.7593,TANJUNG_MARWO2_CM
06MBN0053,,102.9922,-1.9084,SIMPANG_JELUTIH_BATIN24_PL
06MBN0054,,102.8979,-1.6422,SIMPANG_RANTAU_GEDANG_MT
06MBN0057,,102.8713,-1.7001,PADANG_KELAPO_BATANGHARI_ST
06MBN0058,,103.2579,-1.6595,OLAK_MUARA_BULIAN_ST
06MBN0059,,103.0818,-1.7042,RAMBUTAN_MASAM_TB
06MBN0060,,103.2713,-1.6899,TERATAI_MUARA_BULIAN_TB
06MBN0061,,102.9661,-1.9065,JELUTIH_BATANGHARI_TB
06MSK0001,,103.493,-1.2837,MB_RTPOS_POLISI_MT
06MSK0002,,103.5343,-1.1192,SUNGAI_BERAS_GH
06MSK0003,,103.5404,-1.2544,MB_RTDS_SPG_KIRI_MT
06MSK0004,,103.5914,-1.0127,MENDAHARA_TENGAH_TB
06MSK0005,,103.6665,-0.9532,MENDAHARA_ILIR_EP
06MSK0006,,103.671,-1.2076,PANDAN_SEJAHTERA_PL
06MSK0007,,103.721,-1.1951,PETROCINA_EP
06MSK0008,,103.7263,-1.1841,PANDAN_JAYA_CM
06MSK0009,,103.7326,-1.2915,GERAGAI_MT
06MSK0010,,103.7586,-1.2698,PARIT_CULUM_MSK1_TB
06MSK0011,,103.7976,-1.2236,MUARA_SABAK_EP
06MSK0012,,103.8049,-1.0602,TELUK_MAJELIS_MT
06MSK0013,,103.8091,-1.0319,KAMPUNG_LAUT_MT
06MSK0014,,103.8165,-1.247,PARIT_CULUM_MSK2_TB
06MSK0015,,103.8232,-1.2239,TALANG_BABAT_TB
06MSK0016,,103.8479,-1.1329,RDTO_NIPAH_PANJANG_TB
06MSK0017,,103.863,-1.2699,CATUR_RAHAYU_TB
06MSK0018,,103.8854,-1.2162,SIDO_MUKTI_PL
06MSK0019,,103.9508,-1.0068,LAMBUR_MSK3_TB
06MSK0020,,103.9711,-1.1171,LAMBUR_MSK2_GH
06MSK0021,,104.0223,-1.1297,LAMBUR_MSK1_MT
06MSK0022,,104.0254,-1.0343,SIMBUR_NAIK_MT
06MSK0023,,104.0483,-1.1618,HARAPAN_MAKMUR_MT
06MSK0025,,104.0688,-1.1997,RANTAU_RASAU_MSK2_TB
06MSK0026,,104.093,-1.2619,SIMPANG_BERBAK_TB
06MSK0027,,104.094,-1.1711,RANTAURASAU_ST
06MSK0028,,104.1389,-1.1386,RANTAU_RASAU_MSK1_MT
06MSK0029,,104.1558,-1.0931,BUNGA_TANJUNG_MSK_PL
06MSK0030,,104.1703,-1.1993,RANTAU_RASAU_DESA_TB
06MSK0031,,104.1914,-1.0861,NIPAH_PANJANG_MT
06MSK0034,,104.3373,-1.0515,SUNGAI_ITIK_SADU_ST
06MSK0035,,103.711,-1.307,PLABI_GERAGAI_PL
06MSK0036,,103.7554,-1.0247,KUALA_LAGAN_SABAK_PL
06MSK0037,,103.7863,-1.2042,MUARA_SABAK2_PL
06MSK0040,,104.1953,-1.0778,NIPAH_PANJANG_CM
06MSK0041,,103.6768,-0.9575,MENDAHARA_ST
06MSK0042,,103.7476,-1.0852,GERAGAI1_PL
06MSK0043,,103.9457,-1.1919,DENDANG1_PL
06MSK0044,,103.8105,-1.1818,NIBUNG_PUTIH_TB
06MSK0045,,103.9799,-1.1036,DESA_LAMBUR_II_CM
06MSK0046,,104.1812,-1.0904,SMAN3_NIPAH_TB
06MSK0047,,103.7747,-1.1747,AFKAR_RANO_PL
06MSK0049,,103.825,-1.2367,GONTOR_SABAK_PL
06MTB0001,,102.02,-1.1589,PADANG_LAMA_SUNGAI_ABANG_ST
06MTB0002,,102.0447,-1.306,UNIT9_RIMBOULU_PL
06MTB0003,,102.0584,-1.3673,RIMBO_MULYO_PL
06MTB0004,,102.0598,-1.2333,SUMBER_SARI_MTB_ST
06MTB0005,,102.0686,-1.1563,TABUN_MT
06MTB0006,,102.0952,-1.388,SAPTA_MULYA_MTB_MT
06MTB0007,,102.0971,-1.3022,PATTIMURA_UNIT_PL
06MTB0008,,102.1037,-1.3161,JLKH_AHMAD_DAHLAN_MT
06MTB0009,,102.1079,-1.3073,RIMBOBUJANG_EP
06MTB0010,,102.1111,-1.3042,JALAN_PAHLAWAN_MT
06MTB0011,,102.1251,-1.2289,SUMBERSARI_MTB_MT
06MTB0012,,102.1273,-1.4063,SAPTA_MULIA_MT
06MTB0013,,102.1343,-1.2691,SIMPANG_PERINTIS_ST
06MTB0014,,102.1434,-1.3311,TIRTAKENCANA_PL
06MTB0015,,102.1471,-1.2531,UNIT1_RMB_BJG_TB
06MTB0016,,102.1668,-1.2867,PURWO_HARJO_TB
06MTB0017,,102.1783,-1.2033,TELUK_KUALI_ST
06MTB0018,,102.2009,-1.3153,TEGAL_ARUM_ST
06MTB0019,,102.2149,-1.4631,RIMBO_ILIR3_MT
06MTB0020,,102.2259,-1.2071,LUBUK_BENTENG_MT
06MTB0021,,102.238,-1.4456,ALAI_ILIR_ST
06MTB0022,,102.246,-1.2455,PASAR_PULAUTEMIANG_ST
06MTB0023,,102.2541,-1.3636,RIMBOILIR_TB
06MTB0024,,102.2861,-1.3915,SUMBER_AGUNG_TEBO_CM
06MTB0025,,102.3145,-1.3675,TELUK_KEMBANG_JAMBU_ST
06MTB0026,,102.3386,-1.4292,SRI_MULYA_TEBO_ST
06MTB0027,,102.358,-1.4691,LINTAS_TEBO_MUARO_BUNGO_MT
06MTB0028,,102.4033,-1.461,TEBO_TENGAH_PL
06MTB0029,,102.418,-1.3806,SIMPANGTELUK_SINGKAWANG_PL
06MTB0030,,102.4226,-1.4623,TEBING_TINGGI_TEBO_TENGAH_PL
06MTB0031,,102.4301,-1.3841,TELUK_SINGKAWANG_TB
06MTB0032,,102.4323,-1.4664,KM3_TEBO_PL
06MTB0033,,102.4407,-1.4818,MUARA_TEBO_EP
06MTB0034,,102.4421,-1.4953,KELMUARA_TEBO_TB
06MTB0035,,102.4433,-1.4889,PASAR_MUARA_TEBO_MT
06MTB0036,,102.4493,-1.4688,TUGU_REJO_PL
06MTB0037,,102.5259,-1.6945,BANGUN_SERANTEN_PL
06MTB0038,,102.5601,-1.4706,PENAMPOYAN_SEI_KERUH_PL
06MTB0039,,102.5659,-1.7244,SUNGAI_JERNIH_MT
06MTB0040,,102.6612,-1.5613,BETUNG_BEDARAH_TB
06MTB0041,,102.6725,-1.4685,SIMPANG_NIAM_TB
06MTB0042,,102.7211,-1.5413,SUNGAI_BENGKAL_PL
06MTB0043,,102.7371,-1.5599,MUARA_KETALO_PL
06MTB0044,,102.2537,-1.4255,GIRI_PURNO_MT
06MTB0045,,102.4764,-1.4885,TENGAH_ULU_MT
06MTB0046,,102.0231,-1.2405,RIMBOULU_WANAREJA_MT
06MTB0047,,102.7042,-1.4327,LUBUK_MANDARSAH_MT
06MTB0048,,102.1447,-1.1687,VII_KOTOILIR_PASEBAN_PL
06MTB0050,,102.6308,-1.4727,MENGUPEH_PL
06MTB0051,,102.6518,-1.5046,RANTAU_API_MT
06MTB0052,,102.6965,-1.535,SPBU_SUNGAI_BENGKAL_CM
06MTB0053,,102.7698,-1.6119,TELUK_RENDAH_PASAR_MT
06MTB0054,,101.8673,-1.0952,TANJUNG_SIMALIDU_PL
06MTB0055,,102.7252,-1.5475,SUNGAI_BENGKAL_BARAT_PL
06MTB0056,,101.974,-1.2742,SIDORUKUN_TEBO_PL
06MTB0057,,102.012,-1.3364,SUKAMAJU_TEBO_PL
06MTB0058,,102.1666,-1.3755,PTPN_SAPTAMULIA_PL
06MTB0059,,102.0637,-1.2617,UNIT10_RIMBOULU_PL
06MTB0060,,102.3124,-1.3155,TELUK_KASAI_PL
06MTB0061,,102.1543,-1.2369,UNIT1_TELUK_KUALI_PL
06MTB0062,,102.3675,-1.3867,PAGAR_PUDING_TEBO_PL
06MTB0063,,102.2892,-1.2934,RANTAU_LANGKAP_PL
06MTB0065,,102.0078,-1.277,SUKA_DAMAI_TEBO_PL
06MTB0066,,102.5535,-1.6562,PINTASTUO_HIKMAH_PL
06MTB0067,,102.5889,-1.4641,TEBO_MUARA_KILIR_MT
06MTB0068,,102.2325,-1.2298,PADANG_LAMO_TEMIANG_PL
06MTB0069,,102.6772,-1.5378,SIMPANG_BETUNG_TEBO_TB
06MTB0070,,102.2089,-1.3209,TEBO_TEGAL_ARUM_TB
06MTB0071,,102.4618,-1.4616,SEMABU_TEBO_TENGAH_TB
06MTB0072,,102.0911,-1.3329,RIMBO_BUJANG_TEBO_MT
06MTB0073,,102.0447,-1.313,SUKADAMAI_RIMBO_ULU_PL
06MTB0074,,102.1861,-1.302,PANDAWA_RIMBO_BUJANG_MT
06SGE0001,,103.3525,-1.8899,SUMBER_MULYA_SGE_PL
06SGE0002,,103.3573,-1.913,BAHAR_MULYA_SGE_ST
06SGE0003,,103.3808,-1.9415,MATRA_MANUNGGAL_MT
06SGE0004,,103.381,-2.0312,BUKIT_MAKMUR_SGE_MT
06SGE0005,,103.4107,-2.0067,UNIT_V_S_BHR_TB
06SGE0006,,103.4119,-2.051,BUKIT_MAS_SGE_TB
06SGE0007,,103.4258,-1.9094,BUNUT_JMB_TB
06SGE0008,,103.4276,-1.9698,KEC_SUNGAI_BAHAR_TB
06SGE0009,,103.433,-1.9704,JALUR_SUKAMAKMUR_PL
06SGE0010,,103.4404,-2.0048,MARGA_MANUNGGAL_MT
06SGE0011,,103.4428,-1.7048,NESS_TB
06SGE0012,,103.4436,-1.9624,SEI_BAHAR_MT
06SGE0013,,103.4468,-2.024,TRIJAYA_SGE_PL
06SGE0014,,103.4539,-1.5677,SPG_SELAT_PL
06SGE0015,,103.4543,-2.1261,UNITXXII_SBAHAR_KN
06SGE0016,,103.4691,-1.5973,KELURAHAN_PIJOAN_SGE_PL
06SGE0017,,103.473,-1.7838,TANJUNG_PAUH32_MT
06SGE0018,,103.4746,-1.3846,BUKIT_BALING_EP
06SGE0019,,103.4748,-2.0804,MEKAR_JAYA8C_IB
06SGE0020,,103.4873,-1.9362,UNIT_X_SUNGAI_BAHAR_KN
06SGE0021,,103.4897,-1.6011,MUARA_BULIAN_SGE_PL
06SGE0022,,103.4904,-1.9977,PANCA_MULYA_MT
06SGE0023,,103.4916,-2.0486,BUKIT_SUBUR_MT
06SGE0024,,103.4994,-2.139,BUKIT_JAYA_SGE_MT
06SGE0025,,103.5012,-1.6005,SMPNG_SUNGAI_DUREN_PL
06SGE0026,,103.5036,-1.4808,SANGETI_EP
06SGE0027,,103.5077,-1.576,SUNGAI_DUREN_ST
06SGE0028,,103.5089,-1.4462,LINTASTIMURSENGETI_PL
06SGE0029,,103.5111,-1.4973,PEMATANG_PULAI_SEKERNAN_PL
06SGE0030,,103.5154,-1.6347,MENDALO_DARAT_MT
06SGE0031,,103.5168,-1.607,MENDALO_MT
06SGE0032,,103.5197,-1.7862,TEMPINO_EP
06SGE0033,,103.523,-1.6105,MENDALO_INDAH_MT
06SGE0035,,103.5267,-1.613,KOTA_KAMPUS_MENDALO_DARAT_PL
06SGE0036,,103.5288,-1.6192,KOTA_GRAHA_JALUKO_TB
06SGE0037,,103.534,-1.5436,RENGAS_BANDUNG_MT
06SGE0038,,103.5345,-1.988,TANJUNG_HARAPAN_SGE_MT
06SGE0039,,103.5346,-1.6067,AURDURI_PERMAI_PL
06SGE0040,,103.5347,-1.528,LTSTIMUR_KM8SAKERNAN_ST
06SGE0041,,103.5361,-1.5747,SIMPANG_LIMO_IB
06SGE0042,,103.5372,-1.5009,SEKERNAN_SGE2_PL
06SGE0043,,103.5375,-1.6112,MENDALO_DARAT1_TB
06SGE0044,,103.5427,-1.6187,RAYAJAMBI_MENDALO_PL
06SGE0045,,103.5451,-1.604,PENYENGATRENDAH_PL
06SGE0046,,103.5493,-1.5608,LINTAS_TIMUR_SENAUNG_PL
06SGE0047,,103.5496,-1.4142,SEKERNAN_SGE1_MT
06SGE0048,,103.5538,-1.8404,SUNGAI_LANDAI_PL
06SGE0049,,103.5589,-1.7607,SEBAPO_MESTONG_ST
06SGE0050,,103.5611,-1.742,SEBAPO_TB
06SGE0051,,103.569,-1.5251,LINTAS_WISATA_SETIRIS_PL
06SGE0052,,103.5709,-1.8707,JMB_REP_SUKADAMAI_IB
06SGE0053,,103.5809,-1.7073,PONDOKMEJA_MESTRONG_PL
06SGE0054,,103.5876,-1.6903,PONDOK_MEJA_TB
06SGE0055,,103.589,-1.6785,SEKOLAH_SPN_PL
06SGE0056,,103.611,-1.6582,SDN123_JAMBI_ST
06SGE0057,,103.6247,-1.5362,NIASO_IB
06SGE0058,,103.6301,-1.6556,GELAMRIVER_TB
06SGE0059,,103.6362,-1.6585,PURI_LESTARI_MT
06SGE0060,,103.6456,-1.661,MEKARJAYA_SGE_TB
06SGE0061,,103.656,-1.6078,MARENI_MUARA_KUMPEH_CM
06SGE0062,,103.6581,-1.5583,MUARA_KUMPEH_KUMPEH_ULU_PL
06SGE0063,,103.6582,-1.6033,MUARA_KUMPEH_MT
06SGE0064,,103.6618,-1.5389,PELABUHAN_TALANG_DUKU_TB
06SGE0065,,103.6635,-1.5889,TANJUNG_NANGKO_PL
06SGE0066,,103.6647,-1.6001,KASANG_PUDAK2_PL
06SGE0067,,103.665,-1.6467,SMP20_TLGBAKUNG_PL
06SGE0068,,103.6678,-1.6686,KEBON_SEMBILAN_PL
06SGE0069,,103.6683,-1.565,PUDAK_SGE_PL
06SGE0070,,103.6719,-1.635,TALANG_BAKUNG_PL
06SGE0071,,103.6736,-1.5832,LORONG_PESANTREN_JBI_PL
06SGE0072,,103.6767,-1.594,KASANG_PUDAK1_MT
06SGE0073,,103.6768,-1.6029,TAMAN_ACI_PL
06SGE0074,,103.6812,-1.6328,TANGKIT_SUNGAI_GELAM_PL
06SGE0075,,103.6826,-1.5516,SPPAUH_GADING_TB
06SGE0076,,103.6842,-1.6433,TANGKIT_EP
06SGE0077,,103.6873,-1.5848,KOTA_KARANG_IB
06SGE0078,,103.6888,-1.4918,SENAUNG_MT
06SGE0079,,103.7034,-1.6607,PRATAMA_TANGKIT_PL
06SGE0080,,103.7165,-1.589,SOLOK_TANGKITBARU_TB
06SGE0081,,103.7412,-1.7066,SUNGAI_GELAM_JAMBI_EP
06SGE0082,,103.7872,-1.5988,ARANG_ARANG_MT
06SGE0083,,103.8008,-1.6897,PARIT_MT
06SGE0084,,103.838,-1.7729,PETALING_JAYA_TB
06SGE0085,,103.8426,-1.5496,TELUK_RAYA_SGE_ST
06SGE0086,,103.8623,-1.4981,MEKAR_SARI_SGE_PL
06SGE0087,,103.865,-1.7154,RT22_SUMBER_AGUNG_TB
06SGE0088,,103.8687,-1.7842,MINGKUNG_JAYA_MT
06SGE0089,,103.9251,-1.7721,SUNGAI_GELAM_TB
06SGE0090,,103.9809,-1.3981,TANJUNG_JMB_PL
06SGE0091,,103.6664,-1.4813,MUARO_JAMBI_MT
06SGE0092,,103.5366,-1.8061,TEMPINO_MT
06SGE0093,,103.3518,-1.3335,KM_58_SUKOAWIN_PL
06SGE0094,,103.6947,-1.6555,TANGKIT2_PL
06SGE0095,,103.5212,-1.7768,TEMPINO1_PL
06SGE0096,,103.7099,-1.6233,TANGKIT_BARU_TGNANAS_PL
06SGE0097,,103.8418,-1.7848,PETALING_2_PL
06SGE0098,,103.5636,-1.5666,PENYENGAT_OLAK_CM
06SGE0099,,103.5113,-1.4615,PERKANTORAN_MUARA_TB
06SGE0100,,103.7181,-1.5648,SAKEAN_KUMPEH_TB
06SGE0101,,103.5407,-2.0187,TANJUNG_LEBAR_BARSEL_PL
06SGE0102,,103.7387,-1.5786,DESA_TARIKAN_KUMPEH_PL
06SGE0103,,103.6523,-1.7067,TALANG_BELIDO_PL
06SGE0104,,103.9569,-1.4603,SUNGAI_BUNGUR_SKANDIS_TB
06SGE0105,,103.5861,-1.5022,JAMBI_KECIL_MAROSEBO_PL
06SGE0106,,103.7498,-1.6145,DESA_SUNGAI_TERAP_KUMPEH_TB
06SGE0107,,103.5885,-1.534,MUDUNG_DARAT_PL
06SGE0108,,103.794,-1.794,LADANG_PANJANG_PETALING_TB
06SGE0109,,103.4806,-1.5289,DESA_TANTAN_PL
06SGE0110,,103.8902,-1.3677,LONDRANG_SKANDIS_PL
06SGE0111,,103.932,-1.5158,PEMATANG_RAMAN_PL
06SGE0112,,103.51,-1.6103,UIN_STS_JAMBI_PL
06SGE0113,,103.6326,-1.484,DESA_BARU_MAROSEBO_PL
06SGE0114,,103.8113,-1.504,RAMIN_KUMPEH_ULU_PL
06SGE0115,,103.8105,-1.587,SIPIN_TELUK_DUREN_PL
06SGE0116,,103.7723,-1.7245,SUNGAI_GELAM_PL
06SGE0117,,103.8177,-1.7918,TRIMULYA_JAYA_PL
06SGE0118,,103.4143,-1.7252,DESA_MUHAJIRIN_PL
06SGE0119,,103.5402,-1.7004,SUNAGI_BERTAM_PL
06SGE0120,,103.9144,-1.5384,BETUNG_KUMPEH_PL
06SGE0121,,103.9986,-1.38,GEDONG_KARYA_PL
06SGE0122,,103.5572,-1.4905,TUNAS_BARU_SEKERMAN_PL
06SGE0123,,103.7273,-1.6819,SIMPANG_DEWAN_SEI_GELAM_PL
06SGE0124,,103.4343,-1.7937,TANJUNG_PAUH_KM39_PL
06SGE0125,,103.5392,-1.7717,NAGASARI_MESTONG_MT
06SGE0126,,103.4596,-1.5886,PIJOAN_MENDALO_DARAT_PL
06SGE0127,,103.678,-1.6242,BAKUNGJAYA_PAAL_MERAH_ST
06SPN0001,,101.2569,-1.7752,GUNUNG_LABU_TB
06SPN0002,,101.2581,-1.818,KAYU_ARO_KERINCI_TB
06SPN0003,,101.2813,-1.7828,KERSIK_TUO_TB
06SPN0004,,101.296,-1.797,SUNGAI_TANDUK_TB
06SPN0005,,101.3278,-1.7357,TANGKIL_SPN_ST
06SPN0006,,101.3461,-1.9586,DUSUN_BARU_PL
06SPN0007,,101.3507,-1.9771,SIULAK_DERAS_TB
06SPN0008,,101.3736,-1.9927,MUARA_SEMERAH_MT
06SPN0009,,101.3822,-2.0127,SIKUNGKUNG_TB
06SPN0010,,101.3911,-1.9913,KEMANTAN_DARAT_TB
06SPN0011,,101.4168,-2.019,SUNGAI_TUTUNG_ST
06SPN0012,,101.4299,-2.116,TANJUNG_PAUH_MUDIK_TB
06SPN0013,,101.4422,-2.1514,SUMEREP_TB
06SPN0014,,101.4525,-2.1032,PONDOK_BERINGIN_TB
06SPN0015,,101.4656,-2.1725,KOTO_TUO_TB
06SPN0016,,101.47,-2.0795,HIANG_EP
06SPN0017,,101.5086,-2.1791,JUJUN_CM
06SPN0018,,101.5258,-2.1207,TUGU_KSN_TB
06SPN0020,,101.5894,-2.1632,DUSUN_PULAU_SANGKAR_ST
06SPN0021,,101.6371,-2.1849,TAMIAI_TB
06SPN0022,,101.4431,-2.0378,AIRPANAS_SUNGAIABU_TB
06SPN0023,,101.4916,-2.1059,CUPAK_KERINCI_MT
06SPN0025,,101.3252,-1.9344,SUNGAILEBUH_ST
06SPN0027,,101.4658,-2.1215,UJUNG_PASIR_MT
06SPN0028,,101.5642,-2.128,PENGASI_BARU_ST
06SPN0029,,101.5767,-2.2162,KEBUNBARU_GUNUNGRAYA_PL
06SPN0031,,101.3552,-1.971,SIULAK_MUKAI_TB
06SPN0033,,101.3386,-1.9659,SIULAK_PANJANG_TB
06SPN0034,,101.2916,-1.7767,TUGU_MACAN_PL
06SPN0035,,101.3424,-1.7175,SUNGAI_RUMPUN_PL
06SPN0037,,101.35,-1.9467,TALANG_TINGGI_PL
06SPN0038,,101.447,-2.1615,LEMPUR_DANAU_PL
06SPN0039,,101.3986,-2.0223,KUBANG_GEDANG_CM
06SPN0040,,101.3141,-1.7549,SUNGAI_SIKAI_TB
06SPN0042,,101.3184,-1.7721,BENDUNG_AIR_KAYUARO_MT
06SPN0043,,101.2521,-1.8044,PATOK_EMPAT_MT
06SRJ0001,,102.4909,-2.2001,BANGUN_JAYO_TB
06SRJ0003,,102.5177,-2.2519,LIMBUR_TEMBESI_TB
06SRJ0004,,102.5805,-2.2646,DESA_TANJUNG_TB
06SRJ0005,,102.6423,-2.4047,PULAU_PANDAN_EP
06SRJ0006,,102.651,-2.5171,SINGKUT_UNIT3_MT
06SRJ0007,,102.6873,-2.3039,BERNAI_SAROLANGUN_PL
06SRJ0008,,102.6974,-2.3811,SPP_PANDAN_EP
06SRJ0009,,102.7122,-2.5045,SINGKUT_EP
06SRJ0010,,102.7124,-2.304,LIDUNGPANJANG_PL
06SRJ0011,,102.7148,-2.4837,PAYO_LEBAR_MT
06SRJ0012,,102.7179,-2.3007,PASAR_SAROLANGUN_MT
06SRJ0013,,102.72,-2.3602,LUBUK_SEPUH_ST
06SRJ0014,,102.7236,-2.2989,SAROLANGUN_EP
06SRJ0015,,102.7245,-2.3509,MUARA_DANAU_MT
06SRJ0016,,102.7358,-2.3227,GUNUNG_KEMBANG_SRJ_TB
06SRJ0017,,102.7412,-2.3125,PERKANTORAN_GUNUNGKEMBANG_PL
06SRJ0018,,102.7945,-2.2026,KARANG_MENDAPO_TB
06SRJ0019,,102.8144,-2.138,PAUH_EP
06SRJ0021,,102.9655,-2.0383,MANDIANGIN_TB
06SRJ0022,,102.9884,-2.0121,TALANG_SERDANG_MT
06SRJ0023,,102.651,-2.5385,BUKIT_BUMIRAYA_MT
06SRJ0024,,102.6743,-2.4427,SUNGAI_MERAH_MT
06SRJ0025,,102.6862,-2.5082,PASAR_SINGKUT_PL
06SRJ0026,,102.7453,-2.2642,LADANG_PANJANG_MT
06SRJ0027,,102.7195,-2.2792,AUR_SOROLANGUN_TB
06SRJ0029,,102.7288,-2.308,SARO_LANGUN_KEMBANG_CM
06SRJ0030,,102.7099,-2.2916,AUR_GADING_SAROLANGUN_ST
06SRJ0031,,102.5595,-2.2522,TANJUNG_BATHIN_VIII_PL
06SRJ0032,,102.5924,-2.274,DARUL_ULUM_SAROLANGUN_PL
06SRJ0033,,102.6313,-2.3806,LUBUK_RESAM_TB
06SRJ0034,,102.6461,-2.2984,SUNGAI_BAUNG_PL
06SRJ0035,,102.6648,-2.3057,SUNGAI_ABANG_SAROLANGUN_PL
06SRJ0036,,102.6166,-2.2873,DESA_PULAU_MELAKO_PL
06SRJ0037,,102.7488,-2.4382,BATU_PUTIH_PELAWAN_PL
06SRJ0038,,103.002,-1.961,BUKIT_PARANGINAN_MT
06SRJ0039,,102.5106,-1.97,BUKIT_SUBAN_MERANGIN_MT
06SRJ0040,,102.7499,-2.0391,DESA_BARU_AIRHITAM_MT
06SRJ0041,,102.8932,-2.0699,GURUN_TUO_SIMPANG_MT
06SRJ0042,,102.6959,-1.9975,AIR_HITAM_SAROLANGUN_MT
06SRJ0043,,102.6104,-1.9653,PASAR_PEMATANG_KABAU_MT
06SRJ0044,,102.9187,-2.1139,PEMUSIRAN_MANDIANGIN_MT
06SRJ0045,,102.9383,-2.0762,RANGKILING_MANDIANGIN_MT
06SRJ0046,,102.736,-2.2902,PULAU_PINANG_SAROLANGUN_MT
06SRJ0047,,102.7175,-2.5228,SUNGAI_GEDANG_SINGKUT_PL
06SRJ0048,,102.6026,-2.3953,TELUK_TIGO_PL
06SRJ0049,,102.7126,-2.3759,BUKIT_PELAWAN_MT
06SRJ0050,,102.5365,-1.9398,BUKIT_SUBAN_ST
06SRJ0051,,102.5748,-2.4054,CERMIN_SUNGAI_DAUP_ST
06SRJ0052,,102.7443,-2.5165,DUSUN_REJOSARI_SINGKUT_ST
06SRJ0053,,102.5833,-2.0413,KOTA_HILANG_SAROLANGUN_ST
06SRJ0054,,102.4673,-2.2693,RANTAU_GEDANG_ST
06SRJ0055,,102.684,-2.381,PASAR_PELAWAN_PL
06SRJ0056,,102.8643,-2.1082,GURUN_MUDO_MANDIANGIN_MT
07BNS0001,,104.0955,-2.5213,SRI_GUNUNG_KM121_ST
07BNS0002,,104.1031,-2.496,NUSA_SERASAN_TB
07BNS0004,,104.1076,-2.5319,SRI_GUNUNG_BNS_PL
07BNS0005,,104.1509,-2.8505,PTPN_BNS_TB
07BNS0006,,104.1661,-2.8458,TALANG_JY_IDH_PL
07BNS0007,,104.1818,-2.8132,GAJAHMATI_BABATSOPAT_ST
07BNS0008,,104.1917,-2.8084,SPN_BETUNG_TB
07BNS0009,,104.1968,-2.9349,TALANG_JAYA_CM
07BNS0010,,104.1975,-2.8423,PELDAS_MT
07BNS0011,,104.1991,-2.8894,RANTAU_BAYUR_GT
07BNS0012,,104.2077,-2.8442,SUKAMULYA_BETUNG_PL
07BNS0013,,104.2153,-2.8225,TALANG_JAYA_RAYA_MT
07BNS0014,,104.2223,-2.8472,SEKAYU_BETUNG_PL
07BNS0015,,104.2223,-2.8395,BETUNG_BNS1_PL
07BNS0016,,104.2263,-2.8525,LAIS_PKLBALAI_TB
07BNS0017,,104.2282,-2.849,BETUNG_BNS_EP
07BNS0018,,104.2334,-2.8491,SOKKATAMA_SEKAYUTIMUR_PS
07BNS0020,,104.2436,-2.5687,TLK_TENGGULANG_CM
07BNS0021,,104.2558,-2.8692,PULAU_RAJAK_BNS1_MT
07BNS0022,,104.262,-2.9328,PETALING_BNS_TB
07BNS0023,,104.2671,-2.8507,LINTAS_SUMATERA_TANJUNG_AGUNG_TB
07BNS0024,,104.3018,-2.9299,TERENTANG_BNS_LS
07BNS0025,,104.3039,-2.9669,TEBING_ABANG_TB
07BNS0026,,104.3184,-2.8559,LUBUK_LANCANG1_PL
07BNS0027,,104.3286,-2.6671,PULAU_RIMAU_PL
07BNS0029,,104.3395,-2.8573,LUBUK_LANCANG3_TB
07BNS0030,,104.348,-2.9438,RIMBA_ALAI_CM
07BNS0031,,104.3578,-2.7934,LUBUK_LANCANG_TB
07BNS0032,,104.3588,-2.9698,SIDANG_MAS_MT
07BNS0033,,104.3646,-2.9138,REGAN_AGUNG_MT
07BNS0034,,104.3797,-2.8678,KEDONDONGRAYE_MT
07BNS0035,,104.3802,-2.6855,TELUK_BETUNG_BNS_TG
07BNS0036,,104.3903,-2.8892,PANGKALAN_BALAI5_PL
07BNS0037,,104.3906,-2.8279,RIMBA_TERAP_EP
07BNS0038,,104.3919,-2.8829,HAMID_MARSRI_PL
07BNS0039,,104.395,-2.8901,PANGKALAN_BALAI_MT
07BNS0040,,104.3961,-2.8951,BUKITINDAH_KEDONDONGRAYA_PL
07BNS0041,,104.3966,-2.9531,LUBUK_SAUNG_BNS1_PL
07BNS0042,,104.3982,-2.9833,KARANG_SARI_BNS_MT
07BNS0043,,104.4005,-2.8985,PANGKALAN_BALAI1_MT
07BNS0045,,104.4025,-2.8791,PANGKALAN_BALAI3_TB
07BNS0046,,104.4095,-2.9136,PEMDA_BANYUASIN_MT
07BNS0047,,104.4101,-2.9006,KM35_PLBBETUNG_IB
07BNS0048,,104.4159,-2.9098,PANGKALAN_BALAI4_TB
07BNS0049,,104.4189,-2.7113,AIR_SENDA_TG
07BNS0050,,104.4222,-2.6469,KUALA_PUNTIAN_MT
07BNS0051,,104.4282,-2.9231,LUBUK_SAUNG_BNS2_MT
07BNS0052,,104.4418,-2.8498,TJMENANG_DRT_ST
07BNS0053,,104.4585,-2.9255,PANGKALAN_PANJI_BNS2_PL
07BNS0054,,104.4695,-2.9244,PANGKALAN_PANJI_BNS1_ST
07BNS0055,,104.4833,-1.6684,NT_DESA_TANAH_PILIH_GH
07BNS0056,,104.4847,-2.5924,WANA_MUKTI_TG
07BNS0057,,104.4888,-2.924,TERLANGU_BNS_MT
07BNS0058,,104.5143,-2.925,LINTASSUMATERA_TERLANGU_IB
07BNS0059,,104.5354,-2.6003,BUMI_REJO_CM
07BNS0060,,104.5356,-2.9234,SUKOREJO_BNS_IB
07BNS0061,,104.5391,-2.9232,SEMBAWA_BNS_EP
07BNS0062,,104.549,-2.8945,LIMAU_BANYUASIN_PL
07BNS0063,,104.5538,-2.9273,PERSATUAN_LALANG_MT
07BNS0064,,104.5628,-2.9253,KM26_PLBBETUNG_IB
07BNS0065,,104.5629,-2.576,SUMBER_MUKTI_PL
07BNS0066,,104.5641,-2.9739,TALANG_KEMANG_CM
07BNS0067,,104.5696,-2.5168,PENUGUAN_TB
07BNS0068,,104.5701,-2.9244,MAINAN_TB
07BNS0069,,104.5753,-2.9142,MAINAN_BANYUASIN_PL
07BNS0070,,104.607,-2.8787,SUNGAI_RENGIT_ST
07BNS0071,,104.614,-2.8976,SUNGAI_RENGIT1_PL
07BNS0072,,104.616,-2.9124,AIR_BATU_TB
07BNS0074,,104.623,-2.9054,TALANG_BUNGIN_MT
07BNS0075,,104.6276,-2.9234,RAWA_MAJU_PL
07BNS0076,,104.6297,-2.9154,SUKOMORO_BNS_TB
07BNS0077,,104.6315,-2.871,SUKA_MAKMUR_PL
07BNS0078,,104.6368,-2.9084,TALANG_ILIR_MT
07BNS0079,,104.6374,-2.9173,NIPON_SARIROTI_PL
07BNS0080,,104.6387,-2.8903,JLSEGARAN_PL
07BNS0081,,104.6396,-2.9144,SUKAMORO_IB
07BNS0082,,104.6436,-2.9127,TALANG_KELAPA_MT
07BNS0083,,104.6509,-2.9024,SUKAJADI_BNS_PL
07BNS0084,,104.651,-2.9163,SUKAJADI_PLB_TB
07BNS0085,,104.6529,-2.9112,PANGKALAN_BENTENG_ST
07BNS0086,,104.6564,-2.8711,SUKAMORO_BNS_MT
07BNS0087,,104.658,-2.8964,GADING_PESONA_TB
07BNS0088,,104.6603,-2.9062,BETUTU_LAMA_TB
07BNS0089,,104.6642,-2.8985,KOMP_HANDAYANI_PL
07BNS0090,,104.6644,-2.8907,SUKAMORO_BANYUASIN_TB
07BNS0091,,104.6646,-2.9144,WIRAKRY_SUKAMORO_KM14_PL
07BNS0092,,104.669,-2.9234,TANAH_MAS_TB
07BNS0093,,104.6702,-2.9041,SUKA_MULYA_PL
07BNS0094,,104.6727,-2.9298,DAMAI_SUKAMORO_PL
07BNS0095,,104.6734,-2.8983,TALANGBETUTU_SUKARAMI_TB
07BNS0096,,104.6782,-2.9121,SERASI_SUKAJADI_PL
07BNS0097,,104.6843,-2.6755,TANJUNG_LAGO_TG
07BNS0098,,104.7042,-2.6495,JALUR17_TJ_LAGO_MT
07BNS0099,,104.7103,-2.7069,JALUR19_TJ_LAGO_MT
07BNS0100,,104.7337,-2.8814,TANAHMAS_BANYUASIN_IB
07BNS0101,,104.7343,-2.7302,SUKATANI_TANJUNGLAGO_IB
07BNS0102,,104.7376,-2.9044,SOAKUJUNGPLG_TB
07BNS0103,,104.7376,-2.8942,TALANG_KERAMATPLG1_MT
07BNS0104,,104.7403,-2.8029,GASING_MT
07BNS0105,,104.7443,-2.6455,SRI_MENANTI_BNS_CM
07BNS0106,,104.7465,-2.8961,TALANG_KERAMATPLG2_MT
07BNS0107,,104.7481,-2.5866,KARANG_BARU_BNS_MT
07BNS0109,,104.752,-2.9087,SEISEDAPAT_PLG_MT
07BNS0110,,104.7566,-2.8996,TALANG_KERAMAT1_PL
07BNS0111,,104.7626,-2.9065,TALANG_KERAMAT_ST
07BNS0112,,104.7627,-2.8987,ELOKPERSADA_RESIDENCE_MT
07BNS0114,,104.765,-2.915,CORONA_PERUM_PL
07BNS0115,,104.7697,-2.9026,KENTEN_PL
07BNS0116,,104.7697,-2.9126,KENTEN_INDAH_PLG_MT
07BNS0117,,104.7704,-2.9081,KENTEN_TALANGKELAPA_TB
07BNS0118,,104.7725,-2.893,KENTEN_LAUT3_TB
07BNS0119,,104.7724,-2.8989,PANGERANAYIN_KENTENLAUT_ST
07BNS0120,,104.7766,-2.8974,KENTEN_KERAMAT_TB
07BNS0121,,104.7777,-2.9133,TALANG_JERIT_PLG_TB
07BNS0122,,104.7782,-2.9032,KENTEN_LAUT2_TB
07BNS0123,,104.7798,-2.9078,TALANGKALAPA_PL
07BNS0124,,104.7834,-3.0469,JAKABARING_MT
07BNS0125,,104.7835,-3.04,OPI_JAKABARING_ST
07BNS0126,,104.7837,-2.8968,KENTEN_LAUT1_PL
07BNS0127,,104.7909,-3.0389,OPI_WATERBOOM_MT
07BNS0128,,104.7914,-3.0365,I2_OPIMALLPALEMBANG_IJ
07BNS0129,,104.792,-3.0491,SEI_BENGKUANG_DALAM_PL
07BNS0130,,104.7944,-3.0425,JAKABARING_PLG_TB
07BNS0131,,104.7977,-2.9252,JEPANG_SAKO_PL
07BNS0132,,104.808,-2.9324,MARIANA_ILIR_CM
07BNS0133,,104.812,-3.0593,MERITAI_PL
07BNS0134,,104.818,-3.0295,ILIR_TIMUR_TB
07BNS0135,,104.8206,-2.9164,MARIANA_ILIR1_IB
07BNS0136,,104.8249,-2.5192,MUARA_TLG_MARGO_ST
07BNS0137,,104.8287,-3.0182,SUNGAI_PINANG_BNS_PL
07BNS0138,,104.8348,-2.3853,RIMAU_SUNGSANG_TB
07BNS0139,,104.8353,-3.0308,SUNGAI_PINANG2_PL
07BNS0140,,104.8385,-3.04,PANGGELABAK_PL
07BNS0141,,104.8402,-2.6817,TELANG_MAKMUR_MT
07BNS0142,,104.8421,-2.9502,TAKWAMERAH_ST
07BNS0143,,104.8468,-3.0027,LAP_POSKA_BNS_ST
07BNS0144,,104.849,-2.5604,TERUSAN_TENGAH_TG
07BNS0145,,104.8547,-2.9823,STI_SUNGAI_GERONG_TB
07BNS0146,,104.857,-2.9274,MERAH_MATA_TB
07BNS0147,,104.8627,-3.0581,LINTAS_PLAJU_KAYU_AGUNG_PL
07BNS0148,,104.863,-2.9194,KRIOROJALI_MERAHMATA_ST
07BNS0149,,104.8632,-2.9845,SUNGAIKEDUKAN_ST
07BNS0150,,104.8657,-2.9792,SABAR_JAYA1_PL
07BNS0151,,104.868,-3.001,DUA_RIVER_MT
07BNS0152,,104.8684,-3.0702,GELEBAK_MT
07BNS0153,,104.8718,-2.9703,MARIANA_MUBA_CM
07BNS0154,,104.8796,-2.9643,SUNGAI_KEDUKAN_TB
07BNS0155,,104.8874,-2.4889,TANJUNG_BARU_BNS_TG
07BNS0156,,104.8923,-2.9478,SABAR_JAYA_TB
07BNS0157,,104.8936,-2.5571,JALUR_LIMA_PL
07BNS0158,,104.8965,-2.5978,PANCAMUKTI_MT
07BNS0159,,104.897,-2.3633,SUNGSANG_MT
07BNS0160,,104.8987,-3.0945,GELEBAK_DALAM_MT
07BNS0161,,104.9022,-2.6725,TELANG_JAYA_ST
07BNS0162,,104.9043,-2.9219,DUREN_IJO_BNS_MT
07BNS0163,,104.9058,-2.3556,SUNGSANG_IVBANYUASIN_PL
07BNS0164,,104.911,-3.1286,SIMPANGRAMBUTANRAMBUTAN_ST
07BNS0165,,104.9444,-2.912,TIRTO_SARI_TG
07BNS0166,,104.951,-2.8322,DUSUNTELUK_TENGGIRIK_ST
07BNS0167,,104.961,-2.7165,SUKAJADI_UPANG_PL
07BNS0168,,104.9616,-2.7376,UPANG_MT
07BNS0169,,104.97,-2.9574,SIDOMULYO_BNS_MT
07BNS0170,,104.9753,-2.4858,MAKARTI_JAYA_TB
07BNS0171,,104.9891,-2.3958,PENDOWO_HARJO_CM
07BNS0172,,104.9997,-2.9228,PAL_BNS_TB
07BNS0173,,105.0001,-2.6281,SALEH_MUKTI_ST
07BNS0174,,105.0041,-2.9417,JLINPRES_PL
07BNS0175,,105.0091,-2.7058,SIDOHARJO_BNS_MT
07BNS0176,,105.0279,-2.635,SIDOHARJO_BNS1_CM
07BNS0177,,105.0406,-2.8399,SIDO_MAKMUR_TB
07BNS0178,,105.0462,-2.9266,AIR_KUMBANG_PL
07BNS0179,,105.0475,-2.569,ENGGAL_REJO_MT
07BNS0180,,105.0577,-2.6086,DAMAR_WULAN_TB
07BNS0181,,105.0669,-2.9074,NUSA_MAKMUR_MT
07BNS0182,,105.0716,-2.6985,MUARA_PDG_SLT_TB
07BNS0183,,105.1081,-2.5887,AINUL_YAQIN_MT
07BNS0184,,105.1261,-2.6731,MUARA_PADANG_BNS_EP
07BNS0185,,105.1488,-2.6016,JALUR_TB
07BNS0186,,105.1673,-2.5355,SUGIH_WARAS_BNS_TB
07BNS0187,,105.1861,-2.6891,TIRTORAHARJO_MT
07BNS0188,,105.2097,-2.4656,ARGO_MULYO_TG
07BNS0189,,105.2695,-2.4856,MEKAR_JAYA_BNS_ST
07BNS0190,,105.1578,-2.4122,NT_DESA_GILIRANG_PL
07BNS0192,,104.466,-2.6089,WANA_MUKTI_ST
07BNS0194,,104.5525,-2.4808,PENUGUAN_BNS_TB
07BNS0195,,104.1225,-2.5281,MEKAR_JADI_MT
07BNS0196,,104.8116,-3.0376,SUNGAI_KEDUKAN_PL
07BNS0197,,105.0055,-2.9508,B9_INPRES_PL
07BNS0198,,104.8623,-2.668,MUARA_TELANG_BNS_PL
07BNS0199,,104.5794,-2.8513,SUNGAI_RENGIT_DALAM_BNS_PL
07BNS0200,,104.8209,-2.6946,TELANG_KARYA_PL
07BNS0201,,104.5472,-2.5409,SELAT_PENUGUAN_PL
07BNS0202,,104.8794,-2.6563,MUARA_TELANG2_TB
07BNS0203,,104.8766,-2.5951,SUMBER_MULYA_PL
07BNS0204,,104.216,-2.5951,KARANG_MULYA_PL
07BNS0205,,105.0711,-2.8394,KUMBANG_PADANG_PERMATA_MT
07BNS0206,,104.2688,-2.5726,MARGA_RAHAYU_MT
07BNS0207,,104.8903,-3.0588,MENTEN_RAMBUTAN_PL
07BNS0208,,104.8989,-2.6185,PANCA_MUKTI2_PL
07BNS0209,,104.9008,-2.6473,PANCA_MUKTI3_PL
07BNS0210,,104.8216,-2.9339,HUSIN_BASRI_MT
07BNS0211,,104.8814,-2.6916,TELANG_MAKMUR_PL
07BNS0212,,104.8047,-2.4548,TELUK_PAYO_PL
07BNS0214,,105.1279,-2.5981,DAYA_MAKMUR_MT
07BNS0216,,104.9886,-2.6994,SRI_MULYO_AIR_SALEK_MT
07BNS0218,,104.9053,-2.4894,SUMBER_MARGA_TELANG_MT
07BNS0219,,104.8008,-2.7015,TELANG_KARYA_MT
07BNS0220,,104.7655,-2.6436,TELANG_SARI_LAGO_MT
07BNS0221,,104.8068,-2.3752,PELABUHAN_TJG_APIAPI_GH
07BNS0222,,104.7223,-2.6475,BANYU_URIP_TJ_LAGO_ST
07BNS0223,,104.7292,-2.6868,BANYU_URIP2_TJ_LAGO_ST
07BNS0224,,105.0885,-2.6638,DESA_MARGOMULYO_ST
07BNS0225,,104.5177,-2.5111,KELAPA_DUA_PENUGUAN_ST
07BNS0226,,105.2499,-2.4785,MUARA_SUGIHAN_ST
07BNS0227,,104.246,-2.8491,RIMBA_ASAM_BETUNG_ST
07BNS0228,,105.0317,-2.9101,RIMBA_JAYA_ST
07BNS0229,,104.7877,-2.4893,ROAD_TANJUNG_SIAPI_ST
07BNS0230,,105.15,-2.6753,SIDOMULYO_MUARA_PADANG_ST
07BNS0231,,104.9799,-2.441,TIRTA_KENCANA_PL
07BNS0232,,104.8264,-2.9228,SEMATANG_BORANG_TB
07BNS0233,,104.3319,-2.9702,SIDANG_MAS_TB
07LHT0001,,103.0384,-4.1315,PUMU_TB
07LHT0002,,103.0645,-4.1486,RDTO_TANJUNG_SAKTI_TB
07LHT0003,,103.071,-4.1666,TANJUNG_SAKTI_MT
07LHT0005,,103.1466,-4.0887,KERINJING_MT
07LHT0006,,103.1588,-3.9063,BANDU_AGUNG_TB
07LHT0007,,103.1871,-3.9716,JARAI_PL
07LHT0008,,103.1886,-3.9383,KEPAHIANG_PAGERALAM_TB
07LHT0009,,103.1931,-3.9551,JARAI1_ST
07LHT0010,,103.196,-3.7349,NANJUNGAN_LHT_TB
07LHT0011,,103.1973,-3.6143,JAJARAN_BARU_TB
07LHT0012,,103.2177,-3.9734,GUNUNG_LIWAT_GH
07LHT0013,,103.2313,-3.99,SELIBAR_PL
07LHT0014,,103.2551,-3.7472,PAGAR_JATI_LHT_TB
07LHT0015,,103.2591,-3.6836,KIKIM_MT
07LHT0016,,103.2923,-3.9916,TALANG_TANGSI_PL
07LHT0017,,103.3806,-3.7023,BUNGA_MAS_MT
07LHT0018,,103.4399,-4.0735,KOTA_AGUNG_LAHAT_TB
07LHT0019,,103.4453,-3.7625,SUGIH_WARAS_LAHAT_TB
07LHT0020,,103.4672,-3.6711,SP3_SUMUR_TB
07LHT0021,,103.4925,-4.0414,MULAK_ULU_TB
07LHT0022,,103.5006,-3.7584,GUNUNG_GAJAH_LAHAT_PL
07LHT0023,,103.5085,-3.9184,PULAU_PINANG_LHT_TB
07LHT0025,,103.5221,-3.8006,SUKANEGARA_DSNLAHAT_PL
07LHT0026,,103.524,-3.7886,LAHAT_TB
07LHT0027,,103.5252,-3.7818,SELAWI_LAHAT_ST
07LHT0028,,103.527,-3.7872,PAGAR_AGUNG_LHT_MT
07LHT0029,,103.53,-3.7965,STO_LAHAT_RELOK_MT
07LHT0030,,103.5327,-3.7853,TALANG_JAWA_LAHAT_PL
07LHT0031,,103.5336,-3.7744,KAPTENSATAR_KOTABARU_PL
07LHT0032,,103.5357,-3.8138,TANJUNG_PAYANG_LAHAT_MT
07LHT0033,,103.5388,-3.8051,TANJUNG_PAYANG_TB
07LHT0034,,103.5389,-3.7924,SARELO_LAHAT_CM
07LHT0035,,103.5392,-3.7837,PASAR_LAMA_LAHAT_PL
07LHT0036,,103.5481,-3.7856,KOTA_NEGARA_LAHAT_ST
07LHT0037,,103.5534,-3.7866,MARTADINATA_LAHAT_MT
07LHT0038,,103.5534,-3.7786,LAHAT_CITY_TB
07LHT0039,,103.5571,-3.7891,BANDAR_AGUNG_LAHAT_ST
07LHT0040,,103.5571,-3.7699,LAHAT_BDRJAYA_TB
07LHT0041,,103.5656,-3.7835,LAHAT_MANGGUL_TB
07LHT0042,,103.5668,-3.7767,MANGGUL_LAHAT_TB
07LHT0043,,103.5716,-3.7794,MANGGUL_LHT_TB
07LHT0044,,103.5861,-3.7811,KOTA_RAYA2_TB
07LHT0045,,103.6458,-3.7786,TANJUNGBARU_DUA_IB
07LHT0046,,103.661,-3.7569,KEBUR_MT
07LHT0047,,103.6826,-3.7129,GUNUNG_KEMBANG_LHT_IB
07LHT0048,,103.6999,-3.6708,ARAHAN_LHT_PL
07LHT0049,,103.7075,-3.6469,GEDUNG_AGUNG_IB
07LHT0050,,103.7426,-3.6549,ENIM20_MUARA_LAWAI_PL
07LHT0051,,103.7435,-3.6341,ENIM11_SRIWIJAYAENIM_PL
07LHT0052,,103.7569,-3.6688,ENIM14TVRI_MUARAENIM_PL
07LHT0053,,103.5662,-3.9501,RIMBA_SUJUD_MT
07LHT0054,,103.1391,-3.904,MUARA_GELUMPAI_MT
07LHT0055,,103.4608,-3.7649,GUMAY_TALANG_MT
07LHT0056,,103.135,-3.6124,SIDOMAKMUR_KIMBAR_PL
07LHT0057,,103.506,-3.7397,SARIBUNGAMAS_LAHAT_PL
07LHT0058,,103.2604,-3.9627,PAJARBULAN_LAHAT_PL
07LHT0059,,103.0744,-4.1345,GUNUNG_KEMBANG_PUMI_TB
07LHT0060,,103.0276,-4.1209,BATU_RANCING_PUMU_PL
07LHT0061,,103.6267,-3.7821,SUKA_MARGA_LHT_PL
07LHT0062,,103.6914,-3.6902,BANJAR_SARI_LHT_PL
07LHT0063,,103.6805,-3.7355,SIRAH_PULAU_PL
07LHT0064,,103.6409,-3.8444,TALANG_AKAR_PL
07LHT0065,,103.4589,-4.0572,MUARA_GULA_PL
07LHT0066,,103.2346,-3.9478,PAJAR_BULAN2_LAHAT_CM
07LHT0067,,103.6667,-3.8663,DESA_PERANGAI_TB
07LHT0068,,103.5539,-3.9427,PAGAR_GUNUNG_PL
07LHT0069,,103.4462,-3.9724,TANJUNGTEBAT_PL
07LHT0070,,103.2836,-3.7709,PSEKSU_PL
07LHT0072,,103.2599,-3.716,BANU_AYU_KIKIM_SLT_PL
07LHT0073,,103.3681,-3.7165,LUBUK_LAYANG_ULU_PL
07LHT0074,,103.5238,-3.8781,TANJUNG_SIRIH_MT
07LHT0075,,103.3706,-3.5561,MARGAMULYA_KIKIMTMR_PL
07LHT0077,,103.1839,-3.7466,TANJUNG_KURUNG_MT
07LHT0086,,103.2074,-3.5773,WANARAYA_KIKIM_BARAT_PL
07LHT0091,,103.3254,-3.6949,KARANG_ENDAH_LAHAT_PL
07LHT0094,,103.483,-3.606,PASAR_PURWARAJA_KIMTIM_TB
07LHT0097,,103.3488,-3.6351,CECAR_KIKIM_TIMUR_PL
07LHT0100,,103.757,-3.6294,ISLAMIC_CENTER_ENIM_MT
07LHT0102,,103.506,-3.8089,BATAY_GUMAY_TALANG_PL
07LHT0103,,103.4303,-4.0572,SUKARAMI_KOTA_AGUNG_PL
07LHT0105,,103.5617,-3.7787,BANDAR_AGUNG_LHT_MT
07LHT0106,,103.5677,-3.7698,MANGGUL_LAHAT2_LHT_PL
07LLG0001,,102.8138,-3.1431,SELANGIT_TB
07LLG0002,,102.8236,-3.0641,TERAWAS_TB
07LLG0003,,102.8613,-3.0193,SUKAMANA_TB
07LLG0004,,102.9008,-3.1227,PEMATANG_LLG_TB
07LLG0005,,102.9166,-3.0936,SUMBER_HARTA_MT
07LLG0006,,102.918,-2.9531,KARYAMULYA_LLG_MT
07LLG0008,,102.938,-3.1592,WUKIR_SARI_MT
07LLG0009,,102.9433,-3.2174,KETUAN_JAYA_MT
07LLG0010,,102.9454,-3.1068,SUMBER_HARTA1_CM
07LLG0011,,102.9463,-3.1968,TUGU_MULYO_EP
07LLG0012,,102.9531,-3.0679,JADI_MULYA_NIBUNG_TB
07LLG0013,,102.9543,-3.1433,SITI_HARJO_ST
07LLG0014,,102.9545,-3.1841,KALIBENING_LLU_PL
07LLG0015,,102.9569,-3.1682,MATARAM_TUGUMULYO_MT
07LLG0016,,102.967,-3.1949,MUSI_RAWAS_CM
07LLG0017,,102.9719,-3.1134,MARDI_HARJO_TB
07LLG0018,,102.9809,-3.1076,PURWODADI_MURA_PL
07LLG0019,,102.9825,-3.2672,LUBUK_KUPANG_TB
07LLG0020,,102.9847,-3.0445,SUMBERREJO_DALAM_TB
07LLG0021,,102.9852,-3.1858,TAMBAH_ASRI_PL
07LLG0022,,102.9916,-2.9177,CAMPURSARI_MN
07LLG0023,,103.0022,-3.0592,SOEKARNO_WONOSARI_PL
07LLG0024,,103.0024,-3.1639,WONOREJO_LLG_EP
07LLG0025,,103.0051,-2.9524,JAJARAN_BARU_MEGANG_TB
07LLG0026,,103.0077,-3.2442,LINGGAU10_TB
07LLG0027,,103.0105,-3.0462,WRM_SEDERHANA_MT
07LLG0028,,103.0149,-2.9904,JAJARAN_BARU1_PL
07LLG0029,,103.023,-3.0345,MEGANG_SAKTI_MT
07LLG0030,,103.0401,-3.2451,MUARA_BELITI_EP
07LLG0031,,103.0542,-3.3374,SIMPANG_MUARA_KATI_TB
07LLG0033,,103.0614,-3.3905,LUBUK_BESAR_PLB_TB
07LLG0035,,103.0848,-3.042,KARYA_SAKTI_TRANS_JUANDA_TB
07LLG0037,,103.1201,-2.8071,SP3TRANS_SUBUR_EP
07LLG0039,,103.1313,-3.1369,SIMPANG_SEMAMBANG_TB
07LLG0040,,103.1531,-2.9708,BELITI_JAYA_TB
07LLG0041,,103.1531,-3.1799,DARMA_SAKTI_ST
07LLG0042,,103.168,-3.3679,JAYA_LOKA_TB
07LLG0043,,103.1705,-2.8062,SP12_TRANS_SUBUR_TB
07LLG0044,,103.1748,-3.2244,SUKAKARYA_SIMP_SEMAMBANG_ST
07LLG0046,,103.195,-3.3754,GIRIYOSO_MT
07LLG0047,,103.2281,-3.0791,MUARA_KELINGI_PL
07LLG0049,,103.2526,-3.0202,MAMBANG_LLG_MT
07LLG0050,,103.3142,-2.8563,MUARA_LAKITAN_MT
07LLG0051,,103.3194,-2.9161,SUNGAI_PINANG_LLG_MT
07LLG0052,,103.3216,-3.1023,TEMUANSARI_KN
07LLG0056,,102.6888,-2.9537,SUKARAJA_TB
07LLG0057,,102.713,-2.9081,SUKAMENANG_TB
07LLG0058,,102.7971,-2.6279,LESUNG_BATUMUDA_PL
07LLG0059,,102.9255,-3.1772,WONOKERTO_CM
07LLG0060,,102.9396,-2.7044,RUPIT_PANTAI_MT
07LLG0061,,103.0561,-3.3037,RANTAUGIN_PL
07LLG0062,,103.0795,-3.1849,TUAH_NEGERI_ST
07LLG0063,,103.0859,-3.0123,PAGAR_AYU_CM
07LLG0064,,103.1283,-2.8054,MARGA_BARU_TB
07LLG0065,,103.1861,-3.158,AIR_BELITI_ST
07LLG0066,,103.2468,-3.3549,NGESTIBOGA_II_MT
07LLG0067,,103.3535,-3.3861,TRIJAYA_TB
07LLG0068,,103.357,-3.1098,MANGAN_JAYA_PL
07LLG0069,,103.3669,-3.3465,BANGUN_JAYA_PL
07LLG0070,,103.2042,-2.8217,PELITA_JAYA_ST
07LLG0071,,102.9648,-3.0922,PAGAR_SARI_PL
07LLG0072,,102.8991,-3.0869,AIR_DERAS_PL
07LLG0073,,103.0073,-3.0935,TRIKARYA_PURWODADI_PL
07LLG0074,,102.8186,-3.0111,KOSGORO_PL
07LLG0075,,103.342,-3.4896,MULYOHARJO_BTS_ULU_PL
07LLG0076,,103.219,-2.9913,TUGU_SEMPURNA_PL
07LLG0077,,103.1441,-3.165,JAYA_BAKTI_LLG_TB
07LLG0078,,103.1459,-3.0196,LUBUK_TUA_PL
07LLG0079,,103.3588,-3.524,TRIMUKTI_BTS_ULU_PL
07LLG0080,,103.0394,-3.1229,AIR_LESING_PL
07LLG0081,,103.3802,-3.4954,SUKAMAKMUR_BTS_ULU_PL
07LLG0082,,103.3653,-3.4292,KOTABARU_BTS_ULU_PL
07LLG0083,,103.3504,-3.4582,RAKSABUDI_BTS_ULU_PL
07LLG0084,,103.3011,-2.9725,SEMANGUS_PL
07LLG0085,,103.1226,-2.9477,KARYA_MUKTI_PL
07LLG0086,,103.2332,-3.2126,SUKARENA_TB
07LLG0087,,103.1523,-2.9194,PETRANS_JAYA_TB
07LLG0088,,103.3147,-2.9541,SEMANGUS_DALAM_PL
07LLG0089,,102.9689,-3.2242,MUARA_BELITI_PL
07LLG0090,,103.0569,-3.0703,MEGANG_SAKTI_IV_PL
07LLG0091,,102.975,-3.1478,DWIJAYA_TUGUMULYO_PL
07LLG0092,,102.9554,-3.0177,SUKARAMI_JAYA_CM
07LLG0093,,103.1504,-3.2509,SUKOWARNO_PL
07LLG0094,,102.9691,-3.0073,DESA_MADANG_PL
07LLG0095,,103.2055,-3.0953,MANDI_AUR_PL
07LLG0096,,103.3025,-2.9434,MUARA_RENGAS_PL
07LLG0097,,102.8887,-2.9536,REJO_SARI_MEGANG_SAKTI_PL
07LLG0098,,103.3068,-2.8868,SEMETEH_MT
07LLG0099,,102.9146,-3.149,SUKA_KARYA_TERAWAS_PL
07LLG0101,,102.9602,-3.2427,AIR_SATAN_MT
07LLG0102,,103.026,-3.0138,MEGANG_SAKTI_V_MT
07LLG0103,,102.7993,-3.0049,STL_ULU_TERAWAS_MT
07LLG0104,,103.3379,-2.8368,MUARA_LAKITAN2_ST
07LLG0105,,103.3043,-2.8151,MUARA_LAKITAN3_ST
07LLG0106,,103.1756,-3.3139,NGESTI_BOGA1_ST
07LLG0107,,102.9501,-3.1252,REJOSARI_PURWODADI_ST
07LLG0108,,102.9698,-3.1762,SIDOHARJO_TGMULYO_ST
07LLU0001,,102.8295,-3.3214,WALIKOTA_LUBUK_LINGGAU_MT
07LLU0002,,102.8324,-3.1741,DURIAN_RAMPAK_TB
07LLU0003,,102.8371,-3.3135,KAYU_ARA_CM
07LLU0004,,102.8428,-3.22,PETANANG_TB
07LLU0005,,102.8432,-3.3079,TANJUNG_INDAH_LINGGAU_MT
07LLU0006,,102.846,-3.2436,BAKSO_PAKJENGGOT_LLU_PL
07LLU0007,,102.8477,-3.3004,ULAK_BESAR_MT
07LLU0008,,102.85,-3.2959,ULAK_LEBAR_LUBUK_LINGGAU_ST
07LLU0009,,102.85,-3.3053,LUBUK_AMAN_CM
07LLU0010,,102.8543,-3.2977,KEPUTRAAN_PL
07LLU0011,,102.8554,-3.303,SUKAJADI_LUBUK_LINGGAU_KN
07LLU0012,,102.8597,-3.301,LETKOL_ATMO_LINGGAU_MT
07LLU0013,,102.8598,-3.2854,BGWNSOLO_PASRSATELIT_PL
07LLU0014,,102.8606,-3.2714,LINGGAU8_TB
07LLU0015,,102.8616,-3.2958,TELKOM_LUBUK_LINGGAU_MT
07LLU0016,,102.863,-3.2784,PASAR_SATELIT_TB
07LLU0017,,102.8635,-3.2911,LINGGAU_ILIR_CM
07LLU0018,,102.8643,-3.3061,MUARAENIM_LUBUKLINGGAU_PL
07LLU0019,,102.8666,-3.2866,LUBUK_LINGGAU_UTARA1_MT
07LLU0020,,102.8672,-3.2992,MESAT_JAYA_CM
07LLU0021,,102.869,-3.2946,JAWA_KIRI_PL
07LLU0022,,102.8691,-3.2738,PUNCAK_KEMUNING_CM
07LLU0023,,102.8709,-3.2817,KENANGA_LLU_CM
07LLU0024,,102.871,-3.2911,LUBUK_LINGGAU_EP
07LLU0025,,102.8712,-3.2998,LINGGAU_PL
07LLU0026,,102.8727,-3.2698,LUBUK_LINGGAU_UTARA2_PL
07LLU0027,,102.8757,-3.2932,LUBUK_LINGGAU_TIMUR3_MT
07LLU0028,,102.8782,-3.2879,STI_LUBUK_LINGGAU_TIMUR_NS
07LLU0029,,102.8818,-3.2933,LINGGAU_KOTA_TB
07LLU0030,,102.8874,-3.2839,TABA_JAMEKEH_TB
07LLU0031,,102.8887,-3.2728,LUBUK_LINGGAU_TIMUR2_GH
07LLU0032,,102.896,-3.2804,BATU_URIP_TABA_CM
07LLU0033,,102.903,-3.2749,WATERVANG_TB
07LLU0034,,102.9048,-3.2725,TABA_PINGIN_CM
07LLU0035,,102.9064,-3.2763,RYACUDU_BDL_TB
07LLU0036,,102.9069,-3.2869,TABA_LESTARI_MT
07LLU0037,,102.9101,-3.2689,LUBUK_LINGGAU_TIMUR4_ST
07LLU0038,,102.9117,-3.2731,LUBUK_LINGGAU_TIMUR1_MT
07LLU0039,,102.9143,-3.2672,SIMPANG_PRIUK_LINGGAU_MT
07LLU0040,,102.9184,-3.2684,SIMPANG_PRIUK_MT
07LLU0041,,102.9242,-3.2683,MARGA_RAHAYU_CM
07LLU0042,,102.9249,-3.2958,PELDAHUSNI2_TB
07LLU0043,,102.9283,-3.2762,MARGAMULYA_LLU_PL
07LLU0044,,102.9282,-3.2708,LINGGAU11_TB
07LLU0045,,102.9328,-3.2715,TUGUMUYO_LINGGAU_MT
07LLU0046,,102.9395,-3.2703,SIMPANGPERIUK_PL
07LLU0047,,102.9408,-3.2362,KARANG_KETUAN_PL
07LLU0048,,102.9415,-3.2661,LUBUK_LINGGAU1_MT
07LLU0049,,102.9432,-3.285,AIRTERJUN_TEMAM_MT
07LLU0050,,102.9497,-3.2664,RMSINGGALANG_JAYA_TB
07LLU0051,,102.9577,-3.273,YOS_SUDARSO_LUBUK_KUPANG_PL
07LLU0052,,102.9205,-3.1942,WIDODO_PL
07LLU0053,,102.9318,-3.3338,JUKUNG_PL
07MEN0001,,103.535,-4.2071,AREMANTAI_TB
07MEN0002,,103.562,-4.1818,TANJUNG_RAYA_MEN_TB
07MEN0003,,103.6131,-4.1238,PULAU_PANGGUNG_SEMENDE_TB
07MEN0004,,103.7578,-3.659,ENIM7_TB
07MEN0005,,103.7615,-3.5446,DESA9_UJAN_MAS_LAMA_PL
07MEN0006,,103.7678,-3.6248,ENIM_KEPUR_MEN_TB
07MEN0007,,103.768,-3.6561,LUBUK_AMPELAS_MT
07MEN0008,,103.7692,-3.5943,TANJUNG_RAMAN_TB
07MEN0009,,103.7701,-3.6077,TANJUNG_SERIAN_TB
07MEN0010,,103.7718,-3.663,BAMBANG_UTOYO_PASAR_PL
07MEN0011,,103.7725,-3.6745,ENIM10_KIRAB_REMAJAENIM_PL
07MEN0012,,103.7727,-3.6708,AIR_LINTANG_ENIM_MT
07MEN0013,,103.7733,-3.6489,ENIM2_TB
07MEN0014,,103.7736,-3.6568,TOKO_BINTANG_BARU_MT
07MEN0015,,103.776,-3.6617,MUARA_ENIM_EP
07MEN0016,,103.7768,-3.6785,AIR_LINTANG_MEN_PL
07MEN0017,,103.7759,-3.6645,SIMPANG_KOMPI_MT
07MEN0018,,103.7789,-3.6569,ENIM3_TB
07MEN0019,,103.7795,-3.6694,ENIM8_TB
07MEN0020,,103.7796,-3.773,BUKIT_ASAM2_KN
07MEN0021,,103.78,-3.6437,MUARA_LAWAI_ST
07MEN0022,,103.7801,-3.6522,PERWIRA_PASAR_PL
07MEN0023,,103.7805,-3.5244,MANUNGGAL_JAYA1_MT
07MEN0024,,103.783,-3.6395,ENIM15_TB
07MEN0025,,103.7835,-3.655,MUARA_ENIM1_PL
07MEN0026,,103.7857,-4.0347,SIMPANG_MEO_PL
07MEN0027,,103.7881,-3.6422,RUMAH_TUMBUH_MEN_PL
07MEN0028,,103.7902,-3.6772,ENIM16_YONIF_PL
07MEN0029,,103.7902,-3.6864,LINTASSUMATERA_KARANGRAJA_ST
07MEN0030,,103.7906,-3.7617,BUKIT_ASAM_EP
07MEN0031,,103.7919,-3.6915,ENIM18_TB
07MEN0032,,103.7952,-3.7563,PASAR_TANJUNGENIM_GH
07MEN0033,,103.7959,-3.7936,KEBAN_AGUNG_MEN_ST
07MEN0034,,103.7964,-3.7462,MAYOR_RUDY_PL
07MEN0035,,103.7965,-3.4795,PENANGGIRAN_TB
07MEN0036,,103.7965,-3.7513,TANJUNG_ENIM_MT
07MEN0037,,103.7968,-3.7644,BUKIT_ASAMENIM_TB
07MEN0038,,103.7977,-4.0118,JALAN_LORONG_GH
07MEN0039,,103.7992,-3.7037,STTJENIM_BARU_PL
07MEN0040,,103.7993,-3.7778,JLARWANA_II_MEN_PK
07MEN0041,,103.8005,-3.9113,TANJUNG_KARANGAN_MT
07MEN0042,,103.801,-3.811,DARMO_ENIM_MEN_PL
07MEN0043,,103.8018,-3.7479,HRAKHYAN_MT
07MEN0044,,103.8021,-3.8545,PULAU_PANGGUNG_MUARA_ENIM_TB
07MEN0045,,103.8037,-3.9809,PANDAN_ENIM_TB
07MEN0046,,103.8039,-3.7711,TANJUNG_ENIM_LAWANG_KIDUL_TB
07MEN0047,,103.8044,-3.7663,AIR_PAKU_MT
07MEN0048,,103.8059,-3.9338,TANJUNG_AGUNG_MEN_PL
07MEN0049,,103.8062,-3.7495,TAMBANG_ASAM_TB
07MEN0050,,103.8076,-3.7561,JAMAN_TEGAL_REJO_MT
07MEN0051,,103.8169,-3.4837,PENANGIRAN_IB
07MEN0052,,103.8261,-3.478,SIMPANG_BANTAIAN_MT
07MEN0053,,103.8264,-3.4264,BENAKAT_TB
07MEN0054,,103.8396,-3.436,BENAKAT2_MT
07MEN0055,,103.8444,-3.6289,HARAPAN_JAYA_MEN_ST
07MEN0056,,103.879,-3.4562,GUNUNG_MEGANG_TB
07MEN0057,,103.9206,-3.455,LINTAS_PALEMBANG_PL
07MEN0058,,103.9511,-3.5281,PTPN_VII_SULAI_UNTI_TB
07MEN0059,,103.9699,-3.4405,SIMPANG_BELIMBING_TB
07MEN0060,,103.97,-3.5285,MANUNGGAL_JAYA_MT
07MEN0061,,103.9741,-3.4428,LINGKAR_DESACINTA_KASIH_ST
07MEN0062,,104.0208,-3.4527,TALANG_PADANG_TB
07MEN0063,,104.033,-3.4279,DALAM_MEN_MT
07MEN0064,,104.0525,-3.4861,JEMENENG_TB
07MEN0065,,104.0766,-3.4778,LUBUK_RAMAN_PL
07MEN0066,,104.094,-3.3735,RAMBANG_DANGKU_MT
07MEN0067,,104.0991,-3.5939,SUMBER_RAHAYU_MEN_TB
07MEN0068,,104.1063,-3.8908,PRABUMENANG_TB
07MEN0069,,104.1152,-3.4007,GUNUNG_RAJA_EP
07MEN0070,,104.115,-3.4856,TEBAT_AGUNG_TB
07MEN0071,,104.1501,-3.5527,SUGIH_WARAS_MEN_MT
07MEN0072,,104.175,-3.7911,KARANG_MULYA_MEN_PL
07MEN0073,,104.1837,-3.5522,PAGAR_AGUNG_MEN_TB
07MEN0074,,104.1848,-3.761,KARANG_AGUNG_LUBAI_TB
07MEN0075,,104.221,-3.553,SUGIHAN_MT
07MEN0076,,104.2358,-3.7355,AUR_TB
07MEN0077,,104.2379,-3.2816,MODONG_MEN_MT
07MEN0078,,104.2633,-3.1981,SUNGAI_ROTAN_EP
07MEN0079,,104.273,-3.5785,TANJUNG_RAMBANG_TB
07MEN0080,,104.2796,-3.1044,KASAI_SUNGAIROTAN_MT
07MEN0082,,104.3028,-3.6836,BERINGIN_PLB_TB
07MEN0083,,104.343,-3.343,LEMBAK1_PL
07MEN0084,,104.3507,-3.3388,LEMBAK_TB
07MEN0085,,104.3653,-3.2145,KERTA_MULIA_TB
07MEN0086,,104.3985,-3.3046,KARANG_ENDAH1_ST
07MEN0087,,104.4004,-3.2941,KARANG_ENDAH_TB
07MEN0088,,104.4098,-3.4385,GAUNG_ASAM_LEMBAK_ST
07MEN0089,,104.4329,-3.2466,GELUMBANG_MT
07MEN0090,,104.4392,-3.2409,GELUMBANG1_PL
07MEN0091,,104.452,-3.3365,KELEKAR_TB
07MEN0092,,104.47,-3.2225,SUKA_MENANG_TB
07MEN0093,,104.4733,-3.2702,TAMBANGAN_KELEKAR_PL
07MEN0094,,104.5204,-3.2177,SEGAYAM_ST
07MEN0095,,104.4035,-3.2383,PAYABAKAL_MT
07MEN0096,,104.4517,-3.3598,MENANTI_TB
07MEN0097,,104.1148,-3.8648,PRABU_MENANG_MT
07MEN0098,,104.1707,-3.8168,PAGAR_DEWA_MT
07MEN0099,,103.7897,-3.8292,PULAU_PANGGUNG_PL
07MEN0100,,104.2661,-3.0478,TANJUNG_TIGA_CM
07MEN0101,,104.2604,-3.3261,ALAI_MT
07MEN0102,,103.8124,-3.9456,TANJUNG_AGUNG_ST
07MEN0103,,103.8934,-3.4982,FAJAR_INDAH_TB
07MEN0104,,104.3821,-3.4652,TANJUNG_BUNUT_PL
07MEN0105,,104.2418,-3.3551,PETANANG_ENM_PL
07MEN0106,,103.8143,-3.4254,BETUNG_PDG_BINDU_PL
07MEN0107,,104.4225,-3.2642,SIGAM_GELUMBANG_PL
07MEN0108,,103.7797,-4.0533,INDRAMAYU_TJG_AGUNG_PL
07MEN0109,,103.8043,-3.7326,LINGGA_RAYA_TJGENIM_PL
07MEN0110,,103.9914,-3.4267,BULANG_GN_MEGANG_IB
07MEN0111,,104.2051,-3.7315,RSUD_LUBAI_PL
07MEN0112,,104.0646,-3.4595,LINTAS_TEBAT_AGUNG_PL
07MEN0113,,104.3262,-3.6875,PAGARGUNUNG_LUBAI_PL
07MEN0114,,104.3877,-3.3255,KARANG_ENDAH_SLT_PL
07MEN0115,,104.2574,-3.2193,SUNGAI_ROTAN2_PL
07MEN0116,,104.3504,-3.2283,SEBAU_GELUMBANG_PL
07MEN0117,,104.3185,-3.4769,TALANG_BALAI_PL
07MEN0118,,104.3803,-3.4995,SIALINGAN_PL
07MEN0119,,104.0883,-3.3468,DANGKU_BATURAJA_PL
07MEN0120,,104.3582,-3.1905,TELUK_LIMAU_PL
07MEN0121,,104.063,-3.4055,DESA_KURIPAN_PL
07MEN0122,,104.3471,-3.2811,JAMBU_GELUMPANG_CM
07MEN0123,,104.2916,-3.6434,AIR_ASAM_LUBAI_PL
07MEN0124,,103.9167,-3.4391,GUNUNG_MEGANG_CM
07MEN0125,,103.766,-3.5756,MUARA_GULA_LAMA_PL
07MEN0126,,104.2446,-3.2588,TANJUNG_MIRING_PL
07MEN0127,,104.0978,-3.6227,MARGA_MULYA_RAMBANG_PL
07MEN0129,,104.0979,-3.5774,SUMBER_RAHAYU_RAMBANG_PL
07MEN0130,,103.8018,-3.9641,CENDANA_PADURAKSA_PL
07MEN0131,,103.5819,-4.1664,SEMENDE_DARAT_TENGAH_PL
07MEN0132,,104.5389,-3.2574,SEGAYAM2_MT
07MEN0133,,103.7988,-3.8452,TANJUNG_LALANG_TB
07MEN0134,,103.5462,-4.1947,AREMANTAI_MT
07MEN0135,,104.0124,-3.4255,DESA_DALAM_BELIMBING_MT
07MEN0136,,103.786,-3.5374,UJAN_MAS_BARU_ST
07MEN0137,,103.7695,-3.511,ULAK_BANDUNG_ST
07MEN0138,,103.8052,-3.9987,DESA_LEBAK_BUDI_ST
07MEN0139,,103.7897,-3.9751,EMBAWANG_TANJUNG_AGUNG_GH
07MEN0140,,103.804,-3.8807,LINTAS_TANJUNG_KARANGAN_ST
07MEN0141,,103.7552,-4.0349,LUBUK_NIPIS_ST
07MEN0142,,103.7708,-3.9552,PAGAR_DEWA_ST
07MEN0143,,104.2798,-3.1273,TAMPANG_SUNGAI_ROTAN_ST
07MEN0144,,104.0364,-3.4954,JEMENANG_RAMBANG_ST
07MEN0145,,104.0716,-3.3875,BATU_RAJA_NIRU_ST
07MEN0146,,104.2018,-3.5527,RAMBANG_TANJUNG_RAYA_ST
07MEN0147,,103.8189,-3.623,MUARA_HARAPAN_MT
07MEN0148,,104.167,-3.7693,KARANG_MULYA_LUBAI_PL
07MEN0149,,104.1334,-3.8111,SUMBER_MULYA_ST
07MEN0150,,104.2837,-3.605,SUKAMERINDU_LUBAI_PL
07MEN0152,,104.3686,-3.4087,DESA_KEMANG_PL
07MEN0153,,104.2434,-3.338,DESA_TALANG_NANGKA_ST
07MEN0154,,104.434,-3.3115,EMBACANG_KELEKAR_ST
07MEN0155,,103.798,-3.5033,PLTGU_GUNUNG_MEGANG_ST
07MEN0156,,104.4145,-3.2833,RAYA_KARANG_ENDAH_ST
07MEN0157,,104.4172,-3.2018,DESA_BITIS_GELUMBANG_ST
07MEN0159,,103.9899,-3.4473,BELIMBING_JAYA_TB
07MEN0162,,103.5154,-4.2163,SEGAMIT_TB
07OGI0001,,104.4695,-3.6948,LUBUK_TUNGGAL_PL
07OGI0002,,104.4701,-3.5205,DUSUN2_TJ_BULAN_PL
07OGI0003,,104.5091,-3.4604,TEBEDAK_CM
07OGI0004,,104.5345,-3.4177,PAYARAMAN_TB
07OGI0005,,104.5361,-3.7496,SERI_MENANTI_MT
07OGI0006,,104.5604,-3.1928,PAYAKUBUNG_TB
07OGI0007,,104.5646,-3.6694,MUARA_KUANG_EP
07OGI0008,,104.5697,-3.4318,TEMBAKANG_PL
07OGI0009,,104.5809,-3.3933,FAJAR_BULAN_OGI_MT
07OGI0010,,104.5875,-3.5912,SUKA_CINTA_ST
07OGI0011,,104.5919,-3.3812,SRI_TANJUNG_MT
07OGI0012,,104.5939,-3.4431,BETUNG_ST
07OGI0013,,104.5964,-3.373,JLKERIO_MT
07OGI0014,,104.5994,-3.2011,PAYAKABUNG_PL
07OGI0015,,104.6018,-3.502,LUBUK_KELIAT_CM
07OGI0016,,104.62,-3.3542,TANJUNG_BATU_PLB_PL
07OGI0017,,104.6256,-3.2089,RMPAGISORE_INDRALAYA_TB
07OGI0018,,104.6389,-3.2086,UNSRI_INDRALAYA1_TB
07OGI0019,,104.6452,-3.2186,MI_FAKULTAS_TEKHNIK_UNSRI_MT
07OGI0020,,104.6456,-3.2096,INDRALAYA_PL
07OGI0021,,104.649,-3.2156,MI_REKTORAT_UNSRI_MT
07OGI0022,,104.65,-3.2195,MI_TERMINAL_UNSRI_MT
07OGI0023,,104.6512,-3.3392,TANJUNG_PINANG_MT
07OGI0024,,104.6515,-3.2087,TIMBANGAN_PL
07OGI0025,,104.6516,-3.4418,KUANG_ANYAR_PL
07OGI0026,,104.6531,-3.2039,PROTELINDOINDRALAYA_PL
07OGI0027,,104.6534,-3.2134,UNSRI_INDRALAYA_PL
07OGI0028,,104.6567,-3.22,ASRAMA_MAHASISWA_UNSRI_MT
07OGI0029,,104.6579,-3.2003,SIMPANG_TIMBANGAN_MT
07OGI0030,,104.6587,-3.2124,SIMPANG_INDRALAYA_TB
07OGI0031,,104.6598,-3.1967,TRIFIKA_IDL_TB
07OGI0032,,104.6638,-3.2423,TANJUNG_AGUNG_OGAN_ILIR_PL
07OGI0033,,104.6672,-3.2347,BERINGIN_DALAM_IB
07OGI0034,,104.6672,-3.4439,CINTA_MANIS_PL
07OGI0035,,104.668,-3.2194,INDRALAYA_BARU_EP
07OGI0036,,104.6734,-3.1919,PALEM_RAYA_MT
07OGI0037,,104.674,-3.2505,TASIKDUSUN_INDRALAYA_CM
07OGI0038,,104.6764,-3.3118,MERANJAT_ILIR_ST
07OGI0039,,104.6835,-3.1744,PULAU_SEMAMBU_EP
07OGI0040,,104.6835,-3.2568,ISAT_PSRINDERALAYA_TB
07OGI0041,,104.6886,-3.289,TANJUNG_LUBUK_PL
07OGI0042,,104.6906,-3.4284,SUKANANTI_OGI_TB
07OGI0043,,104.6911,-3.2847,LUBUK_SAKTI_IB
07OGI0044,,104.6977,-3.3063,TJDAYANG_UTARA_OGI_PL
07OGI0045,,104.7062,-3.3047,SUKARAJABARU_PL
07OGI0046,,104.7082,-3.1004,INDERALAYA_SUNGAIRAMBUTAN_PL
07OGI0047,,104.7106,-3.238,TUNAS_AUR_CM
07OGI0048,,104.7323,-3.2304,SUDI_MAMPIR_ST
07OGI0049,,104.7362,-3.3176,ULAK_KERBAU_TB
07OGI0050,,104.7476,-3.4204,RANTAU_ALAI_TB
07OGI0051,,104.7479,-3.2954,RANTAUPANJANG_ULU_MT
07OGI0052,,104.757,-3.181,TALANG_PANGERAN_PL
07OGI0053,,104.757,-3.4326,AALCELL_SERMA_ST
07OGI0054,,104.7586,-3.3233,TALANG_BALAI_BARU_GH
07OGI0055,,104.7606,-3.0833,IBUL_BESAR_LS
07OGI0056,,104.761,-3.1117,RAYA_PEMULUTAN_PELABUHANDALAM_ST
07OGI0057,,104.7734,-3.3363,TANJUNG_RAJA_OGI_TB
07OGI0058,,104.7739,-3.3494,TANJUNG_RAJA2_MT
07OGI0059,,104.775,-3.0466,SINGADEKANE3PLG_TB
07OGI0060,,104.7754,-3.3426,TANJUNG_RAJA_PL
07OGI0061,,104.7817,-3.3395,SERIJABO_SUNGAIPINANG_PL
07OGI0062,,104.7832,-3.0528,KOMPLEK_JAKABARING_TB
07OGI0063,,104.7853,-3.4446,PADAMARAN_DLM_KN
07OGI0064,,104.7873,-3.3487,SUNGAI_PINANG_OGI_PS
07OGI0065,,104.7899,-3.4163,KANDIS_OGI_PL
07OGI0066,,104.8027,-3.3617,PINANG_RIVER_PL
07OGI0069,,104.8012,-3.304,KOTADARO_PL
07OGI0070,,104.7788,-3.1039,PEMULUTAN_ILIR_PL
07OGI0071,,104.7492,-3.1358,MUARA_DUA_PEMULUTAN_CM
07OGI0072,,104.7693,-3.0691,BPE_PEMULUTAN_PL
07OGI0073,,104.5567,-3.3751,TANJUNG_LALANG_PL
07OGI0074,,104.7729,-3.3753,TANJUNG_SERIAN_PINANG_PL
07OGI0075,,104.755,-3.1587,ULAK_KEMBAHANG2_PL
07OGI0076,,104.7596,-3.2241,SUNGAI_LEBUNG_PEMULUTAN_PL
07OGI0077,,104.7359,-3.2025,SERI_BANDING_PL
07OGI0078,,104.585,-3.3486,JLN_MERDEKA_TJBATU_PL
07OGI0079,,104.7516,-3.2617,SEJANGKO_RTPANJANG_PL
07OGI0080,,104.7974,-3.272,RANTAU_PANJANG_SDN_09_PL
07OGI0081,,104.8021,-3.391,MIJI_KANDIS_MT
07OGI0082,,104.7695,-3.1822,ULAK_AURSTANDING_PL
07OGI0083,,104.4702,-3.4229,DESA_PAYA_BESAR_ST
07OGI0084,,104.7906,-3.3215,PENYANDINGAN_ST
07OGS0001,,103.6672,-4.485,TANJUNG_KARI_TB
07OGS0002,,103.7551,-4.4123,MUARA_DUA_KISAM_MT
07OGS0003,,103.7793,-4.473,PIUS_EP
07OGS0004,,103.7931,-4.3533,KISAM_TINGGI_TB
07OGS0005,,103.8743,-4.4133,GEDUNG_WANI_TB
07OGS0006,,103.8772,-4.4598,BLAMBANGAN_OGS_TB
07OGS0007,,103.89,-4.4428,BUMI_GENAP_MT
07OGS0008,,103.9185,-4.5728,TIGADIHAJI_TB
07OGS0009,,103.9238,-4.8049,BANDING_AGUNG_TB
07OGS0010,,103.9725,-4.778,WAY_TIMAH_MT
07OGS0011,,103.9971,-4.5389,BUAY_SANDANG_AJI_TB
07OGS0012,,104.0049,-4.8834,KOTA_BATU_TB
07OGS0013,,104.0139,-4.8092,SIMPANG_SENDER_MT
07OGS0017,,104.0575,-4.5661,RANTAU_PANJANG_MUARA_DUA_EP
07OGS0018,,104.065,-4.8614,WARKUKRANAU_PL
07OGS0019,,104.0703,-4.5307,PASAR_MUARADUA_PL
07OGS0020,,104.0703,-4.5381,MUARA_DUA_PL
07OGS0021,,104.0732,-4.5471,MUARADUA_OKU_TB
07OGS0023,,104.1318,-4.5876,BUAY_PEMACA_PL
07OGS0024,,104.1411,-4.6078,TALANGKARET_MT
07OGS0026,,104.1905,-4.4478,SIMPANG_BRJ_MT
07OGS0028,,104.0134,-4.8393,SUKA_MARGA_OGS_CM
07OGS0029,,104.0397,-4.6054,BUAY_RAWAN_RUOS_OGS_CM
07OGS0030,,104.0448,-4.5807,SUKAJAYA_OGS_CM
07OGS0031,,104.182,-4.4995,DAMARPURA_OGS_MT
07OGS0032,,104.2075,-4.6707,TANJUN_DURIAN_OGS_MT
07OGS0033,,104.1035,-4.5766,PELANGKI_OGS_PL
07OGS0034,,103.8538,-4.4435,NT_DESA_PERUPUS_BLAMBANGAN_PL
07OGS0035,,103.9166,-4.7786,AIR_RUPIK_TB
07OGS0037,,104.1371,-4.5974,TALANG_PADANG_MT
07OGS0039,,103.991,-4.792,PADANG_RATU_PL
07OGS0040,,104.1499,-4.6132,KOTA_WAY_PL
07OGS0041,,103.8014,-4.7344,TANJUNG_BESAR_PL
07OGS0042,,103.7678,-4.51,SIMPANG_CAMPANG_ST
07OGS0043,,103.7054,-4.5101,KEMU_ULU_PL
07OGS0044,,103.8462,-4.732,KOTA_DALAM_TB
07OGS0045,,103.9348,-4.5157,NEGERI_BATIN_SANDANG_AJI_PL
07OGS0046,,104.1473,-4.707,SIDODADI_OKU_PL
07OGS0047,,104.077,-4.5315,MUARA_DUA_OKUS_PL
07OGS0048,,104.2102,-4.6797,OKU_BUAY_PEMACA_PL
07OGS0050,,103.9088,-4.8038,OKU_MEKAKAU_ILIR_CM
07OGS0051,,104.0715,-4.5582,OKU_MUARADUA_1_CM
07OGS0052,,103.7762,-4.3381,OKU_KISAM_TINGGI_PL
07OGS0053,,103.7717,-4.4079,OKU_MUARADUA_KISAM_PL
07OGS0054,,103.9782,-4.7625,OKU_BANDING_AGUNG_PL
07OGS0055,,104.1872,-4.4388,OKU_SIIMPANG_CM
07OGS0056,,104.0988,-4.534,OKU_MUARADUA_2_TB
07OGS0057,,104.0266,-4.863,GUNUNG_AJI_PL
07OGS0059,,104.0283,-4.5402,SIMPANG_AJI_PL
07OGS0060,,103.9981,-4.8222,RANAU_TENGAH_PL
07OGS0065,,103.8564,-4.4127,RUNJUNG_AGUNG_MT
07OGS0066,,103.7874,-4.4241,SIMPANG_LUBUK_DALAM_MT
07OGS0067,,104.0475,-4.6177,BUAY_RAWAN_ST
07OGS0068,,104.1993,-4.5475,GEMIUNG_BUANA_PEMACA_ST
07OGS0069,,104.1455,-4.6581,SIPIN_BUAY_PEMACA_ST
07OGS0070,,104.2298,-4.6629,TANJUNG_DURIAN_ST
07OGS0072,,103.7974,-4.7217,TELUK_AGUNG_ST
07OGT0001,,104.2924,-4.3528,TUNAS_PERACAK_PL
07OGT0002,,104.3025,-4.2484,DUSUN_VI_PULAU_NEGARA_PL
07OGT0003,,104.3199,-4.35,PERACAK_TB
07OGT0004,,104.322,-4.2856,PUSLATPUR_TB
07OGT0005,,104.3221,-4.4304,CONDONG_JAYAPURA_PL
07OGT0006,,104.3285,-4.305,LINTAS_MARTAPURA_TB
07OGT0007,,104.3288,-4.2934,TERUKIS_RAHAYU_OKUT_TB
07OGT0008,,104.3344,-4.4067,LNTS_JAYAPURA_GH
07OGT0009,,104.3353,-4.3007,PAKU_SENGKUNYIT_PL
07OGT0010,,104.337,-4.14,BATUMARTA_OGT_TB
07OGT0011,,104.3417,-4.3074,MARTAPURA1_PL
07OGT0012,,104.3445,-4.2928,VETERAN_JAYA_MT
07OGT0013,,104.3467,-4.3079,DUSUN_MARTAPURA_TB
07OGT0014,,104.3473,-4.3339,KOTA_BARU_BARAT_MARTAPURA_PL
07OGT0015,,104.3484,-4.3145,MARTAPURA2_TB
07OGT0016,,104.3511,-4.3239,KOTA_BARU_OGT_PL
07OGT0017,,104.3517,-4.1122,BATU_MARTHA_TB
07OGT0018,,104.352,-4.0786,BATUMARTA_UNIT_OGT2_TB
07OGT0019,,104.3532,-4.3032,KUMPUL_SARI_PL
07OGT0020,,104.3536,-4.3394,JLMTOHA_OGT_PL
07OGT0021,,104.3574,-4.3289,KOTABARU1OKUT_MT
07OGT0022,,104.3586,-4.3565,KOTABARUSELATAN_TB
07OGT0023,,104.3627,-4.2728,BANU_MAS_MT
07OGT0024,,104.3643,-4.3705,MALIKKOTA_BARU_MT
07OGT0025,,104.3648,-4.289,PERJAYA_OGT_PL
07OGT0026,,104.3764,-4.0312,BATUMARTA_UNIT_OGT1_KN
07OGT0027,,104.3779,-4.3017,PERJAYA_BARAT_OGT_TB
07OGT0028,,104.3803,-4.1224,BATUMARTA_BLOKB_MT
07OGT0029,,104.385,-4.2626,BANU_AYU_CM
07OGT0030,,104.4034,-4.269,BANUMAS_OGAN_PL
07OGT0031,,104.4114,-4.2402,SUKA_NEGARA_EP
07OGT0032,,104.4137,-4.2935,NEGERI_AGUNGJAYA_MT
07OGT0033,,104.4346,-4.2711,PAHANG_ASRI_MT
07OGT0034,,104.445,-4.2878,PMTG_BASUKI_TB
07OGT0035,,104.4573,-4.2565,SUKARAJA_OGT_MT
07OGT0036,,104.4579,-4.1021,RIANG_BANDUNG_OKU_PL
07OGT0037,,104.4689,-4.2332,KURUNGAN_NYAWA_PL
07OGT0038,,104.4919,-4.2797,PISANG_JAYA_PL
07OGT0041,,104.4968,-4.0288,PANDAN_AGUNG_TB
07OGT0043,,104.5097,-4.2486,SMBR_AGUNG_OKUT_PL
07OGT0045,,104.5305,-4.1286,TUAN_ULUNG_TB
07OGT0046,,104.5338,-4.2333,DESA_KENJERAN_KN
07OGT0047,,104.5341,-3.9772,SIMPANG_RASUAN_MT
07OGT0048,,104.5625,-4.2021,BK3_RAWA_BENING_TB
07OGT0049,,104.5655,-4.2247,BUAY_MADANG_GT
07OGT0050,,104.58,-4.1799,KEDU_PL
07OGT0051,,104.5807,-4.1526,JLAKASIA_TAMBAKBOYO_TB
07OGT0052,,104.5992,-4.131,REJODADI_OGT_MT
07OGT0053,,104.6011,-4.2112,SUMBER_MULYO_OGT_TB
07OGT0054,,104.6032,-4.0862,PELITA_JAYA_PL
07OGT0055,,104.6101,-4.1877,BELITANG_OGAN_TB
07OGT0056,,104.6106,-3.9999,HARJOMULYO_TB
07OGT0057,,104.615,-3.8135,SUKANEGERI_TB
07OGT0058,,104.622,-3.894,BETUNG_KOMERING_MT
07OGT0059,,104.6226,-4.0767,TUGUMULYO_BELITANG1_TB
07OGT0061,,104.6305,-4.1171,RANTAUJAYA_PL
07OGT0062,,104.6343,-4.1938,TAWANGREJO_OGT_TB
07OGT0064,,104.641,-4.0922,BELITANG_MADANG_RAYA_MT
07OGT0065,,104.6447,-4.11,BELITANG_BRJ_EP
07OGT0066,,104.6477,-4.0626,LUBUK_HARJO_TB
07OGT0067,,104.6478,-4.128,HARJOWINANGUN_OGT_KN
07OGT0068,,104.6498,-3.7605,CAMPANG_TIGA_EP
07OGT0069,,104.6505,-4.0807,TUGUMULYO_BELITANG2_TB
07OGT0070,,104.6515,-4.1104,GUMAWANG1_PL
07OGT0071,,104.652,-4.1546,SIDOMULYO_OKUT_TB
07OGT0072,,104.661,-4.1011,MB_DESA_BEDILAN_MT
07OGT0073,,104.662,-4.0073,TAMAN_AGUNG_TB
07OGT0077,,104.6735,-4.1132,DESA_SDMAKMUR_MTY_TB
07OGT0078,,104.6814,-4.0959,KARANGSARI_BK11_KN
07OGT0079,,104.686,-4.1683,REJOSARI_PLB_EP
07OGT0080,,104.6871,-4.0119,SEMENDAWAI_SUKU2_TB
07OGT0081,,104.6908,-4.2153,JAYABHAKTI2_MAHYAKIN_TB
07OGT0082,,104.693,-4.071,MEDCO_JENE_TB
07OGT0083,,104.6982,-3.6852,GUNUNG_BATU_EP
07OGT0084,,104.7078,-4.0312,TRIMO_HARJO_MT
07OGT0085,,104.7126,-4.1277,KARANGAGUNGNUSARAYA_TB
07OGT0086,,104.718,-4.1627,REJOSARI_SLTN_PLG_TB
07OGT0087,,104.7207,-4.2291,KARYA_MAKMUR_OGT_LS
07OGT0088,,104.7256,-3.9935,SRI_WANGI_KN
07OGT0089,,104.729,-4.0188,PETANGGAN_PL
07OGT0090,,104.7378,-4.006,DESA_KARANG_SAMBUNG_TB
07OGT0091,,104.7413,-4.1451,NUSA_BAKTI_MT
07OGT0092,,104.744,-4.0252,GUMAWANG_TB
07OGT0093,,104.7468,-3.9741,SEMENDAWAI_SUKU_PL
07OGT0094,,104.753,-4.1987,TRI_KARYA_PL
07OGT0095,,104.7549,-4.1256,NUSA_JAYA_PL
07OGT0096,,104.7582,-4.0781,PURWOSARI_BELITANG_TB
07OGT0097,,104.7639,-3.9667,TARAMAN_BRJ_TB
07OGT0098,,104.7644,-4.1017,SRIBANTOLO_TB
07OGT0099,,104.7697,-4.0139,TJGKEMUNING_TB
07OGT0100,,104.7743,-4.0854,JLMARGOMULYO_PL
07OGT0101,,104.7797,-3.9849,SUKA_MULYA_OGT_TB
07OGT0102,,104.7814,-3.9402,KOTA_TANAH_MT
07OGT0103,,104.786,-4.1268,DESA_NUSA_TENGGARA_MT
07OGT0104,,104.7911,-4.0624,MARGO_MULYO_OKUT_MT
07OGT0105,,104.8156,-3.9962,SBR_JAYA_PLB_TB
07OGT0106,,104.817,-3.9477,KRG_MELATI_PLB_PL
07OGT0107,,104.8258,-3.7973,CAMPANG_TIGAULU_MT
07OGT0108,,104.8336,-3.8683,MULYA_JAYA_OGT_MT
07OGT0109,,104.8338,-4.0268,BELITANG_MULYA_TB
07OGT0110,,104.8418,-3.949,KARANG_MENJANGAN_TB
07OGT0111,,104.8444,-3.987,KELI_REJO_PL
07OGT0112,,104.85,-3.9099,TULUNG_HARAPAN_TB
07OGT0113,,104.8505,-3.9664,KALIREJO_PLB_EP
07OGT0114,,104.8512,-3.9943,SUMBER_HARAPAN_BELITANG_TB
07OGT0115,,104.8573,-3.8007,WANASARI_OGT_MT
07OGT0116,,104.8597,-3.834,KARYA_BAKTI_OGT_MT
07OGT0117,,104.6268,-4.1415,SUKAJADI_OKUT_PL
07OGT0118,,104.4939,-4.2185,WAY_HALOM_PL
07OGT0119,,104.4962,-4.1278,PANDAN_SARI2_TB
07OGT0120,,104.4987,-4.2439,TEBAT_JAYA_MT
07OGT0121,,104.5278,-4.2097,TANJUNG_BULAN_MT
07OGT0122,,104.6382,-4.0555,JAYA_BAKTI_MT
07OGT0123,,104.6643,-3.9148,CAHAYA_NEGERI_MT
07OGT0124,,104.667,-4.0549,KARANG_BINANGUN_MT
07OGT0125,,104.6723,-3.7322,CEMPAKA_ST
07OGT0126,,104.6307,-4.1648,KARANG_KEMIRI_MT
07OGT0127,,104.648,-4.2164,SUMBER_AGUNG_MT
07OGT0128,,104.2378,-4.3953,SABAH_LIOH_MT
07OGT0129,,104.493,-4.2706,KURUNGAN_NYAWA1_MT
07OGT0130,,104.6671,-4.1732,ARGO_MULYO_MT
07OGT0131,,104.4753,-4.2941,TRANTANG_SAKTI_PL
07OGT0132,,104.6388,-4.2388,BANJAR_REJO_OKUT_PL
07OGT0133,,104.7141,-4.004,DESA_KERUJON_PL
07OGT0134,,104.7668,-4.0448,BANGUN_REJO_OKUT_TB
07OGT0135,,104.6937,-4.0401,SUGIH_WARAS_PK
07OGT0136,,104.5013,-3.9753,MENDAYUN_OKUT_PL
07OGT0137,,104.6125,-3.8487,MENANGA_BESAR_PL
07OGT0138,,104.3596,-4.0519,SUKA_DAMAI_II_ST
07OGT0139,,104.4737,-4.0729,SRI_KENCANA_PL
07OGT0140,,104.8081,-4.0394,PURWOSARI_OKUT_TB
07OGT0141,,104.7604,-4.0217,KEMUNING_JAYA_PL
07OGT0142,,104.6821,-4.0779,KARANG_BINANGUN_II_CM
07OGT0143,,104.6382,-4.1039,BELITANG_MADANG_RAYA2_PL
07OGT0144,,104.7136,-4.0613,GANTIWARNO_BELITANG_III_CM
07OGT0145,,104.4897,-4.0077,SDP_KOTANEGARA_PL
07OGT0146,,104.5111,-4.0523,MARGO_TANI_PL
07OGT0147,,104.5503,-4.2436,LIMAN_SARI_PL
07OGT0148,,104.6074,-4.1596,SUMBER_SUKO_PL
07OGT0149,,104.5725,-4.0642,DESA_MEKAR_JAYA_OGT_PL
07OGT0150,,104.7931,-4.0052,RAMAN_JAYA_BELITANG_II_PL
07OGT0151,,104.6754,-4.0291,GUNUNG_SUGIH_SS_III_PL
07OGT0152,,104.8179,-3.8981,BURNAI_JAYA_PL
07OGT0153,,104.8422,-3.9307,DESA_KARANG_ANYAR_PL
07OGT0154,,104.463,-4.1384,DESA_ANYAR_PL
07OGT0155,,104.4148,-4.21,PAKUAN_JAYA_PL
07OGT0156,,104.5851,-3.9735,JATI_SARI_PL
07OGT0157,,104.2052,-4.412,BUNGA_MAYANG_PL
07OGT0158,,104.6365,-3.7782,GUNUNG_JATI_CM
07OGT0159,,104.6687,-4.1398,TANJUNG_RAYA_BELITANG_PL
07OGT0160,,104.4812,-3.9697,AGUNG_JATI_PL
07OGT0161,,104.5814,-4.2127,SUMBER_MULYO_BM_TIMUR_PL
07OGT0162,,104.7316,-4.0856,NUSA_MAJU_BELITANG_III_PL
07OGT0163,,104.7796,-3.9171,BUNGIN_JAYA_PL
07OGT0164,,104.8022,-3.8772,BURNAI_MULIA_PL
07OGT0165,,104.3532,-4.1616,BINA_AMARTA_MADANGSUKU_III_PL
07OGT0167,,104.7016,-3.6653,GUNUNG_BATU2_MT
07OGT0168,,104.4933,-4.0938,JATI_MULYA_II_PL
07OGT0169,,104.4018,-4.3195,PERJAYA_OKU_TMR_PL
07OGT0170,,104.9029,-3.966,REJO_MULYO_BELITANG_II_PL
07OGT0171,,104.7075,-4.2455,WINDUSARI_BELITANG_JAYA_PL
07OGT0175,,104.4244,-4.025,BATUMARTA_IX_ST
07OGT0176,,104.5087,-4.1132,DESA_PANDAN_JAYA_ST
07OGT0177,,104.3828,-4.0606,KARYAMAKMUR_MADANGSUKU_III_ST
07OGT0178,,104.6937,-4.057,SARIGUNA_BELITANG_MULYA_ST
07OGT0179,,104.6604,-4.1199,SIDOGEDE_BELITANG_ST
07OKI0001,,104.7029,-3.6262,LINTASTMR_TJGLUBUK_ST
07OKI0002,,104.7118,-3.6127,SERI_TANJUNG_MT
07OKI0003,,104.727,-3.5762,LINTAS_KOMERING_SUKARAME_ST
07OKI0004,,104.7383,-3.5055,JAMBU_ILIR_TB
07OKI0005,,104.7603,-3.5299,PASAR_TANJUNG_LUBUK_TB
07OKI0006,,104.776,-4.2131,KAMPUNG_BARU_OKI_TB
07OKI0007,,104.7774,-3.6835,SINAR_HRPN_MULYA_OKI_LS
07OKI0008,,104.7929,-3.6417,BUMI_HARAPAN_OKI_MT
07OKI0009,,104.7989,-3.5685,TELUK_GELAM_PL
07OKI0010,,104.8003,-3.5381,SERIGUNA_PL
07OKI0011,,104.8028,-3.4869,PEDAMARAN_TB
07OKI0012,,104.8094,-3.5957,MULYA_GUNA_MT
07OKI0013,,104.8159,-3.6241,TANIA_SELATAN_TB
07OKI0014,,104.8178,-3.7112,LORONG_MAIMUN_MT
07OKI0015,,104.8185,-3.6957,MUARA_BURNAI_OKI1_TB
07OKI0016,,104.8194,-3.3699,SUNGAI_PINANG_OKI_TB
07OKI0017,,104.8211,-3.4176,LINTAS_TIMUR_MUARA_BARU_TB
07OKI0018,,104.8213,-3.4104,APIGOR_KAYUAGUNG_TB
07OKI0019,,104.8224,-3.2556,PEMATANG_KIJANG_TB
07OKI0020,,104.8233,-4.1276,CAHAYA_MAS_MT
07OKI0021,,104.8235,-3.3791,CELIKAH_OGAN_TB
07OKI0022,,104.8236,-3.3904,CINTARAJA_KAYUAGUNG_TB
07OKI0023,,104.8266,-3.4036,JUA_JUA_KAYU_AGUNG_PL
07OKI0024,,104.827,-3.3968,TANJUNG_RANCING_CM
07OKI0025,,104.827,-3.3869,KAYU_AGUNG_OKI_MT
07OKI0026,,104.8278,-3.3764,KAYU_AGUNG_PL
07OKI0027,,104.8281,-3.4623,SERINANTI_TB
07OKI0028,,104.8284,-3.7392,MUARA_BURNAI_OKI2_TB
07OKI0029,,104.8305,-3.3928,KAYU_AGUNG_OKI1_MT
07OKI0030,,104.8309,-3.4915,PEDAMARAN3_TB
07OKI0031,,104.8316,-3.3813,DEMANG_HAMIDPAKU_PL
07OKI0032,,104.832,-3.3874,MANGUN_JAYA_OKI_TB
07OKI0033,,104.8322,-3.4521,LINTASTIMUR_BULUHCAWANG_ST
07OKI0034,,104.8324,-3.3776,SUKADANA_KAYUAGUNG_MT
07OKI0035,,104.8325,-3.3345,TANJUNG_ALAI_MT
07OKI0036,,104.834,-3.3734,SUKADANA_KAYU_AGUNG_PL
07OKI0037,,104.8347,-3.4018,KOLONEL_NOEHMACAN_TB
07OKI0038,,104.8358,-3.2959,AWAL_TERUSAN_MT
07OKI0039,,104.8362,-3.4969,MINANG_RAYA_MT
07OKI0040,,104.8366,-3.3808,SUKA_DANA_KAYU_AGUNG_PL
07OKI0041,,104.8374,-3.3748,SUKADANA_OKI_TB
07OKI0042,,104.8378,-3.394,KEDATON_OKI_TB
07OKI0043,,104.8368,-3.4836,PEDAMARAN1_CM
07OKI0044,,104.8441,-3.1749,MUARA_BATUN_TB
07OKI0045,,104.8443,-3.36,ARISAN_BUNTAL_PL
07OKI0046,,104.846,-3.3934,KUTARAYA_TB
07OKI0047,,104.8528,-3.3941,LRGBERSAMA_TB
07OKI0048,,104.8552,-3.2256,JEJAWI_TB
07OKI0049,,104.8563,-4.1225,BHINA_KARSA_TB
07OKI0050,,104.861,-3.3461,SERIGENI_LAMA_PL
07OKI0051,,104.8642,-3.1191,SUKADARMA_MT
07OKI0052,,104.866,-4.0795,KARYA_USAHA_MT
07OKI0053,,104.8669,-3.7745,LUBUK_SEBERUK_MT
07OKI0054,,104.8726,-3.866,TULUNG_HARAPAN_LEMPUING_CM
07OKI0055,,104.8732,-4.1903,BRILINK_ELYANTI_MT
07OKI0056,,104.8746,-3.2872,TERUSAN_MENANG_TB
07OKI0057,,104.875,-3.1715,RAYA_RAMBUTAN_ST
07OKI0058,,104.8765,-3.3464,TANJUNG_SERANG_TB
07OKI0059,,104.878,-3.2708,SIRAH_PULAU_PADANG_EP
07OKI0060,,104.8837,-3.3119,ULAK_JERNUM_ST
07OKI0061,,104.8825,-3.8769,KP3TUGU_MULYO_MT
07OKI0062,,104.8829,-3.9481,CAHYA_TANI_PL
07OKI0063,,104.8837,-3.8636,OKI_TUGU_MULYO_EP
07OKI0064,,104.8863,-3.3419,RAYAKAYU_AGUNGTELOKO_PL
07OKI0066,,104.8886,-3.8993,BUMI_AGUNG_PL
07OKI0067,,104.8977,-3.801,LEMPUING_JAYA1_MT
07OKI0068,,104.8989,-3.8427,TUGU_AGUNG1_MT
07OKI0069,,104.8994,-3.1747,LUBUK_KETEPENG_PL
07OKI0070,,104.9008,-3.2475,PENYANDINGAN_OKI_TB
07OKI0071,,104.9028,-3.9279,CAHYAMAJU_LEMPUING_LS
07OKI0072,,104.9034,-3.7832,LUBUK_SIBERUK_TB
07OKI0073,,104.9054,-3.8263,TUGU_AGUNG_MT
07OKI0074,,104.9094,-4.034,PEMATANG_SUKARAMAH_PL
07OKI0075,,104.9149,-3.8769,JLKHARISMA_TB
07OKI0076,,104.9161,-3.6573,TANJUNG_SARI_MT
07OKI0077,,104.9207,-3.9113,CAHYABUMI_OGAN_PL
07OKI0078,,104.9296,-3.2501,ULAK_KEMANG_PL
07OKI0079,,104.9335,-4.1516,ATTAQWA_OKI_TB
07OKI0080,,104.934,-4.0612,MESUJI_MAKMUR_MT
07OKI0081,,104.9343,-3.8512,KEPAHYANG_MT
07OKI0082,,104.9359,-3.7983,MEKAR_JAYA_OKI_PL
07OKI0083,,104.9363,-4.0306,SUMBER_MULYA_OKI_TB
07OKI0084,,104.9376,-3.6606,RANTAU_DURIAN_OKI1_LS
07OKI0085,,104.9381,-3.9112,TEBING_SULUH_MT
07OKI0086,,104.9429,-3.6825,RANTAU_DURIAN_OKI2_PL
07OKI0087,,104.9562,-3.8009,LEMPUING_INDAH_TB
07OKI0088,,104.9576,-3.2501,KEMAN_OKI_TB
07OKI0089,,104.9597,-4.1091,MUKTI_KARYA_PL
07OKI0090,,104.9619,-3.7527,TANIA_MAKMUR_PL
07OKI0091,,104.9779,-3.88,BUMI_ARJO_MT
07OKI0092,,104.98,-4.0667,SURYA_KARTA_TB
07OKI0093,,104.98,-3.2087,KEMAN_OGAN_KOMERING_ILIR_PL
07OKI0094,,104.9837,-3.9593,DABUK_REJO_OKI1_ST
07OKI0095,,104.9907,-3.8358,SUMBER_BARU_MT
07OKI0096,,104.9929,-3.9383,DABUK_REJO_OKI2_MT
07OKI0097,,105.0011,-3.6901,LEMPUING_JAYA_TB
07OKI0098,,105.0081,-3.7807,SUMBU_SARI_PL
07OKI0099,,105.0091,-3.9788,SURYA_ADI_TB
07OKI0100,,105.013,-3.2089,PAMPANGAN_TB
07OKI0101,,105.014,-4.0753,KALI_DERAS_MT
07OKI0102,,105.0237,-3.9536,JAYA_BHAKTI_MT
07OKI0103,,105.0291,-3.7471,SUKA_SARI_MT
07OKI0104,,105.038,-3.9886,SURYAADIOKI_XL
07OKI0105,,105.0391,-3.6565,SEDYO_MULYO_PL
07OKI0106,,105.0408,-3.7806,KEMANG_INDAH_TB
07OKI0107,,105.0416,-3.9091,JAYA_BAKTI_OKI_TB
07OKI0108,,105.0485,-4.1168,LABUHAN_JAYA_CM
07OKI0109,,105.0494,-3.8645,CAYABAKTI_SP1_TB
07OKI0110,,105.0773,-3.9997,SIDO_BASUKI_MT
07OKI0111,,105.0785,-3.5635,SUMBER_HIDUP_TB
07OKI0112,,105.0802,-3.7112,GEDUNG_REJO_MT
07OKI0113,,105.0819,-3.753,SP3_ROTAN_MLY_TB
07OKI0114,,105.0837,-3.8452,MEKAR_WANGI_OKI_MT
07OKI0115,,105.0839,-3.9556,MARGO_BHAKTI_MT
07OKI0116,,105.0957,-3.2095,LEBUNG_BATANG_KN
07OKI0117,,105.0981,-3.9253,MAKARTI_MULYA_MT
07OKI0118,,105.1017,-3.6796,BUMI_MAKMUR_TB
07OKI0119,,105.1053,-3.8057,C4MESUJI_TB
07OKI0120,,105.1097,-4.0002,PEMATANG_PANGGANG_TB
07OKI0121,,105.1128,-3.5728,GADING_REJO_PLB_TB
07OKI0122,,105.1212,-3.8638,C3MESUJI_EP
07OKI0123,,105.1574,-3.5288,PANCAWARNA_TB
07OKI0124,,105.1696,-3.5571,TANJUNG_MAKMUR_MT
07OKI0126,,105.2284,-3.1559,JERAMBA_RENGAS_PL
07OKI0127,,105.2502,-2.6288,RANTAU_KARYA_TB
07OKI0128,,105.2548,-3.1644,PENANGGOAN_DUREN_TB
07OKI0129,,105.2869,-3.1632,LEBUNG_ITAM_ST
07OKI0130,,105.2951,-2.5726,KERTA_MUKTI_ST
07OKI0131,,105.3118,-3.2531,PASAR_SELAPAN_ST
07OKI0132,,105.312,-3.2409,TULUNG_SELAPAN_TB
07OKI0133,,105.3382,-2.5665,MUKTI_JAYA_OKI_MT
07OKI0134,,105.3387,-3.2393,BANDARSYAH_UJUNG_TB
07OKI0135,,105.356,-3.2117,LEBUNG_GAJAH_CM
07OKI0136,,105.4095,-2.5156,NT_DESA_JADI_MULYA_GH
07OKI0138,,105.7574,-4.0494,WAHYUNI_MANDIRA_CM
07OKI0139,,105.77,-4.089,BUMI_PRATAMA_CM
07OKI0140,,105.7982,-4.0493,BPSUNGAI_MENANG_CM
07OKI0141,,105.8246,-4.0496,WMMODUL_CM
07OKI0142,,105.0263,-3.1282,NT_DESA_SIJU_PL
07OKI0144,,105.8822,-3.9716,NT_DESA_SUNGAI_SIBUR_MT
07OKI0145,,105.8576,-4.045,NT_DESA_PINANG_INDAH_PL
07OKI0146,,105.636,-3.9452,NT_DESA_GAJAH_MAKMUR_PL
07OKI0147,,105.2988,-2.4564,NT_DESA_KUALA_SUGIHAN_PL
07OKI0148,,105.7405,-4.0986,POWER_PLANT_MANDIRA_CM
07OKI0149,,104.8795,-3.3067,MANGUN_JAYA_TB
07OKI0151,,104.7637,-3.513,SUGIH_WARAS_TB
07OKI0152,,104.9208,-3.7918,LUBUK_MAKMUR_TB
07OKI0153,,104.9333,-3.8174,SUNGAI_BELIDA_TB
07OKI0154,,104.882,-3.2753,BELANTI_IB
07OKI0155,,104.7323,-3.5475,PULAUGEMANTUNG_TJLUBUK_PL
07OKI0156,,104.8935,-3.78,LORONG_TERANTANG_CM
07OKI0157,,105.064,-3.7825,MATARAM_JAYA_PL
07OKI0158,,105.1269,-3.6009,PULAU_GERONGGANG_PL
07OKI0159,,104.9311,-3.7146,RANTAU_DURIAN1_PL
07OKI0160,,105.0292,-3.9349,JAYABAKTI_PONDOKPESANTREN_PL
07OKI0161,,104.864,-3.2619,BUBUSAN_JEJAWI_IB
07OKI0162,,104.979,-3.2373,KANDIS_PAMPANGAN_PL
07OKI0163,,104.9995,-3.2107,PULAU_BETUNG_CM
07OKI0164,,104.8962,-3.8557,PODAKAN_TUGUMULYO_CM
07OKI0165,,104.8113,-3.3371,PINANG_MAS_PL
07OKI0166,,104.8002,-3.1181,KB_PUTRI_HARAPAN_PL
07OKI0167,,104.8604,-3.8859,TULUNG_HARAPAN_LEMPUING_2_PL
07OKI0168,,105.2374,-3.2463,CAMBAI_TULUNG_SELAPAN_MT
07OKI0169,,105.425,-3.5073,CENGAL_OKI_PL
07OKI0170,,105.1507,-3.2307,DARAT_PANGKALAN_LAMPAM_TB
07OKI0171,,105.2692,-3.2451,KAYUARA_TULUNG_SELAPAN_TB
07OKI0172,,105.3548,-3.1992,LEBUNG_GAJAH2_TB
07OKI0173,,104.839,-3.7573,MUARA_BURNAI_II_PL
07OKI0174,,105.1802,-3.1743,RIDING_PANGKALAN_LAMPAM_MT
07OKI0176,,105.351,-3.6246,TALANG_JAYA_SUNGAI_MENANG_CM
07OKI0180,,105.1068,-3.9043,MAKARTI_MULYA_2_MT
07OKI0182,,104.8131,-3.4701,SUKARAJA_PEDAMARAN_MT
07OKI0183,,104.8548,-3.2456,AIR_ITAM_JEJAWI_ST
07OKI0184,,104.8408,-3.316,BATU_AMPAR_BARU_IB
07OKI0185,,104.8935,-3.2571,BUNGIN_TINGGI_IB
07OKI0186,,105.3068,-2.5907,DESA_NUSAKERTA_ST
07OKI0187,,104.9425,-3.5132,RA_KM306_PLB_BAKAUHENI_BN
07OKU0003,,103.8748,-4.0545,PENGANDONAN_MT
07OKU0004,,103.9315,-4.0648,PADANGBINDU_TB
07OKU0005,,103.9712,-4.0819,ULAK_PANDAN_TB
07OKU0006,,104.0096,-4.0655,TEBINGKAMPUNG_PL
07OKU0007,,104.0103,-4.3108,GDPAKUAN_TB
07OKU0008,,104.0417,-4.0798,SELEMAN_EP
07OKU0009,,104.059,-4.2258,LUBUKHARA_TB
07OKU0010,,104.0866,-4.0919,SINGAPURA_EP
07OKU0011,,104.0873,-4.3226,LENGKITI_TB
07OKU0012,,104.0877,-4.1562,LUBUK_BARU_TB
07OKU0014,,104.1185,-4.1846,LBKBARU_SOSO_BUAYRAYAP_PL
07OKU0015,,104.1246,-4.2031,PENYANDINGAN_TB
07OKU0016,,104.1369,-4.1568,BATUPUTIH_BRJ_TB
07OKU0017,,104.1405,-4.1049,BATU_KUNING_TB
07OKU0018,,104.1457,-4.126,KUARAENIM_BATUTAJA_PL
07OKU0019,,104.1521,-4.0983,BATUKUNING_TB
07OKU0020,,104.156,-4.1324,SAUNG_NAGA_TB
07OKU0021,,104.1633,-4.1268,PASAR_BARU_OKU_MT
07OKU0022,,104.1672,-4.1149,PASARBARU_OKU_TB
07OKU0023,,104.1687,-4.1289,SUDIRMAN_OKU_TB
07OKU0024,,104.1726,-4.1045,TERUSAN_OKU_TB
07OKU0025,,104.1722,-4.1253,SIMANJUNTAK_TB
07OKU0026,,104.1725,-4.1197,BATURAJALAMA_OKU_PL
07OKU0027,,104.1759,-4.1135,KEMALARJBTRAJATIMUR_MT
07OKU0028,,104.1764,-4.1261,BATURAJA_EP
07OKU0029,,104.1769,-4.1296,AIR_KARANG_PL
07OKU0030,,104.1785,-4.1223,SUKA_RAYA_BATU_RAJA_MT
07OKU0031,,104.1786,-4.1429,UNBARA_XL
07OKU0032,,104.1845,-4.121,MOH_HATTA_PL
07OKU0033,,104.1864,-4.1149,KEMALA_RAJA_PL
07OKU0035,,104.1873,-4.1361,JLGARUDA_OKU_PL
07OKU0036,,104.1914,-4.0969,DRSUTOMO_TJGGKEMALA_ST
07OKU0037,,104.1921,-4.1202,SARANG_ELANG_TB
07OKU0038,,104.1949,-4.1639,KEMELAK_MT
07OKU0039,,104.1994,-4.1101,AIRPAOH_TB
07OKU0040,,104.2013,-4.1243,SUKARAYA_BATURAJA_TB
07OKU0041,,104.2045,-4.1318,TJGBARU_BATURAJATMR_TB
07OKU0042,,104.2128,-4.0644,BATURAJA_TIMUR_MT
07OKU0043,,104.2204,-4.0559,BATURAJA_LUBUKBATANG_PL
07OKU0044,,104.2255,-4.1941,LINTAS_SUMATERA_SEPANCAR_PL
07OKU0045,,104.256,-4.2184,SPBATUMARTA_TB
07OKU0047,,104.2734,-4.2041,BATUMARTA_PL
07OKU0048,,104.2872,-3.9967,KEDONDONG_OKU_TB
07OKU0049,,104.2898,-4.1864,CIMALAYA_MT
07OKU0050,,104.29,-4.0629,LEKIS_REJO_TB
07OKU0051,,104.3031,-4.1539,BATUMARTA_OKU1_MT
07OKU0052,,104.3058,-4.0336,MARGA_BAKTI_OKU_MT
07OKU0053,,104.3082,-3.8074,MENDALA_TB
07OKU0054,,104.3095,-4.143,BATU_MARTA_TB
07OKU0056,,104.3614,-3.987,BATUMARTA_OKU_TB
07OKU0057,,104.3788,-3.8846,PENINJAUAN_MT
07OKU0058,,104.3791,-3.8724,SATU_PENINJAUAN_MT
07OKU0059,,104.3919,-3.9361,BATUMARTHA_TB
07OKU0060,,104.4049,-3.9059,KARANGDAPO_PL
07OKU0061,,104.4323,-3.9455,KARYA_MUKTI_OKU_PL
07OKU0062,,104.44,-3.8864,SDN17_ST
07OKU0063,,104.463,-3.8263,KEDATON_OKU_ST
07OKU0064,,104.4771,-3.9018,SRI_MULYA_TB
07OKU0065,,103.8378,-4.0628,TANGSI_LONTAR_OKU_MT
07OKU0066,,104.1871,-4.1582,TANJUNG_BARU_OKU_PL
07OKU0067,,104.2696,-4.0123,KARTA_MULIA_OKU_MT
07OKU0068,,104.3388,-3.9379,DURIAN_OKU_MT
07OKU0070,,104.1575,-4.13,TALANG_JAWA_OKU_PL
07OKU0071,,104.229,-4.0271,LINTAS_PENINJAUAN_2_PL
07OKU0072,,104.0902,-3.9599,TALANG_RADEN_PL
07OKU0073,,104.1133,-4.3564,KARANG_ENDAH_75_TB
07OKU0074,,103.918,-4.0476,SUKA_MERINDU_PL
07OKU0077,,104.3312,-3.8296,MEKARTI_TAMA_PL
07OKU0078,,104.2863,-4.0932,LEKISREJO2_OKU_PL
07OKU0079,,104.495,-3.7831,DESA_SUKA_PINDAH_PL
07OKU0080,,104.1228,-3.9522,GUNUNG_MERAKSA_PL
07OKU0081,,104.353,-3.8612,DESA_PENILIKAN_PL
07OKU0084,,104.106,-4.2398,SOSOH_BUAY_RAYAP_MT
07OKU0085,,104.0511,-4.2978,SIMPANG_EMPAT_LENGKITI_PL
07OKU0086,,103.8598,-4.0648,SURAU_MUARA_JAYA_PL
07OKU0087,,104.1595,-4.0801,BATU_KUNING_MT
07OKU0089,,104.1953,-4.0484,LUBUK_BATANG_OKU_MT
07OKU0090,,104.3047,-4.1285,MARTAJAYA_LUBUKRAJA_CM
07OKU0091,,104.1609,-4.1201,AIRGADING_BATURAJA_PL
07PBM0001,,104.1616,-3.4023,GUNUNG_KEMALA_PBM_KN
07PBM0003,,104.1958,-3.4454,BUKIT_PATIH_PL
07PBM0004,,104.2113,-3.3769,SUNGAI_MEDANG_PL
07PBM0005,,104.218,-3.4403,PERTAMINA_PRABUMULIH_EP
07PBM0006,,104.2228,-3.4397,PATIH_GALUNG_TB
07PBM0007,,104.223,-3.4293,PETAI_PRABUMULIH_PL
07PBM0008,,104.2288,-3.4313,SUBDENPOM_PRABUMULIH_TB
07PBM0009,,104.2311,-3.4446,PRABUMULIH1_TB
07PBM0010,,104.2316,-3.4275,KOLDANI_EFFENDI_PL
07PBM0011,,104.2321,-3.4636,SMPN3_PRABUMULIH_PL
07PBM0012,,104.2326,-3.4225,PRABUJAYA_PRABUMULIH_MT
07PBM0014,,104.235,-3.4286,PETALING_PBM_TB
07PBM0015,,104.2372,-3.4238,PRABUJAYA_PL
07PBM0016,,104.2377,-3.444,PRABUMULIH_BARAT_PL
07PBM0017,,104.2381,-3.4833,SUKARAJA_PLB_TB
07PBM0018,,104.2382,-3.4147,PRABUMULIH2_TB
07PBM0019,,104.2386,-3.4373,PASAR_PRABUMULIH_EB
07PBM0020,,104.239,-3.4201,ARIMBI_PRABU_JAYA_PL
07PBM0021,,104.239,-3.4336,PASAR_PRABU_EP
07PBM0022,,104.2412,-3.4484,TALANG_JINAR_SUKARAJA_MT
07PBM0023,,104.2426,-3.4297,KUTILANG_KARANG_RAJA_PL
07PBM0024,,104.2434,-3.423,PRABUMULIH_BARU_MT
07PBM0025,,104.2445,-3.4391,MAJASARI_PRABUMULIH_TB
07PBM0026,,104.246,-3.4128,PRABU_JAYA_PL
07PBM0027,,104.246,-3.4505,DESA_SUKARAJA_PBM_TB
07PBM0028,,104.2491,-3.4195,TUGU_KECIL_PL
07PBM0029,,104.2495,-3.4334,KARANG_RAJA_PRABUMULIH_PL
07PBM0030,,104.253,-3.4083,GUNUNGIBULBRT_PRABUMULIHTMR_MT
07PBM0031,,104.2541,-3.4137,PRABUJAYA_PRABUMULIHTMR_IB
07PBM0032,,104.2549,-3.4009,KARTINI_PRABUMULIH_MT
07PBM0033,,104.2592,-3.4168,GRAND_NIKITA_PRABUMULIH_MT
07PBM0034,,104.26,-3.4083,GUNUNG_IBULBARAT_PL
07PBM0035,,104.262,-3.4028,TAMANMURNI_GNIBULBARA_ST
07PBM0036,,104.2632,-3.5509,JMBTN_TJ_RAMBANG_PL
07PBM0037,,104.2633,-3.4255,TENGGAMUS_PRABUMULIH_PL
07PBM0038,,104.2659,-3.3965,GUNUNG_IBUL_PRABUMULIH_MT
07PBM0039,,104.2681,-3.4177,PADAT_KARYA_GUNUNG_IBUL_PL
07PBM0040,,104.2695,-3.3833,CAMBAI1_TB
07PBM0041,,104.2694,-3.3916,BIMACITRA_PRABUMULIH_MT
07PBM0042,,104.2696,-3.4072,GRASETA_PRABUMULIH_PL
07PBM0043,,104.2735,-3.4145,PADAT_KARYA_PBM_CM
07PBM0044,,104.2788,-3.4023,RSUMUMPRABUMULIH_KN
07PBM0045,,104.282,-3.3739,CAMBAI_EP
07PBM0046,,104.2885,-3.4353,KARANGJAYA_LAMA_PL
07PBM0047,,104.3176,-3.3643,PRABUMULIH_PANGKUL_PL
07PBM0048,,104.3297,-3.3815,PANGKUL_PRABUMULIH_MT
07PBM0049,,104.1815,-3.498,KEMANG_TANDUK_TGNANAS_PL
07PGA0001,,103.1934,-4.0644,MUARA_SIBAN_TB
07PGA0002,,103.1968,-4.0413,PERKANTORAN_PEMKOT_PGA_MT
07PGA0003,,103.225,-4.0217,GUNUNG_GARE_TB
07PGA0004,,103.235,-4.0236,NENDAGUNG_PL
07PGA0005,,103.2414,-4.0026,KURIPAN_BABAS_TB
07PGA0006,,103.2427,-4.023,SIDEREJO_PSRPAGARALAM_TB
07PGA0007,,103.2435,-4.0159,PAGAR_ALAM_UTARA_PL
07PGA0008,,103.2441,-4.0395,TANJUNG_AGUNG_PGA_CM
07PGA0009,,103.25,-4.0149,PAGARALAM_CITY_PGA_MT
07PGA0010,,103.2501,-4.0251,PAGAR_ALAM_NEW_MT
07PGA0011,,103.2511,-4.0217,PAGAR_ALAM_CITY_TB
07PGA0012,,103.2543,-4.019,PAGAR_ALAM_TB
07PGA0013,,103.2579,-4.0237,TIUMBAK_ULAS_MT
07PGA0014,,103.2592,-4.0306,TINGGI_ARI_MT
07PGA0015,,103.2971,-4.0563,KARANG_DALO_PL
07PGA0016,,103.3408,-4.0817,PERAHU_DIPO_GH
07PGA0017,,103.3409,-4.1009,MUARA_SINDANG_EP
07PGA0018,,103.3523,-4.0833,TANJUNG_MENANG_ST
07PGA0019,,103.407,-4.0084,DEMPO_SELATAN_TB
07PGA0020,,103.2201,-4.0871,BURUNG_DINANG_MT
07PGA0021,,103.2796,-4.0483,KARANG_DALO2_PL
07PGA0022,,103.2198,-4.042,PAGAR_WANGI_PL
07PGA0023,,103.1788,-4.0766,AGUNG_LAWONGAN_PL
07PLG0001,,104.6379,-2.9319,BUKIT_BARUG_PL
07PLG0002,,104.6465,-2.9272,SUKAJAYA_BANYU_ASIN_PL
07PLG0003,,104.6493,-2.9221,KORAMIL_SUKAJADI_MT
07PLG0005,,104.6592,-2.9386,TALANG_BULU_GT
07PLG0006,,104.6615,-2.9316,TANAH_MASG_PL
07PLG0007,,104.6622,-2.9903,GANDUS_TB
07PLG0008,,104.6804,-2.9061,SUKADADIRAME_PL
07PLG0009,,104.6806,-2.8966,SUKA_MULYA_PLG_MT
07PLG0010,,104.6817,-2.9651,LEBUNG_PERMAIG_PL
07PLG0011,,104.6816,-2.9206,BUMI_DARUSSALAM_PL
07PLG0012,,104.6826,-3.0162,PEKUBURANPERMAIPULOKERTO_PL
07PLG0013,,104.6824,-2.9413,GRANDCITY1_TB
07PLG0014,,104.6835,-2.9138,KM3_PLG_TB
07PLG0015,,104.6839,-2.9294,GRANDCITY2_TB
07PLG0016,,104.6831,-2.9358,TALANG_KELAPA_PLG_TB
07PLG0017,,104.6853,-2.8806,LORONG_MAKMUR_PL
07PLG0018,,104.6859,-2.9062,JALAN_BOSTER_MT
07PLG0019,,104.6861,-3.0063,TELUK_KIJING_PLG_PL
07PLG0020,,104.6891,-2.9534,KELAPA_RAYA_TB
07PLG0021,,104.688,-2.9455,PERUMNAS_TALANG_KELAPA_TB
07PLG0022,,104.6898,-2.913,SUKODADI_SUKARAMAI_MT
07PLG0023,,104.69,-2.9167,SIMPANG_AIRPORT_TB
07PLG0024,,104.6912,-2.9309,CAMAT_ALANGLEBAR_CM
07PLG0025,,104.6913,-3.0158,KENAWAS_MT
07PLG0026,,104.6922,-2.9024,SUKARAMIDADI_MT
07PLG0027,,104.6924,-2.9062,KOMPLEK_AURI_GT
07PLG0028,,104.6929,-2.884,TALANG_BETUTU1_PL
07PLG0029,,104.6935,-2.9144,BATUKAPUR_ALANGALANG_PL
07PLG0030,,104.6938,-3.0031,GANDUS_PALEMBANG_IB
07PLG0031,,104.694,-2.9375,PERUM_TALANG_KELAPA_TB
07PLG0032,,104.6954,-2.9246,KARYA_BARU2_GT
07PLG0033,,104.6965,-2.8726,KARTOWINANGUN_CM
07PLG0034,,104.6967,-2.9283,MI_PERUMAHAN_MASKAREBET_MT
07PLG0035,,104.697,-2.8895,TALANG_BETUTU3_TB
07PLG0036,,104.699,-2.9173,STITALANG_BETUTU_TB
07PLG0037,,104.699,-2.9531,SOEKARNO_HATTA_TLGKELAPA_PL
07PLG0038,,104.7,-2.8831,TALANG_BETUTU2_ST
07PLG0039,,104.7013,-2.9413,LINGKAR_BARAT_PLG_MT
07PLG0040,,104.7022,-2.9249,ALANGALANG_LEBAR_MT
07PLG0041,,104.7029,-2.9637,LUBUK_BAKUNG_TB
07PLG0042,,104.7034,-3.009,JLMOH_AMIN_PL
07PLG0043,,104.7037,-2.934,KARYA_BARU_PLG_MT
07PLG0044,,104.7045,-2.8951,I2_BANDARA_SULTAN_MAHMUD_MC
07PLG0046,,104.7052,-2.9185,SULTANMAHMUD_BAHARUDDIN_CM
07PLG0047,,104.7059,-2.9493,JALAN_ATMO_TB
07PLG0048,,104.7061,-2.9442,TALANG_BURUK_EP
07PLG0049,,104.7063,-2.8926,SAUNG_MBAHMI_MT
07PLG0050,,104.7072,-2.8855,SUKARAMIG_PL
07PLG0051,,104.708,-2.9598,PAKJO_PL
07PLG0052,,104.7082,-2.9301,SOEKARNO_HATTA_CM
07PLG0053,,104.7085,-2.9792,ILIRBARU_TB
07PLG0054,,104.7091,-2.925,KARYA_BARU_IB
07PLG0055,,104.7078,-2.9414,HBR_MOTIK_KARYA_BARU_IB
07PLG0056,,104.7097,-2.9353,HBR_MOTIK_PLG_MT
07PLG0058,,104.7112,-2.9503,ALANGLEBAR_PL
07PLG0059,,104.7116,-2.9166,HARUN_SOHAR_PLG_TB
07PLG0060,,104.7118,-2.9906,MACAN_LINDUNGAN_PLG_TB
07PLG0061,,104.7121,-2.9615,IRIGASI_KARYA_BARU_PL
07PLG0062,,104.7123,-2.9305,JALAN_ALWI_PLG_TB
07PLG0063,,104.7129,-2.9668,SIRING_AGUNG1_CM
07PLG0064,,104.7132,-2.9115,KEBUN_BUNGA_RM_OMBAK_IB
07PLG0065,,104.7134,-2.8931,TALANG_JAMBESUKARAMI_ST
07PLG0066,,104.7143,-2.9951,JALAN_BUKITBARU_PLG_TB
07PLG0067,,104.7146,-2.9245,MI_KEBUN_BUNGA2_PK
07PLG0068,,104.7147,-2.9338,KOL_BURLIAN_KM7_EB
07PLG0069,,104.7151,-2.9412,PONDOK_TELADAN_PLG_TB
07PLG0070,,104.7152,-2.9214,KOLBURLIAN_KEBUNBUNGA_TB
07PLG0071,,104.7153,-2.9795,TJBARANGAN_CM
07PLG0072,,104.7156,-2.8986,SULTAN_MAHMUD_BADARUDDIN_PL
07PLG0073,,104.7163,-3.0042,PERUM_BUKIT_SEJAHTERA_TB
07PLG0074,,104.7163,-2.9652,INSPEKTUR_MARZUKI_MT
07PLG0075,,104.7166,-2.9591,SRIJAYA_PLG2_TB
07PLG0076,,104.7171,-2.9285,SUKARAME_PLG_MT
07PLG0077,,104.7172,-3.0282,LINTAS_MUSI_MT
07PLG0078,,104.7176,-3.042,TPA_KERTAPATI_PL
07PLG0079,,104.7182,-2.9719,MUSI_RAYS_PLG_TB
07PLG0080,,104.7183,-2.9232,PERINDUSTRIAN_PLG_MT
07PLG0081,,104.7185,-2.9472,MUSEUMBALAPUTRADEWAPLB_GT
07PLG0082,,104.7185,-2.9935,BUKIT_BARU2_TB
07PLG0083,,104.7187,-2.8899,KOMERING_SELATAN_PL
07PLG0084,,104.7187,-3.0107,POLIGONPH4_MT
07PLG0085,,104.719,-2.9548,LORONG_KEMENYAN_TB
07PLG0086,,104.7197,-2.9753,DEMANG_LEBAR_DAUN2_PL
07PLG0087,,104.72,-2.9972,PRAWIRA_NEGARA2_PL
07PLG0088,,104.72,-2.9616,SIRING_AGUNG_PL
07PLG0089,,104.72,-2.9845,KANCIL_PUTIH_PLG2_ST
07PLG0090,,104.7197,-3.0153,MUSI_DUO_PL
07PLG0091,,104.7202,-2.914,KEBUN_BUNGA1_MT
07PLG0092,,104.7204,-2.9876,PARAMESWARA_BUKIT_BARU_PL
07PLG0093,,104.7204,-2.9364,PIPASUKARAMIBSC_MT
07PLG0094,,104.7208,-2.9422,KARYA_BARU_PLG1_PL
07PLG0095,,104.7217,-3.0014,ILIR_BAR_CM
07PLG0096,,104.7217,-2.931,PERINDUSTRIAN2_TB
07PLG0097,,104.7219,-2.9623,MI_ALFA_PMSYARAKATANPAKJO_PK
07PLG0099,,104.7224,-2.98,KANCIL_PUTIH_PLG1_IB
07PLG0100,,104.7226,-2.9201,KEBUN_BUNGA3_TB
07PLG0101,,104.7229,-2.9679,WAY_HITAM_TB
07PLG0102,,104.7228,-3.0127,MI_POLIGONPH3_MT
07PLG0103,,104.7232,-2.9535,MANDI_API_PLG_TB
07PLG0104,,104.7238,-3.0079,BUKIT_LAMALIR_BARAT_MT
07PLG0105,,104.7239,-2.9983,BUKIT_BESAR_EP
07PLG0106,,104.724,-2.9897,HULUBALANG_PALEMBANG_MT
07PLG0107,,104.7246,-2.9268,SURYA_SAKTI_SUKARAME_PL
07PLG0108,,104.7255,-2.935,NASKAH_KM7_PL
07PLG0109,,104.7255,-2.9739,DEMANG_LEBAR_DAUN1_PL
07PLG0110,,104.7255,-2.91,MAUNG_BANDARA_TB
07PLG0111,,104.7255,-2.9848,BENGKEL_PAS_TB
07PLG0112,,104.7259,-3.0811,URIP_SUMOHARJO_PLG_TB
07PLG0113,,104.7261,-2.9563,SUKARAMI_PALEMBANG_KOTA_TB
07PLG0114,,104.7263,-2.918,PERINDUSTRIAN1_PS
07PLG0115,,104.7267,-2.9935,SIMPANG_PRAMESWARA_GH
07PLG0116,,104.7267,-3.0761,KARYA_JAYA_PLG_TB
07PLG0117,,104.7271,-2.9418,BUKIT_BARU1_CM
07PLG0118,,104.7272,-3.0618,KARYA_JAYA_PALEMBANG_PL
07PLG0119,,104.7275,-2.9632,SIRING_AGUNG3_PL
07PLG0120,,104.7276,-2.9519,MI_SUKAJAYA1_CM
07PLG0121,,104.7278,-2.8837,TALANG_JAMBE_PL
07PLG0122,,104.7279,-3.0193,LORONG_PANCASILA_PLG_MT
07PLG0123,,104.7279,-3.0004,BUKIT_LAMA2_PL
07PLG0124,,104.7282,-2.9791,SUNGAI_SAHANG_LOROK_PAKJO_PL
07PLG0125,,104.7289,-3.0114,KARANG_JAYA_PLG_IB
07PLG0126,,104.7283,-2.9906,20ILIR1_MT
07PLG0127,,104.7294,-2.9591,LORONGKAPAS_PL
07PLG0128,,104.7294,-2.9329,KOLONEL_ARDIAN_PLG_TB
07PLG0129,,104.7297,-2.8935,BANDARASMB_TB
07PLG0130,,104.7298,-2.9839,SUNGAI_SEKANAK_PL
07PLG0131,,104.73,-2.9682,DSSGOTONG_ROYONG_PAKJO_TB
07PLG0132,,104.7301,-2.9547,LETNAN_MUROD_0_ILIR_MT
07PLG0133,,104.7301,-2.9235,ARIMBI_PLG_MT
07PLG0134,,104.7304,-2.9087,LUBUK_KAWAH_PLG_MT
07PLG0135,,104.7306,-2.9745,LOROK_PAKJO_CM
07PLG0136,,104.7309,-2.9427,SUKABANGUN_SUKABANGUN_PL
07PLG0137,,104.7318,-2.9629,SIRING_AGUNG2_PL
07PLG0138,,104.732,-2.9959,BUKIT_LAMA1_PL
07PLG0139,,104.7319,-3.0044,POLITEKNIK_PLG_TB
07PLG0140,,104.7314,-2.9872,GERBANG_UNSRI_TB
07PLG0142,,104.7322,-2.8875,HARUN_SONAR_4_PLG_TB
07PLG0143,,104.7323,-3.0417,KOLAM_RENANG_JAKABARING_IB
07PLG0144,,104.7326,-2.9503,KM6_EP
07PLG0145,,104.7325,-2.9261,LORONGJAMBU_PL
07PLG0146,,104.7326,-2.9843,MI_MCP_UNSRI_MT
07PLG0147,,104.7329,-2.9779,SUKABANGUN5_CM
07PLG0148,,104.7333,-2.9386,SUKABANGUN2_PL
07PLG0149,,104.7335,-2.9919,20ILIR2_PL
07PLG0150,,104.7339,-3.012,KADIR_KRGANYAR_PL
07PLG0151,,104.7338,-2.9581,LET_MUROD_PL
07PLG0152,,104.7345,-2.9694,RAJA_AKI_KN
07PLG0153,,104.7356,-2.9341,SUKAJAYA_SUKARAMI_MT
07PLG0154,,104.7363,-3.0156,ILIR_BARAT_TB
07PLG0155,,104.7366,-2.9226,SUKABANGUN4_MT
07PLG0156,,104.7368,-2.9895,PADANG_SELASA_PL
07PLG0157,,104.7383,-2.9632,RRI_PALEMBANG_TM
07PLG0158,,104.737,-2.9443,SUKARELA_PUNTI_PL
07PLG0159,,104.7373,-3.0046,RAMBUTAN_PLG_PL
07PLG0160,,104.7374,-2.9952,KEMANG_MANIS_MT
07PLG0161,,104.7374,-2.9732,KIKIM_DEMANG_LEBAR_DAUN_PL
07PLG0162,,104.7378,-3.0333,SYAHRIR_KERAMASAN_PL
07PLG0163,,104.7375,-2.9282,PEPAYA_INDAH_PLG_TB
07PLG0164,,104.7376,-3.0093,JALAN_PDAM_PLG_TB
07PLG0165,,104.7377,-2.9679,TRIKORA_PALEMBANG_TB
07PLG0166,,104.7371,-2.9816,PALEMBANG_CENTER_EP
07PLG0167,,104.7386,-2.909,SUAK_PERMAI1_MT
07PLG0168,,104.739,-2.9598,SIMPANG_POLDA_TB
07PLG0169,,104.7392,-2.9479,SUKABANGUN1_PL
07PLG0170,,104.7396,-2.9544,BASUKI_RAHMAT_PL
07PLG0171,,104.7397,-2.9409,SUKABANGUN6_TB
07PLG0172,,104.7398,-2.9176,ALAMIAH_PL
07PLG0173,,104.7402,-2.937,SPARMAN_SUKAJAYA_PL
07PLG0175,,104.7405,-2.9629,MDP_SUDIRMAN_PLG_TB
07PLG0176,,104.7384,-2.9316,SUKABANGUN_PL
07PLG0177,,104.7408,-2.9987,TANJUNG_BURUNG_TB
07PLG0178,,104.7409,-3.0042,GELORA_PLG_MT
07PLG0179,,104.7414,-2.9254,SUAK_PERMAI2_IB
07PLG0180,,104.7415,-2.9769,IN_HYPERTMARTPSMALL_DH
07PLG0181,,104.7416,-2.969,KAMBOJA_MT
07PLG0182,,104.7416,-2.9763,IN_PALEMBANGSQUARE_DH
07PLG0184,,104.742,-2.9936,30ILIR_BARAT_PL
07PLG0185,,104.7418,-3.0648,KARYA_JAYA_PL
07PLG0186,,104.7422,-2.9582,SUKAJAYA2_PL
07PLG0187,,104.7416,-2.9764,PLGSQUARE_MT
07PLG0188,,104.7423,-2.978,I2_RUMAH_SAKIT_SILOAM_MC
07PLG0189,,104.7432,-2.9519,KEMUNING_ARYO_KEMUNING_PL
07PLG0190,,104.7432,-2.9457,SWADAYA_PLG_PS
07PLG0191,,104.7439,-2.9417,LORONG_MUJADDID_CM
07PLG0192,,104.7437,-3.0167,PANGERAN_SIDO_MT
07PLG0193,,104.7437,-2.9638,JEND_SUDIRMAN_PAHLAWAN_PL
07PLG0195,,104.7442,-3.0132,ERATOWER_35_ILIR_TIMUR_EB
07PLG0196,,104.7439,-2.9755,ANGKATAN_EP
07PLG0197,,104.7445,-2.9861,KAPTEN_RIVAI_TB
07PLG0198,,104.7448,-3.0459,YUSUF_SINGEDEKANEG_PL
07PLG0199,,104.7452,-2.9279,TAMALIKA_PLG_TB
07PLG0200,,104.7454,-2.9732,DWIKORA_ILIR_PL
07PLG0201,,104.7461,-2.9989,MAKRAYU_32ILIR_PL
07PLG0202,,104.7463,-2.9659,RED_HOTEL_MT
07PLG0203,,104.7463,-2.9613,LETNAN_SIMANJUNTAK_MT
07PLG0204,,104.7467,-3.0092,PANGERAN_SIDOING_MT
07PLG0205,,104.7469,-2.9211,KELUARGA_PLG_MT
07PLG0206,,104.747,-3.006,TANGGA_BUNTUNG_PL
07PLG0207,,104.7467,-2.9778,HOTELARISTAEXHOTELHORISON_TB
07PLG0208,,104.7464,-2.9818,I2_TRANSMARTPALEMBANG_TB
07PLG0209,,104.7473,-2.9906,IN_HOTEL_SWARNA_DWIPA_KN
07PLG0210,,104.7471,-2.9545,HOTEL_ASTON_PALEMBANG_CM
07PLG0211,,104.7473,-2.9924,INDOSATTALANGSEMUT_TB
07PLG0212,,104.7474,-2.9367,PONOROGO_PLG_TB
07PLG0213,,104.748,-2.9874,KEMUNING_PLG_GT
07PLG0214,,104.748,-2.9704,KAMBOJA_PLB_MT
07PLG0215,,104.748,-2.9447,ISAT_LEBUNGSIARANG_TB
07PLG0216,,104.749,-2.9319,MUSI_INDAH_LESTARI_PL
07PLG0217,,104.7493,-2.9159,TPA_SUKAJAYA_PL
07PLG0218,,104.7494,-2.9975,SEI_PANGERAN_TB
07PLG0219,,104.7495,-2.9831,SIMPANG_RADIAL_PL
07PLG0220,,104.7496,-2.9498,TALANG_AMAN_PL
07PLG0221,,104.7498,-3.0388,KERTAPATI_MT
07PLG0222,,104.7499,-3.0241,PASAR_SUNGKIL_ST
07PLG0223,,104.75,-2.968,TELKOM_SUDIRMAN_PL
07PLG0224,,104.7502,-3.0145,DERMAGA_PINISI_PLG_TB
07PLG0225,,104.7504,-2.9247,SEI_PUTAT_TB
07PLG0227,,104.7516,-2.983,RAMAYANA_DEPT_STORE_MT
07PLG0228,,104.7516,-2.9737,IN_HOTELJAYAKARTA_PLB_MC
07PLG0229,,104.7516,-2.9737,HOTEL_JAYAKARTA_MC
07PLG0230,,104.7517,-2.9579,TORPEDO_SEKIP_PL
07PLG0231,,104.7518,-3.0096,1ULU_SEBERANG_PL
07PLG0232,,104.752,-2.9845,MI_24ILIR_BARAT_PL
07PLG0233,,104.752,-3.0332,KIMAROGANKEMASRINDO_ST
07PLG0234,,104.752,-2.9776,IN_HOTEL_SANJAYA_DH
07PLG0235,,104.7519,-2.9541,SEKIP_UJUNG1_TB
07PLG0237,,104.7527,-3.0292,KIMEROGAN_XL
07PLG0238,,104.7534,-2.9445,PIPA_REJA_PL
07PLG0241,,104.7543,-2.9849,PALEMBANG_INDAH_MALL_EP
07PLG0242,,104.7546,-2.9392,KUBURAN_NASRANI_PIPA_REJA_PL
07PLG0243,,104.7549,-3.0237,KEMANG_AGUNGG_PL
07PLG0244,,104.7549,-2.9962,28ILIR_BARAT_MT
07PLG0245,,104.7546,-2.9912,JLMERDEKA_TB
07PLG0247,,104.7592,-3.0067,KERTAPATI2_PL
07PLG0248,,104.7564,-2.948,PIPE_REJA_PL
07PLG0249,,104.7581,-2.9557,20ILIRG_PL
07PLG0250,,104.7567,-2.9673,DUA_PULUH_HILIR_TB
07PLG0251,,104.7569,-2.9706,SYAKIAKIRTI_0_ILIR_ST
07PLG0252,,104.757,-2.9303,KENTEN_SUKABANGUN_TB
07PLG0253,,104.757,-3.0143,TUAN_KENTANG_PL
07PLG0254,,104.7573,-2.9818,AMPERA_PLG_PL
07PLG0255,,104.757,-2.9842,I2_INTERNASIONAL_PLAZA2_DH
07PLG0256,,104.7582,-2.9587,MI_ALFAMART_PELITA_PK
07PLG0257,,104.7582,-2.9756,VETERANG_PL
07PLG0258,,104.7583,-2.9219,SUKAMAJU_PLG1_PL
07PLG0259,,104.7571,-2.9518,HOTEL_AL_FURQON_MT
07PLG0260,,104.7588,-2.986,INTERNASIONAL_PLAZA1_PL
07PLG0261,,104.759,-2.9616,GERSIK_IB
07PLG0262,,104.759,-3.0009,JLSSUPARMAN_SUKAJAYA_TB
07PLG0263,,104.7592,-3.0333,MATARAM_KERTAPATI_MT
07PLG0264,,104.7593,-3.0288,OGANBARU_MT
07PLG0265,,104.7593,-3.0094,WACHID_HASYIMULU_PL
07PLG0266,,104.7594,-2.9828,MI_17ILIR_TIMUR_PL
07PLG0267,,104.7599,-2.9787,LAPANGAN_HATTA_PLG_TB
07PLG0268,,104.7609,-2.9506,I2_PALEMBANGTRADECENTER_DH
07PLG0269,,104.761,-2.9909,BKB_PALEMBANG_MT
07PLG0270,,104.761,-2.9758,ROYAL_ASIA_MC
07PLG0271,,104.7612,-2.999,JLKH_AZHARI_EB
07PLG0272,,104.7616,-2.9449,KOMPLEK_PMDSEDUDUK_PUTIH_MT
07PLG0273,,104.7616,-2.9861,IN_MEGARIA_MALL_DH
07PLG0274,,104.7616,-2.9861,MEGARIA_MALL_MT
07PLG0275,,104.7618,-2.9704,MAYOR_RUSLAN_MT
07PLG0276,,104.7621,-3.0199,JLAIPTU_AWAHAB_IB
07PLG0277,,104.7622,-2.9582,BENDUNGAN_INDAH_PLG_MT
07PLG0278,,104.7626,-2.9844,PENGADILAN5_ILIR_PL
07PLG0279,,104.7626,-2.9186,LINGKAR_SUKAMAJU_2_PLG_TB
07PLG0280,,104.7637,-2.9889,PASAR_16_ILIR_EP
07PLG0281,,104.7632,-2.9517,SEKIP_UJUNG_MT
07PLG0282,,104.7631,-2.9807,DEMPO_DALAM_PS
07PLG0283,,104.7633,-2.9892,IN_PASAR16ILIREX_MC
07PLG0284,,104.7636,-2.9393,ANGGREK_8_ILIR_PL
07PLG0285,,104.7637,-2.932,SUKAMAJU_PLG3_XL
07PLG0286,,104.7638,-2.9866,MI_SAYANGAN_ILIRTIMUR_PL
07PLG0287,,104.7641,-2.9737,I2_KAMPUSMDPMULTIDATAPRATAMA_DH
07PLG0288,,104.7646,-2.9223,KEBUN_SAYUR_PLG_TB
07PLG0289,,104.7646,-2.9746,RAJAWALI9_ILIR_PL
07PLG0290,,104.765,-2.9995,JAYA_SENTOSA_FURNITURE_MT
07PLG0291,,104.7652,-2.9809,9ILIR_TIMUR2_PL
07PLG0292,,104.7656,-3.0092,ULU_CM
07PLG0293,,104.7658,-3.005,ULU_LIMA_PL
07PLG0294,,104.7664,-3.014,RSBARI_PL
07PLG0295,,104.7669,-2.9438,8ILIR_PL
07PLG0296,,104.7669,-2.9957,PLAJU2_TB
07PLG0297,,104.7673,-2.9771,9ILIR_TIMUR1_MT
07PLG0298,,104.7674,-2.9391,MANGKU_NEGARA_MT
07PLG0299,,104.7676,-2.9847,13ILIR_PL
07PLG0300,,104.7679,-2.9698,BELIBIS2_DUKU_MT
07PLG0301,,104.7681,-2.9926,PASAR3_ULU_TB
07PLG0302,,104.7681,-2.9493,MANGKUNEGARA_KALIDONI_PL
07PLG0303,,104.7683,-2.9265,SUKAMAJU_PLG2_PL
07PLG0304,,104.7684,-3.001,BURANGANSEBERANG_ULU_PL
07PLG0306,,104.7693,-2.963,DRM_ISA8ILIR_PL
07PLG0307,,104.7705,-3.0048,8ULU_SEBRANG_MT
07PLG0308,,104.7705,-3.0365,PEMULUTAN2_TB
07PLG0309,,104.7707,-2.9723,DUKU_ILIRTMR_MT
07PLG0310,,104.7707,-2.9948,MI_ALFAMART_TEMBOK_BARU_PK
07PLG0311,,104.7708,-2.9208,SUKAMAJU_SAKO_MT
07PLG0312,,104.771,-2.9791,MISA_KUTOBATU_ST
07PLG0313,,104.7712,-2.9558,BAMBANG_TOYO_TAMAN_KENTEN_MT
07PLG0314,,104.7716,-2.935,KENTEN_PERMAI_MT
07PLG0315,,104.7726,-2.9614,BINA_WARGA_PLG_IB
07PLG0316,,104.7727,-2.9923,DUABELAS_ULUG_PL
07PLG0317,,104.7732,-2.9973,SEBERANG_ULU_EP
07PLG0318,,104.773,-2.9883,13ULU_TB
07PLG0319,,104.7734,-2.9716,PERINTIS_KEMERDEKAAN_PLG1_MT
07PLG0320,,104.7737,-3.0179,PANGERAN_RATU_TB
07PLG0321,,104.7741,-3.0016,LORONG_HARAPAN_MT
07PLG0322,,104.7743,-2.975,PERINTIS_KEMERDEKAAN_PLG2_PL
07PLG0323,,104.7747,-3.0074,DELAPAN_ULU_ST
07PLG0324,,104.7753,-2.9523,ALFATAH_KENTEN_PL
07PLG0325,,104.7753,-2.9197,SAKO_BARU_SAKO_PL
07PLG0326,,104.7753,-2.925,SRIJAYA_PLG1_CM
07PLG0327,,104.7755,-2.9666,SUTAN_SYAHRIR_SIUR_TB
07PLG0328,,104.7757,-2.9427,MITRA_ADIGUNA_PL
07PLG0329,,104.776,-2.9626,DUKU_CM
07PLG0330,,104.7756,-2.9809,PELINDO_PALEMBANG_PL
07PLG0331,,104.7768,-2.9963,I2_RSUMUHAMADIYAH_DH
07PLG0332,,104.7773,-2.9293,TANJUNG_PANDAN_SIALANG_PL
07PLG0333,,104.7773,-3.024,BUNDARAN_GOR_PL
07PLG0334,,104.7775,-2.9363,BUKIT_SUNGKAL_PL
07PLG0335,,104.7781,-2.9568,KENANGA_ILIR_PL
07PLG0336,,104.7782,-2.9699,LIMA_ILIR_PL
07PLG0337,,104.7788,-2.9902,JAYAINDAH_4ULU_PL
07PLG0338,,104.7788,-2.9764,JLDR_M_ISA_GT
07PLG0339,,104.779,-3.0299,OPI_PALEMRAYA_PLG_TB
07PLG0340,,104.7789,-2.94,MI_SAKOSAPTAMARGAPH3_MT
07PLG0341,,104.7791,-3.0014,SILABERANTI_PL
07PLG0342,,104.7798,-2.9265,PATANILANG_PLG_MT
07PLG0343,,104.78,-2.919,KENTEN_UJUNG_TB
07PLG0344,,104.7803,-2.9956,14ULU_PL
07PLG0345,,104.7813,-2.9707,BAMBANG_UTOYO_EP
07PLG0346,,104.7812,-2.9586,URIP_ST
07PLG0347,,104.7823,-3.0227,PERUMAHAN_ATLET_CM
07PLG0348,,104.7825,-3.008,ULU_PLG_MT
07PLG0349,,104.7828,-2.9663,2ILIR_TIMUR_MT
07PLG0350,,104.7829,-2.9739,YOSSUDARSO_3ILIR_PL
07PLG0351,,104.7829,-2.9497,BUKIT_SANGKAL1_PL
07PLG0352,,104.7831,-3.0308,JAKA_BARING_TB
07PLG0353,,104.7831,-2.9414,HASAN_KASIM_BUKIT_SANGKAL_PL
07PLG0354,,104.7832,-2.9624,LETTURONIBELUT2ILIRB_PL
07PLG0355,,104.783,-2.993,AHMADYANI_PLG_MT
07PLG0356,,104.7834,-2.9876,TANGGA_TAKAT2_PL
07PLG0357,,104.7836,-2.9311,SAKO1_PL
07PLG0358,,104.784,-2.9541,VILLA_EVERGREEN_MT
07PLG0359,,104.7842,-2.9147,JALAN_BSD_PLG_MT
07PLG0360,,104.7845,-2.9996,TALANG_BANTEN_PL
07PLG0361,,104.7847,-2.9355,MUSI_RAYA_SIALANG_PL
07PLG0362,,104.7855,-2.922,SEMATANG_RAYA_SAKO_PL
07PLG0363,,104.7856,-2.9458,KALIDONI_TBG_TB
07PLG0364,,104.7864,-2.9625,GRIYA_ROSA_PLG_TB
07PLG0365,,104.7864,-2.927,PERUMNAS_SAKO_KN
07PLG0367,,104.787,-2.9965,16ULU_PL
07PLG0368,,104.7871,-2.9761,SUNGAIBUAH_MT
07PLG0369,,104.7877,-2.9587,AJENDAM_ST
07PLG0370,,104.7876,-3.0007,BANTEN_PLAJU_ST
07PLG0371,,104.788,-3.0227,STADION_JAKABARING_PL
07PLG0372,,104.7883,-2.9874,MI_ALFAMART_KH_AZHARI_PK
07PLG0373,,104.7885,-2.9799,RATUSIANUM_3ILIR_PL
07PLG0374,,104.7885,-2.969,SUNGAI_BUAH_PL
07PLG0375,,104.7886,-2.9419,CITRA_GREEN_PLG_TB
07PLG0376,,104.7887,-2.938,BUKIT_SANGKAL2_PL
07PLG0377,,104.7903,-2.9269,PERUMNAS_SAKO1_TB
07PLG0378,,104.7907,-2.9302,MI_ARJUNA_RAYA_PK
07PLG0379,,104.791,-3.0187,GOR_AREA_JAKABARING_KN
07PLG0380,,104.791,-2.9639,LEMABANG_EP
07PLG0381,,104.791,-2.9739,SABO_KINGKING_PL
07PLG0382,,104.7912,-2.9324,LEBUNG_GAJAH_PLG_ST
07PLG0383,,104.7914,-2.9244,MI_MCP_SAKO_SAPTAMARGA_MT
07PLG0384,,104.7866,-2.9905,TANGGA_TAKAT_MT
07PLG0385,,104.7926,-2.9465,KALIDONI_IBS_TB
07PLG0386,,104.793,-2.935,TERMINAL_KENTEN_MT
07PLG0387,,104.7931,-3.002,SENTOSA_PLG1_MT
07PLG0388,,104.7935,-2.9678,LEBONG_GAJAH_KOTA_ST
07PLG0389,,104.7936,-2.9541,RWMONGINSIDI_KALIDONI_PL
07PLG0390,,104.7937,-3.0345,ANGKATAN1_TB
07PLG0391,,104.7947,-2.9162,SAKO_PLG2_TB
07PLG0392,,104.795,-3.0132,MI_LAPANGAN_TEMBAK_JSC_TB
07PLG0393,,104.7951,-2.9203,BORANG_PL
07PLG0394,,104.7953,-2.9967,ENAMBELASULU_PL
07PLG0395,,104.7954,-2.9576,ANGGADA_PLG_TB
07PLG0396,,104.7941,-2.9084,PELABUHANDALAM_TB
07PLG0397,,104.7974,-2.992,PANJAITAN_TANGGA_TAKAT_PL
07PLG0398,,104.7976,-2.941,BETAWI_PLG2_TB
07PLG0399,,104.7982,-2.9331,BETAWI_PLG1_TB
07PLG0400,,104.7985,-2.9986,GAYA_BARU_PLG_MT
07PLG0401,,104.799,-3.0021,TALANG_KEMANG_SENTOSA_MT
07PLG0402,,104.7994,-3.0311,TEGAL_BINANGUN_MT
07PLG0403,,104.7995,-3.0072,SENTOSA_PLG_TB
07PLG0404,,104.7998,-2.9748,PUSRI1_MT
07PLG0405,,104.7998,-2.948,PRJAGUPTAG_PL
07PLG0406,,104.8008,-2.9663,SUNGAI_SELAYUR_PL
07PLG0407,,104.8008,-2.9533,PASUNDAN_KALIDONI_MT
07PLG0408,,104.8014,-2.9938,PATRA_JAYA_ST
07PLG0409,,104.8014,-3.0279,TEGAL_PLB_TB
07PLG0410,,104.8021,-2.9593,KALIDONI_TB
07PLG0411,,104.8021,-3.0235,PLAJU_TEGAL_BINANGUN_TB
07PLG0412,,104.8029,-2.9128,JALAN_JEPANG_PLG_MT
07PLG0413,,104.8029,-2.9203,ISAT_KENTENBORANG_TB
07PLG0414,,104.8032,-2.9977,PLAJU_MT
07PLG0415,,104.8046,-3.0064,LORONG_DEPOK_PLG_MT
07PLG0416,,104.8046,-2.9479,PAJA_GUPTA_SRIMULYA_TB
07PLG0417,,104.8056,-2.9551,JALAN_PASUNDAN_TB
07PLG0418,,104.8057,-2.9688,PUSRI_TB
07PLG0419,,104.8059,-2.9431,KARYA_BERSAMA_PLG_TB
07PLG0420,,104.8071,-2.9622,SELAYUR_KALIDONI_GT
07PLG0421,,104.8087,-2.9976,PLAJU_ULU1_MT
07PLG0422,,104.809,-2.9762,PULAU_KEMARO_PLG_MT
07PLG0423,,104.8088,-2.9917,TBGSEI_LAIS_PALEMBANG_TB
07PLG0424,,104.8093,-3.017,BINANGUN_PLG_TB
07PLG0425,,104.8102,-3.0035,PLAJU_ULU_PL
07PLG0426,,104.8116,-2.995,MI_MCP_DI_PANJAITAN_PK
07PLG0427,,104.8126,-3.0002,PLAJU_DARAT_ST
07PLG0428,,104.8127,-2.963,JEMPANG_TB
07PLG0429,,104.8127,-2.9493,SAKO_PLG1_ST
07PLG0430,,104.8134,-2.9674,MAYOR_ZEN_SEISELINCAH_PL
07PLG0431,,104.8154,-2.9963,KPTABDULLAH_PLAJUILIR_ST
07PLG0432,,104.8165,-3.0083,PANCING_TEGALBINANGUN_IB
07PLG0433,,104.8181,-2.9696,SEI_SELINCAH_KALIDONI_MT
07PLG0434,,104.8184,-3.0051,KAPTEN_ABDULLAH_TALANG_PUTRI_PL
07PLG0435,,104.8187,-2.9987,KAPTEN_ABDULLAH_MT
07PLG0436,,104.8203,-3.0128,TALANG_PUTRI_TB
07PLG0437,,104.8206,-2.9945,PERTEMUAN_TB
07PLG0438,,104.8216,-2.9589,MADYA_PLG_TB
07PLG0439,,104.8217,-2.9503,JEMPANG_PLG_TB
07PLG0440,,104.8233,-2.9654,MATAMERAHSUNGAISELINCA_PL
07PLG0441,,104.8234,-2.9451,SEMATANG_BORANG_PL
07PLG0442,,104.8289,-2.9731,MAYOR_ZEN_PL
07PLG0443,,104.8338,-2.9809,MARINE_POLICE_PLG_MT
07PLG0444,,104.835,-2.9553,MERAH_MATO_TB
07PLG0445,,104.8507,-2.9366,BORANG_PLG_TB
07PLG0446,,104.7524,-2.9777,HOTEL_SANJAYA_EP
07PLG0448,,104.7039,-2.9962,BUKIT_BARU_MT
07PLG0449,,104.7167,-2.8748,GASING_CM
07PLG0453,,104.7919,-2.9904,SIMPANG_ASSEGAF_PL
07PLG0454,,104.7543,-2.9849,IN_PALEMBANG_INDAH_MALL_DH
07PLG0462,,104.6848,-3.0417,TPA_ALANG_LEBAR_DALAM_PL
07PLG0463,,104.6995,-2.9746,PERUM_BARANGAN_PERMAI_MT
07PLG0464,,104.6529,-3.0262,PULO_KERTO_GANDUS_MT
07PLG0467,,104.6713,-2.9604,BUKIT_BARU_PLG_MT
07PLG0468,,104.685,-2.9765,GRIYA_BARANGAN_INDAH_MT
07RPT0003,,102.7589,-2.6158,RAWAS_ULU_EP
07RPT0004,,102.7687,-2.9479,TERUSAN_RPT_EP
07RPT0005,,102.7879,-2.8707,KARANG_JAYA_RPT_MT
07RPT0007,,102.8107,-2.8488,EMBACANG_BARU_PL
07RPT0008,,102.8141,-2.6437,REMBAN_TB
07RPT0009,,102.8334,-2.6623,RAJO_EMPEDU_ST
07RPT0010,,102.9101,-2.7214,MUARA_RUPIT_MT
07RPT0012,,102.9721,-2.4989,NIBUNG_RPT_EP
07RPT0013,,102.9819,-2.6997,KARANG_DAPO_ST
07RPT0014,,103.1101,-2.6052,BERINGIN_MAKMUR_IB
07RPT0015,,103.1181,-2.6259,BINGIN_TELUK_EP
07RPT0016,,103.1465,-2.6207,LONSUM_EP
07RPT0017,,102.9032,-2.7403,MUARA_RUPIT_TB
07RPT0019,,102.9676,-2.7047,RANTAU_KADAM_PL
07RPT0020,,102.7568,-2.8938,TERUSAN_DALAM_PL
07RPT0021,,103.0756,-2.8064,SP4_TRANSUBUR_PL
07RPT0022,,103.0281,-2.475,BUMI_MAKMUR_RPT_TB
07RPT0023,,102.8304,-2.8124,NOMAN_TB
07RPT0024,,103.0146,-2.6875,BIARO_BARU_TB
07RPT0025,,102.7586,-2.624,SUKOMORO_RWSULU_PL
07RPT0026,,102.9089,-2.7054,RUPID_MURATARA_PL
07RPT0027,,103.0902,-2.7592,SP5_BINAKARYA_PL
07RPT0028,,102.9223,-2.5128,SUMBER_MAKMUR_PL
07RPT0029,,102.852,-2.7747,MAUR_BARU_RUPIT_PL
07RPT0030,,102.7391,-2.6359,SUNGAI_BAUNG_RPT_PL
07RPT0031,,102.8785,-2.7554,BINGIN_RUPIT_PL
07RPT0032,,103.0422,-2.666,DESA_ARINGIN_CM
07RPT0033,,102.8616,-2.6706,KARANG_ANYAR_MURATARA_MT
07RPT0035,,103.2223,-2.6584,BATU_KUCING_MT
07RPT0036,,102.905,-2.5249,KRANI_JAYA_MT
07SKY0001,,103.355,-2.8114,AIR_BALUI_SKY_CM
07SKY0002,,103.4079,-2.7663,NGULAK_MT
07SKY0003,,103.4239,-2.7501,DARTO_SEKAYULINGGAU_TB
07SKY0005,,103.4743,-2.734,SANGA_DESA_TB
07SKY0006,,103.5552,-2.7544,SUGIWARAS_PL
07SKY0007,,103.5733,-2.9781,SIDORAHAYU_PLAKAR_TINGGI_ST
07SKY0008,,103.585,-2.7668,MANGUN_JAYA_SKY_EP
07SKY0009,,103.5894,-2.7704,MANGUNJAYA_MUBA_PL
07SKY0010,,103.6114,-1.9006,MUARA_BAYUNG_CM
07SKY0011,,103.6206,-1.9172,LND_BORDERS_TB
07SKY0012,,103.6204,-2.9476,SIALANG_AGUNG_MT
07SKY0013,,103.6326,-2.1178,API_BAYAT_TB
07SKY0014,,103.6369,-2.7357,BABAT_TOMAN1_IB
07SKY0015,,103.6429,-2.7394,BABAT_TOMAN_TB
07SKY0016,,103.6483,-1.9447,MUARA_BAHAR_ST
07SKY0017,,103.6529,-2.9791,PELAKAT_TINGGI_TB
07SKY0018,,103.6562,-2.0466,DESA_LUBUKHARJO_MT
07SKY0019,,103.6606,-2.76,ULAK_TEBERAU_CM
07SKY0020,,103.673,-2.7919,ULAK_TEBERAU1_MT
07SKY0021,,103.6742,-2.0971,PANGKALAN_BAYAT_TB
07SKY0022,,103.6782,-2.0748,JAMBI59_TB
07SKY0023,,103.6788,-2.0629,BAYUNG_LINCIR_SKY2_TB
07SKY0024,,103.6796,-2.1438,KALI_BERAU_TB
07SKY0025,,103.6859,-3.0008,KERTA_JAYA_ST
07SKY0026,,103.6896,-2.0458,BAYUNG_LINCUR_MT
07SKY0027,,103.6897,-1.9742,SENAWAR_TB
07SKY0028,,103.6915,-2.1511,BAYUNG_LENCIR_XL
07SKY0030,,103.6924,-2.0182,SRIMULYO_SKY_SKY1_MT
07SKY0031,,103.6956,-3.1935,BUKIT_INDAH_SKY_MT
07SKY0032,,103.7073,-2.8006,ULAK_PACEH_PL
07SKY0033,,103.7099,-2.227,SINDANG_MARGA_PL
07SKY0034,,103.7189,-2.0917,BAYUNGLENCIR_MT
07SKY0035,,103.7261,-2.9585,SUNGAI_BATANG_SKY_MT
07SKY0036,,103.7282,-2.1772,TAMPANG_BARU1_MT
07SKY0037,,103.7304,-2.0352,SIMPANG_BAYAT_MT
07SKY0038,,103.7305,-2.2798,SRIMULYO_SKY_SKY2_MT
07SKY0039,,103.7329,-3.1346,SUKALALI_MT
07SKY0040,,103.7428,-2.8482,KARANG_ANYAR_BABAT_TOMAN_ST
07SKY0041,,103.743,-2.3159,DESA_TAMPANG_MT
07SKY0042,,103.7448,-3.0087,RANTAU_SIALANG_XL
07SKY0043,,103.7561,-3.0748,SUNGAI_KERUH_MUBA_TB
07SKY0044,,103.7572,-2.2442,SINAR_HARAPAN_SKY_CM
07SKY0045,,103.7681,-2.2164,TAMPANG_BARU2_ST
07SKY0046,,103.772,-3.0336,TOYYIBATUL_IKHSAN_ST
07SKY0047,,103.7843,-2.7626,SIMPANGSARI_TB
07SKY0048,,103.7847,-2.836,SUKARAME_SEKAYU_PL
07SKY0049,,103.7874,-2.6897,TANAH_ABANG_B_H_LEKO_TB
07SKY0050,,103.803,-2.2944,SUMBER_HARUM_MT
07SKY0051,,103.8066,-2.2543,ROAD_SUNGAI_LILIN_MT
07SKY0052,,103.8287,-2.8551,BALAI_AGUNG_SKY_TB
07SKY0053,,103.8326,-2.8705,LINGKAR_DUA_SEKAYU_CM
07SKY0054,,103.834,-2.879,SEKAYU_EP
07SKY0055,,103.8364,-2.8621,KAYUARA_MUSI_PL
07SKY0056,,103.8366,-2.8861,JAMIANNUR_SERASANJAYA_PL
07SKY0058,,103.8393,-2.8889,SEKAYU2_MT
07SKY0059,,103.845,-2.8683,SEKAYU_TELADAN_PL
07SKY0060,,103.8474,-2.8926,SEKAYU1_MT
07SKY0061,,103.8536,-2.8792,LINGKAR_RANDIK_SKY_PL
07SKY0062,,103.8561,-2.8939,KAYUARA_SEKAYU_TB
07SKY0063,,103.8582,-2.7309,BANDAR_JAYA_SKY_PL
07SKY0064,,103.859,-2.8901,POLTEK_SEKAYU_TB
07SKY0065,,103.8634,-2.2557,BAYUNG_LINCIR_SKY1_MT
07SKY0066,,103.866,-2.8835,TEMBUS_KAYUARA_PL
07SKY0067,,103.8661,-2.2116,TAMPANG_BARU_MT
07SKY0068,,103.8677,-2.8795,KAYUARE_SEKAYU_TB
07SKY0070,,103.8854,-2.2847,PANGKALAN_GRISSIK_TB
07SKY0071,,103.8908,-2.8142,SUKA_MULYA_SKY_ST
07SKY0072,,103.8988,-2.8973,LUMPATAN_SKY1_EP
07SKY0073,,103.9098,-2.2307,BAROJAYA_TIMUR_ST
07SKY0074,,103.9129,-2.4325,BERLIAN_MAKMUR_IB
07SKY0075,,103.9165,-2.5894,DAWAS_MT
07SKY0076,,103.9166,-2.6448,KELUANG_SKY2_TB
07SKY0077,,103.9187,-2.3317,DESA_SP_TUNGKAL_MT
07SKY0078,,103.9372,-2.4606,DSN_TIGA_SRIGN_MT
07SKY0079,,103.9404,-2.3844,PENINGGALAN_TB
07SKY0080,,103.9439,-2.6071,KELUANG_SKY1_CM
07SKY0081,,103.9469,-2.6616,BENTAYAM_MT
07SKY0082,,103.9519,-2.9095,BAILANGU_ST
07SKY0083,,103.9687,-2.2411,SIMPANG_TUNGKAL_PL
07SKY0084,,103.9738,-2.6462,SP1_KELUANG_ST
07SKY0086,,103.9754,-2.4648,DESA_TRANS_TB
07SKY0087,,103.9874,-2.493,SRIGUNUNG_TB
07SKY0088,,104.004,-2.614,TEGAL_MULYO_ST
07SKY0089,,104.0078,-2.8805,EPIL_MT
07SKY0091,,104.0355,-2.47,MULYOREJO_SKY_TG
07SKY0092,,104.0379,-2.6133,TENGGARO_TG
07SKY0093,,104.0403,-2.514,SRI_GUNUNG_SKY_TB
07SKY0094,,104.0404,-2.8846,TELUK_IPIL_CM
07SKY0095,,104.0456,-2.5153,KM126SRI_GUNUNG_ST
07SKY0096,,104.0516,-2.4975,BENTAJAN_TB
07SKY0097,,104.0658,-2.6742,RMPAGI_SORE_TB
07SKY0098,,104.0726,-2.5384,BUKIT_JAYA_SKY_TB
07SKY0099,,104.0869,-2.8219,TANJUNG_KERANG_ST
07SKY0100,,104.0899,-2.7797,BABAT_BANYU_ASIN_TB
07SKY0101,,104.0917,-2.6454,PINANG_BANJAR_PL
07SKY0102,,104.0919,-2.8728,LAIS_MT
07SKY0103,,104.0947,-2.956,TELUK_KIJING_SKY2_ST
07SKY0104,,104.1064,-2.6192,SIMPANG_SUNGAI_LILIN_ST
07SKY0105,,104.1067,-2.5984,SUNGAI_LILIN_TB
07SKY0106,,104.1069,-2.5665,MEKARJADI_PL
07SKY0107,,104.111,-2.5881,SUNGAI_LILIN1_MT
07SKY0108,,104.1192,-2.6963,RAMBA_BABAT_ST
07SKY0109,,104.1243,-2.8647,BETUNG_SEKAYU_LAIS_PL
07SKY0110,,104.1244,-2.9657,TELUK_KIJING_SKY1_CM
07SKY0111,,104.1369,-2.7929,GAJAH_MATI_SKY_ST
07SKY0112,,104.1405,-2.9984,TGAGUNG_TIMUR_MT
07SKY0113,,104.1497,-2.9439,PTPN_TUJUH_TB
07SKY0114,,104.267,-2.6596,TENGGULANG_BARU_TG
07SKY0115,,103.869,-2.0219,NT_DESA_MENDIS_PK
07SKY0116,,103.5778,-3.1923,VS_NT_WONO_REJO_PS
07SKY0117,,103.7796,-2.5905,NT_DESA_BUKIT_SELABU_PL
07SKY0119,,103.5495,-2.8796,SIDO_MUKTI_SKY_PL
07SKY0120,,103.7185,-1.9753,BAYUNG_LENCIR_MT
07SKY0121,,103.8295,-3.0984,GAJAH_MATI_MT
07SKY0122,,103.5501,-2.9334,SUKAJAYA_CM
07SKY0123,,103.7525,-3.2011,SINAR_JAYA_MT
07SKY0124,,103.6786,-3.2417,JIRAK_TB
07SKY0125,,103.7804,-3.1727,SUNGAI_DUA_TB
07SKY0126,,103.6821,-3.0615,KERTA_JAYA_MT
07SKY0127,,103.9824,-2.447,BUMIKENCANA_SRIGUNUNG_CM
07SKY0128,,103.8759,-2.5112,DAWAS_KELUANG_PL
07SKY0130,,103.6103,-2.7487,CAMAT_BABAT_TOMAN_PL
07SKY0131,,103.5702,-3.0085,BUKITINDAH_PLAKAT_TINGGI_PL
07SKY0133,,104.1169,-2.6002,HINDOLI_SUNGAILILIN_PL
07SKY0134,,104.0681,-2.9383,PETALING_LAIS_PL
07SKY0135,,103.3787,-2.7926,NGANTI_CM
07SKY0136,,103.5212,-2.876,SUKA_DAMAI_SKY_PL
07SKY0137,,103.6218,-2.9758,AIR_PUTIH_ULU_PL
07SKY0138,,103.9366,-2.3662,SIMPANG_TUNGKAL2_PL
07SKY0139,,103.8626,-2.624,LOKAJAYA_KELUANG_PL
07SKY0140,,103.8658,-2.861,SEKAYU_MUARA_TELADAN_CM
07SKY0141,,103.6179,-2.7031,BANGUNSARI_BATOM_PL
07SKY0142,,104.1299,-2.8862,TASSA9_WAHYU_PL
07SKY0143,,104.2378,-2.4855,KARANG_SARI_PL
07SKY0144,,103.4521,-2.7312,KEMANG_NDO1_CM
07SKY0145,,103.7806,-2.2557,BERLIAN_TANI_CM
07SKY0146,,103.9102,-2.2588,BERLIAN_JAYA_CM
07SKY0148,,103.9989,-2.645,MULYO_ASIH_KELUANG_MT
07SKY0149,,103.9305,-2.2315,BERO_JAYA_TIMUR_MT
07SKY0152,,103.8637,-2.2353,PANDAN_SARI_MT
07SKY0154,,103.675,-1.9622,MEKARJAYA_BAYUNGLENCIR_NEW_MT
07TLU0001,,103.8117,-3.2666,JALAN_BARU_MT
07TLU0002,,103.8223,-3.2714,JLPENDOPO_TLGUBI_TB
07TLU0003,,103.8294,-3.2567,ELNUSA_PENDOPO_PL
07TLU0004,,103.8344,-3.2699,PENDOPO2_TB
07TLU0005,,103.844,-3.2947,PENDOPO1_TB
07TLU0006,,103.9075,-3.3306,PTPERKEBUNAN_BUMI_AGRO_LANGGE_TB
07TLU0007,,103.9651,-3.4054,TALANG_UBI_MT
07TLU0008,,103.9996,-3.3369,BENUANG_TB
07TLU0009,,104.0126,-3.0931,TEMPIRAI_TB
07TLU0010,,104.0577,-3.2204,BABAT_MNM_MT
07TLU0011,,104.069,-3.1171,AIR_ITAM_TLU_TB
07TLU0012,,104.0966,-3.3264,TANAH_ABANG_TB
07TLU0013,,104.1085,-3.183,JLRAYA_DS_BETUNG_TB
07TLU0014,,104.1136,-3.3131,RAJA_TANAH_ABANG_MT
07TLU0015,,103.9935,-3.3608,TALANGUBI_BENUANG_ST
07TLU0016,,104.077,-3.1104,AIRITAM_PALI_PK
07TLU0017,,104.138,-3.3393,TANAH_ABANG_PL
07TLU0018,,104.0672,-3.2467,PURUN_PENUKAL_PL
07TLU0019,,104.1513,-3.2586,PENGABUAN_ABAB_PL
07TLU0020,,104.17,-3.1629,PRAMBATAN_ABAB_PL
07TLU0021,,104.2153,-3.3006,PANDAN_PALI_TB
07TLU0022,,104.0345,-3.1791,GUNUNG_MENANG_PENUKAL_PL
07TLU0023,,104.1186,-3.1522,KARANG_AGUNG_ABAB_PL
07TLU0025,,104.0484,-3.2024,SUKARAJA_PENUKAL_MT
07TLU0026,,104.0273,-3.0904,TEMPIRAI_SELATAN_MT
07TLU0027,,103.7884,-3.1868,TALANG_AKAR_MT
07TTB0002,,102.7593,-3.8473,PASEMAH_AIRKRH_TB
07TTB0003,,102.7936,-3.7585,PADANG_TEPUNG_PL
07TTB0004,,102.8452,-3.7811,BANDAR_AJI_TB
07TTB0005,,102.8681,-3.7839,KARANG_GEDE_MT
07TTB0006,,102.8939,-3.7828,VIONA_09CELL_MT
07TTB0007,,102.9378,-3.7656,KARANG_CAYA_TB
07TTB0008,,102.9386,-3.7948,TJRAMAN2_TB
07TTB0009,,102.9608,-3.7873,PENDOPO_LINTANG_MT
07TTB0010,,103.0225,-3.8786,LINTANG_KANAN_TB
07TTB0011,,103.0371,-3.6508,BTPANCEH_LAWANG_TB
07TTB0012,,103.04,-3.8493,MUARA_PINANG_PL
07TTB0013,,103.0513,-3.4696,SUKA_KAYA_TB
07TTB0014,,103.0604,-3.5071,SAWAH_TTB_TB
07TTB0015,,103.0816,-3.5927,KUPANG_MT
07TTB0016,,103.0825,-3.5823,TEBING_TINGGI_TTB_PL
07TTB0017,,103.0855,-3.8689,TALANG_BENTENG_TB
07TTB0018,,103.096,-3.6092,EMPAT_LAWANG_TB
07TTB0019,,103.1015,-3.8791,SELEMAN_ULU_ST
07TTB0021,,102.9917,-3.7851,BATUCAWANG_PENDOPO_LHT_TB
07TTB0022,,103.0214,-3.809,SARANG_BULAN_PL
07TTB0023,,102.9527,-3.8112,LUBUK_LAYANG_TB
07TTB0024,,102.7578,-3.8337,MUARA_RUNGGA_PL
07TTB0025,,102.7732,-3.8629,PAGAR_JATI_PL
07TTB0026,,102.9801,-3.8312,UMO_JATI_PL
07TTB0027,,103.065,-3.8574,GEDUNG_AGUNG_PL
07TTB0028,,103.032,-3.827,TANJUNG_KURUNG_PL
07TTB0029,,103.0222,-3.8474,KARANG_TANDING_PL
07TTB0030,,103.087,-3.6191,MEKARJAYA_4_LAWANG_PL
07TTB0031,,103.066,-3.6174,RANTAU_TENANG_PL
08AGR0002,,101.596,-3.1188,AGRICINAL_EP
08AGR0003,,101.6368,-3.2445,SEBLAT_PL
08AGR0004,,101.6722,-3.2286,PSBARU_KOTABANI_TB
08AGR0006,,101.6747,-3.198,DESA_KARYA_BAKTI_MT
08AGR0007,,101.7252,-3.2593,KARANG_TENGAH_AGR_TB
08AGR0009,,101.7495,-3.2896,KARANG_PULAU_TB
08AGR0010,,101.7899,-3.3049,PAMOR_GANDA_MT
08AGR0011,,101.8119,-3.2613,MELATI_HARJO_MT
08AGR0012,,101.8346,-3.3619,KETAHUN_AGR1_MT
08AGR0013,,101.848,-3.3064,KETAHUN_AGR3_TB
08AGR0015,,101.8801,-3.3415,MARGA_BAKTI_AGR_PL
08AGR0016,,101.8945,-3.374,KETAHUN_AGR2_KN
08AGR0017,,101.9737,-3.4914,BINTUNAN_TB
08AGR0018,,102.0154,-3.3216,KINAL_SKMAKMUR_TB
08AGR0020,,102.0488,-3.5319,LAIS_BKL_MT
08AGR0022,,102.0596,-3.3485,UNIT_ENAM_MT
08AGR0025,,102.0982,-3.362,UNIT_LIMA_TB
08AGR0027,,102.1153,-3.5824,TEBING_KANDANG_MT
08AGR0028,,102.1177,-3.3764,PADANG_JAYA_AGR_ST
08AGR0029,,102.151,-3.3801,DESA_MARGA_SAKTI_TB
08AGR0030,,102.153,-3.4491,GUNUNG_SELAN_EP
08AGR0031,,102.1566,-3.3573,TAMBAKREJO_AGR_PL
08AGR0032,,102.1697,-3.402,DESA_KURO_TIDUR_PL
08AGR0034,,102.1829,-3.4378,AIR_MERAH_TB
08AGR0035,,102.1888,-3.6277,KERKAP_TB
08AGR0036,,102.1892,-3.5213,AIR_BESI_TB
08AGR0037,,102.1955,-3.4322,ARGA_MAKMUR_TB
08AGR0038,,102.2,-3.5542,TANJUNG_AGUNG_AGR_ST
08AGR0042,,102.2515,-3.5301,LUBUK_PENDAM_TB
08AGR0043,,102.2631,-3.4256,KEMUMU_TB
08AGR0044,,102.2705,-3.5185,LUBUK_DURIAN_PL
08AGR0046,,102.3001,-3.4714,DESA_BATU_ROTO_ST
08AGR0047,,101.7304,-3.1728,KARYA_PELITA_AGR_CM
08AGR0048,,101.5669,-3.139,HUTAN_MKO_MT
08AGR0049,,101.6747,-3.2525,AIR_PETAI_AGR_MT
08AGR0050,,101.8682,-3.3674,PASAR_KETAHUN_AGR_MT
08AGR0051,,102.0252,-3.3553,ULAK_TANDING_CM
08AGR0052,,102.0579,-3.2732,WONOHARJO_AGR_MT
08AGR0053,,102.0738,-3.5026,LAIS_JAGO_BAYO_MT
08AGR0054,,102.0829,-3.5438,PENYANGKAK_GT
08AGR0055,,102.1,-3.4137,KEMBANG_MANIS_MT
08AGR0056,,102.1818,-3.4866,ARGAMAKMUR_GARDU_GT
08AGR0057,,102.2065,-3.438,PAGAR_RUYUNG_TB
08AGR0058,,102.2269,-3.4384,GUNUNG_BESAR_TB
08AGR0059,,102.2447,-3.4629,SUMBER_AGUNG_AGR_MT
08AGR0060,,102.2828,-3.5238,LUBUK_JALE_MT
08AGR0061,,102.3704,-3.7835,KEMBANG_SERI_PL
08AGR0062,,102.3886,-3.8081,TALANG4_TABALAGAN_TB
08AGR0063,,102.394,-3.7684,TALANG4_KRG_TINGGI_PL
08AGR0064,,102.4112,-3.7002,PELAJAU_PL
08AGR0065,,102.1387,-3.4956,NT_TALANG_BARU_GINTING_PL
08AGR0066,,102.0804,-3.3781,NT_DESA_TANAH_TINGGI_PL
08AGR0067,,101.6554,-3.2529,KOTA_BANI_MT
08AGR0068,,102.188,-3.5765,SAWANG_LEBAR_MT
08AGR0069,,102.1422,-3.4695,GUNUNG_SELAN_TB
08AGR0070,,102.2046,-3.6408,PASAR_BEMBAH_TB
08AGR0071,,102.1114,-3.4784,DESA_SUKALANGU_PL
08AGR0072,,102.2893,-3.5106,LUBUK_JALE_DUA_PL
08AGR0073,,101.8247,-3.377,KETAHUN_DUA_PL
08AGR0074,,101.7071,-3.1771,DESA_SUKA_MAJU_TB
08AGR0075,,102.1305,-3.4048,DESA_TANJUNG_HARAPAN_PL
08AGR0076,,102.0569,-3.313,DESA_SUKA_MULYA_TB
08AGR0077,,101.8738,-3.1889,NAPAL_PUTIH_PL
08AGR0078,,101.7511,-3.1613,DESA_AIR_PUTIH_PL
08AGR0079,,102.1497,-3.6019,SELUBUK_AIR_NAPAL_PL
08AGR0080,,101.8691,-3.286,PINANG_RAYA_PL
08AGR0081,,102.0963,-3.5634,KOTA_AGUNG_AIRBESI_PL
08AGR0082,,102.1639,-3.5247,LUBUK_BALAM_AIRBESI_PL
08AGR0083,,101.9608,-3.4013,PANINJAU_BATIK_NAU_PL
08AGR0084,,101.7924,-3.1901,TANJUNG_DALAM_ULOKKUPAI_PL
08AGR0085,,102.1911,-3.4244,KARANG_ANYAR_I_PL
08AGR0086,,101.8487,-3.3871,URAI_KETAHUN_TB
08AGR0087,,102.0815,-3.36,PADANG_JAYA_PL
08AGR0088,,102.2969,-3.4897,BATU_RAJA_KOL_PL
08AGR0089,,102.2166,-3.5465,ALUN_DUA_MT
08AGR0090,,101.6204,-3.239,KOTA_BANI_AGR_MT
08AGR0091,,102.3042,-3.5131,AUR_GADING_KERKAP_CM
08BIN0001,,103.1292,-4.5813,TANJUNG_BULAN_BIN_EP
08BIN0002,,103.1854,-4.6041,PADANG_GUCI_MT
08BIN0004,,103.2157,-4.5092,SIMPANG_TIGA_KAUR_EP
08BIN0005,,103.2511,-4.6713,SUKA_MERINDU_MT
08BIN0007,,103.2942,-4.7073,TANJUNG_IMAN_TB
08BIN0008,,103.3181,-4.6586,CAHAYA_BATIN_EP
08BIN0010,,103.3245,-4.7662,PADANG_BINJAI_ST
08BIN0011,,103.3508,-4.7935,BINTUHAN_EP
08BIN0014,,103.4191,-4.8559,LINAU_EP
08BIN0016,,103.5008,-4.8719,NASAL_MT
08BIN0017,,103.5468,-4.9157,MERPAS_MT
08BIN0018,,103.2704,-4.6957,CAHAYA_BATHIN_TB
08BIN0019,,103.366,-4.7938,GEDUNG_SAKO_TB
08BIN0020,,103.4122,-4.832,LINAU_MAJE_MT
08BIN0021,,103.4642,-4.8577,TJ_BERINGIN_MAJE_MT
08BIN0022,,103.2103,-4.56,SIRING_AGUNG_MT
08BIN0023,,103.2328,-4.6442,NUSUK_KAUR_PL
08BIN0024,,103.0964,-4.5638,BRIANG_KAUR_PL
08BIN0025,,103.1889,-4.6133,SELIKA_KAUR_PL
08BIN0026,,103.2474,-4.4833,DESA_PAGAR_ALAM_PL
08BIN0027,,103.1683,-4.5305,PADANG_GUCI_HILIR_PL
08BIN0028,,103.1562,-4.5927,TINGGI_ARI_KAUR_PL
08BIN0029,,103.3383,-4.7893,BINTUHAN2_PL
08BIN0030,,103.2344,-4.4965,PADANG_GUCI_HULU_MT
08BIN0031,,103.2202,-4.5343,TANJUNG_GANTI_II_MT
08BKL0001,,102.249,-3.7916,CINA_BENGKULU_ST
08BKL0002,,102.2514,-3.7884,BENTENG_KEBUN_KELING_PL
08BKL0003,,102.2526,-3.7931,PASARBARU_BKL_CM
08BKL0004,,102.2576,-3.7883,TNGHPADANG_TLKSEGARA_PL
08BKL0005,,102.2577,-3.7985,ANGGUT_ATAS_PL
08BKL0006,,102.26,-3.7932,PINTUBATUSEGARA_CM
08BKL0007,,102.2613,-3.8017,MSAGUNGBENGKULU_MT
08BKL0008,,102.2622,-3.789,KOTA_SUPRAPTO_TB
08BKL0010,,102.2626,-3.7808,PSRBENGKULU_SUNGAISERUT_MT
08BKL0011,,102.2629,-3.795,NURI_BKL_TB
08BKL0012,,102.2653,-3.7973,ANGGUTATAS_RATUSAMBAN_CM
08BKL0013,,102.264,-3.7914,MTHARYONOPNGATUNGAN_PL
08BKL0014,,102.2665,-3.7799,KAMPUNG_KELAWI_PL
08BKL0015,,102.2668,-3.7561,BUDIUTOMO_BERINGINRAYA_PL
08BKL0016,,102.2668,-3.808,YONIF_CURUP_BKL_MT
08BKL0017,,102.2669,-3.7937,IN_MEGA_MALL_BENGKULU_MC
08BKL0018,,102.2678,-3.761,BERINGIN_RAYA_MT
08BKL0019,,102.2678,-3.8122,IN_BENGKULU_MALL_MC
08BKL0020,,102.2675,-3.791,PENGANTUNGAN_RATUSAMBAN_PL
08BKL0021,,102.2682,-3.7867,SUKAMERINDU_SERUT_PL
08BKL0022,,102.2684,-3.8004,KEMUNING_AJN_ST
08BKL0023,,102.2694,-3.7941,BASUKIRAHMAT_BLKGPONDOK_PL
08BKL0024,,102.2698,-3.8023,KENANGAKEBUNKENANGA_PL
08BKL0025,,102.271,-3.7695,MERPATI_RAWA_MAKMUR1_PL
08BKL0026,,102.2715,-3.8103,ISAT_PANTAIPANJANG_TB
08BKL0027,,102.2716,-3.7786,RAWA_MAKMUR_BKL_PL
08BKL0028,,102.2719,-3.7651,KANDANGLIMUN_MUARA_MT
08BKL0029,,102.2721,-3.7893,SAWAHLEBAR_BARU_PL
08BKL0030,,102.2723,-3.7996,RRIPADANGJATI_HS
08BKL0031,,102.2728,-3.7612,UNIB_MT
08BKL0032,,102.2729,-3.8136,NUSAINDAH_RATUAGUNG_MT
08BKL0033,,102.2735,-3.7847,SUKAMERINDU_BKL_PL
08BKL0034,,102.274,-3.7927,NEWTVRI_EP
08BKL0035,,102.2759,-3.8052,RAWAMAKMUR_MT
08BKL0036,,102.2754,-3.8101,RAFLESIA_RATUSAMBAN_MT
08BKL0037,,102.2755,-3.7739,JLMERPATI_BKL_PL
08BKL0038,,102.2764,-3.8178,BATANGHARI_BENGKULU_TB
08BKL0039,,102.2782,-3.7914,SEPAKATSWHLEBARBARU_PL
08BKL0040,,102.2784,-3.806,SPARMAN_TANAHPATAH_PL
08BKL0041,,102.2785,-3.7955,MITRATELSAWAH_LEBAR_MT
08BKL0042,,102.2787,-3.7755,MERPATI_RAWA_MAKMUR2_PL
08BKL0043,,102.2788,-3.7572,PONDOK_BULAT_PL
08BKL0044,,102.2788,-3.8137,KASMAWATI_CM
08BKL0045,,102.2792,-3.7662,WRSUPRATMAN_PEMATANG_MT
08BKL0046,,102.2794,-3.7697,WRSUPRATMANPEMATANG_PL
08BKL0047,,102.2817,-3.7973,JLDEMPO_PL
08BKL0048,,102.2817,-3.7891,SAWAHLEBAR_RATUAGUNG1_MT
08BKL0049,,102.2821,-3.8068,TANAH_PATAH_MT
08BKL0050,,102.2827,-3.8232,PADANG_HARAPAN_PL
08BKL0051,,102.2845,-3.8156,PADANGHRPN_GDGCEMPAKA_PL
08BKL0052,,102.2849,-3.8003,MERAPI15KEBUNTEBENG_PL
08BKL0053,,102.2857,-3.7916,MERAWAN_RAYA_PL
08BKL0054,,102.2861,-3.8283,BENGKULU1_TB
08BKL0055,,102.2866,-3.7601,KANDANG_LIMUN_PL
08BKL0056,,102.2862,-3.8098,HCPT_MAYJEND_SUTOYO_PL
08BKL0057,,102.2895,-3.8175,CIMANUK_PADANGHARAPAN_PL
08BKL0058,,102.2904,-3.7949,SAWAHLEBAR_RATUAGUNG_PL
08BKL0059,,102.2907,-3.7772,BENTIRING_PERMAI1_PL
08BKL0060,,102.2908,-3.8278,BTN_EP
08BKL0061,,102.2914,-3.7839,IRIAN_TANJUNGJAYA_PL
08BKL0062,,102.292,-3.8221,JLGEDANG_GADINGCEMPAKA_PL
08BKL0063,,102.2925,-3.7651,BAKTI_DARMAWANITA_PL
08BKL0064,,102.2928,-3.9337,TELUK_SEPANG_TB
08BKL0065,,102.293,-3.7568,WRSUPRATMAN_PMTNGGUB_PL
08BKL0066,,102.2935,-3.8099,JLMERAPI_PL
08BKL0067,,102.2938,-3.8338,JENGGALU_BKL_TB
08BKL0068,,102.2946,-3.8059,TEBENG_MT
08BKL0069,,102.2948,-3.8181,TANJUNG_JAYA_BENGKULU_PL
08BKL0070,,102.2971,-3.8313,SADANGGADINGCEMPAKA_PL
08BKL0071,,102.2978,-3.8212,GEDANG_GADING_CEMPAKA_TB
08BKL0072,,102.2979,-3.8125,BKL_LINGKAR_TIMUR_TB
08BKL0073,,102.3011,-3.8163,LINGKARTMR_CEMPAKA_PL
08BKL0074,,102.3015,-3.837,LINGKARBRT_GDGCEMPAKA_MT
08BKL0075,,102.302,-3.8312,PSSEBLAT_MARGASAKTI_PL
08BKL0076,,102.3022,-3.7763,BENTIRING_PL
08BKL0077,,102.3033,-3.7566,BENTIRING_PERMAI2_PL
08BKL0078,,102.3032,-3.8077,DESA_GADING_CEMPAKA_PL
08BKL0079,,102.3018,-3.8227,JLP_NATADIRJA9_PL
08BKL0080,,102.304,-3.8023,DANAUSUNGAISERUT_CM
08BKL0081,,102.3055,-3.7873,SEMARANG_SUNGAI_SERUT_PL
08BKL0082,,102.3056,-3.8382,PROTELBALMONSGSERUT_PL
08BKL0083,,102.3068,-3.8267,BENGKULU_TB
08BKL0084,,102.3069,-3.8197,TIMUR_INDAH_MT
08BKL0085,,102.3069,-3.8123,PADANGNANGKA_PL
08BKL0086,,102.3092,-3.767,NAKAU_TB
08BKL0087,,102.3099,-3.8342,PERUMPOLDA_MT
08BKL0088,,102.3113,-3.8447,GADING_BKL_MT
08BKL0089,,102.3117,-3.8657,GGPERIKANAN_KANDANGMAS_PL
08BKL0090,,102.3118,-3.8551,MUARADUA_KPGMELAYU_PL
08BKL0091,,102.3117,-3.7928,SUNGAI_SERUT_PL
08BKL0092,,102.3126,-3.8244,SDMULYOGDNG_CEMPAKA_PL
08BKL0093,,102.3128,-3.8389,PAGAR_DEWA_SELEBAR2_PL
08BKL0094,,102.3135,-3.8158,PANORAMA_BKL_TB
08BKL0095,,102.3137,-3.8794,SUMBERJAYA_KPGMELAYU_PL
08BKL0096,,102.3154,-3.8901,SIMPANG_KANDIS_ST
08BKL0097,,102.3155,-3.8473,LINGKAR_BARAT_BENGKULU_MT
08BKL0098,,102.3154,-3.7903,SURABAYA_SUNGAISERUT1_MT
08BKL0099,,102.316,-3.8308,HIBRIDA_RAYA_ST
08BKL0100,,102.3162,-3.8417,PAGAR_DEWA_SELEBAR1_MT
08BKL0102,,102.3179,-3.8194,SIDO_MULYO_TB
08BKL0103,,102.3188,-3.8809,JLLESTARI1_MELAYU_TB
08BKL0104,,102.3198,-3.823,SUMUR_DEWA_SELEBAR1_PL
08BKL0105,,102.3202,-3.8523,BUMI_AYU_SELEBAR2_PL
08BKL0106,,102.3204,-3.8705,PERUMDAM_MSY_TB
08BKL0107,,102.3209,-3.9068,PADANG_SERAI_PL
08BKL0108,,102.3226,-3.8353,HIBRIDA_UJUNG_MT
08BKL0109,,102.3217,-3.8595,BUMIAYU_RAYA_MT
08BKL0110,,102.3219,-3.8437,STO_PAGAR_DEWA_MT
08BKL0111,,102.3225,-3.7843,SIMPANGNAKAU_PL
08BKL0112,,102.3238,-3.7906,SURABAYA_SUNGAI_SERUT2_PL
08BKL0113,,102.3233,-3.8316,PADAT_KARYA_PAGAR_DEWA_PL
08BKL0114,,102.3272,-3.8403,PAGAR_DEWA_SELEBAR3_PL
08BKL0115,,102.331,-3.8688,BUMI_AYU_SELEBAR1_PL
08BKL0116,,102.3319,-3.8464,SUKARAMI_SELEBAR_PL
08BKL0117,,102.3344,-3.8295,AIR_SEBAKUL1_TB
08BKL0118,,102.3358,-3.8247,SUMUR_DEWA_SELEBAR2_PL
08BKL0120,,102.3359,-3.8504,SUKARAMI_BKL_CM
08BKL0122,,102.3432,-3.8578,AIRPORT_BENGKULU_EP
08BKL0123,,102.3448,-3.8317,AIR_SEBAKUL_TB
08BKL0124,,102.3493,-3.8662,BETUNGAN_SELEBAR_PL
08BKL0125,,102.3557,-3.881,BETUNGAN_PL
08BKL0127,,102.3169,-3.7561,BENTIRING_CM
08BKL0128,,102.3362,-3.7819,NAKAU_SURABAYA_CM
08BKL0129,,102.3436,-3.8773,SELEBAR_BETUNGAN_MT
08BKL0130,,102.3069,-3.9038,TELUK_SEPANG_MT
08BKL0131,,102.3154,-3.7762,TG_HIU_BTR_BKL_CM
08BKL0132,,102.3309,-3.886,SPRAPTODLM_PDGSERAI_BKL_CM
08BKL0133,,102.3231,-3.8965,ALIFIA_REGENCY_CM
08BKL0134,,102.3438,-3.8446,PERUM_BUKIT_INDAH_CM
08CRP0002,,102.4532,-3.3518,BERMANI_ULU_PL
08CRP0006,,102.4962,-3.5017,CURUPSELATAN_TB
08CRP0007,,102.5172,-3.4516,CURUP_UTARA_PL
08CRP0008,,102.5196,-3.4674,TALANG_BENI_PL
08CRP0009,,102.5197,-3.4792,CURUP_LEBONG_CRP_PL
08CRP0010,,102.5201,-3.4871,YONIF_CURUP_CRP_TB
08CRP0011,,102.5211,-3.4938,TEMPELREJO_CURUPSLTN_PL
08CRP0012,,102.5223,-3.4583,BATUDEWA_CURUP_UTARA_CM
08CRP0013,,102.5245,-3.4728,TIMBUL_REJO_CM
08CRP0014,,102.5249,-3.4653,CURUP_EP
08CRP0015,,102.5294,-3.4309,DESA_KOTA_PAGU_MT
08CRP0016,,102.5295,-3.4574,KARANG_ANYAR_CURUP_TIMUR_PL
08CRP0017,,102.5297,-3.4714,AIRBANG_CURUP_TB
08CRP0018,,102.5303,-3.4637,CURUP1_PL
08CRP0020,,102.5332,-3.4666,COKROAMINOTO_SIDOREJO_PL
08CRP0022,,102.5339,-3.4798,TELADAN_CURUP_SELATAN_PL
08CRP0023,,102.5391,-3.4664,SIDOREJO_CRP_PL
08CRP0024,,102.5424,-3.4588,KESAMBEBARU_PL
08CRP0025,,102.5538,-3.4719,PRUMNAS_CURUP_TB
08CRP0026,,102.5602,-3.4568,TALANGULU_PL
08CRP0027,,102.5652,-3.4753,AIR_BANG_MT
08CRP0029,,102.5802,-3.454,SIMPANG_NANGKA_EP
08CRP0030,,102.5974,-3.4552,SUBAN_AYAM_CRP_PL
08CRP0031,,102.6139,-3.4561,TIAWANG_PL
08CRP0032,,102.6327,-3.4565,SUMBER_BENING_EP
08CRP0034,,102.6517,-3.4548,DANAU_MAS_MT
08CRP0036,,102.6796,-3.4654,BERINGIN_TIGA_TB
08CRP0037,,102.6963,-3.5195,SINDANG_DATARAN_PL
08CRP0038,,102.7113,-3.4531,BELITAR_MUKA_PL
08CRP0039,,102.7368,-3.4463,SIMPANG_BELITI_ST
08CRP0040,,102.754,-3.4502,KEPALA_CURUP_TB
08CRP0041,,102.7899,-3.3809,PADANG_ULAK_TANDING_PL
08CRP0042,,102.7983,-3.454,SINDANG_BELITIULU_KN
08CRP0044,,102.5367,-3.474,JLDJUANG_PL
08CRP0045,,102.4383,-3.4172,KAMPUNG_SAJAD_TB
08CRP0046,,102.4542,-3.3934,PURWODADI_CM
08CRP0047,,102.4739,-3.3736,PAL_VIII_TB
08CRP0048,,102.4758,-3.5045,TANJUNG_DALAM_MT
08CRP0049,,102.5319,-3.4905,TEMPEL_REJO_TB
08CRP0050,,102.5792,-3.4719,AIR_MELES_ATAS_MT
08CRP0051,,102.6458,-3.4702,SELUPU_REJANG_GT
08CRP0052,,102.6788,-3.4957,SINDANG_JAYA_MT
08CRP0053,,102.8173,-3.3566,TANJUNG_SANAI2_PL
08CRP0054,,102.919,-3.4198,LUBUK_BELIMBING1_TB
08CRP0055,,102.9636,-3.4317,LUBUK_MUMPO_MT
08CRP0056,,102.5116,-3.4432,TABARENAH_MT
08CRP0057,,102.5612,-3.447,DUKU_ULU_PL
08CRP0058,,102.6427,-3.4518,SIMPANG_SPN_MT
08CRP0059,,102.5467,-3.4742,BATU_GALING_PL
08CRP0060,,102.7986,-3.3779,PASAR_PADANG_ULAK_TANDING_PL
08CRP0061,,102.8709,-3.408,LUBUK_SEMANEK_PL
08CRP0062,,102.5734,-3.421,DESA_KAYU_MANIS_PL
08CRP0063,,102.7894,-3.3665,BELUMAI_PADANG_ULAK_TANDING_PL
08CRP0064,,102.4796,-3.4347,TALANG_GAMBIR_PL
08CRP0065,,102.501,-3.4638,DUSUN_SAWAH_PL
08CRP0066,,102.7202,-3.5156,DESA_AIR_RUSA_CM
08CRP0067,,102.5887,-3.4485,KPG_BARU_RJG_LEBONG_ST
08CRP0068,,102.8224,-3.3391,TANJUNG_SANAI_PL
08KPH0001,,102.5165,-3.503,MERIGICURUP_ST
08KPH0002,,102.5193,-3.5173,DESA_BUMI_SARI_TB
08KPH0003,,102.5197,-3.5515,LINTAS_KEPAHIANG_PL
08KPH0004,,102.522,-3.5581,UJANMAS_TB
08KPH0006,,102.543,-3.6103,PAGAR_GUNUNG_TB
08KPH0007,,102.5659,-3.6328,TEBATMANOK_PL
08KPH0008,,102.5766,-3.6429,KEPAHIANG_MT
08KPH0009,,102.5889,-3.6491,PASAR_UJUNG_CM
08KPH0010,,102.6047,-3.6531,DESAPERMU_MT
08KPH0011,,102.6222,-3.665,TALANG_KARET_TB
08KPH0012,,102.6259,-3.592,KABAWETAN_PL
08KPH0014,,102.6444,-3.6697,TEBAT_KARAI_TB
08KPH0015,,102.7039,-3.703,KEBAN_AGUNG_KPH_MT
08KPH0016,,102.523,-3.5307,PEKALONGAN_TB
08KPH0018,,102.6329,-3.5847,SUMBER_SARI_TB
08KPH0020,,102.5939,-3.6052,TANGSI_BARU_TB
08KPH0022,,102.7344,-3.704,AIR_BELIMBING_TB
08KPH0023,,102.5933,-3.5904,BARAT_WETAN_TB
08KPH0024,,102.5155,-3.497,SIMPANG_KOTA_BERINGIN_PL
08KPH0025,,102.5232,-3.5677,UJAN_MAS_BAWAH_PL
08KPH0026,,102.5778,-3.6373,KAMPUNG_BOGOR_KPH_TB
08KPH0027,,102.5813,-3.6561,TEBATMONOK_KPH_TB
08KPH0028,,102.7371,-3.6424,DS_BATU_BANDUNG_PL
08KPH0029,,102.5406,-3.5041,RSUD_REJANG_LEBONG_PL
08KPH0030,,102.619,-3.6298,TEBAT_KARAI_PL
08KPH0031,,102.5447,-3.5813,PUNGGUK_BERINGANG_PL
08KPH0032,,102.4959,-3.5343,AIR_HITAM_HUJANMAS_CM
08KRT0001,,102.2353,-3.6664,PONDOK_KELAPA_KRT_ST
08KRT0002,,102.2556,-3.7348,PEKIK_NYARING_ST
08KRT0003,,102.2562,-3.7125,PASAR_PEDATI_TB
08KRT0004,,102.2711,-3.7248,DESA_SRIKATON_PL
08KRT0005,,102.2737,-3.688,SIDOREJO_PDK_KELAPA_PL
08KRT0006,,102.3571,-3.7227,PONDOK_KUBANG_TB
08KRT0007,,102.3596,-3.7912,KEMBANG_SRI_MT
08KRT0011,,102.4054,-3.8374,TABA_LAGAN_TB
08KRT0013,,102.4266,-3.746,TABAH_PENANJUNG_BAWAH_MT
08KRT0014,,102.4899,-3.7026,TERMINAL_TABAH_PENANJUNG_TB
08KRT0017,,102.2749,-3.7136,TLG_PAUH_BTG_PL
08KRT0019,,102.454,-3.7303,DS_SUKARAMI_BTG_TB
08KRT0020,,102.2865,-3.7337,DS_SRIKUNCORO_BTG_PL
08KRT0021,,102.51,-3.7062,RINDU_HATI_BTG_PL
08KRT0022,,102.3565,-3.8363,SMPN_11_BENTENG_TB
08KRT0023,,102.3382,-3.7452,TANJUNG_TERDANA_PL
08LBN0001,,102.1821,-3.1741,TUBEI_MT
08LBN0002,,102.2007,-3.1179,MUARA_AMAN_MT
08LBN0004,,102.2174,-3.1124,SELEBAR_JAYA_PL
08LBN0006,,102.2291,-3.1027,URAM_JAYA_LEBONG_GH
08LBN0007,,102.2318,-3.1465,DESA_EMBONG_PL
08LBN0008,,102.2462,-3.1683,SEMELAKO_GH
08LBN0009,,102.2821,-3.168,TALANG_LEAK_TB
08LBN0011,,102.3244,-3.2143,DANAU_TES_MT
08LBN0012,,102.4128,-3.2916,RMB_PENGADANG_EP
08LBN0013,,102.415,-3.2432,TALANG_BARU_TB
08LBN0014,,102.4387,-3.3299,AIR_DINGIN_LBN_EP
08LBN0015,,102.2156,-3.1352,AMEN_PYANG_MBIK_GT
08LBN0016,,102.3045,-3.1948,TIK_JENIAK_TB
08LBN0018,,102.274,-3.1575,TALANG_LEAK1_MT
08LBN0019,,102.1933,-3.0963,TUNGGANG_LEBONG_GT
08LBN0020,,102.364,-3.2443,DESA_SUKA_SARI_PL
08LBN0021,,102.1796,-3.1522,TUBEI_DUA_TB
08LBN0022,,102.2614,-3.1346,RSUD_LEBONG_PK
08LBN0023,,102.2465,-3.1319,LEMEU_PIT_LEBONG_SAKTI_TB
08LBN0025,,102.4117,-3.2264,TOPOS_LEBONG_TB
08MKO0001,,101.096,-2.4799,LUBUK_SANAI_TB
08MKO0002,,101.1075,-2.4452,SUMBER_MAKMUR_MKO_PL
08MKO0003,,101.1086,-2.553,BANDAR_RATU_PL
08MKO0004,,101.1189,-2.5854,MUKO_MUKO_MT
08MKO0006,,101.1408,-2.4781,AIR_MANJUNTO_MT
08MKO0007,,101.1604,-2.4273,LUBUK_PINANG_MT
08MKO0009,,101.237,-2.6659,AIR_DIKIT_TB
08MKO0011,,101.2736,-2.6062,AGRO_MUKO_EP
08MKO0012,,101.302,-2.6121,PENARIK_TB
08MKO0013,,101.3032,-2.6751,BUMI_MULYA_MT
08MKO0014,,101.3319,-2.7611,PASAR_BANTAL_MT
08MKO0015,,101.3418,-2.6584,SP3_KJS_KN
08MKO0018,,101.3971,-2.86,AIR_HITAM_BKL_EP
08MKO0019,,101.3974,-2.7751,AIR_BIKUK_TB
08MKO0020,,101.4128,-2.8246,PONDOK_SUGUH_TB
08MKO0022,,101.4575,-2.9385,RETAK_MUDIK_TB
08MKO0023,,101.4893,-2.9914,IPUH_PL
08MKO0025,,101.5242,-3.0031,DESA_TANJUNG_JAYA_TB
08MKO0027,,101.437,-2.9029,GAJAH_MATI_MKO_MT
08MKO0028,,101.3478,-2.7425,PONDOK_BARU_MKO_ST
08MKO0029,,101.3931,-2.7401,BUNGA_TANJUNG_MKO_TB
08MKO0030,,101.2591,-2.5803,TERUNTUNG_MKO_MT
08MKO0031,,101.1866,-2.5478,SELAGAN_JAYA_MKO_TB
08MKO0032,,101.1271,-2.529,NIBUNG_BANDARRATU_MKO_MT
08MKO0033,,101.5523,-3.1026,AIR_RAMI_MULIA_MKO_MT
08MKO0034,,101.4923,-3.0082,IPUH_MEDAN_JAYA_MKO_CM
08MKO0035,,101.312,-2.6191,PENARIK_MT
08MKO0036,,101.137,-2.4505,LUBUK_GEDANG_MT
08MKO0038,,101.4459,-2.8862,SUNGAI_RUMBAI_MKO_MT
08MKO0039,,101.1892,-2.4299,LUBUK_PINANG_DUA_TB
08MKO0040,,101.1471,-2.4714,TIRTA_MAKMUR_SP5_TB
08MKO0041,,101.5912,-3.0983,DESA_MEKAR_JAYA_PL
08MKO0042,,101.4251,-2.8292,PONDOK_SUGUH_DUA_PL
08MKO0043,,101.4475,-2.9254,RETAK_MUDIK_DUA_PL
08MKO0044,,101.1066,-2.4592,SUMBER_MAKMUR_DUA_PL
08MKO0045,,101.4085,-2.8047,AIR_BERAU_PL
08MKO0046,,101.0721,-2.4819,XIV_KOTO_AGRO_MANDIRI_PL
08MKO0047,,101.169,-2.5105,SP6_AIR_MANJUNTO_PL
08MKO0048,,101.3172,-2.6535,PASAR_KJS_PENARIK_PL
08MKO0049,,101.3032,-2.5777,SIMPANG_TALANG_MEDAN_PL
08MKO0050,,101.3343,-2.5211,SELAGAN_RAYA_PL
08MKO0051,,101.359,-2.6219,LUBUK_MUKTI_PNRIK_PL
08MKO0052,,101.5469,-3.0711,ARGAJAYA_AIR_RAMI_PL
08MKO0053,,101.247,-2.5254,TERAS_TERUNJAM_CM
08MKO0054,,101.3858,-2.631,SUKA_MAJU_PNRIK_PL
08MKO0055,,101.1101,-2.4956,RAWA_MULYA_PL
08MKO0056,,101.1281,-2.4335,SUMBER_MAKMUR_SP8_TB
08MKO0057,,101.2768,-2.6409,DESA_AIR_KASAI_PL
08MKO0060,,101.1475,-2.6055,TANAH_REKAH_PL
08MKO0061,,101.112,-2.5725,UJUNG_PADANG_MUKOMUKO_PL
08MKO0062,,101.2009,-2.4771,SINAR_JAYA_MT
08MNA0001,,102.8311,-4.3669,NANJUNGAN_MNA_PL
08MNA0002,,102.8514,-4.3925,PINO_RAYA_PL
08MNA0003,,102.8655,-4.3854,TUNGGKAL_MANNA_MT
08MNA0004,,102.9022,-4.4348,PAGAR_DEWA_TB
08MNA0005,,102.9033,-4.4624,MANNA_PL
08MNA0006,,102.9092,-4.4608,LETTUKIRAN_PASARBARU_PL
08MNA0007,,102.9096,-4.4688,KETAPANGBESAR_PASARMANNA_PL
08MNA0008,,102.91,-4.4511,KOTA_MEDAN_KOTA_MANNA_PL
08MNA0009,,102.9178,-4.4607,TJGMULIA_PASARMANNA_PL
08MNA0010,,102.9199,-4.4565,KETAPING_MNA_PL
08MNA0011,,102.9183,-4.4429,PADANG_KAPUK_KOTA_MANNA_PL
08MNA0012,,102.9238,-4.4494,STO_MANNA_MT
08MNA0013,,102.926,-4.4912,MANGGUL_MNA_TB
08MNA0014,,102.9299,-4.4428,PRUMNAS_MANNA_TB
08MNA0015,,102.9309,-4.4715,SIMPANG_MANNA_TB
08MNA0018,,102.9549,-4.3819,MASAD_PL
08MNA0019,,102.9743,-4.2821,RDTO_TANJUNG_SAKTI_BKL_TB
08MNA0020,,103.0117,-4.4401,RAYA_SEGINIM_PL
08MNA0022,,103.0164,-4.433,SEGINIM_MT
08MNA0024,,103.0404,-4.4894,PADANG_BINDU_MT
08MNA0026,,103.0664,-4.5479,SUKAJAYA_MNA_MT
08MNA0027,,103.0712,-4.3933,AIR_NIPIS_ST
08MNA0028,,103.0925,-4.4546,KEDURANG_EP
08MNA0029,,103.1188,-4.4386,BUMI_AGUNG_MNA_TB
08MNA0030,,102.9511,-4.34,ULU_MANNA_TB
08MNA0031,,103.015,-4.5224,TANJUNG_AUR_MT
08MNA0032,,103.0373,-4.4229,BABATAN_ILIR_TB
08MNA0033,,103.0589,-4.466,LAWANG_AGUNG_TB
08MNA0034,,103.001,-4.4604,DUSUN_BARU_MT
08MNA0035,,102.8999,-4.3927,AIRKEMANG_BESEL_PL
08MNA0036,,102.8887,-4.3733,NPLMELINTANG_PINO_BESEL_TB
08MNA0037,,102.907,-4.336,KEMBANGSRI_BESEL_PL
08MNA0038,,102.9699,-4.4018,PUDING_PINO_PL
08MNA0039,,102.9437,-4.4624,DESA_GUNUNG_SAKTI_PL
08MNA0040,,102.9736,-4.5054,DESA_GINDO_SULI_PL
08MNA0041,,103.0052,-4.4248,JL_RAYA_SEGINIM_PL
08MNA0042,,102.872,-4.4131,TANGGO_RASO_PL
08MNA0043,,102.9531,-4.423,ANGGUT_PINO_MT
08MNA0044,,102.9312,-4.4238,PADANG_BERANGIN_PL
08TIS0001,,102.3189,-3.9358,DESA_RIAK_SIABUN_PL
08TIS0002,,102.3559,-3.8974,BENGKULU_TAIS_TB
08TIS0003,,102.362,-3.9088,BABATAN_SUKARAJA_PL
08TIS0004,,102.376,-4.003,CAHAYA_NEGERI_BENGKULU_GT
08TIS0005,,102.3767,-3.9415,GKSBS_SELUMA_GT
08TIS0006,,102.3898,-3.8943,PADANG_KUAS_TB
08TIS0007,,102.4,-3.9417,SIABUN_MT
08TIS0008,,102.4161,-4.0208,SUKARAJA_TIS_EP
08TIS0009,,102.4266,-3.9856,TALANG_RUKUN_DERMAYU_PL
08TIS0010,,102.4384,-3.9987,AIR_PERIUKAN_PL
08TIS0011,,102.4953,-4.0019,TUMBUKAN_TB
08TIS0012,,102.5047,-4.0666,PURBOSARI_SELUMA_PL
08TIS0013,,102.5166,-3.952,AIR_SAPAT_TB
08TIS0014,,102.5231,-4.0274,TALANG_TINGGI_TB
08TIS0016,,102.5608,-4.0933,NAPAL_CM
08TIS0017,,102.5704,-4.1351,SELUMA_TIMUR_MT
08TIS0018,,102.5761,-4.0723,LUBUK_LINTANG_PL
08TIS0019,,102.577,-4.0785,TAIS_EP
08TIS0020,,102.5964,-4.1968,DESA_RAWAINDAH_KN
08TIS0022,,102.6445,-4.1969,DESA_PENAGO_MT
08TIS0023,,102.6757,-4.2252,PADANG_CEKUR_TB
08TIS0024,,102.6793,-4.2557,PASAR_TALO_EP
08TIS0025,,102.7005,-4.1579,MASMAMBANG_MT
08TIS0026,,102.7371,-4.2671,TALO_DALAM_TB
08TIS0027,,102.7479,-4.2203,TABA_TB
08TIS0028,,102.7614,-4.3051,TEDUNAN_TIS_PL
08TIS0029,,102.7981,-4.2476,PAJAR_BULAN_TB
08TIS0030,,102.6188,-4.1183,TALANG_SALI_MT
08TIS0031,,102.3915,-3.928,CAHAYANEGERI_SUKARAJA_PK
08TIS0032,,102.3701,-3.9236,CAHAYANEGERI_JENGGALU_MT
08TIS0033,,102.7237,-4.192,BAKAL_DALAM_SLM_TB
08TIS0034,,102.6966,-4.1977,MUARA_DANAU_SLM_PL
08TIS0035,,102.8377,-4.2681,GN_MESIR_SLM_PL
08TIS0036,,102.7858,-4.2447,SENDAWAR_SLM_TB
08TIS0037,,102.5542,-4.0609,TLG_DANTUK_SLM_PL
08TIS0038,,102.5195,-4.1384,DS_PASAR_SELUMA_PL
08TIS0039,,102.613,-4.2113,PENAGO_BARU_SLM_PL
08TIS0040,,102.413,-4.0404,PSR_NGALAM_SLM_PL
08TIS0042,,102.6919,-4.2472,DSBARU_ILIRTALO_SLM_PL
08TIS0043,,102.4202,-3.9647,LUBUK_SAHUNG_SLM_TB
08TIS0044,,102.7855,-4.2771,PDG_PERI_SLM_PL
08TIS0045,,102.6929,-4.1535,BUNUT_TINGGI_SLM_PL
08TIS0046,,102.5888,-4.0846,BUNGAMAS_SLM_PL
08TIS0047,,102.5351,-4.0836,PDG_RAMBUN_SLM_PL
08TIS0048,,102.7652,-4.3232,DSMARAS_SLM_PL
08TIS0049,,102.7009,-4.1756,SP3DURIAN_BUBUR_SLM_PL
08TIS0050,,102.8046,-4.3463,SERIAN_BANDUNG_SLM_TB
08TIS0052,,102.7464,-4.2918,PEMATANG_RIDING_PL
08TIS0053,,102.5556,-4.1088,TANGGA_BATU_PL
09BLU0001,,104.3516,-4.6844,LEBAK_PENIANGAN_ST
09BLU0002,,104.365,-4.4099,SMPN1_WAY_TUBA_GH
09BLU0003,,104.3756,-4.6655,REBANG_TANGKAS_BLU1_EB
09BLU0004,,104.3786,-4.3941,WAY_TUBA_BLU1_MT
09BLU0005,,104.3989,-4.6287,REBANG_TANGKAS_BLU2_KN
09BLU0006,,104.4079,-4.6907,TANJUNG_BULAN_BLU_EB
09BLU0007,,104.4149,-4.3924,WAY_TUBA_BLU2_TB
09BLU0008,,104.4273,-4.4557,TGRAYASAKTI_PL
09BLU0009,,104.4485,-4.7147,KASUI_TB
09BLU0010,,104.4525,-4.3304,PASAR_PISANG_BARU_EP
09BLU0011,,104.4641,-4.5059,SANGKAR_PL
09BLU0012,,104.4675,-4.6804,KASUIKANAN_ST
09BLU0013,,104.4685,-4.482,UMBULANBIDAT_PL
09BLU0014,,104.49,-4.6585,BALIREJO_TB
09BLU0015,,104.4933,-4.7949,BANJIT_TB
09BLU0016,,104.496,-4.7339,BALI_SADAR_PL
09BLU0017,,104.4989,-4.5095,UMPUKENCANA_TB
09BLU0018,,104.5036,-4.5804,BLAMBANGAN_UMPU_EP
09BLU0019,,104.5055,-4.3289,PANGERAN_SUGIH_EB
09BLU0020,,104.5091,-4.5347,KARANGUMPU_GH
09BLU0022,,104.5177,-4.5036,WAY_KANAN_KOTA_PL
09BLU0023,,104.5248,-4.2894,SUKAAGUNG_EB
09BLU0024,,104.5326,-4.5944,RMWISATA_MINANG_PL
09BLU0025,,104.5322,-4.7624,BANJAR_SETIA_EB
09BLU0026,,104.5346,-4.6964,BARADATU_BLU1_PL
09BLU0027,,104.5373,-4.7399,MEKAR_ASRI_BARADATU_GH
09BLU0028,,104.5388,-4.2614,BAHUGA_BLU_MT
09BLU0029,,104.5417,-4.7251,BARADATU_BLU2_MT
09BLU0030,,104.542,-4.7308,BARADATU1_PL
09BLU0031,,104.5446,-4.6439,GUNUNGKATUN_ST
09BLU0032,,104.5514,-4.262,RINGIN_JAYA_PS
09BLU0033,,104.5525,-4.7157,SEMARANG_BLU_TB
09BLU0034,,104.566,-4.3439,RUNYAI_TB
09BLU0035,,104.5698,-4.6885,WAYBARADATU_GH
09BLU0036,,104.5727,-4.2621,TRIMOHARJO_PL
09BLU0038,,104.5778,-4.7834,GUNUNG_LABUHAN_TB
09BLU0039,,104.5788,-4.805,SUKA_PL
09BLU0040,,104.5798,-4.2474,BUMIHARJO_TB
09BLU0041,,104.6021,-4.5712,BATUISLAND_PL
09BLU0042,,104.6091,-4.26,SUKAJADI_BLU_MT
09BLU0043,,104.6394,-4.612,KALI_PAPAN_MT
09BLU0044,,104.6485,-4.2523,BUAY_BAHUGA_TB
09BLU0045,,104.6581,-4.5363,AGUNG_WAYKANAN_GH
09BLU0046,,104.6899,-4.4734,DESA_SUKABUMI_MT
09BLU0047,,104.7039,-4.5366,SOPONYONO_ST
09BLU0048,,104.7074,-4.4288,DESA_TANJUNG_AGUNG_MT
09BLU0049,,104.7204,-4.4713,TANJUNGSERUPA_MT
09BLU0050,,104.7217,-4.3385,PAKUAN_RATU_EP
09BLU0053,,104.7376,-4.3822,WAYTAWAR_PL
09BLU0054,,104.7476,-4.4421,SERUPA_INDAH_KN
09BLU0055,,104.7964,-4.3832,NEGARA_TAMA_PL
09BLU0056,,104.8021,-4.421,SETIANEGARA_TB
09BLU0057,,104.8224,-4.3955,PURWA_AGUNG_IB
09BLU0058,,104.8361,-4.4122,PURWAGUNG_MT
09BLU0059,,104.8621,-4.328,BUMI_JAYA_BLU_MT
09BLU0060,,104.8924,-4.4175,SRI_BASUKI_TB
09BLU0062,,104.9204,-4.4422,NEGERI_JAYA_MT
09BLU0064,,104.9529,-4.4237,NEGERI_BESAR_TB
09BLU0066,,104.5161,-4.3675,WONOHARJO_BLU_PL
09BLU0067,,104.573,-4.4012,SRI_REJEKI_MT
09BLU0068,,104.7255,-4.5253,TANJUNG_SERUPA_TB
09BLU0069,,104.7369,-4.4192,PAKUAN_BARU_MT
09BLU0070,,104.9093,-4.3378,GISTING_JAYA_MT
09BLU0071,,104.952,-4.47,BIMA_SAKTI_TB
09BLU0072,,104.4918,-4.7652,BANJIT_SADAR_MN
09BLU0074,,104.4032,-4.7503,TANJUNG_HARAPAN_TB
09BLU0075,,104.4626,-4.8103,MENANGA_JAYA_MT
09BLU0076,,104.5023,-4.8326,SUMBER_BARU_TB
09BLU0077,,104.3631,-4.4584,BUMI_DANA_TB
09BLU0078,,104.4091,-4.6359,SIMPANG_TIGA_PL
09BLU0079,,104.748,-4.2542,PAKUAN_RATU_MT
09BLU0080,,104.7827,-4.3338,NEGARA_RATU_BLU_MT
09BLU0081,,104.4521,-4.3768,KARYA_JAYA_BLU_PL
09BLU0082,,104.4953,-4.6258,NEGERI_BATIN_UMPU_PL
09BLU0083,,104.4253,-4.706,BUKIT_BATU_PL
09BLU0084,,104.305,-4.6669,AIR_RINGKIH_PL
09BLU0085,,104.5544,-4.7305,TIUH_BALAK_JL_SRIWIJAYA_TB
09BLU0086,,104.7003,-4.4932,REJO_SARI_PL
09BLU0087,,104.6411,-4.4485,KOTA_BARU_ST
09BLU0088,,104.7694,-4.426,NEGARA_RAHARJA_PL
09BLU0089,,104.612,-4.5269,KARYA_AGUNG_PL
09BLU0090,,104.472,-4.4104,BERINGIN_JAYA_LAMUT_TB
09BLU0091,,104.6207,-4.7652,GUNUNG_LABUHAN_WAYTUBA_PL
09BLU0092,,104.9441,-4.3652,GEDONG_JAYA_PL
09BLU0094,,104.6055,-4.7128,KAYU_BATU_ST
09BLU0095,,104.4791,-4.8268,BANJIT_RANTAU_TEMIANG_PL
09BLU0096,,104.3959,-4.694,TANJUNG_KURUNG_CM
09BLU0097,,104.5152,-4.8608,BANJIT_KEMU_PL
09BLU0098,,104.6062,-4.2329,BAHUGA_BUMI_AGUNG_WATES_PL
09BLU0099,,104.5427,-4.6149,BLAMBANGAN_UMPU_BUMI_RATU_PL
09BLU0100,,104.5124,-4.81,BANJIT_SIMPANG_ASAM_PL
09BLU0101,,104.323,-4.6425,AIR_RINGKIH_BLU_PL
09BLU0102,,104.6176,-4.4081,GEDUNG_HARAPAN_BLU_CM
09BLU0103,,105.02,-4.4523,TEGAL_MUKTI_PL
09BLU0104,,104.5196,-4.7808,BARADATU_BANJAR_MULIA_PL
09BLU0105,,104.9594,-4.3366,ADI_JAYA_TB
09BLU0106,,104.4565,-4.3159,BUMI_AGUNG_PISANG_INDAH_PL
09BLU0107,,104.5875,-4.3396,BUMI_AGUNG_BLU_PL
09BLU0108,,104.4398,-4.4779,GUNUNG_SANGKARAN_PL
09BLU0109,,104.5697,-4.6084,BRATA_YUDHA_PL
09BLU0111,,104.5862,-4.8194,SUKA_NEGERI_IB
09BLU0112,,104.5358,-4.2847,SUKOREJO_BAHUGA_PL
09BLU0113,,104.5578,-4.7669,BANJAR_AGUNG_BARADATU_PL
09BLU0114,,104.5357,-4.3184,PUNJUL_AGUNG_PL
09BLU0115,,104.6765,-4.5024,REJO_SARI_NEGERI_AGUNG_MT
09BLU0116,,104.5965,-4.2507,SRI_TUNGGAL_BUAY_BAHUGA_PL
09BLU0117,,104.4353,-4.3629,WAY_TUBA_ASRI_MT
09BLU0119,,104.7628,-4.3775,NEGARA_TAMA_MT
09BLU0120,,104.8727,-4.3431,MARGAJAYA_NEGARA_BATIN_TB
09BLU0121,,105.0381,-4.4446,PAGAR_IMAN_CM
09BLU0122,,104.3378,-4.6805,TANJUNG_TIGA_CM
09BLU0123,,104.8633,-4.4177,SRIMULYO_NEGARA_BATIN_CM
09BLU0124,,104.5124,-4.4949,BKKBN_LEMBASUNG_TB
09GDT0001,,104.9652,-5.4852,PARDASUKA_TIMUR_TB
09GDT0002,,104.9722,-5.4636,KODONDONG_TANGGAMUS_TB
09GDT0003,,105.0018,-5.4688,KEDONDONG_GDT_GDT2_MT
09GDT0004,,105.0006,-5.4633,POS_DAN_GIRO_KLA_TB
09GDT0005,,105.0091,-5.4917,DESA_SUKAMAJU_GDT_CM
09GDT0006,,105.0162,-5.4471,KOTA_JAWA_GDT_PL
09GDT0007,,105.0227,-5.4697,PSR_BARU_CM
09GDT0008,,105.0267,-5.404,PAGUYUBAN_IB
09GDT0009,,105.0267,-5.4427,WAY_HARONG_MT
09GDT0010,,105.0378,-5.4204,WAY_LIMA_TB
09GDT0012,,105.0484,-5.1976,WATUAGUNG_GDT_CM
09GDT0013,,105.0535,-5.4131,RAYA_KEDONDONG_ST
09GDT0015,,105.0621,-5.5665,GUNUNG_REJO_CM
09GDT0017,,105.0638,-5.5983,WAY_RATAI_CM
09GDT0018,,105.0644,-5.2909,LUMBIREJO_NEGRI_KATON_MT
09GDT0019,,105.0645,-5.2584,MULYOBRANTI_MT
09GDT0020,,105.0663,-5.4173,GEDONGTATAAN_TB
09GDT0021,,105.0752,-5.3721,KRANDEGAN_GADING_REJO_PL
09GDT0022,,105.0785,-5.3364,GADING_KALIREJO_GH
09GDT0023,,105.0802,-5.3971,GEDONG_TATAAN2_PL
09GDT0024,,105.0833,-5.609,PADANG_CERMIN_GDT_MT
09GDT0025,,105.0833,-5.1621,GERNING_MT
09GDT0026,,105.0894,-5.3866,KEDONDONG_GDT_GDT1_GH
09GDT0027,,105.0945,-5.3792,GEDONG_TATAAN1_PL
09GDT0028,,105.0946,-5.3651,BRANTIRAYA_PL
09GDT0029,,105.0967,-5.215,TRI_RAHAYU_MT
09GDT0030,,105.0992,-5.3792,GEDONG_TATAAN_MT
09GDT0031,,105.1035,-5.3721,BAGELEN_GEDONG_TATAAN_PL
09GDT0032,,105.1048,-5.3265,NEGERI_KATON_TB
09GDT0033,,105.108,-5.3826,SUKARAJA_CM
09GDT0035,,105.1149,-5.2513,HALANGAN_RATU_TB
09GDT0036,,105.1153,-5.3809,SIDOTOTO_PL
09GDT0037,,105.1174,-5.1778,TRIMULYO_GDT_TB
09GDT0038,,105.1279,-5.3773,KAMPUNG_SAWAH_KEBAGUSAN_PL
09GDT0039,,105.1365,-5.2433,PEJABON_PL
09GDT0040,,105.1411,-5.5998,PADANG_CERMIN_PL
09GDT0041,,105.1418,-5.3817,PASAR_WIYONO_TB
09GDT0042,,105.1432,-5.2233,KRESNO_WDD_PL
09GDT0043,,105.149,-5.3653,TAMAN_SARI_GDT_PL
09GDT0044,,105.1529,-5.2383,NEGARA_SAKA_NEGERI_KATON_PL
09GDT0045,,105.1555,-5.1567,MARGO_MULYO_TEGINENENG_PL
09GDT0046,,105.1564,-5.2031,GEDUNG_GUMANTI_PL
09GDT0047,,105.1574,-5.6802,PUTIH_DOCH_TB
09GDT0048,,105.1612,-5.3805,SUNGAI_LANGKA_PL
09GDT0049,,105.1624,-5.3656,BERNUNG_BERNUNG_PL
09GDT0050,,105.1636,-5.3941,SUNGAI_LANGKA1_PL
09GDT0051,,105.1703,-5.6538,DESA_SANGGI_TAJUR_TB
09GDT0053,,105.1761,-5.3695,SINAR_NEGERI_PL
09GDT0054,,105.1778,-5.3505,SUKA_BANJAR_SUKA_BANJAR_PL
09GDT0055,,105.1783,-5.1875,RAYAKOTABUMITEGINENENG_PL
09GDT0056,,105.1797,-5.1593,JLPULAU_BACAN_PL
09GDT0057,,105.1833,-5.6228,PIABUNG_DS_RFA_MT
09GDT0058,,105.1877,-5.3669,KAMPUNGTUANEGERISAKTI_PL
09GDT0059,,105.1966,-5.3778,KURUNGAN_NYAWA_GDT_PL
09GDT0060,,105.1969,-5.3527,NEGERI_SAKTI_PL
09GDT0061,,105.1979,-5.4539,UMBULAPANG_TB
09GDT0062,,105.2006,-5.4294,PAREDOAN_TB
09GDT0063,,105.2045,-5.3869,LANGKAPURA_CM
09GDT0064,,105.2157,-5.362,HUTAN_GDT_PL
09GDT0065,,105.2221,-5.1695,BTHARI_OGAN_CM
09GDT0066,,105.2272,-5.4699,UMBUL_KUNCI_TB
09GDT0067,,105.2307,-5.5886,GEBANG_GDT_TB
09GDT0068,,105.2367,-5.5555,DESA_GEBANG_TB
09GDT0069,,105.2411,-5.5292,HANURA_TB
09GDT0070,,105.0929,-5.5545,PESAWARAN_INDAH_MT
09GDT0071,,105.1432,-5.5902,KECAPI_PADANG_CERMIN_IB
09GDT0072,,105.044,-5.5325,BABAKAN_LOA_KEDONDONG_PL
09GDT0073,,105.1122,-5.6053,WAY_URANG_PADANG_CERMIN_TB
09GDT0074,,105.0555,-5.4771,MARGODADI_WAY_LIMA_PL
09GDT0075,,105.0793,-5.2029,BANGUN_SARI_PL
09GDT0076,,105.1991,-5.176,REJOAGUNG_TAGINENENG_CM
09GDT0077,,105.0993,-5.3015,SRIMULYO_NGR_KATON_PL
09GDT0078,,105.0861,-5.2405,DS_WONOSARI_PL
09GDT0079,,105.086,-5.581,SUMBEREJO_PL
09GDT0080,,105.1279,-5.3244,SUMBER_JAYA_PL
09GDT0081,,104.9913,-5.4754,KUBUBATU_WAY_KHILAU_PL
09GDT0082,,104.946,-5.466,MADAJAYA_WAY_KHILAU_PL
09GDT0084,,105.1012,-5.3953,BOGOREJO_MT
09GDT0085,,105.1533,-5.1814,GEDUNG_GUMANTI_CM
09GDT0086,,105.1424,-5.7391,SUKAJAYA_PIDADA_CM
09GDT0087,,104.946,-5.4852,PENENGAHAN_WAY_KHILAU_CM
09GDT0088,,105.1463,-5.351,TAMAN_SARI2_TB
09GDT0090,,105.0149,-5.4322,GEDUNG_REJO_PL
09KLA0001,,105.1536,-5.2988,REJOSARI_NATAR_TB
09KLA0002,,105.1707,-5.239,BALI_TELEKOM_BEGADANG_TB
09KLA0003,,105.1718,-5.3233,MB_PESANTREN_KLA_MT
09KLA0004,,105.172,-5.2246,MERBAU_MATARAM_PL
09KLA0005,,105.1731,-5.2467,BRANTI_JAYA_PL
09KLA0006,,105.1734,-5.2155,TEGALBUNGUR_BANJARNEGERI_PL
09KLA0007,,105.1797,-5.2974,NEGARARATUNATAR_PL
09KLA0008,,105.1811,-5.2561,MANDIRICANDIMAS_CM
09KLA0009,,105.1865,-5.2677,AIRPORT_LAMPUNG_TB
09KLA0010,,105.1934,-5.2921,KARANG_TURI_PL
09KLA0011,,105.1938,-5.3033,GANG_NURI_MERAK_BATIN_PL
09KLA0012,,105.1938,-5.3114,NATAR_EP
09KLA0013,,105.1968,-5.3315,SEKAMPUNGMEKAR_PL
09KLA0014,,105.1987,-5.3164,SUKARAME_PASAR_NATAR_MT
09KLA0015,,105.1996,-5.3225,NATAR_NATAR_PL
09KLA0016,,105.2021,-5.2952,SARI_NATAR_PL
09KLA0017,,105.2032,-5.2194,DESA_SUMBERSARI_TB
09KLA0018,,105.2065,-5.3189,TANJUNG_REJO_NATAR_MT
09KLA0019,,105.209,-5.3098,MERAKBATIN_PL
09KLA0020,,105.2106,-5.3377,GEDUNG_MENENG_KLA_EP
09KLA0021,,105.2164,-5.226,RULUNG_HELOK_EB
09KLA0022,,105.2187,-5.347,PEMANGGILAN_GH
09KLA0023,,105.2213,-5.3552,RAYA_HAJI_MENA_MT
09KLA0024,,105.2231,-5.3102,KALIASIN_KLA_PL
09KLA0025,,105.2235,-5.3619,HAJIMENA_PL
09KLA0026,,105.2292,-5.3562,POLINELA_CM
09KLA0027,,105.2306,-5.2196,RULUNG_RAYA_CM
09KLA0028,,105.2343,-5.3431,DESA_HAJIMENA_PL
09KLA0029,,105.2355,-5.3531,SIDOREJO_KLA_PL
09KLA0030,,105.242,-5.2857,MUARAPUTIH_NATAR_TB
09KLA0031,,105.2463,-5.3376,SIDOSARI_PL
09KLA0032,,105.2501,-5.3255,SIMBARINGIN_KLA_TB
09KLA0033,,105.26,-5.2566,MUARA_PUTIH_TB
09KLA0034,,105.2728,-5.2902,JATI_AGUNG_PL
09KLA0035,,105.2812,-5.34,GANG_DURIAN_PL
09KLA0036,,105.287,-5.3139,RAYA_KARANG_ANYAR_PL
09KLA0037,,105.2888,-5.2185,DESA_BANDAR_REJO_CM
09KLA0038,,105.2898,-5.3261,SENOPATI_KLA_PL
09KLA0039,,105.2903,-5.2979,TRIKORA_KARANG_ANYAR_PL
09KLA0040,,105.2924,-5.3353,SINARREJEKI_CM
09KLA0041,,105.2926,-5.339,RATU_DIBALAU_UJUNG_MT
09KLA0042,,105.294,-5.3588,MADRASAH_WAY_HUWI_PL
09KLA0043,,105.2954,-5.3422,PANTASARI_JATIMULYO_ST
09KLA0044,,105.2982,-5.2558,REJOMULYO_MT
09KLA0045,,105.3003,-5.3567,AIRANRAYA_TB
09KLA0046,,105.302,-5.3508,WAY_HUWIJATI_AGUNG_PL
09KLA0047,,105.305,-5.3153,PERMATA_ASRI_CM
09KLA0048,,105.3081,-5.3301,JATIAGUNG_LPG_PL
09KLA0049,,105.3156,-5.2261,SUKADAMAI_NATAR_TB
09KLA0050,,105.3208,-5.3518,JATIAGUNG_KLA_MT
09KLA0051,,105.3286,-5.3873,SABAHBALAU_PL
09KLA0052,,105.3368,-5.452,MERBAU_BARU_MT
09KLA0053,,105.3385,-5.3686,ENDRO_SURATMIN_TB
09KLA0054,,105.3477,-5.3428,BANJAR_AGUNG_KLA_CM
09KLA0055,,105.3509,-5.4005,RUGUK2_PL
09KLA0056,,105.3521,-5.3164,MARGOLESTARI_CM
09KLA0057,,105.3532,-5.5263,PANJANG_KLA_ST
09KLA0058,,105.3546,-5.3635,WAY_GALIH_TB
09KLA0060,,105.3589,-5.5327,DESA_RANGAI_EP
09KLA0061,,105.3615,-5.4015,LEMATANG_CM
09KLA0062,,105.3744,-5.2702,JATIAGUNG_BLP_MT
09KLA0063,,105.377,-5.4262,IAIN_KLA_PL
09KLA0064,,105.3781,-5.5622,TARAHAN_MT
09KLA0065,,105.3845,-5.38,IRSUTAMI_TANJUNGBINTANG_CM
09KLA0066,,105.3856,-5.4824,DESA_KARANGRAJA_TB
09KLA0067,,105.3853,-5.3947,DESA_SERDANG_GH
09KLA0068,,105.3861,-5.4597,TANJUNG_BINTANG_NUBAN_TB
09KLA0069,,105.3892,-5.3187,JLNISKALA_TB
09KLA0070,,105.393,-5.4111,TGBINTANG_UTARA_TB
09KLA0071,,105.3969,-5.2442,HSUWARNO_PL
09KLA0073,,105.4073,-5.545,LINTASSUMATERANEGRIAGUNG_MT
09KLA0074,,105.4071,-5.2623,GEMA_KARYA_PL
09KLA0075,,105.4088,-5.3642,SIMPANG_BERHEN_TB
09KLA0076,,105.4189,-5.4238,TANJUNG_BINTANG_EP
09KLA0078,,105.4255,-5.5412,WONODADI_PADASUKA_PL
09KLA0079,,105.432,-5.4051,TANJUNGBINTANG_TB
09KLA0080,,105.4384,-5.4405,SINAR_OGAN2_ST
09KLA0081,,105.4385,-5.5444,TANJUNGAN_LPG_EP
09KLA0082,,105.4466,-5.5375,BINA_MARGA_TANJUNG_RATU_PL
09KLA0083,,105.4472,-5.4749,NEGLASARI_KLA_TB
09KLA0084,,105.4522,-5.528,TANJUNGAGUNG_PL
09KLA0085,,105.4566,-5.5463,BABATAN_TARAHAN_TB
09KLA0086,,105.457,-5.6443,CUKUH_MUTUN_PL
09KLA0087,,105.466,-5.3314,RAYAKERTOSARIKERTOSARI_ST
09KLA0088,,105.4704,-5.5532,KATIBUNG1_MT
09KLA0090,,105.4717,-5.4197,BUDI_LESTARI_TB
09KLA0091,,105.4757,-5.6397,PENATANG_BALIK_PS
09KLA0092,,105.4764,-5.5587,CAMAPANGTIGA_ROAD_TB
09KLA0093,,105.4847,-5.575,LNTSSUMATERA_TALANGBARU_PL
09KLA0094,,105.486,-5.4561,TALANG_JAWA_PL
09KLA0095,,105.4901,-5.6264,SIRING_JAHA_PL
09KLA0096,,105.4902,-5.5922,SUKABANJAR_CM
09KLA0097,,105.5008,-5.3679,BERGENSARI_CM
09KLA0098,,105.507,-5.4846,WAY_SULAN_TB
09KLA0099,,105.5097,-5.6057,MB_SPSIDOMULYO_MT
09KLA0100,,105.5169,-5.5865,SIDOMULYO_LAMPUNG_MT
09KLA0101,,105.5181,-5.522,BATU_LIMAN_PL
09KLA0102,,105.5228,-5.6229,BAKAUHUNI_SUKAMARGA_PL
09KLA0103,,105.523,-5.5837,SIDOREJO_SIDOMULYO_MT
09KLA0104,,105.5252,-5.4191,NGESTIKARYA_TB
09KLA0105,,105.5276,-5.6847,PARIWISATA_KENJURU_TB
09KLA0106,,105.5285,-5.5792,SIDOMULYO_KLA_MT
09KLA0107,,105.5295,-5.6324,MUNJUK_SEMPURNA_ST
09KLA0108,,105.5367,-5.594,PASAR_BANDAR_AGUNG_MT
09KLA0109,,105.5371,-5.6082,DESA_SIDOWALUYO_PS
09KLA0110,,105.5453,-5.5639,SIDOASRI_PL
09KLA0111,,105.5484,-5.4692,KARANG_PUCUNG_TB
09KLA0112,,105.5563,-5.6589,MERAK_BELATUNG_MT
09KLA0113,,105.572,-5.5376,TITIWANGI_MT
09KLA0114,,105.5733,-5.6694,LUBUK_LUAR_KALIANDA_PL
09KLA0115,,105.5826,-5.6377,WAY_ARONG_CM
09KLA0116,,105.5841,-5.721,WAY_URANG_TB
09KLA0117,,105.5841,-5.6995,WAY_URANG_KLA_ST
09KLA0118,,105.5848,-5.7874,PESISIR_CANTIK_ST
09KLA0119,,105.5869,-5.6757,DESA_AGOM_CM
09KLA0120,,105.5873,-5.7619,PESISIR_KALIANDA_PL
09KLA0121,,105.5876,-5.6124,SIDOHARJO_LAMSEL_TB
09KLA0122,,105.5885,-5.7717,DESA_JONDONG_CM
09KLA0123,,105.589,-5.7144,KALIANDA_TB
09KLA0124,,105.5905,-5.544,CANDIPURO_BLP_MT
09KLA0125,,105.5908,-5.7348,KALIANDA_KOTA_TB
09KLA0126,,105.59,-5.5123,GUNUNG_PELINDUNG_PL
09KLA0127,,105.5932,-5.7269,KOL_MAKMUN_RASYID_PL
09KLA0128,,105.594,-5.7376,TAMIMI_KALIANDA_TB
09KLA0129,,105.595,-5.7325,WAY_URANG_KALIANDA_MT
09KLA0130,,105.596,-5.5796,BALINURAGA_TB
09KLA0131,,105.6058,-5.8276,MAJA_KLA_PL
09KLA0132,,105.606,-5.5332,SMPN1_CANDIPURO_TB
09KLA0133,,105.6102,-5.5245,RATU_LIMAU_EB
09KLA0134,,105.6158,-5.5004,BERINGIN_KENCANA_TB
09KLA0135,,105.6159,-5.6457,SIDOMAKMUR_WAY_PANJI_PL
09KLA0136,,105.6162,-5.735,RDTO_KALIANDA_GH
09KLA0137,,105.6343,-5.6045,DESA_BUMIDAYA_CM
09KLA0139,,105.6376,-5.8371,UJIR_WAY_MULI_TB
09KLA0140,,105.6385,-5.5887,BUMI_RESTU_PALAS_TB
09KLA0141,,105.6523,-5.7287,TAJIMELIA_TB
09KLA0142,,105.6527,-5.8357,KUNYIR_MT
09KLA0143,,105.6532,-5.6352,UMBULANPALAS_MT
09KLA0144,,105.6579,-5.6644,SARIPALAS_TB
09KLA0145,,105.6615,-5.8258,CUGUNG_ST
09KLA0146,,105.6642,-5.6105,BALI_AGUNG_MT
09KLA0147,,105.6716,-5.6979,SUKARAJA_KLA_CM
09KLA0148,,105.6786,-5.6554,PALAS_MT
09KLA0149,,105.6797,-5.7558,GNRAJABASA_MT
09KLA0150,,105.6832,-5.7435,PARTODIMEJO_KLA_PL
09KLA0151,,105.6896,-5.7649,TANJUNGMENANGBANJARMASIN_PL
09KLA0152,,105.69,-5.8135,SEMANA_TB
09KLA0153,,105.6924,-5.6222,API_PALAS_TB
09KLA0154,,105.7067,-5.783,TANJUNG_HERAN_PL
09KLA0155,,105.7156,-5.6544,MANDALASARI_SRAGI_CM
09KLA0156,,105.723,-5.8057,LINTASSUMATERAHATTA_CM
09KLA0157,,105.7247,-5.757,DESA_KARANGSARI_MT
09KLA0158,,105.7256,-5.6275,ISATSUKAPURO_TB
09KLA0159,,105.7277,-5.8626,KELAWI_PL
09KLA0160,,105.7296,-5.6885,MARGAJASA_PL
09KLA0161,,105.7381,-5.8439,PEL_BAKAUHENI_EP
09KLA0162,,105.7436,-5.8597,TRANS_SUMATERA_BAKAUHENI_CM
09KLA0164,,105.7519,-5.8672,PELABUHAN_BAKAUHENI_MN
09KLA0165,,105.7521,-5.8631,BAKAHEUNI2_PL
09KLA0166,,105.755,-5.7253,SPENDOWO_RFA_MT
09KLA0167,,105.7614,-5.8289,SUMUR_KETAPANG_PL
09KLA0169,,105.7737,-5.8281,SUMUR_KETAPANG1_PL
09KLA0170,,105.7787,-5.8053,RUGUK1_ST
09KLA0171,,105.7792,-5.6342,SIDOASIH_TB
09KLA0172,,105.7812,-5.6687,PEMATANG_PASIR_GH
09KLA0173,,105.7832,-5.7362,KATIBUNG2_TB
09KLA0174,,105.7839,-5.6822,SRIPENDOWO_TB
09KLA0175,,105.7853,-5.7784,TRIDARMAYOGA_GH
09KLA0176,,105.7866,-5.7974,KAMP_BALI_EP
09KLA0177,,105.7882,-5.7081,SUMBER_NADI_CM
09KLA0178,,105.0477,-5.5161,SINAR_HARAPAN_MT
09KLA0179,,105.0552,-5.3279,PUJORAHAYU_PL
09KLA0180,,105.0635,-5.3992,WAYLAYAP_TB
09KLA0181,,105.1758,-5.7007,PUNDUH_PIDADA_PL
09KLA0182,,105.358,-5.2912,SUMBER_JAYA_MT
09KLA0183,,105.4024,-5.4526,TRIHARJO_MT
09KLA0184,,105.4203,-5.3775,PURWODADI_DALAM_TB
09KLA0185,,105.6357,-5.732,KEKILING_MT
09KLA0186,,105.7523,-5.6328,KUALA_SEKAMPUNG_MT
09KLA0187,,105.763,-5.6803,SUMBER_AGUNG_KLA_MT
09KLA0188,,105.1104,-5.235,DSSRIWEDARI_PL
09KLA0190,,105.5194,-5.5889,GGMAKMUR_SIDODADI_CM
09KLA0191,,105.5867,-5.4514,SUKAMAJU_TB
09KLA0192,,105.5425,-5.5346,SIDOASRI_TB
09KLA0193,,105.6028,-5.5122,RAWA_SELAPAN_PK
09KLA0195,,105.697,-5.7378,KLATEN_LAMSEL_TB
09KLA0196,,105.6322,-5.6174,SDN2_BUMIDAYA_PL
09KLA0197,,105.7775,-5.7045,TAMANSARI_PL
09KLA0198,,105.4082,-5.5757,UMBUL_NANGKA_PL
09KLA0199,,105.6006,-5.6631,SUKATANI_TB
09KLA0200,,105.6069,-5.7256,DESA_CANGGU_PL
09KLA0201,,105.5945,-5.809,DESA_BANDING_TB
09KLA0202,,105.4488,-5.5588,BANDAR_DALAM_PL
09KLA0203,,105.6241,-5.591,DESA_TANJUNGJAYA_PL
09KLA0204,,105.672,-5.6325,REJOMULYO_LAMSEL_TB
09KLA0205,,105.7902,-5.7528,KETAPANG_LAMSEL_PL
09KLA0206,,105.6556,-5.5962,PEMATANG_BULUH_PL
09KLA0207,,105.4507,-5.5147,TANJUNG_RATU_PL
09KLA0208,,105.4821,-5.5099,UMBULBANDUNG_LAMSEL_PL
09KLA0209,,105.5982,-5.6288,RAYA_PATOK_TB
09KLA0210,,105.3472,-5.4159,KALIASIN_TJBINTANG_PL
09KLA0211,,105.4041,-5.4204,SERDANG_TJBINTANG_PL
09KLA0212,,105.1838,-5.3168,SIDOHARJO_NEGARA_RATU_PL
09KLA0213,,105.1906,-5.2457,BRANTI_RAYA_TB
09KLA0214,,105.3579,-5.4488,GIRI_HARJO_TB
09KLA0215,,105.2368,-5.3465,BATARANILA_PL
09KLA0216,,105.3068,-5.3604,POLDA_LAMPUNG_TB
09KLA0217,,105.3793,-5.4483,PASAR_IIJO_MERBAU_GH
09KLA0218,,105.4615,-5.4471,PANCA_TUNGGAL_PL
09KLA0219,,105.2006,-5.3097,JLSITARA_MERAKBATIN_PL
09KLA0220,,105.4392,-5.2571,PURWOTANI_PL
09KLA0221,,105.3024,-5.3341,JATI_MULYO_PL
09KLA0222,,105.5406,-5.5008,PAMULIHAN_PL
09KLA0223,,105.299,-5.3206,BACAN_PERMATA_ASRI_TB
09KLA0224,,105.4955,-5.547,TRANS_TANJUNGAN_TB
09KLA0225,,105.6155,-5.5472,TRIMO_MUKTI_PL
09KLA0226,,105.2776,-5.3458,TANJUNG_SENANG_KLA_TB
09KLA0227,,105.3189,-5.3825,JL_KEBON_KELAPA_TB
09KLA0228,,105.5088,-5.6396,BULOK_PL
09KLA0229,,105.6413,-5.5697,BUMI_RESTU2_PALAS_CM
09KLA0231,,105.482,-5.3762,SIDOMUKTI_PL
09KLA0232,,105.5666,-5.5183,SINDANG_AYU_PL
09KLA0233,,105.5566,-5.6314,MUNJUK_SEMPURNA_2_PL
09KLA0234,,105.4865,-5.3285,MULYOSARI_PL
09KLA0235,,105.468,-5.3005,JL_LANGEN_REJO_PL
09KLA0236,,105.5787,-5.4674,DESA_SUKAMAJU_PL
09KLA0237,,105.6197,-5.6858,SUKATANI_2_PL
09KLA0238,,105.4303,-5.5052,TANJUNG_SUIT_PL
09KLA0239,,105.3817,-5.3603,DUSUN_SIRANJI_CM
09KLA0240,,105.2313,-5.1919,DS_TALANG_RENGAS_PL
09KLA0242,,105.3265,-5.3306,JATIAGUNG_LPG_2_PL
09KLA0243,,105.471,-5.4681,BANGUN_RAHAYU_PL
09KLA0244,,105.7141,-5.6718,DESA_MARGAJASA_PL
09KLA0246,,105.1764,-5.2011,MANDAH_CM
09KLA0247,,105.3647,-5.384,SUKANEGARA_TJ_BINTANG_IB
09KLA0248,,105.4741,-5.3488,DESA_WONODADI_MT
09KLA0249,,105.7311,-5.6467,BAKTIRASA_SRAGI_PL
09KLA0250,,105.3427,-5.4728,BARU_RANJI_TB
09KLA0251,,105.5055,-5.5049,BATULIMAN_INDAH_PL
09KLA0252,,105.7818,-5.6517,BERUNDUNG_KETAPANG_PL
09KLA0253,,105.4984,-5.4062,BUDI_LESTARI2_PL
09KLA0254,,105.5122,-5.5655,CAMPANG_TIGA_SIDOMULYO_PL
09KLA0255,,105.4111,-5.4056,JATIINDAH_TJG_BINTANG_TB
09KLA0256,,105.2265,-5.2935,KALI_SARI_NATAR_PL
09KLA0257,,105.3533,-5.4359,KALIASIN_TJG_BINTANG_MT
09KLA0258,,105.2774,-5.2676,KARANGANYAR_JATIAGUNG_PL
09KLA0259,,105.3376,-5.2682,KARANGREJO_JATIAGUNG_PL
09KLA0260,,105.3728,-5.2388,KARANGREJO_JATIAGUNG2_PL
09KLA0261,,105.7474,-5.6568,KEDAUNG_SRAGI_PL
09KLA0262,,105.7486,-5.7019,KEMUKUS_KETAPANG_PL
09KLA0263,,105.6768,-5.721,KURIPAN_PENENGAHAN_PL
09KLA0264,,105.3477,-5.2997,MARGO_LESTARI_JATIAGUNG_PL
09KLA0265,,105.2208,-5.2712,MUARA_PUTIH_NATAR_MT
09KLA0266,,105.5223,-5.4378,BATU_AGUNG_PL
09KLA0267,,105.2601,-5.2174,PURWOSARI_NATAR_PL
09KLA0268,,105.4976,-5.4299,SINAR_KARYA_LAMSEL_PL
09KLA0269,,105.6742,-5.6772,SUKAMULYA_PALAS_PL
09KLA0270,,105.5244,-5.4809,TALANG_WAY_SULAN_PL
09KLA0271,,105.4303,-5.4584,TRIHARJO2_PL
09KLA0272,,105.2128,-5.2585,WAI_SARI_NATAR_PL
09KLA0273,,105.49,-5.343,WAWASAN_TANJUNG_SARI_PL
09KLA0274,,105.569,-5.5584,WAY_GELAM_PL
09KLA0277,,105.7564,-5.8663,TERMINAL_EXECUTIVE_BAKAUHENI_MT
09KLA0278,,105.2562,-5.2888,KRAWANG_SARI_NATAR_MT
09KLA0279,,105.789,-5.6173,BANDAR_AGUNG_SRAGI_CM
09KLA0280,,105.7698,-5.7366,BANGUNREJO_KETAPANG_CM
09KLA0281,,105.4673,-5.6149,BANJARSURI_CM
09KLA0282,,105.3696,-5.5478,BATU_PAYUNG_TB
09KLA0283,,105.4191,-5.4921,DESA_KARANG_RAJA_CM
09KLA0284,,105.7051,-5.7638,DESA_TETAAN_CM
09KLA0285,,105.2677,-5.3261,FAJAR_BARU_CM
09KLA0287,,105.7592,-5.8453,KETAPANG_SUMUR_CM
09KLA0288,,105.2949,-5.3086,MARGA_KAYA_CM
09KLA0289,,105.679,-5.6181,MEKAR_MULYA_PALAS_CM
09KLA0291,,105.4232,-5.5324,PARDASUKA_KATIBUNG_MT
09KLA0292,,105.5074,-5.457,PUJI_RAHAYAU_MERBAU_CM
09KLA0293,,105.5737,-5.4842,PURWODADI_WAY_SULAN_CM
09KLA0294,,105.7563,-5.7939,RUGUK_KETAPANG_CM
09KLA0295,,105.5118,-5.5966,SELORETNO_CM
09KLA0296,,105.4325,-5.3159,SIDODADI_ASRI_CM
09KLA0297,,105.4515,-5.3456,SIMPANG_PURWODADI_TB
09KLA0298,,105.4119,-5.4382,SINAR_OGAN_CM
09KLA0299,,105.4566,-5.5933,SUKA_BANJAR_CM
09KLA0300,,105.3031,-5.237,SUKADAMAI2_NATAR_CM
09KLA0301,,105.6059,-5.7485,SUMUR_KEMBANG_CM
09KLA0302,,105.4761,-5.5325,TANJUNGAN_KATIBUNG_CM
09KLA0303,,105.3851,-5.5799,TARAHAN2_TB
09KLA0304,,105.5895,-5.5264,TITIWANGI_CANDIPURO_CM
09KLA0307,,105.6601,-5.7608,WAY_KALAM_PENENGAHAN_TB
09KLA0310,,105.1914,-5.2872,BUMI_SARI_NATAR_PL
09KOT0001,,104.4657,-5.4538,PASAR_SRIKUNCORO_TB
09KOT0002,,104.4901,-5.5034,SUKARAJA_LPG_TB
09KOT0003,,104.4932,-5.4752,BANGUN_REJO_TANGGAMUS_PL
09KOT0004,,104.5064,-5.4632,PANGKUL_TB
09KOT0005,,104.5071,-5.5356,TUGUPAPAK_TB
09KOT0006,,104.5124,-5.4901,KALISARI_KOT_MT
09KOT0007,,104.5364,-5.5071,DADIREJO_KOT_TB
09KOT0009,,104.5454,-5.4814,WONOSOBO_BLP_MT
09KOT0010,,104.5615,-5.3095,NGARIP_ST
09KOT0011,,104.563,-5.4815,DADI_REJO_PL
09KOT0012,,104.5816,-5.4903,WAY_GELANG_PL
09KOT0013,,104.5897,-5.3439,DESA_DATARAJAN_TB
09KOT0014,,104.6118,-5.3398,DATARAJAN_PL
09KOT0015,,104.6162,-5.4902,KOTAAGUNG3G4_TB
09KOT0016,,104.6208,-5.4914,KURIPAN_KOTA_AGUNG_TB
09KOT0017,,104.6213,-5.4979,PASAR_MADANG_PL
09KOT0018,,104.6257,-5.4915,KOTAAGUNG3G2_TB
09KOT0019,,104.6285,-5.4948,KURIPAN_KOTA_AGUNG_PUSAT_PL
09KOT0020,,104.6296,-5.4882,KOTA_AGUNG_TB
09KOT0021,,104.6313,-5.501,JLJUANDA_TB
09KOT0022,,104.6361,-5.4843,KEDAMAIAN_KOTA_AGUNG_PL
09KOT0023,,104.6362,-5.4979,SOEKARNO_HATTA_TERBAYA_PL
09KOT0024,,104.6578,-5.5033,KOMPLEK_IC_KOTA_AGUNG_ST
09KOT0025,,104.66,-5.3022,AIR_BAKOMAN_MT
09KOT0026,,104.6634,-5.5072,DESA_KARTA_PS
09KOT0027,,104.6775,-5.5064,MANGKUBUMI_KAGUNGAN_PL
09KOT0028,,104.682,-5.4736,KOTA_AGUNG_PEMDA_TB
09KOT0029,,104.6852,-5.4875,JUANDA_KAMPUNG_BARU_PL
09KOT0030,,104.6874,-5.3795,MARGOYOSO_BLP_TB
09KOT0031,,104.6959,-5.3632,TIMURAGUNG_MT
09KOT0033,,104.711,-5.2493,AIR_NANINGAN_PL
09KOT0034,,104.7116,-5.4538,GISTING_ATAS_PL
09KOT0035,,104.7117,-5.3488,SUMBER_REJO_KOT_TB
09KOT0036,,104.7158,-5.4424,KOTAAGUNGBAIMBING_CM
09KOT0037,,104.7225,-5.388,WONOTIRTO_KOT_TB
09KOT0038,,104.724,-5.4351,CEMARA_GISTINGATAS_ST
09KOT0039,,104.7244,-5.4181,GISTING_TB
09KOT0041,,104.7304,-5.2735,AIRMANINGAN_TB
09KOT0042,,104.7314,-5.4265,GISTING_BAWAH_MT
09KOT0043,,104.7457,-5.3195,PULAU_PANGGUNG_MT
09KOT0044,,104.7472,-5.343,DESA_SUKARAJA_KOT_CM
09KOT0045,,104.7566,-5.4033,GUNUNG_ALIP_TB
09KOT0046,,104.7574,-5.4118,AHMADDAHLAN_BANJAR_PL
09KOT0047,,104.7613,-5.2948,DESA_WAY_HARONG_TB
09KOT0048,,104.7689,-5.3363,SINDANG_MARGA_KOT_MT
09KOT0049,,104.774,-5.3869,KEJAYAAN_TALANG_GH
09KOT0050,,104.7769,-5.3622,API_TALANG_PADANG_TB
09KOT0051,,104.7785,-5.3564,RAYAMINCANG_MT
09KOT0052,,104.7808,-5.3671,TALANGPADANG_LAMPUNG_PL
09KOT0053,,104.7835,-5.3649,STO_TALANG_PADANG_MT
09KOT0054,,104.784,-5.3584,DARUSSALLAM_SINAR_SEMENDO_PL
09KOT0055,,104.7903,-5.3598,JLRADEN_INTAN_PL
09KOT0056,,104.8071,-5.3848,DESA_SUMANDA_KOT2_EB
09KOT0058,,104.8153,-5.3531,BANJAR_AGUNG_UDIK_MT
09KOT0059,,104.8427,-5.3514,LUGUSARI_TB
09KOT0060,,104.8574,-5.3656,TANJUNG_AGUNG_KOT_ST
09KOT0061,,104.8771,-5.395,BABAKAN_PUGUNG_TB
09KOT0062,,104.8892,-5.4337,SUKA_AGUNG_TIMUR_PL
09KOT0063,,104.8896,-5.4526,SUKA_AGUNG_TB
09KOT0064,,104.8934,-5.4833,DESA_SUKAMARA_EB
09KOT0065,,104.5364,-5.5544,BETUNG_P_SAWA_MT
09KOT0066,,104.7081,-5.2427,SINAR_JAWA_MT
09KOT0067,,104.7237,-5.3497,TEGAL_BINANGUN_KOT_MT
09KOT0068,,104.8771,-5.3706,BHAYANGKARA_TB
09KOT0069,,104.9115,-5.3823,KARANGSARI_TB
09KOT0070,,105.0569,-5.2231,ADI_LUWIH_PL
09KOT0072,,104.5326,-5.2925,NGARIP_TB
09KOT0073,,104.8666,-5.517,NAPAL_GH
09KOT0074,,104.8189,-5.3255,TANGKIT_SERDANG_MT
09KOT0075,,104.5989,-5.4872,TELA_GENING_MT
09KOT0076,,105.0483,-5.6344,LENGKUKAI_KELUMBAYAN_BARAT_PL
09KOT0077,,105.0205,-5.6317,MERBAU_KELUMBAYAN_BARAT_PL
09KOT0078,,104.6964,-5.389,DADAPAN_TB
09KOT0079,,104.7441,-5.3368,SIDOREJO_PL
09KOT0080,,104.5518,-5.3089,ULU_BELU_PL
09KOT0081,,104.7342,-5.4187,CAMPANG_GISTING_BAWAH_PK
09KOT0082,,104.4906,-5.5148,SUKARAJA_BARAT_PL
09KOT0083,,104.461,-5.4691,SRI_KATON_PL
09KOT0084,,104.7552,-5.3659,KALI_BENING_TB
09KOT0085,,104.6818,-5.3739,TALANG_BERINGIN_PL
09KOT0086,,104.5786,-5.3358,KARANG_REJO_KOT_PL
09KOT0087,,104.719,-5.328,GUNUNG_MERAKSA_TB
09KOT0088,,104.4831,-5.4465,SANGGI_TB
09KOT0089,,104.7975,-5.3318,DUSUN_MERABUNG_PL
09KOT0090,,104.7846,-5.3991,SUKA_MERNAH_TB
09KOT0091,,104.5099,-5.5099,PEKON_SIDODADI_PL
09KOT0092,,104.716,-5.2164,BALAI_REJO_PL
09KOT0093,,104.7065,-5.2839,KARANG_SARI_NANINGAN_PL
09KOT0094,,104.7656,-5.3204,PEKON_PENANTIAN_PL
09KOT0095,,104.7215,-5.252,AIR_KUBANG_CM
09KOT0096,,104.8389,-5.5445,TANJUNG_SIOM_PL
09KOT0097,,104.536,-5.49,PEKON_BANYU_URIP_CM
09KOT0098,,104.4702,-5.4892,WAY_KERAP_PL
09KOT0099,,104.6021,-5.3433,DESA_DATARAJAN2_CM
09KOT0100,,104.6708,-5.1981,PASAR_LEBUAY_PL
09KOT0101,,104.4599,-5.2418,GUNUNG_SARI_ULU_BELU_MT
09KOT0103,,104.8133,-5.5983,KURIPAN_LIMAU_MT
09KOT0104,,104.7807,-5.4202,PENANGGUNGAN_MT
09KOT0105,,104.6809,-5.2621,SIDOMULYO_AIR_NANINGAN_PL
09KOT0106,,104.4409,-5.4355,SINAR_BANGUN_PL
09KOT0108,,104.5599,-5.4432,WAY_PANAS_MT
09KOT0110,,104.5542,-5.5838,GURING_P_SAWA_ST
09KOT0111,,104.5883,-5.4633,PEKON_PAYUNG_CM
09KOT0112,,104.5209,-5.4647,TANJUNG_KURUNG_CM
09KOT0114,,104.8504,-5.5494,SINAR_PETIR_BULOK_ST
09KRI0001,,103.6626,-4.94,RATA_AGUNG_EP
09KRI0002,,103.7497,-5.0084,DESA_PENENGAHAN_TB
09KRI0003,,103.7606,-5.0342,PUGUNG_TAMPAK_EP
09KRI0004,,103.9421,-5.1541,GUNUNG_KEMALA_KRI_TB
09KRI0005,,103.9289,-5.1394,PEKON_PENENGAHAN_TB
09KRI0006,,103.9386,-5.1838,KRUI_MT
09KRI0008,,103.9408,-5.204,WAINAPAL_MT
09KRI0009,,103.9226,-5.2288,LINTIK_TB
09KRI0011,,103.9866,-5.2543,TENUMBANG_TB
09KRI0013,,104.0128,-5.3183,BIHA_TB
09KRI0014,,104.0388,-5.3607,WAY_JAMBU_TB
09KRI0015,,104.1108,-5.4361,NGAMBUR_PL
09KRI0016,,104.1884,-5.4866,CAHYA_KUNINGAN_MT
09KRI0018,,104.2318,-5.486,NEGERIRATOE_ST
09KRI0020,,104.2913,-5.5409,PAGARBUKIT_TB
09KRI0022,,104.3701,-5.6256,BENGKUNAT_EP
09KRI0023,,103.9397,-5.1694,BUMI_WARAS_LIW_GH
09KRI0024,,103.9593,-5.2392,BALAIKENCANA_LIW_ST
09KRI0025,,104.009,-5.2942,PAGAR_DALAM_LIW_PL
09KRI0026,,104.2225,-5.517,PARDASUKA_LIW_MT
09KRI0027,,104.3398,-5.601,KOTA_JAWA_LIW_MT
09KRI0028,,104.1239,-5.3967,ULOK_MUKTI_LIW_MT
09KRI0029,,104.3857,-5.622,PEMERIHAN_MT
09KRI0030,,103.9312,-5.1955,SERAY_MT
09KRI0031,,104.0608,-5.3833,MARANG_KRI_MT
09KRI0032,,104.1781,-5.4786,LINTAS_GEDUNG_CAHYA_KUNINGAN_PL
09KRI0033,,103.9125,-5.1249,WAY_SINDI_PL
09KRI0034,,104.1622,-5.4148,BUMIRATU_NGAMBUR_PL
09KRI0035,,104.1075,-5.4239,PASARJUMAT_NGAMBUR_PL
09KRI0037,,104.0006,-5.2646,PEKON_SUKARAME_PL
09KRI0038,,103.9145,-5.211,WALUR_KRUI_SEL_PL
09KRI0039,,104.0337,-5.3218,PAKU_NEGARA_PL
09KRI0040,,104.328,-5.6431,KOTA_JAWA_BANGKUNAT_PL
09KRI0041,,103.689,-4.9591,LEMONG_PESISIR_BARAT_PL
09KRI0042,,104.2638,-5.519,SUKAMAJU_NGARAS_TB
09KRI0043,,104.3693,-5.6416,SUMBEREJO_BANGKUNAT_PL
09KRI0044,,104.3081,-5.5526,TANJUNG_REJO_BANGKUNAT_PL
09KRI0045,,103.7881,-5.032,KERBANG_DALAM_CM
09KRI0046,,103.7312,-4.9753,MALAYA_LEMONG_CM
09KRI0047,,104.0805,-5.4076,SUMBER_AGUNG_NGAMBUR_CM
09LIW0001,,103.925,-4.9489,TUGU_RATU_PS
09LIW0002,,104.0199,-4.9134,SUKAU_TB
09LIW0004,,104.0369,-5.0047,BALIKBUKIT_MT
09LIW0005,,104.0441,-5.0187,WAY_MENGAKU_TB
09LIW0006,,104.0524,-4.9926,KUBUPERAHU_ST
09LIW0007,,104.0555,-4.9667,BDR_BARU_LIWA_TB
09LIW0008,,104.0586,-5.0226,WAYMENGAKU_TB
09LIW0009,,104.077,-5.0369,LIWA_EP
09LIW0011,,104.1002,-5.0267,GNSUGIH_GH
09LIW0013,,104.1121,-4.996,KALIMENDANG_PS
09LIW0014,,104.128,-5.0182,KAMBAHANG_TB
09LIW0015,,104.1611,-5.0144,BATU_BRAK_ST
09LIW0016,,104.1696,-5.021,BATUBRAK_TB
09LIW0017,,104.1822,-5.028,PEKONBALAK_ST
09LIW0018,,104.1892,-4.9959,KENALI_TB
09LIW0019,,104.2093,-4.9849,SIMPANG_LUAS_EP
09LIW0020,,104.2413,-5.0416,SUKARAMI_BELALAU_PL
09LIW0021,,104.2646,-5.0784,PEKAN_GUNUNG_EB
09LIW0022,,104.2731,-5.0274,BATU_KEBAYAN_TB
09LIW0023,,104.275,-5.0517,WASPADA_KRUI_GH
09LIW0024,,104.2848,-5.2764,SUOH_EB
09LIW0027,,104.2953,-4.9113,SRENGIT_TB
09LIW0028,,104.3014,-5.0346,GIHAM_CM
09LIW0029,,104.3065,-5.0592,SEKINCAU_EP
09LIW0031,,104.3118,-5.2509,DESA_SRINADI_EB
09LIW0033,,104.3459,-5.0548,WAY_TENONG_LIW2_TB
09LIW0034,,104.374,-5.0525,SUKANANTI_LIW_PL
09LIW0035,,104.3808,-5.0839,WAY_TENONG_LIW1_TB
09LIW0036,,104.3968,-4.9487,PAGARDEWA_TB
09LIW0037,,104.4018,-5.0453,FAJAR_BULAN_LIW_TB
09LIW0038,,104.4084,-5.0372,PURALAKSANA_TB
09LIW0039,,104.4112,-5.0694,JLAIRHITAM_ST
09LIW0040,,104.4193,-5.0836,SUKARADJA_PL
09LIW0041,,104.4215,-5.0255,WAYTENONG_TB
09LIW0042,,104.4235,-5.0948,AIR_HITAM_LPG_TB
09LIW0043,,104.4403,-4.9874,WAY_PETAI_MT
09LIW0044,,104.4532,-5.0231,SIMPANG_SARI_TB
09LIW0046,,104.4662,-5.1223,GEDUNG_SURIAN_PL
09LIW0047,,104.4674,-5.0937,GEDONGSURIAN_PL
09LIW0048,,104.4864,-5.0092,PASAR_SUMBER_JAYA_TB
09LIW0049,,104.4946,-4.9866,SUMBER_JAYA_LIW_EP
09LIW0050,,104.502,-5.0978,BUNGIN_LIW_TB
09LIW0052,,104.5289,-5.0542,PURA_WIWITAN_TB
09LIW0053,,104.0335,-4.938,BUAY_NYERUPA_LIW_PL
09LIW0054,,104.0806,-4.99,SUKAU_HANAKAU_LIW_MT
09LIW0055,,104.1029,-4.9726,BALIKBUKIT_BAHWAY_LIW_PL
09LIW0056,,104.2862,-5.0737,TIGA_JAYA_LIW_PL
09LIW0057,,104.2947,-5.0185,PAMPANGAN_LIW_PL
09LIW0058,,104.3124,-5.3081,SUOH_TUGU_RATU_LIW_MT
09LIW0059,,104.4591,-5.1397,TRIMULYO_LIW_CM
09LIW0060,,104.329,-5.0471,TAMBAK_JAYA_LIW_PL
09LIW0061,,104.5223,-5.075,MUARAJAYA_II_LIW_PL
09LIW0062,,104.0617,-5.0034,HANAKAU_TB
09LIW0063,,104.2819,-5.222,GUNUNG_RATU_MT
09LIW0064,,104.3459,-4.9651,PAHAYU_JAYA_PL
09LIW0065,,104.2057,-4.9355,HUJUNG_PL
09LIW0066,,104.2934,-4.9581,MEKAR_SARI_PL
09LIW0067,,104.446,-5.1064,AIR_DADAPAN_PL
09LIW0068,,104.5081,-5.0519,TRIBUDISUKUR_TB
09LIW0069,,104.0855,-5.039,PASAR_LIWA_TB
09LIW0070,,104.0711,-5.0272,SUKAMENANTI_LIWA_TB
09LIW0071,,104.4715,-5.007,PASAR_WAYPETAI_PL
09LIW0072,,104.3973,-5.0538,MUTAR_ALAM_PL
09LIW0073,,104.3243,-5.3009,BANDINGAGUNG_SUOH_PL
09LIW0074,,104.2966,-5.0001,SIMPANG_PAMPANGAN_PL
09LIW0075,,104.3071,-5.2413,SUKAJADI_SUOH_PL
09LIW0076,,104.26,-5.2561,SUKAMARGA_SUOH_PL
09LIW0079,,104.3903,-5.0986,MANGGARAI_AIR_HITAM_PL
09LIW0080,,104.4885,-5.121,GEDUNG_SURIAN2_PL
09LIW0081,,104.1485,-4.9974,SUKARAJA_BATU_BRAK_PL
09LIW0082,,104.1028,-5.0434,WAY_EMPULAU_ULU_PL
09LIW0083,,104.2533,-5.0651,ATAR_BAWANG_ST
09LIW0084,,104.2936,-5.2156,GUNUNG_RATU2_TB
09LIW0085,,104.3245,-5.236,PEKON_BANDAR_AGUNG_CM
09LIW0086,,104.3053,-5.0472,SEKINCAU2_CM
09LIW0087,,104.1094,-5.0192,WATES_BALIK_BUKIT_CM
09LIW0088,,104.4937,-4.9991,PEKON_SUKAPURA_CM
09LIW0089,,104.3136,-5.2725,SRIMULYO_NEGERI_SUOH_CM
09LIW0091,,104.4139,-5.0311,PURALAKSANA2_CM
09LIW0092,,104.3964,-4.9223,BASUNGAN_PAGAR_DEWA_ST
09LPU0001,,104.5453,-4.9011,TANJUNG_BARU_LPU_EB
09LPU0002,,104.5647,-4.8745,TEBING_KIMPUL_TB
09LPU0003,,104.5686,-4.8676,BUKIT_KEMUNING_GH
09LPU0004,,104.5697,-4.8576,BUKIT_KEMUNING_LPU_MT
09LPU0005,,104.5778,-4.8403,BKT_KEMUNING2_MT
09LPU0007,,104.5883,-4.8677,LTS_KEMUNING_MT
09LPU0008,,104.6261,-4.9286,MEKARJAYA_LPU_GH
09LPU0010,,104.6413,-4.8701,LINTASTENGAH_PANGGUNG_PL
09LPU0011,,104.6568,-4.9098,PSR_TANJUNGRAJA_MT
09LPU0012,,104.6581,-4.6341,TULUNG_BUYUT_TB
09LPU0013,,104.6614,-4.9307,MERAMBUNG_MT
09LPU0016,,104.6988,-4.6874,SUNGKAI_UTARA_PL
09LPU0017,,104.7037,-4.8675,OGAN_LIMA_EP
09LPU0019,,104.7413,-4.6459,NEGARA_RATU_MT
09LPU0020,,104.7439,-4.8742,PLEMBANGAN_TB
09LPU0021,,104.7476,-4.6383,NORTHSUNGKAI_TB
09LPU0022,,104.7627,-4.7073,SPBATU_NANGKOP_TB
09LPU0023,,104.7665,-4.9622,ABUNG_TENGAH_CM
09LPU0024,,104.7725,-4.8831,GUNUNG_BESAR_LPU_PL
09LPU0025,,104.7822,-4.7118,GDKETAPANG_SUNGKAI_TB
09LPU0026,,104.7953,-4.8038,CEMPAKA_SUNGKAI_TB
09LPU0027,,104.8,-4.6238,KOTANEGARA_EB
09LPU0028,,104.8,-4.722,KETAPANG_SUNGKAI_MT
09LPU0029,,104.8072,-4.8884,ABUNG_KUNANG_TB
09LPU0030,,104.8155,-4.8942,TAMANWISATA_WAYRAREM_PL
09LPU0031,,104.8183,-4.9767,PEKURUNUDIK_TB
09LPU0032,,104.8286,-4.7417,RAYAPROKIMAL_ST
09LPU0033,,104.8365,-4.6005,KOTA_NAPAL_TB
09LPU0034,,104.8413,-4.8669,MULANG_MAYA_EP
09LPU0035,,104.8481,-4.7782,MADUKORO_MT
09LPU0036,,104.8599,-4.8492,CEMPEDAK_KOTABUMI_PL
09LPU0037,,104.861,-4.7277,TALANG_JALI_EB
09LPU0038,,104.8636,-4.8391,BERNAH_TB
09LPU0039,,104.8665,-4.7439,WONOMARTO_ST
09LPU0040,,104.8674,-4.7943,KALI_CINTA_ST
09LPU0041,,104.8707,-4.8434,KOTABUMI2_TB
09LPU0042,,104.8712,-4.8333,RADIN_INTAN_PS
09LPU0043,,104.872,-4.5874,BUNGAMAYANG_ST
09LPU0044,,104.8733,-4.822,KOTABUMI1_GH
09LPU0046,,104.8776,-4.823,KOTABUMI_CENTER_TB
09LPU0047,,104.8792,-4.8311,ALAM_CITY_TB
09LPU0048,,104.881,-4.8134,STSELIBAR_JAGAT_KOTA_BUMI_PL
09LPU0049,,104.8817,-4.7903,DESA_KALI_CINTA_MT
09LPU0050,,104.8828,-4.8264,ASNI_TANJUNGAMAN_ST
09LPU0051,,104.8829,-4.8209,MUH_TOHIR_KOTA_BUMI_MT
09LPU0052,,104.8841,-4.8258,MI_PALAM_CELL_PL
09LPU0053,,104.8843,-4.8308,TANJUNG_AMAN1_PL
09LPU0054,,104.8849,-4.8358,TANJUNGAMAN_KTBUMI_MT
09LPU0055,,104.8859,-4.9566,CABANG_EMPAT_EB
09LPU0056,,104.8859,-4.8413,TANJUNG_AMAN_PL
09LPU0057,,104.8868,-4.6765,DOROWATI_STP_ST
09LPU0058,,104.8871,-4.8222,SRIBASUKI_KOTABUMI_PL
09LPU0059,,104.8887,-4.8308,KOTAGAPURA_MT
09LPU0060,,104.8892,-4.8708,TANJUNG_SENANG_TB
09LPU0061,,104.8895,-4.8482,KEBUN_LIMA_MT
09LPU0062,,104.891,-4.8216,SRI_KOTABUMI_PL
09LPU0063,,104.8914,-4.8138,KOTA_BUMI_TENGAH_PL
09LPU0064,,104.8938,-4.8594,KELAPA_TUJUH_GH
09LPU0065,,104.894,-4.8411,KELAPA_TUJUH1_MT
09LPU0066,,104.8949,-4.7618,MULYOREJO_ABGTIMUR_TB
09LPU0067,,104.8961,-4.8271,REJOSARI_KOTABUMI_GH
09LPU0068,,104.8995,-4.8359,KOTA_BUMI_EP
09LPU0069,,104.902,-4.8421,BUGENVIL_KELAPA_TUJUH_MT
09LPU0070,,104.9028,-4.7233,PANAGAN_ST
09LPU0071,,104.9118,-4.9283,PASAR_TRIMODADI_KN
09LPU0072,,104.9128,-4.8474,KELAPATUJUH_GH
09LPU0073,,104.9163,-4.828,TULUNG_MILI_MT
09LPU0074,,104.92,-4.8557,NAKAU_CANDIMAS_ST
09LPU0075,,104.9259,-4.8304,PER_TULUNGMILI_TB
09LPU0076,,104.9383,-4.5681,DESA_SUMBERAGUNG_TB
09LPU0077,,104.9344,-4.7531,BUMI_AGUNG_LPU_TB
09LPU0078,,104.9355,-4.6662,MULYOMAYANG_ST
09LPU0079,,104.9356,-4.8572,CANDIMAS_TB
09LPU0080,,104.9419,-4.8225,SOUTH_ABUNG_TB
09LPU0081,,104.9452,-4.9132,TRIMODADI_TB
09LPU0082,,104.9471,-4.8665,KEMBANG_TANJUNG_GH
09LPU0083,,104.9591,-4.8397,DESA_KEMBANG_TANJUNG_MT
09LPU0084,,104.9591,-4.7723,PERADUAN_WARAS_TB
09LPU0086,,104.9599,-4.5652,KARANGSARI_LPU_PL
09LPU0087,,104.9642,-4.6632,PAKUAN_AGUNG_TB
09LPU0088,,104.9731,-4.7321,ABUNG_TIMUR_GH
09LPU0089,,104.9795,-4.8798,BANDAR_KAGUNGANRAYA_MT
09LPU0090,,104.9851,-4.881,KALIBALANGAN_ST
09LPU0091,,104.9864,-4.8414,SEMULI_JAYA_EP
09LPU0092,,104.9896,-4.8101,TULUNG_UDIM_CM
09LPU0093,,104.9998,-4.7745,SEMULI_JAYA_ABUNG_TB
09LPU0094,,105.0018,-4.8273,GEDUNG_NYAPAH_CM
09LPU0095,,105.0096,-4.7991,SEMULI_RAYA_TB
09LPU0097,,105.0183,-4.711,TATAKARYA_ST
09LPU0098,,105.0253,-4.8569,BLAMBANGIMAN_TB
09LPU0100,,105.0365,-4.6866,ISAT_TATAKARYA_TB
09LPU0101,,105.037,-4.8942,TEBAT_BESI_MT
09LPU0102,,105.0401,-4.7652,BUMI_RESTU_MN
09LPU0103,,105.0409,-4.7357,SUKOHARJO_LPU_TB
09LPU0105,,105.0746,-4.8436,DESA_SIDORAHAYU_TB
09LPU0106,,105.0998,-4.7657,ABUNG_SEMULI_TB
09LPU0107,,104.8978,-4.5703,SUKADANA_UDIK_MT
09LPU0108,,104.5881,-4.9091,SIDOKAYO_MT
09LPU0109,,104.6405,-4.9115,TANJUNG_RAJA_MT
09LPU0110,,104.6776,-4.7838,SUNGKAI_BARAT_MT
09LPU0111,,104.6928,-4.6555,BUAY_HARAYAP_MT
09LPU0112,,104.7246,-4.6641,NEGERI_RATU_GH
09LPU0113,,104.8739,-4.5674,TULANGBAWANG_BARU_MT
09LPU0114,,104.959,-4.8701,KALI_BALANGAN_MT
09LPU0115,,105.0149,-4.751,SIDOMUKTI_MT
09LPU0116,,105.0344,-4.7821,REJO_MULYO_MT
09LPU0117,,105.0505,-4.6966,PURBA_SAKTI_TB
09LPU0118,,104.7112,-4.9131,SIDO_MULYO_MT
09LPU0119,,104.6942,-5.0164,HUTAN_KAWASAN_TB
09LPU0120,,104.726,-4.729,BATU_NANGKOP_MT
09LPU0121,,104.7556,-4.682,BARU_RAHARJA_MT
09LPU0122,,104.7942,-4.9934,NYAPAH_BANYU_PL
09LPU0123,,104.8637,-4.5807,NEGARA_TULANG_BAWANG_PL
09LPU0124,,104.6849,-4.844,CAHAYA_NEGERI_TB
09LPU0125,,104.7502,-4.5727,HANAKAU_JAYA_PL
09LPU0126,,104.895,-4.8337,KOTAGAPURA_JL_TENDEAN_PL
09LPU0127,,104.8048,-4.8377,BOJONG_BARAT_PL
09LPU0130,,104.7669,-4.6366,NEGARA_BATIN_II_CM
09LPU0131,,104.8926,-4.9056,KEMBANG_GADING_PL
09LPU0132,,104.9238,-4.8012,SUMBER_ARUM_PL
09LPU0133,,104.6589,-4.8844,TANJUNG_HARTA_PL
09LPU0134,,104.8578,-4.7622,TALANG_JALI_PL
09LPU0135,,104.9094,-4.6967,PENAGAN_RATU_PL
09LPU0136,,104.7245,-4.8475,DESA_KAMPLAS_PL
09LPU0137,,104.6849,-4.8878,DESA_ULAK_ATA_PL
09LPU0138,,104.751,-4.9209,KEDATON_LAMPURA_PL
09LPU0139,,104.7999,-4.7709,BUMI_RATU_PL
09LPU0140,,104.6177,-4.8597,SUKA_MARGA_PL
09LPU0141,,105.1108,-4.7439,DESA_GUNUNG_KERAMAT_PL
09LPU0142,,105.0191,-4.6727,KARYA_SAKTI_PL
09LPU0143,,104.6132,-4.8812,ULAK_RENGAS_PL
09LPU0144,,104.6431,-4.9436,DESA_SINAR_JAYA_PL
09LPU0145,,104.8054,-4.6915,KETAPANG_SUNGKAI2_PL
09LPU0146,,105.0664,-4.7231,BUMI_RAHARJA_PL
09LPU0147,,104.9849,-4.9206,DESA_JAGANG_PL
09LPU0148,,104.7483,-4.6646,CIAMIS_SUNGKAI_UTARA_PL
09LPU0149,,104.9646,-4.9047,TRIMODADI2_PL
09LPU0150,,104.6937,-4.7342,NEGERI_GALIH_REJO_PL
09LPU0152,,104.9328,-4.845,ABUNG_JAYO_MT
09LPU0153,,104.996,-4.7134,BANDAR_ABUNG_PL
09LPU0154,,104.6451,-4.8101,COMOK_SINAR_JAYA_MT
09LPU0155,,104.7774,-4.7366,LABUHAN_RATU_PASAR_PL
09LPU0156,,104.6494,-4.664,HULU_SUNGKAI_PL
09LPU0157,,104.8208,-4.7926,BANJAR_WANGI_PL
09LPU0158,,104.9365,-4.7256,PAPANREJO_ABUNG_TIMUR_PL
09LPU0159,,105.055,-4.7685,REJO_MULYO_ABUNG_TIMUR_PL
09LPU0160,,104.699,-4.9473,SIDOMULYO_TJG_RAJA_PL
09LPU0161,,104.5694,-4.9161,SIDOMULYO_BKT_KEMUNING_PL
09LPU0162,,104.7626,-4.8117,SRI_AGUNG_SUNGKAI_JAYA_PL
09LPU0163,,104.9856,-4.8608,SUKAMAJU_ABUNG_SEMULI_PL
09LPU0164,,104.6975,-4.983,SUKASARI_TJG_RAJA_TB
09LPU0165,,104.983,-4.7486,SUMBER_AGUNG_ABUNG_TIMUR_PL
09LPU0166,,104.833,-4.8357,TALANG_BOJONG_KOTABUMI_PL
09LPU0167,,104.8553,-4.943,TAMANJAYA_KOTABUMI_SLT_PL
09LPU0172,,104.7039,-4.7637,GUNUNG_RAJA_SUNGKAI_CM
09LPU0173,,104.9189,-4.5822,HADUYANG_RATU_CM
09LPU0174,,104.8083,-4.6072,KOTA_NEGARA_ILIR_CM
09LPU0175,,104.748,-4.897,NEGLASARI_CM
09MER0001,,105.2704,-5.1516,TEMPURAN_TB
09MER0002,,105.282,-5.1003,PURWODADI_TRIMURJO_PL
09MER0003,,105.283,-5.1353,FLORES_GANJARAGUNG_PL
09MER0004,,105.2874,-5.0843,NUNGGAL_REJO_TB
09MER0005,,105.2888,-5.0977,DESA_KARANGREJO_CM
09MER0006,,105.2918,-5.1287,MB_TERMINAL_METRO_MT
09MER0007,,105.2917,-5.1185,GANJAR_AGUNG_EP
09MER0008,,105.2926,-5.146,MARGOREJO1_ST
09MER0009,,105.2953,-5.1027,NATUNA_IIHADIMULYO_PL
09MER0010,,105.2955,-5.1191,NIAS_METRO_TB
09MER0011,,105.2988,-5.1147,METRO1_TB
09MER0012,,105.3001,-5.0841,MERPATIMETRO_MT
09MER0013,,105.3001,-5.1297,SMKN2_METRO_ST
09MER0014,,105.3005,-5.1368,TERATAI_MULYO_JATI_PL
09MER0015,,105.3014,-5.1602,YOS_SUDARSO_SEJOMULYO_CM
09MER0016,,105.3025,-5.1247,MOJOSARIGEREJA_SINODE_PL
09MER0017,,105.3029,-5.1082,HADIMULYO_BARAT_TB
09MER0018,,105.3032,-5.1167,METRO_KANTOR_MT
09MER0019,,105.3032,-5.1122,CUTNYAK_DIENIMOPURO_PL
09MER0020,,105.3034,-5.1503,MARGODADI_MER_MT
09MER0021,,105.3039,-5.1384,METRO_UNIV_MT
09MER0022,,105.3068,-5.0783,PURWOSARI_LPG_ST
09MER0023,,105.307,-5.1318,MULYOJATI_PL
09MER0024,,105.3069,-5.1202,RSU_METRO_TB
09MER0025,,105.3085,-5.0951,MUSANGMETRO_PL
09MER0026,,105.3084,-5.1024,EKAR_METRO_TB
09MER0027,,105.3102,-5.1244,IRING_MULYO_GH
09MER0028,,105.3122,-5.1135,METRO_LPG_EP
09MER0029,,105.3121,-5.1198,IRINGMULYOMETROTIMUR_PL
09MER0030,,105.3148,-5.1103,YOSOREJO_IB
09MER0031,,105.3153,-5.1158,KERINCI_YOSOREJO_GH
09MER0032,,105.3161,-5.1291,PALA_IRING_MULYO_PL
09MER0033,,105.32,-5.1101,NASUTIONMETRO_GH
09MER0034,,105.3202,-5.136,TEJOSARI_MER_PL
09MER0035,,105.3203,-5.0869,KALIBENING_MER_TB
09MER0036,,105.3216,-5.1199,METRO2_PL
09MER0037,,105.3239,-5.1002,CEMPEDAK_YOSO_MULYO_ST
09MER0038,,105.3248,-5.1148,YOSODADI_MER_TB
09MER0039,,105.3262,-5.0964,BANJAR_SARI_TB
09MER0040,,105.3264,-5.1241,KAMPUS_UM_METRO_PL
09MER0041,,105.3345,-5.105,RTMETRO_SELATAN_TB
09MER0042,,105.3381,-5.0957,YOSO_DADI_TB
09MER0043,,105.2773,-5.143,METRO_BARAT_AGUNG_ST
09MER0045,,105.3339,-5.0795,KARANGREJO_CM
09MER0046,,105.3162,-5.1586,REJOMULYO_METRO_SLT_CM
09MER0048,,105.2901,-5.1363,RS_MUHAMMADIYAH_MT
09MET0001,,104.757,-5.0681,LINGGAPURA_LPG_EP
09MET0002,,104.829,-5.0103,SELAGAI_LINGGA_GH
09MET0004,,104.847,-5.0711,NYUKANG_HARJO_MT
09MET0005,,104.8579,-5.046,DESA_TAMAN_SARI_CM
09MET0006,,104.8686,-5.1675,SENDANG_ASIH_CM
09MET0007,,104.879,-5.0116,TIAS_BANGUN_CM
09MET0008,,104.8875,-5.1299,SENDANG_MUKTI_CM
09MET0009,,104.8889,-5.1939,SENDANG_AGUNG_MET_MT
09MET0010,,104.8898,-5.1016,PAYUNGREJO_TB
09MET0011,,104.8897,-5.0345,PUBIAN_TB
09MET0013,,104.9021,-5.2249,SEND_MULYO_PL
09MET0014,,104.9126,-4.9788,ANAK_RATU_GH
09MET0015,,104.9196,-5.2522,BANYUMAS_LPG_BARAT_LAUT_TB
09MET0016,,104.9303,-5.2166,BANYUMASLPGTIMURLAUT_TB
09MET0017,,104.9343,-5.0909,DESA_MOJOKERTO_CM
09MET0018,,104.9346,-5.1627,PURWOSARI_RATU_CM
09MET0019,,104.936,-5.1456,PURWOSARI_MET_TB
09MET0020,,104.9417,-4.9426,GEDUNG_SARI_CM
09MET0021,,104.945,-5.1963,KALIREJO_BARAT_LAUT_TB
09MET0022,,104.9508,-5.0482,PADANG_RATU_TB
09MET0023,,104.9615,-5.2307,PADANG_RATU1_TB
09MET0024,,104.9622,-5.2257,KALIREJO_BLP_PL
09MET0025,,104.9636,-5.2049,KALIREJO_MET_MT
09MET0026,,104.9644,-5.09,PSBANDAR_SARI_TB
09MET0027,,104.9701,-5.0491,BANGUN_SRI_ST
09MET0028,,104.9713,-5.1728,PONCO_WARNO_PL
09MET0030,,104.9806,-5.1248,BANGUN_REJO_BARAT_LAUT_KN
09MET0031,,104.9889,-4.9411,ULOKBALAK_PL
09MET0032,,104.9933,-5.0368,KURIPAN_MET_TB
09MET0033,,104.9936,-5.1001,HADUYANG_TB
09MET0034,,104.9962,-5.1777,DESA_SINARSARI_CM
09MET0035,,104.9977,-5.2239,KHA_DAHLAN_PL
09MET0036,,105.0039,-5.0645,HADUJANGRATU_TB
09MET0037,,105.0097,-5.1827,WATU_AGUNG_PL
09MET0038,,105.0185,-5.0245,NEGARA_HAJI_GH
09MET0039,,105.0239,-4.9819,DESA_SRI_MARGARAHAYU_TB
09MET0040,,105.0242,-5.0867,SUKAWARINGIN_CM
09MET0041,,105.0323,-5.1088,SUKANEGARA_MET_TB
09MET0042,,105.0357,-5.1414,BANGUNREJO_MET_MT
09MET0043,,105.0481,-5.0739,SRIKATON_MET_TB
09MET0044,,105.06,-5.0087,BUMIAJI_KTB_ST
09MET0045,,105.064,-4.8981,WAY_PANGABUAN_GH
09MET0046,,105.0709,-4.8721,BANJAR_KERTARAHAYU_MET_TB
09MET0047,,105.0745,-5.1085,SIDOLUHUR_LAMTENG_EB
09MET0048,,105.0769,-5.0736,JAYASAKTI_MET_CM
09MET0049,,105.08,-4.8924,LINTAS_SUMATERA_CANDIREJO_ST
09MET0050,,105.0839,-4.9459,TANJUNGREJO_MET_PS
09MET0051,,105.0877,-5.0969,TANJUNGAN_JAYA_PL
09MET0052,,105.0878,-4.9892,BUMI_ILIR_PL
09MET0053,,105.0967,-5.0919,GANG_SAWIT_TB
09MET0054,,105.0992,-5.0771,TANJUNG_JAYA_MET_PL
09MET0055,,105.0992,-4.888,TANJUNGRATU_ILIR_CM
09MET0056,,105.1059,-5.0017,ANAK_TUHA_GH
09MET0057,,105.1081,-4.9074,MUJI_RAHAYU_CM
09MET0058,,105.1151,-4.9389,FAJAR_ASRI_CM
09MET0059,,105.1227,-4.9755,HARAPAN_REJO_GH
09MET0061,,105.126,-5.03,MULYO_HAJI_TB
09MET0062,,105.1261,-5.0948,GORAS_JAYA2_PL
09MET0063,,105.1271,-4.8769,TANJUNG_RATUILIR_PL
09MET0064,,105.1396,-5.143,TRIMULYO_TIMUR_LAUT_TB
09MET0065,,105.1418,-5.0739,BEKRI_MT
09MET0066,,105.1441,-4.8807,TANJUNG_RATU_TB
09MET0067,,105.1501,-5.0041,KOMERING_PUTIH_MET2_ST
09MET0069,,105.1545,-4.9464,SIMPANG_AGUNG_TB
09MET0070,,105.1604,-5.1041,WATES_BEKRI_CM
09MET0071,,105.1249,-4.9209,PONCOWATI2_TB
09MET0072,,105.1753,-4.9864,KOMERING_PUTIH_MET1_PS
09MET0073,,105.1777,-4.9415,KALIREJO_BARAT_LAUT1_TB
09MET0075,,105.1868,-4.8944,SP2_WAY_TERUSAN_CM
09MET0076,,105.1887,-5.0996,WATES_LAMPUNG_TB
09MET0077,,105.1936,-4.9003,AMPERA_PONCOWATI_PL
09MET0078,,105.1941,-4.9257,ADIJAYA_TERBANGGI_PL
09MET0079,,105.1959,-5.1286,SUKAJAWA_PL
09MET0080,,105.1967,-4.9418,BANDARJAYA_GH
09MET0081,,105.1998,-4.9362,ADIJAYA_TB
09MET0082,,105.2019,-5.0366,PANGGUNGAN_TB
09MET0083,,105.202,-5.0572,LINTASTIMUR_BULUSARI_GH
09MET0084,,105.2023,-4.949,BANDARSARI_TB
09MET0086,,105.205,-4.6406,DESA_GNBATIN_ST
09MET0087,,105.2055,-5.0219,TERANGGI_AGUNG_PL
09MET0088,,105.2061,-4.9349,BANDAR_JAYABARAT_PL
09MET0089,,105.207,-4.9456,INDRA_PUTRA_SUBING1_CM
09MET0090,,105.2082,-4.6333,LINTASTIMUR_GUNUNGBATIN_PL
09MET0091,,105.2101,-4.6637,GNBATIN_EP
09MET0092,,105.2148,-4.9176,YUKUM_JAYA_GH
09MET0093,,105.2102,-5.0038,GUNUNGSUGIH_PL
09MET0094,,105.2104,-4.9298,YUKUMJAYA_TERBANGGIBESAR_MT
09MET0095,,105.211,-4.9786,GUNUNG_SUGIH_TB
09MET0096,,105.211,-5.0663,TERBANGGI_SUBING_MT
09MET0097,,105.2124,-4.9424,BANDAR_JAYA_MET_EP
09MET0098,,105.212,-4.9097,ISAT_BANDARJAYA_TB
09MET0099,,105.2127,-4.8992,JLNEGARA_MT
09MET0100,,105.2146,-4.9373,AHMAD_DAHLAN_PL
09MET0101,,105.2147,-4.9331,RANTAU_JAYABANDAR_JAYA_PL
09MET0102,,105.2153,-4.9598,SEPUTIHJAYA_GH
09MET0103,,105.2155,-4.9499,STO_BANDARJAYA_MT
09MET0104,,105.216,-4.9262,TOBES_HANDOYO_TB
09MET0105,,105.2161,-4.871,LINTASTIMURTERBANGGIBESAR_PL
09MET0107,,105.2172,-4.8761,TERBANGGI_BESAR_TB
09MET0108,,105.2176,-4.8863,TERBANGGI_BESAR2_PL
09MET0109,,105.2178,-5.0733,TULUNG_KAKAN_PL
09MET0110,,105.2206,-4.8547,TERBANGGI_BESAR1_PL
09MET0111,,105.2219,-4.7635,BANDAR_AGUNG_TB
09MET0112,,105.2234,-4.7742,BRINTIS_LEMPUYANG_BANDAR_PL
09MET0113,,105.2238,-5.1251,RATUNUBAN_PL
09MET0114,,105.224,-4.8424,TERBANGI_BESAR_PL
09MET0115,,105.2249,-4.9374,NEWBANDARJAYA_MT
09MET0116,,105.2263,-4.7871,GUNUNG_AGUNG_PL
09MET0117,,105.2268,-4.8299,LNTSTIMUR_TERBANGGI_PL
09MET0118,,105.2271,-4.8001,LEMPUYANGAN_BANDAR_PL
09MET0119,,105.228,-4.8234,GGPC_EP
09MET0120,,105.2333,-4.93,KARANGENDAH_PL
09MET0122,,105.2363,-5.0491,SIDOWARAS_PL
09MET0123,,105.2388,-5.1536,JOKARTO_ADIPURO_PL
09MET0124,,105.2409,-4.9068,JLTUJUH_METRO_PL
09MET0125,,105.2437,-4.9922,MAJAPAHIT_TB
09MET0126,,105.2443,-5.1392,MUNTILAN_SUBER_WARINGIN_CM
09MET0127,,105.2452,-5.1669,DEPOK_REJO_TRIMURJO_PL
09MET0128,,105.247,-5.1364,TRIMURJO_MT
09MET0129,,105.247,-5.0981,UNTORO_TB
09MET0131,,105.2522,-4.7811,BNDRSAKTI_TERUSANNUNYAI_PL
09MET0132,,105.2542,-5.1179,SIMBARINGIN_MET_PL
09MET0133,,105.2547,-4.9338,INDRA_PUTRA_SUBING_GH
09MET0134,,105.2555,-5.0175,PUNGGUR1_MT
09MET0135,,105.2567,-5.0028,NGESTIRAHAYU_PL
09MET0136,,105.2585,-5.0752,NUNGGAL_REJO_MET_MT
09MET0138,,105.2619,-4.778,TANJUNG_ANOM_MET_CM
09MET0139,,105.2685,-5.1399,TEMPURAN_MET_GH
09MET0140,,105.2699,-5.1067,PURWOADI_TB
09MET0141,,105.2752,-4.8998,NAMBAH_DADI_PL
09MET0142,,105.2762,-5.0622,PATTIMURAPUJODADI_CM
09MET0143,,105.2772,-5.0404,PUNGGUR_TB
09MET0144,,105.283,-5.0787,RAYAMETRO_PUNGGUR_ST
09MET0145,,105.2873,-5.1114,JLBATU_PL
09MET0146,,105.2891,-4.9633,BUYUT_ILIR_TB
09MET0147,,105.299,-4.8686,ONOHARJO_MT
09MET0148,,105.3018,-5.0267,METROKOTAGJ_PL
09MET0149,,105.3093,-4.9278,GAJAHBESAR_MT
09MET0150,,105.3094,-5.0129,RAYA_PUNGGUR_KOTAGAJAH_PL
09MET0151,,105.311,-4.9799,RAYA_GUNSUGIH_TB
09MET0152,,105.3156,-4.845,SEPUTIH_MATARAM_PL
09MET0153,,105.3164,-4.806,DESA_TRIMULYO_TB
09MET0154,,105.3191,-5.0459,SRISAWAHAN_TB
09MET0155,,105.3217,-4.98,KOTA_GAJAH1_GH
09MET0156,,105.3258,-4.9704,GAJAH_CITY_PL
09MET0157,,105.3268,-4.837,RAYA_MERAPI_PL
09MET0158,,105.3271,-4.9809,KOTA_GAJAH_MT
09MET0159,,105.3293,-4.9021,SEPUTIHRAMAN_PL
09MET0160,,105.3348,-4.8741,MERAPI_TB
09MET0161,,105.3409,-5.0186,SAPTOMULYO_MT
09MET0162,,105.345,-4.8285,BUYUTBARU_PL
09MET0163,,105.3466,-4.947,DESA_REJOASRI_MT
09MET0164,,105.3479,-5.0162,SRI_TEJO_KENCONO_CM
09MET0165,,105.3496,-4.7875,WIRATA_TB
09MET0166,,105.3643,-4.7716,WIRATA_AGUNG_GH
09MET0167,,105.365,-4.915,SEPUTIH_RAMAN_MT
09MET0168,,105.3669,-4.9125,SEPUTIH_RAMAN1_MT
09MET0169,,105.3722,-4.7983,VARIA_AGUNG_PL
09MET0170,,105.374,-4.7349,SUPRATMAN_PL
09MET0171,,105.3748,-4.6805,VETERAN_MET_MT
09MET0172,,105.3778,-4.8434,BUJUTRAMAN_TB
09MET0173,,105.381,-4.9239,RAMA_GUNAWAN2_PL
09MET0174,,105.3872,-4.8943,SEPUTIH_RAHMAN_PL
09MET0175,,105.394,-4.7439,PASAR_MANDALA_MT
09MET0176,,105.4005,-4.8772,RDTO_SPTRAMAN_BNYK_MT
09MET0177,,105.4043,-4.9387,RUKTI_ENDAH_PL
09MET0178,,105.4102,-4.8242,WAYSEPUTIH_PL
09MET0179,,105.4109,-4.7216,MATARAM_UDIK_TB
09MET0180,,105.4117,-4.7687,UMAN_AGUNG_MT
09MET0181,,105.4131,-4.852,TGKRAJAN_MT
09MET0182,,105.4179,-4.5656,GPM_TB
09MET0183,,105.424,-4.747,DUSUN5_UMAN_AGUNG_PL
09MET0184,,105.4329,-4.8652,TUGUPROLIMAN_GH
09MET0185,,105.4467,-4.8478,PASAR_SEPUTIH_BANYAK_TB
09MET0186,,105.447,-4.8796,SETIABUMI_PL
09MET0187,,105.4488,-4.7605,MATARAMUDIK_ST
09MET0188,,105.4531,-4.8009,SRIBASUKI_TB
09MET0189,,105.4558,-4.7306,PSR_VETERAN_TB
09MET0190,,105.4851,-4.7069,MATARAMJAYA_PL
09MET0191,,105.4862,-4.8703,SISWABANGUN_PL
09MET0192,,105.4906,-4.83,SIMPANG_RANDU_PL
09MET0193,,105.5026,-4.7797,SANGGA_BUANA_TB
09MET0194,,105.5065,-4.6812,DESA_SUMBER_REJEKI_CM
09MET0195,,105.5092,-4.8047,DESA_SUMBER_SARI_PL
09MET0196,,105.5158,-4.865,SB17_SPTBYK_TB
09MET0197,,105.5422,-4.7777,RUKTI_BASUKI_CM
09MET0198,,105.545,-4.7478,RUMBIA_MET_MT
09MET0199,,105.5563,-4.7227,RENOBASUKI_MT
09MET0200,,105.5629,-4.6826,BUMI_NABUNG_ILIR_TB
09MET0201,,105.5656,-4.6389,BUMI_NAMBUNG_CM
09MET0202,,105.5721,-4.7561,RESTU_BARU_PL
09MET0203,,105.5721,-4.8399,BINA_KARYA_SAKTI_PL
09MET0204,,105.5734,-4.7077,GAYA_BARU_PL
09MET0205,,105.5883,-4.81,PUTRA_RUMBIA_TB
09MET0206,,105.6035,-4.6956,SUMBER_KATON_PL
09MET0207,,105.6102,-4.7766,BINAKARYA_BUANA_TB
09MET0208,,105.6207,-4.8139,RANTAU_JAYA_BARU_TB
09MET0209,,105.6271,-4.6812,PAMONGPRAJAGAYABARU_PL
09MET0210,,105.6287,-4.768,BINA_KARYA_CM
09MET0211,,105.6302,-4.6856,SEPUTIH_SURABAYA_MT
09MET0212,,105.642,-4.769,BINA_KARYA_BUANA_PL
09MET0213,,105.6586,-4.6807,GAYABARU_MT
09MET0214,,105.6899,-4.6751,GAYABARU5_PL
09MET0215,,105.6945,-4.7183,RAJAWALI_ILIR_PL
09MET0216,,105.7228,-4.6813,SURABAYA_HILIR_TB
09MET0217,,105.7422,-4.7094,SURABAIA_ILIR_PL
09MET0218,,105.7829,-4.6845,PASAR_SIDODADI_TB
09MET0219,,104.8332,-5.0503,SIDOHARJO_KATON_MT
09MET0220,,104.8925,-5.0843,PUBIAN_KEPAYUNGAN_MT
09MET0221,,104.9721,-4.9651,RATUAJI_SUKAJAYA_PL
09MET0222,,105.1509,-5.1297,BEKRI_GORAS_JAYA_MT
09MET0223,,105.1789,-4.8765,TERBANGGI_BESAR3_MT
09MET0224,,105.2171,-4.7574,TERUSAN_NUNYAI_PK
09MET0225,,105.2347,-4.9703,GUNUNGSUGIH_RAYA_CM
09MET0226,,105.2486,-4.8828,TERBANGGI_BESAR2_CM
09MET0227,,105.2587,-4.9581,BUYUT_UDIK_PL
09MET0228,,105.1108,-5.1319,SINAR_BANTEN_TB
09MET0229,,104.9819,-5.1343,SIDOMULYO_PL
09MET0230,,105.6026,-4.6551,MATARAM_ILIR_PL
09MET0231,,105.4952,-4.5695,MATARAM_UDIK_MT
09MET0232,,105.269,-4.9094,NAMBAH_DADI_MT
09MET0233,,105.6336,-4.7054,GAYABARU4_TB
09MET0234,,105.1001,-4.8578,BANJAR_KERTARAHAYU_MT
09MET0235,,105.1935,-4.6415,GUNUNG_BATIN_UDIK_MT
09MET0236,,105.1579,-5.0618,WONO_SARI_MT
09MET0238,,104.7837,-5.0621,LINGGAPURA2_PL
09MET0239,,104.9739,-5.067,SRI_AGUNG_PL
09MET0240,,104.9995,-5.1959,SUKOSARI_PL
09MET0241,,104.9298,-5.2331,KALIDADI_PL
09MET0242,,104.9089,-5.1136,TANJUNG_REJO_PUBIAN_PL
09MET0244,,104.9143,-5.0972,SANGUN_RATU_PL
09MET0245,,104.8555,-5.1706,SENDANG_ASIH2_PL
09MET0246,,105.1878,-4.94,BUMI_KENCANA_PL
09MET0247,,105.0179,-5.1618,SIDOREJO_BANGUNREJO_PL
09MET0248,,104.8481,-5.0811,DS_PAYUNG_SARI_PL
09MET0249,,105.2325,-5.0189,GUNUNG_SARI_SUGIH_PL
09MET0250,,105.2168,-5.1496,SIDOKERTO_PL
09MET0251,,104.911,-5.0694,NEGARA_RATU_PUBIAN_ST
09MET0252,,105.5312,-4.7662,PASAR_LAMA_RUMBIA_PL
09MET0253,,105.7585,-4.6912,SURABAYA_HILIR_BANDAR_PL
09MET0254,,105.6905,-4.6916,PASAR_GAYABARU_5_PL
09MET0255,,105.5524,-4.6658,UMBUL_BATU_PL
09MET0256,,105.3714,-4.9505,REJOASRI8_PL
09MET0257,,105.7811,-4.7193,CEMPAKA_PUTIH_MET_PL
09MET0258,,105.4562,-4.8256,SB_5A_SRI_BASUKI_PL
09MET0259,,105.5172,-4.778,SB13_SWASTIKA_BUANA_PL
09MET0262,,105.5356,-4.7183,BUMI_NABUNG_RUMBIA_PL
09MET0263,,105.4447,-4.7148,MATARAM_UDIK4_GH
09MET0264,,105.2043,-4.7694,BANJAR_AGUNG2_PL
09MET0265,,105.3876,-4.7666,BUMI_SETIA_MATARAM_PL
09MET0266,,104.9553,-5.1575,PURWODADI_BANGUNREJO_CM
09MET0267,,104.8898,-5.1761,SENDANG_AGUNG2_TB
09MET0268,,105.3477,-4.8056,VARIA_AGUNG_CM
09MET0269,,104.9823,-5.1565,SIDODADI_BANGUNREJO_CM
09MET0270,,105.1371,-4.9429,DONO_ARUM_CM
09MET0271,,104.9133,-5.2022,SENDANG_REJO_CM
09MET0272,,105.0105,-5.1239,SIDOLUHUR_CM
09MET0273,,105.606,-4.8456,RANTAU_JAYA_ILIR_PL
09MET0274,,105.3281,-4.951,REJO_BASUKI_PL
09MET0275,,105.2958,-4.9422,BUYUT_UTARA_PL
09MET0276,,105.2703,-4.9775,BUYUT_UDIK2_PL
09MET0277,,105.1584,-5.0825,KESUMA_JAYA_PL
09MET0278,,104.9775,-5.1092,MARGOREJO_PL
09MET0279,,105.6574,-4.6993,GAYA_BARU_IV_PL
09MET0280,,105.0288,-5.0654,NEGARA_AJI_BARU_PL
09MET0281,,105.2955,-4.8092,PUTRA_LEMPUYANG_PL
09MET0282,,104.8908,-5.0234,RIAU_PERIANGAN_PL
09MET0283,,104.8721,-5.0607,SEGALA_MIDER_PUBIAN_PL
09MET0284,,105.1349,-5.1199,BANGUN_SARI_BEKRI_PL
09MET0285,,105.7919,-4.6659,SUMBER_AGUNG_PL
09MET0286,,105.5131,-4.7467,REKSO_BINANGUN_PL
09MET0287,,105.2881,-4.8877,NAMBAH_DADI3_PL
09MET0288,,105.3398,-4.923,RAMA_INDRA_PL
09MET0289,,105.0682,-4.9326,BANJAR_REJO_PL
09MET0290,,105.5723,-4.8686,JOHARAN_PUTRA_RUMBIA_PL
09MET0291,,105.4766,-4.7902,TELUK_DALEM_ILIR_PL
09MET0292,,104.9662,-5.1908,SRI_DADI_KALIREJO_PL
09MET0293,,105.4213,-4.8126,SRI_BUDAYA_PL
09MET0294,,105.1709,-5.1247,RENGAS_BEKRI_PL
09MET0295,,105.5742,-4.6632,BUMI_NABUNG_UTARA_PL
09MET0296,,104.8688,-5.083,PAYUNG_BATU_PL
09MET0297,,104.9174,-5.1434,PURWOREJO_PADANG_RATU_PL
09MET0298,,105.0363,-5.0202,NEGARA_AJI_TUA_PL
09MET0299,,105.4781,-4.8105,SRI_BUSONO_PL
09MET0300,,105.5141,-4.8484,SAKTI_BUANA_PL
09MET0301,,105.5673,-4.796,BINA_KARYA_JAYA_PL
09MET0302,,105.4315,-4.8355,SRI_BASUKI_SB_PL
09MET0303,,105.4608,-4.8648,SUMBER_BARU_SB_PL
09MET0304,,105.6016,-4.758,RESTU_BUANA_RUMBIA_PL
09MET0305,,105.7081,-4.562,WAY_TERUSAN_SP1_PL
09MET0308,,105.1413,-4.964,ENDANG_REJO_PL
09MET0309,,105.3257,-4.822,TRIMULYO_MATARAM_PL
09MET0310,,105.4714,-4.7448,SRIWIJAYA_MATARAM_PL
09MET0311,,105.6346,-4.7249,GAYA_BARU_VI_PL
09MET0312,,104.8762,-4.9943,GILIH_KARANG_JATI_PL
09MET0313,,105.2024,-5.1062,WALISONGO_SUKAJADI_PL
09MET0314,,105.298,-5.0585,BADRAN_SARI_PUNGGUR_PL
09MET0315,,105.5413,-4.6944,BUMI_NABUNG_ILIR2_PL
09MET0316,,105.571,-4.6929,BUMI_NABUNG_TIMUR_PL
09MET0317,,105.2328,-5.0931,BUMI_RAHARJO_PL
09MET0318,,105.3606,-4.7526,DHARMA_AGUNG_MATARAM_PL
09MET0319,,105.1002,-5.1491,KEDATUAN_BEKRI_PL
09MET0320,,104.9519,-5.1396,SENDANG_AYU_PL
09MET0321,,105.0555,-5.1291,SINAR_LUAS_LAMTENG_PL
09MET0322,,105.3918,-4.7127,TERBANGGI_ILIR_PL
09MET0326,,104.8913,-5.16,SENDANG_ASRI_MT
09MET0327,,105.5512,-4.7363,RENO_BASUKI_RUMBIA_MT
09MET0328,,105.16,-4.8779,WAY_PENGUBUAN_MT
09MET0329,,105.7085,-4.6892,GAYA_BARU_V_CM
09MET0330,,104.9718,-5.2176,KALIWUNGU_CM
09MET0331,,105.0497,-5.1065,SRI_PENDOWO_CM
09MET0332,,105.2329,-4.7526,TERUSAN_NUNYAI2_CM
09MET0334,,105.205,-4.7074,GUNUNG_MADU_CM
09MGA0001,,105.1913,-4.2862,TRI_TUNGGAL_JAYA_PL
09MGA0002,,105.1977,-4.5646,KAGUNGAN_RAHAYU_PL
09MGA0003,,105.2124,-4.2825,DESA_TUNGGAL_WARGA_MT
09MGA0004,,105.216,-4.5558,SIYU_TUHO_TB
09MGA0005,,105.2222,-4.2639,UNIT2_TULANGBAWANG_GH
09MGA0006,,105.2228,-4.2862,UNIT2_TULANG_BAWANG_EP
09MGA0008,,105.2308,-4.295,UMBULPEDADA_MT
09MGA0009,,105.2367,-4.4852,MANGGALA_MGA_EP
09MGA0010,,105.239,-4.2686,PENAWAR_REJO_KN
09MGA0012,,105.2471,-4.3797,LEBUH_DALAM_PL
09MGA0013,,105.2569,-4.2427,SIMPANG_PENAWAR_EP
09MGA0014,,105.259,-4.4686,PASAR_MENGGALA_TB
09MGA0015,,105.261,-4.4257,CAKAT_MENGGALA_EP
09MGA0016,,105.2702,-4.3737,BAWANG_TIRTOMULYO_PL
09MGA0017,,105.2752,-4.2878,MORRIS_TB
09MGA0020,,105.3015,-4.345,MEKAR_INDAHJAYA_TB
09MGA0021,,105.303,-4.3855,CEMPAKA_JAYA_CM
09MGA0022,,105.3264,-4.2365,RINGIN_SARI_TB
09MGA0023,,105.341,-4.5141,SWEAT_INDO_LPG_TB
09MGA0024,,105.3608,-4.2991,GEDONG_AJI_LAMA_TB
09MGA0025,,105.3745,-4.18,LNTS_RAWAJITU_PL
09MGA0026,,105.411,-4.1793,GDAJI_BARU_MT
09MGA0027,,105.4152,-4.2775,KARYA_BHAKTI_TB
09MGA0028,,105.416,-4.1414,PENAWARTAMA_CM
09MGA0029,,105.4478,-4.1815,TRIREJO_MULYO_PL
09MGA0030,,105.4557,-4.2765,SMA_MRAKSAAJI_TB
09MGA0031,,105.4678,-4.1847,POROS_TRI_REJO_MULYO_PL
09MGA0032,,105.4753,-4.2378,PASAR_BATANG_MT
09MGA0033,,105.4773,-4.1876,PENAWAR_TAMA_KN
09MGA0034,,105.4922,-4.286,PENAWAR_AJI_PL
09MGA0035,,105.5277,-4.1807,MAKARTI_EP
09MGA0036,,105.5563,-4.4428,GEDUNG_MENENG_MGA_TB
09MGA0037,,105.571,-4.2999,RAWAPITU_TB
09MGA0038,,105.5774,-4.2049,DESA_SIDOMUKTI_PL
09MGA0040,,105.6198,-4.2224,GUNUNG_TIGA_MT
09MGA0041,,105.6487,-4.393,GDMENENG_EP
09MGA0042,,105.6567,-4.4099,GEDUNG_BANDAR_REJO_PL
09MGA0043,,105.6662,-4.2168,WONO_AGUNG_PL
09MGA0044,,105.6758,-4.2139,JITU_WONOAGUNG_PL
09MGA0045,,105.7057,-4.2087,PASAR_PIDADA_TB
09MGA0046,,105.7385,-4.2121,RAWAJITU2_MT
09MGA0047,,105.744,-4.2534,DIPASENA_RAWAJITU_EP
09MGA0048,,105.7573,-4.2102,RAWA_JITU_MT
09MGA0049,,105.8171,-4.5736,BRATASENA_UTARA_GH
09MGA0051,,105.8194,-4.5902,BRATASENA_EP
09MGA0052,,105.8332,-4.4765,DENTE_TELADAS2_CM
09MGA0053,,105.845,-4.4414,KEKATUNG_MT
09MGA0054,,105.8549,-4.5986,PENDOPO_KAWASAN_CM
09MGA0055,,105.869,-4.4846,SUNGAI_NIBUNG_CM
09MGA0056,,105.8719,-4.6507,BRATASENA_ADIWARNACPB_CM
09MGA0057,,105.4221,-3.8935,SIDOMULYO_MGA_MT
09MGA0058,,105.1506,-4.6557,TUNAS_ASRI_CM
09MGA0059,,105.2005,-4.3601,JAYA_MAKMUR_CM
09MGA0060,,105.2165,-4.0219,JAYASAKTI_LINTAS_TB
09MGA0061,,105.2391,-4.4967,MENGGALA_SELATAN_TB
09MGA0062,,105.2879,-4.2355,TUGU_GAJAH_MT
09MGA0063,,105.2974,-4.2864,JL_ANTRIDA_MT
09MGA0064,,105.6603,-4.1525,PANGGUNG_JAYA_PL
09MGA0066,,105.2296,-4.3721,KAHURIPAN_JAYA_TB
09MGA0067,,105.7671,-4.2296,BUMI_DIPASENA_MULYA_CM
09MGA0068,,105.2303,-4.2857,UNIT_2_TULANG_BAWANG_2_PL
09MGA0069,,105.2457,-4.3058,DESA_TRI_TUNGGAL_JAYA_PL
09MGA0070,,105.8147,-4.4291,WAY_DENTE_PL
09MGA0071,,105.2461,-4.4766,MENGGALA_TENGAH_PL
09MGA0072,,105.5189,-4.2777,WONO_REJO_PL
09MGA0073,,105.2432,-4.203,BUJUK_AGUNG_PL
09MGA0074,,105.6339,-4.2236,GUNUNG_TIGA2_PL
09MGA0077,,105.3289,-4.3383,PENAWAR_BARU_PL_PL
09MGA0078,,105.3835,-4.2918,KECUBUNG_JAYA_PL
09MGA0079,,105.8583,-4.458,MAHABANG_PL
09MGA0080,,105.4945,-4.165,WIRATAMA_TB
09MGA0081,,105.5024,-4.3157,PANCA_TUNGGAL_JAYA_PL
09MGA0082,,105.3694,-4.1388,TRIJAYA_PENAWARTAMA_TB
09MGA0083,,105.2849,-4.2677,SUKAMAJU_BANJAR_MARGO_PL
09MGA0084,,105.224,-4.3095,BANJAR_AGUNG_PL
09MGA0085,,105.7692,-4.4364,DENTE_MAKMUR_TELADAS_PL
09MGA0086,,105.5497,-4.1969,SIDOMEKAR_GD_AJI_BARU_PL
09MGA0087,,105.2758,-4.3953,BAWANG_SAKTI_JAYA_PL
09MGA0088,,105.7095,-4.2514,HARGO_MULYO_RAWAJITU_SLT_PL
09MGA0089,,105.2156,-4.4974,MENGGALA_SELATAN2_PL
09MGA0090,,105.5291,-4.1985,SETIATAMA_GDG_AJI_BARU_PL
09MGA0091,,105.5564,-4.26,SUMBER_AGUNG_RAWA_PITU_TB
09MGA0092,,105.8464,-4.4921,SUNGAI_NIBUNG2_PL
09MGA0093,,105.2632,-4.4942,UJUNG_GUNUNG_ILIR_PL
09MGA0095,,105.2612,-4.2205,AGUNGJAYA_BANJARMARGO_CM
09MGA0096,,105.6574,-4.3751,GEDUNG_BANDAR_RAHAYU_CM
09MGA0097,,105.4153,-4.2627,KECUBUNG_RAYA_CM
09MGA0098,,105.8046,-4.6024,PASIRAN_JAYA_CM
09PSW0001,,104.8638,-5.2956,MADARAYA_TB
09PSW0003,,104.8835,-5.2706,MARGOSARI_TB
09PSW0004,,104.8936,-5.3711,PAGELARAN_BLP_MT
09PSW0005,,104.9101,-5.3647,GANG_KELINCI_TB
09PSW0007,,104.9127,-5.4084,TJDALAM_TB
09PSW0008,,104.9175,-5.3556,GUMUK_MAS1_ST
09PSW0009,,104.9183,-5.2869,BANYUMAS_LPG_PL
09PSW0010,,104.9205,-5.4924,JLSAPUTRA_PL
09PSW0011,,104.9273,-5.3192,BANJAREJO_PSW_TB
09PSW0012,,104.9277,-5.4774,PARDASUKA_PSW_TB
09PSW0013,,104.9293,-5.3674,GUMUK_MAS_ST
09PSW0014,,104.9305,-5.4327,PUJODADI_MT
09PSW0015,,104.9308,-5.3919,MARGAKAJA_MT
09PSW0016,,104.934,-5.4107,AMBA_RAWA_TANGGAMUS_PL
09PSW0017,,104.9379,-5.4548,WARGOMULYO_TB
09PSW0018,,104.9382,-5.3457,BUKIT_TOURSINA_PL
09PSW0019,,104.9386,-5.4144,SUMBER_AGUNG_PSW_MT
09PSW0021,,104.9441,-5.2886,SUKOHARJO3TANGGAMUS_PL
09PSW0022,,104.949,-5.3466,FAJARESUK3_TB
09PSW0023,,104.9512,-5.3053,SINAR_BARU_MT
09PSW0024,,104.9521,-5.3588,PADANG_SURYO_PRINGSEWU_PL
09PSW0025,,104.9553,-5.3481,FAJAR_ESUK_TB
09PSW0026,,104.959,-5.3568,PAJARESUK_PRINGSEWU_CM
09PSW0027,,104.9641,-5.4109,PODOMORO_PSW_TB
09PSW0028,,104.9665,-5.3868,MARGODADITANGGAMUS_CM
09PSW0029,,104.9686,-5.3681,KESEHATAN_PSW_PL
09PSW0030,,104.9726,-5.3521,ASRAMAPOLISI_PRINGSEWU_PL
09PSW0031,,104.9731,-5.3568,PRINGSEWUTIMUR_LAMPUNG_PL
09PSW0032,,104.9746,-5.3633,RSPRINGSEWU_MT
09PSW0033,,104.9749,-5.3376,JLKH_GHOLIB_TB
09PSW0034,,104.975,-5.349,PASAR_PRINGSEWU_TB
09PSW0035,,104.9765,-5.3245,SUKOHARJO3_TB
09PSW0036,,104.978,-5.3182,SUKOHARJO_PSW_PL
09PSW0037,,104.9788,-5.2605,BANDUNGBARU_EB
09PSW0038,,104.9874,-5.3568,PRINGSEWU_UTARA_MT
09PSW0039,,104.9833,-5.3606,PRINGSEWU_EP
09PSW0040,,104.9868,-5.2973,DESA_SUKOHARJO_MT
09PSW0041,,104.9837,-5.2795,WARINGINSARI_BARAT_MT
09PSW0042,,104.984,-5.3695,DANAU_MARGAKAYA_PL
09PSW0043,,104.9844,-5.3465,ALHIDAYAH_PSW_MT
09PSW0044,,104.9878,-5.2728,WARINGIN_SARI_TB
09PSW0045,,104.9927,-5.3591,SIDOHARJOPERINGSEWU_PL
09PSW0046,,104.9948,-5.4101,PAREREJO_PSW_TB
09PSW0047,,104.9992,-5.362,RAYA_LBS_PL
09PSW0048,,105.0117,-5.3032,PANDANSURAT_TB
09PSW0049,,105.015,-5.2634,TEBINGSULUH_TB
09PSW0050,,105.0261,-5.3018,PANDASARI_EB
09PSW0051,,105.0266,-5.3822,GADING_REJO_BARAT_LAUT_TB
09PSW0052,,105.0313,-5.3497,ROWOREJO_PSW_TB
09PSW0053,,105.0315,-5.2865,TRITUNGGAL_MULYA_MT
09PSW0054,,105.033,-5.2204,ADILUWIH_TB
09PSW0055,,105.0343,-5.3781,TAMBAH_REJO_GADING_REJO_PL
09PSW0056,,105.0426,-5.3756,WONODADIREJO_PL
09PSW0057,,105.0542,-5.3705,GADING_REJO_WONODADI_PL
09PSW0059,,105.0611,-5.3487,TEGALGADING_TB
09PSW0060,,105.0613,-5.3668,KENTUNG_GARAGE_IB
09PSW0061,,105.063,-5.3772,GADING_REJO_TB
09PSW0062,,104.8914,-5.349,PASIR_UKIR_MT
09PSW0063,,104.915,-5.4222,KRESNOMULYO_ST
09PSW0064,,105.0367,-5.244,ENGGAL_REJO_ADILUWIH_PL
09PSW0065,,105.0093,-5.2426,KUTAWARINGIN_ADILUWIH_PL
09PSW0066,,105.0125,-5.311,PANDANSARI_SELATAN_IB
09PSW0067,,104.8938,-5.3846,GEMAH_RIPAH_PL
09PSW0068,,104.9011,-5.2743,BANYUWANGI_PRINGSEWU_PL
09PSW0069,,104.9102,-5.4503,UMBUL_SOLO_PL
09PSW0071,,104.9014,-5.2505,NUSA_WUNGU_PL
09PSW0072,,104.963,-5.2717,PEKON_BANDUNG_BARU_PL
09PSW0073,,104.9033,-5.2967,PEKON_SINAR_MULYA_PL
09PSW0074,,105.0194,-5.3504,JL_RAYA_YOGYAKARTA_PL
09PSW0075,,104.9047,-5.5357,PEKON_SELAPAN_PL
09PSW0076,,104.9506,-5.4087,AMBARAWA_BARAT_PL
09PSW0077,,105.0151,-5.2804,PURWODADI_ADILUWIH_CM
09PSW0078,,104.9312,-5.5162,RANTAU_TIJANG_CM
09PSW0079,,104.9628,-5.3385,REJOSARI_PSW_CM
09PSW0080,,104.9672,-5.2949,SUKOYASO_CM
09PSW0081,,104.9595,-5.3996,MARGODADI_AMBARAWA_CM
09SKD0001,,105.3167,-5.192,METRO_KIBANG_TB
09SKD0002,,105.3203,-5.2083,KIBANG_METRO_TB
09SKD0003,,105.3227,-5.0686,METRO_UTARA_TB
09SKD0004,,105.3293,-5.1337,MERDEKA_SKD_TB
09SKD0005,,105.3359,-5.1177,METRO_KAMPUS_KN
09SKD0006,,105.337,-5.1349,BANJAR_REJO_TB
09SKD0007,,105.3396,-5.1384,DUSUN3_SUMBEREJO_PL
09SKD0008,,105.3397,-4.9861,SMAN3_KOTA_GAJAH_MT
09SKD0009,,105.3419,-5.0587,WONO_SARI_GH
09SKD0010,,105.3451,-5.0919,YOSODASI_MET_PK
09SKD0011,,105.3454,-5.1556,ADI_WARNO_CM
09SKD0012,,105.347,-5.2192,JAYAASRI_METRO_CM
09SKD0013,,105.349,-5.1184,BUMIHARJO_LPG_MT
09SKD0014,,105.3526,-4.995,KEDATON_NUBAN_CM
09SKD0015,,105.3548,-5.0539,GANTI_WARNO_CM
09SKD0016,,105.3558,-5.1764,NATARANG_ST
09SKD0017,,105.3575,-5.0841,PEKALONGAN_SKD_EP
09SKD0018,,105.3689,-5.0419,DESA_WONO_SARI_TB
09SKD0020,,105.3754,-5.1396,BATANG_HARI_TB
09SKD0021,,105.3794,-5.0018,SIMPANG_NP_KEDATON_INDUK_TB
09SKD0022,,105.3801,-5.1947,PURWODADI_MEKAR_ST
09SKD0023,,105.3899,-5.0069,CEMPAKA_NUBAN_MT
09SKD0024,,105.3906,-5.0637,SIRAMAN_SKD_PL
09SKD0025,,105.3957,-5.1139,BUMIMAS_TB
09SKD0026,,105.4002,-5.0396,SIRAMAN_SKD1_CM
09SKD0027,,105.4044,-5.0141,DUSUN_V_SUKARAJA_NUBAN_PL
09SKD0028,,105.4054,-5.1601,SEKAMPUNG2SKD_PL
09SKD0029,,105.4128,-4.9162,RANTAU_FAJAR_CM
09SKD0030,,105.4131,-4.9435,DESA_RUKTI_ENDAH_PS
09SKD0031,,105.4187,-5.0974,GN3_MARGAMULYA_GH
09SKD0032,,105.4207,-5.2058,GIRIMULYO_SEKAMPUNG_KN
09SKD0033,,105.4235,-4.9111,DESA_RAMA_PUJA_MN
09SKD0034,,105.4252,-4.996,RAMANAJI_GH
09SKD0035,,105.4311,-5.0458,BTGHARI_NUBAN_MT
09SKD0036,,105.4352,-5.1343,SEKAMPUNG_MT
09SKD0037,,105.4378,-5.0288,BUMI_JAWA_MT
09SKD0038,,105.4432,-4.9725,RAMAN_UTARA_TB
09SKD0039,,105.4433,-4.9508,DESA_RAMAN_UTARA_TB
09SKD0040,,105.4456,-5.3057,SINDANG_ANOM_SKD_PS
09SKD0041,,105.448,-5.2925,SINDANG_ANOM_MT
09SKD0042,,105.4547,-5.1317,PASAR_SEKAMPUNG_MT
09SKD0043,,105.4547,-4.9132,WAYKARMA_ST
09SKD0044,,105.4593,-5.1749,TRIMULYOSEKAMPUNG_MT
09SKD0045,,105.4609,-5.1591,MB_WONOKARTO_MT
09SKD0046,,105.4639,-5.0609,SUKACARI_TB
09SKD0047,,105.4672,-5.1357,DUSUN_HARGOMULYO_CM
09SKD0048,,105.468,-4.9479,RAMAN_FAJAR_MN
09SKD0049,,105.4775,-5.1074,BUMI_AGUNG_LAMTIM_TB
09SKD0050,,105.4781,-5.0264,TAMANASRI_MN
09SKD0051,,105.4792,-5.1373,DESA_HARGOMULYO_PS
09SKD0052,,105.4815,-5.1649,GIRIKARTO_MT
09SKD0053,,105.4834,-5.006,TAMAN_ASRI_SKD_PL
09SKD0054,,105.4868,-5.3021,SEKAMPUNG_UDIK_KN
09SKD0055,,105.4886,-4.9872,DESA_TAMANENDAH_MT
09SKD0056,,105.4969,-5.2162,MARGA_TIGA_TB
09SKD0057,,105.5013,-4.9743,PURBOLINGGO_LAMPUNG_TB
09SKD0058,,105.5018,-5.3038,GUNUNG_AGUNG_LAMTIM_MT
09SKD0059,,105.5101,-5.1034,RAMAN_UTARA_SELATAN_TB
09SKD0060,,105.5105,-4.9359,DESA_TOTO_MULYO_TB
09SKD0061,,105.5105,-5.1603,MARGA_TIGA_KEC_TB
09SKD0062,,105.5113,-5.0068,TAMBAHDADI_MN
09SKD0063,,105.5131,-5.3091,GNAGUNGLAMTIM_ST
09SKD0064,,105.5151,-4.9119,TAMBAH_SUBUR_IB
09SKD0065,,105.5197,-4.9548,PURBOLINGGO_UTR_TB
09SKD0066,,105.5225,-5.2553,ISATPASAR_MERANDUNGSARI_TB
09SKD0067,,105.5277,-4.9317,TOTO_MULYO_TB
09SKD0068,,105.5272,-5.4598,WAWAY_KARYA_KN
09SKD0069,,105.5276,-5.0403,SUKDANA_ILIR_CM
09SKD0070,,105.5289,-5.3709,JEMBARAN_PL
09SKD0071,,105.5324,-5.0623,PASARSUKADANA_PL
09SKD0072,,105.5401,-5.2194,MARGASARI_SKD_KN
09SKD0073,,105.5415,-5.0574,SUKADANA_SKD_EP
09SKD0074,,105.5421,-5.0014,MUARA_JAYA_SKD_MT
09SKD0075,,105.5429,-5.1334,TERANG_LEHAN_KN
09SKD0076,,105.5449,-5.1892,PASAR_NABANG_KN
09SKD0078,,105.5527,-5.3101,PUGUNG_RAHARJO_TB
09SKD0079,,105.5526,-5.2421,PSMERANDUNG_SARI_TIMUR_KN
09SKD0080,,105.5585,-5.2972,PUGUNGRAHARJO_CM
09SKD0081,,105.5623,-5.3135,IRSUTAMI_GNGSUGIH_GH
09SKD0082,,105.5656,-5.2958,BAABUSSALAMTHOBA_KN
09SKD0083,,105.5718,-4.8979,TANTUNG_TIRTO_TB
09SKD0085,,105.5846,-5.2097,JEMBAT_BATU_KN
09SKD0086,,105.5868,-5.4298,WAWAYKARYA_ST
09SKD0087,,105.5922,-5.299,SIDOREJO_PASAR_MT
09SKD0088,,105.5931,-5.0933,BYPASS_SKDN_MT
09SKD0089,,105.6027,-5.4756,SIDORAHAYU_KARYA_PS
09SKD0090,,105.6053,-5.3809,PENIANGAN_PL
09SKD0091,,105.6112,-5.4596,PASAR_UMBULBARU_CM
09SKD0092,,105.6132,-5.2964,PSR_SIDOREJO_TB
09SKD0093,,105.6151,-5.1682,MANGGARAWAN_KN
09SKD0094,,105.6156,-5.122,PUTRA_AJI_PS
09SKD0095,,105.6171,-5.3383,DESA_PURWOSARI_PS
09SKD0096,,105.6185,-5.4078,BUNGKUK_PL
09SKD0097,,105.6235,-5.3577,GUNUNG_MAS_KN
09SKD0098,,105.6242,-5.1111,SIMPANG_PAKUAN_AJI_MT
09SKD0099,,105.6297,-5.1767,LABUHANRATU_EMPAT_PS
09SKD0100,,105.6408,-5.4764,WARGABATIN_ST
09SKD0101,,105.6409,-5.1101,SUBING_JAYA_PL
09SKD0102,,105.6452,-5.0838,PASAR_RAJABASA_LAMA_MT
09SKD0103,,105.6476,-5.317,DESA_BRAWIJAYA_PS
09SKD0104,,105.6522,-5.3783,DESA_GIRIMULYO_CM
09SKD0105,,105.6563,-5.2888,GUNUNG_BALAK_TB
09SKD0106,,105.6571,-5.0728,PRAMUKA_SUKADANA_GH
09SKD0107,,105.659,-5.106,RAJABASA_LAMA_PL
09SKD0108,,105.6635,-5.1591,LABUHANRATU3_ST
09SKD0109,,105.6704,-5.4586,JABUNG_SBW_TB
09SKD0110,,105.6741,-5.1164,API_PASAR_GUNUNG_TERANG_TB
09SKD0111,,105.6772,-5.0819,WAY_KAMBAS_TB
09SKD0112,,105.6808,-5.191,SRI_REJOSARI_MT
09SKD0113,,105.6917,-5.1322,LABUHAN_RATU_SKD_GH
09SKD0114,,105.6933,-5.3102,BANDAR_AGUNG_LAMTIM_TB
09SKD0115,,105.7,-5.1764,WAY_JEPARA_MT
09SKD0116,,105.702,-5.2659,SADAR_SRIWIJAYA_TB
09SKD0117,,105.7025,-5.2926,SRI_PENDOWO_PS
09SKD0118,,105.7039,-5.1433,LABUHANRATU_TUJUH_PS
09SKD0119,,105.705,-5.157,BRAJA_ASLI_TB
09SKD0120,,105.7059,-5.1691,KARTINI_BRAJASAKTI_PL
09SKD0121,,105.7104,-5.2027,JEPARA_JEPARA_PL
09SKD0122,,105.7149,-5.4212,PEMATANGTAHALO_ST
09SKD0123,,105.7197,-5.312,BANDAR_SRIBAWONO2_ST
09SKD0124,,105.722,-5.2154,SPG_BRAJADEWA_MT
09SKD0126,,105.7313,-5.2482,WAY_URANG_SKD_TB
09SKD0127,,105.7326,-5.317,WARINGIN_JAYA_SKD_TB
09SKD0128,,105.7336,-5.393,SUMBERHADI_ST
09SKD0129,,105.7356,-5.2643,BANDAR_SRIWIJAYA_PL
09SKD0130,,105.7365,-5.483,GUNUNG_MEKAR_MT
09SKD0131,,105.7377,-5.5,ADIREJO_PL
09SKD0132,,105.744,-5.1763,DESA_BRAJA_INDAH_PS
09SKD0133,,105.744,-5.2992,SRIMENANTI_SKD_TB
09SKD0135,,105.7448,-5.4511,PEMPEN_ST
09SKD0136,,105.7458,-5.3114,BDR_SRIBAWONO_TB
09SKD0137,,105.7464,-5.3339,MELINTING_SKD1_ST
09SKD0138,,105.7508,-5.3643,MELINTING_SKD2_TB
09SKD0139,,105.753,-5.2979,DUSUN_IV_MATARAM_BARU_PL
09SKD0140,,105.7562,-5.296,SRIBAWONO_EP
09SKD0141,,105.7582,-5.4265,SIDO_RAHAYU_ST
09SKD0143,,105.7619,-5.4201,WAYMILI_PL
09SKD0144,,105.7694,-5.1972,BRAJA_SAKTI_H_PASAR_MT
09SKD0146,,105.7741,-5.5603,KEDUNGRINGIN_SKD_ST
09SKD0147,,105.7744,-5.3084,TULUNG_PASIK_PL
09SKD0148,,105.7778,-5.224,SRI_GADING_SKD2_GH
09SKD0149,,105.784,-5.3744,NIBUNG_SKD_CM
09SKD0150,,105.7855,-5.5215,MULYASARI_SBW_MT
09SKD0151,,105.7875,-5.4799,MULYA_SARI_TB
09SKD0152,,105.789,-5.5819,LINTASTIMUR_LABUHANRATU_PL
09SKD0153,,105.791,-5.596,SUKARANDEG_PL
09SKD0155,,105.7975,-5.3475,LABUHAN_MARINGGAI_MT
09SKD0156,,105.8,-5.424,KARYA_MAKMUR_SKD_MT
09SKD0157,,105.8004,-5.2513,MARGASARISKD_ST
09SKD0158,,105.8063,-5.3972,BANDARNEGERI_ST
09SKD0159,,105.8096,-5.281,SRI_GADING_SKD1_CM
09SKD0160,,105.8102,-5.3274,SRI_MINOSARI_MN
09SKD0161,,105.8103,-5.3543,PELABUHAN_TPI_MT
09SKD0162,,105.8145,-5.2156,BRAJAKENCANA_ST
09SKD0163,,105.8173,-5.2614,SRI_GADING1_MT
09SKD0164,,105.8198,-5.3009,TANJUNG_WANGI_SRIMINOSARI_MT
09SKD0165,,105.8498,-5.2606,KUALA_PENAT_TB
09SKD0166,,105.3726,-5.1005,BALE_REJO_PL
09SKD0167,,105.5522,-5.0608,PASAR_SUKADANA_GH
09SKD0168,,105.5734,-5.2429,BUMI_MULYO_MT
09SKD0169,,105.7262,-5.5144,JABUNG_ADIREJO_MT
09SKD0170,,105.7662,-5.2514,BRAJA_EMAS_MT
09SKD0171,,105.7734,-5.5348,BALAI_DS_REJOMULYO_TB
09SKD0172,,105.7979,-5.4431,KARYATANI_MT
09SKD0173,,105.8206,-5.2387,KARANGANYAR_MARINGGAI_MT
09SKD0174,,105.6997,-5.1076,LABUHAN_RATU_ENAM_TB
09SKD0176,,105.5035,-5.1305,HARGOMULYO_TB
09SKD0177,,105.4303,-5.1514,GIRI_KELOPO_MULYO_MT
09SKD0178,,105.368,-5.0798,PEKALONGAN_MT
09SKD0180,,105.7502,-5.1697,BRAJA_INDAH_TB
09SKD0181,,105.7892,-5.494,DESAPASIR_SAKTI_TB
09SKD0182,,105.5509,-5.4175,TANJUNG_WANGI_MT
09SKD0183,,105.4986,-4.9859,DESA_TAMANENDAH_PL
09SKD0184,,105.6926,-5.2911,BANDAR_AGUNG_GT
09SKD0185,,105.4444,-5.1259,SUMBER_GEDE_SKP_PL
09SKD0186,,105.3571,-5.0946,SIDODADI_PKL_PL
09SKD0187,,105.3807,-5.1261,BATANGHARJO_SKD_PL
09SKD0188,,105.4008,-5.0772,GONDANGREJO_PL
09SKD0189,,105.4076,-5.1511,SIDODADI_SKP_PL
09SKD0190,,105.4169,-5.1623,SIDOMULYO_SKP_PL
09SKD0191,,105.3592,-5.162,REJOAGUNG_BTGH_PL
09SKD0192,,105.4235,-4.9665,RANTAUFAJAR2_TB
09SKD0193,,105.5751,-5.0758,RADIN_INTAN_SKD_MN
09SKD0194,,105.7177,-5.3478,TPU_TEMPLEK_PL
09SKD0195,,105.7098,-5.1816,WAYJEPARA_SKD_PL
09SKD0196,,105.6939,-5.1712,WAY_JEPARA_PRAMUKA_PL
09SKD0197,,105.8434,-5.2317,SUKARESMI_PL
09SKD0198,,105.6318,-5.1941,SUMBER_MARGA_PL
09SKD0199,,105.6402,-5.1403,LABUHAN_RATU_VIII_PL
09SKD0200,,105.7852,-5.2725,KEBON_DAMAR_PL
09SKD0201,,105.7746,-5.5763,SUMUR_KUCING_PL
09SKD0202,,105.6485,-5.4987,SINAR_BESEMAH_PL
09SKD0203,,105.7914,-5.3291,LABUAN_MARINGAI_SKD_PL
09SKD0204,,105.7908,-5.3901,SIDOMAKMUR_PL
09SKD0205,,105.2907,-5.1897,DESA_SUMBER_AGUNG_PL
09SKD0206,,105.406,-5.1292,SELOREJO_IB
09SKD0207,,105.8068,-5.3707,MUARA_GADING_MAS_PL
09SKD0208,,105.7877,-5.2096,BRAJA_SELEBAH_PL
09SKD0209,,105.5369,-5.0798,MTR_MARGA_SUKADANA_PL
09SKD0210,,105.7142,-5.4992,MUMBANG_JAYA_JABUNG_PL
09SKD0211,,105.5218,-5.2259,SIDOMULYO_MARGATIGA_PL
09SKD0212,,105.5262,-4.9926,TAMBAH_DADI_PURBOLINGGO_IB
09SKD0213,,105.4102,-4.9813,REJOBINANGUN_RAMAN_UTR_PL
09SKD0214,,105.4425,-4.9932,RUKTISEDIO_RAMAN_UTR_PL
09SKD0216,,105.7607,-5.2734,MATARAM_BARU_PL
09SKD0218,,105.7034,-5.237,MEKARJAYA_BDR_SRIBAWONO_PL
09SKD0219,,105.5958,-5.0118,RANTAU_JAYA_UDIK_II_PL
09SKD0220,,105.6779,-5.5097,BELIMBING_SARI_JABUNG_PL
09SKD0221,,105.5389,-4.9064,TOTOPROJO_WAYBUNGUR_PL
09SKD0222,,105.5341,-5.1705,SUMBER_GEDE_MARGATIGA_PL
09SKD0223,,105.55,-5.4374,KARYA_BASUKI_PL
09SKD0224,,105.728,-5.2791,RAJABASA_BARU_PL
09SKD0225,,105.5212,-5.2071,NEGERI_JEMANTEN_MARGATIGA_PL
09SKD0226,,105.5525,-5.1135,BM_TINGGI_BUMIAGUNG_PL
09SKD0227,,105.5652,-5.0303,SURABAYA_UDIK_SUKADANA_PL
09SKD0228,,105.7303,-5.4644,GN_SUGIH_KECIL_JABUNG_PL
09SKD0229,,105.5367,-5.0248,MUARA_JAYA_SUKADANA_PL
09SKD0230,,105.6804,-5.432,NEGARA_BATIN_JABUNG_PL
09SKD0232,,105.7787,-5.4591,KARYATANI_LBN_MARINGGAI_PL
09SKD0233,,105.7296,-5.3729,WANA_MEILINTING_PL
09SKD0234,,105.6609,-5.0911,RAJABASA_LAMA2_IB
09SKD0235,,105.7045,-5.61,BANDAN_HURIP_PALAS_PL
09SKD0237,,105.5011,-5.1853,NEGERI_AGUNG_MARGATIGA_PL
09SKD0239,,105.5668,-5.1652,DESA_CATUR_SWAKO_PL
09SKD0240,,105.5105,-4.9642,TANJUNG_KESUMA_MT
09SKD0242,,105.6516,-5.3303,MARGA_SEKAMPUNG_MT
09SKD0243,,105.537,-5.2469,BUMI_MULYO_ST
09SKD0245,,105.496,-5.1474,HARGOMULYO_SEKAMPUNG_CM
09SKD0246,,105.7847,-5.2901,MANDALA_SARI_CM
09SKD0247,,105.3491,-5.1934,MARGASARI_METRO_KIBANG_CM
09SKD0248,,105.7853,-5.4173,NIBUNG_WAWAY_CM
09SKD0249,,105.5767,-5.2233,PURWO_KENCANA_CM
09SKD0250,,105.8003,-5.5405,PURWOREJO_PASIR_SAKTI_ST
09SKD0251,,105.3275,-4.9981,PURWOSARI_NUBAN_CM
09SKD0252,,105.4169,-5.0088,RAMAN_AJI2_CM
09SKD0253,,105.435,-4.9295,REJO_KATON_CM
09SKD0255,,105.7044,-5.3015,SRI_PENDOWO2_TB
09SKD0256,,105.4027,-5.0998,SUMBER_AGUNG_IB
09SKD0257,,105.4661,-5.0116,TAMANSARI_PURBALINGGO_CM
09SKD0258,,105.5995,-5.1371,PAKUAN_AJI_II_MT
09SKD0259,,105.4509,-5.2114,MEKARMULYA_SEKAMPUNG_CM
09SKD0260,,105.559,-5.2095,SURYA_MATARAM_MARGA3_ST
09TBB0001,,105.0141,-4.3234,SAKTI_JAYA_TB
09TBB0002,,105.0221,-4.5657,KARTA_PL
09TBB0003,,105.0258,-4.3609,TOTO_KATON_MT
09TBB0004,,105.0384,-4.6148,KARTA_RAHARJA_CM
09TBB0005,,105.0441,-4.6581,DAYA_SAKTI_MT
09TBB0006,,105.0556,-4.2405,TUNAS_JAYA_PL
09TBB0007,,105.0578,-4.2961,MARGA_JAYA_TBB_MT
09TBB0008,,105.0633,-4.3617,PANCA_MARGA_TB
09TBB0009,,105.0634,-4.3318,GUNUNG_TERANG_CM
09TBB0010,,105.0684,-4.5656,KEAGUNGAN_RATU_CM
09TBB0011,,105.0695,-4.6718,TUMI_JAJAR_TB
09TBB0012,,105.0739,-4.2746,SUKAJAYA_SBW_ST
09TBB0013,,105.0769,-4.6374,DAYA_MURNI_MT
09TBB0014,,105.0777,-4.6044,MARGA_KENCANA_GH
09TBB0015,,105.0847,-4.4789,BANDAR_DEWA_MT
09TBB0016,,105.0879,-4.5221,PANURAGAN_JAYA_MT
09TBB0017,,105.0874,-4.5386,TULBABAR3G1_TB
09TBB0018,,105.0985,-4.5517,TIRTA_KENCANA_TBB1_CM
09TBB0019,,105.0987,-4.2978,PASAR_UNYIL_TB
09TBB0020,,105.1054,-4.5879,PULUNG_KENCANA_TB
09TBB0021,,105.1061,-4.2626,MULYA_JAYA_PL
09TBB0022,,105.1085,-4.6228,MURNI_JAYA_TB
09TBB0023,,105.1089,-4.6584,GEDUNG_HARAPAN_CM
09TBB0024,,105.1273,-4.6941,GUNUNG_MENANTI_TB
09TBB0025,,105.1277,-4.2436,MULYA_SARI_TBB_MT
09TBB0026,,105.1298,-4.3219,KIBANG_YEKTI_JAYA_MT
09TBB0027,,105.1315,-4.652,MARGODADI_TBB_TB
09TBB0028,,105.1326,-4.5468,TIRTA_KENCANA_TBB3_TB
09TBB0029,,105.1453,-4.4919,PSR_PNMBNGN_TB
09TBB0030,,105.1455,-4.5993,TIRTA_KENCANA_TBB2_KN
09TBB0032,,105.1507,-4.3661,PAGAR_JAYA_TB
09TBB0033,,105.1526,-4.5673,MULYA_KENCANA_TB
09TBB0034,,105.1546,-4.2859,AGUNG_JAYA_MT
09TBB0035,,105.1546,-4.6294,MULYA_ASRI_TB
09TBB0036,,105.1562,-4.6228,SILIWANGI_TBB_PL
09TBB0037,,105.1564,-4.3374,LAMBU_KIBANG_TB
09TBB0038,,105.1724,-4.251,BALAM_JAYA_TB
09TBB0039,,105.1782,-4.3708,MEKARSARI_JAYA_TB
09TBB0040,,105.1811,-4.2307,PAGAR_BUANA_MN
09TBB0042,,105.2069,-4.4043,BANJAR_AGUNG_SELATAN_TB
09TBB0043,,105.2114,-4.176,SIMPANG_SIMARASAHAN_TB
09TBB0044,,105.2297,-4.3566,BANJAR_AGUNG_LPG_TB
09TBB0045,,105.079,-4.3108,SETI_BUMI_TB
09TBB0046,,105.1315,-4.6332,MARGO_MULYO_TUMIJAJAR_EB
09TBB0047,,105.0914,-4.6293,DAYA_MURNI2_PL
09TBB0048,,105.1256,-4.6084,CANDRA_MUKTI_TB
09TBB0049,,105.0213,-4.5844,KARTA_SARI_PL
09TBB0050,,105.2,-4.2029,PASAR_INDRALOKA_PL
09TBB0051,,105.0399,-4.2683,MEKAR_JAYA_TBB_PL
09TBB0052,,105.1613,-4.3141,KIBANG_TRI_JAYA_PL
09TBB0053,,105.0137,-4.6412,DESA_WAY_SIDO_TB
09TBB0054,,105.0924,-4.6789,SUMBER_REJO_TUMIJAJAR_PL
09TBB0055,,105.087,-4.2419,BANGUN_JAYA_GN_AGUNG_PL
09TBB0056,,105.0528,-4.1926,JAYAMURNI_GN_AGUNG_PL
09TBB0058,,105.1294,-4.5736,MULYA_KENCANA_TBB_PL
09TBB0059,,105.1707,-4.6362,MULYO_ASRI_TBB_PL
09TBB0060,,105.007,-4.3559,MULYOSARI_BATUPUTIH_PL
09TBB0061,,105.0165,-4.2973,SAKTI_JAYA_BATU_PUTIH_PL
09TBB0063,,105.1045,-4.5667,PANARAGAN_MT
09TBB0064,,105.2072,-4.2244,INDRALOKA_MUKTI_TB
09TBB0065,,105.1763,-4.3394,KIBANG_BUDI_JAYA_CM
09TBB0066,,105.1763,-4.5965,WONOKERTO_RA_KM174_MT
09TJK0001,,105.1862,-5.4172,WARAHMAN2_PL
09TJK0002,,105.1906,-5.396,KEMILING1_ST
09TJK0003,,105.1975,-5.398,PINANG_JAYA_PL
09TJK0004,,105.1983,-5.3901,MATAAIR_PINANGJAYA_PL
09TJK0005,,105.2006,-5.4049,PERUM_LANGKAPURA_RFA_MT
09TJK0007,,105.2044,-5.394,SUMBEREJO_KEMILING2_PL
09TJK0008,,105.2049,-5.3985,CIKDITIRO_ST
09TJK0010,,105.2057,-5.4028,BERINGINJAYA_KEMILING_MT
09TJK0011,,105.2097,-5.3771,BUKIT_KEMILING_PERMAI_TB
09TJK0012,,105.2104,-5.4087,KEMILING2_TB
09TJK0013,,105.2108,-5.388,IMAMBONJOL_KEMILINGPERMAI_PL
09TJK0014,,105.2119,-5.4035,SUMBER_REJO_TJK_PL
09TJK0015,,105.2134,-5.3959,SUMBEREJO_KEMILING1_PL
09TJK0016,,105.2175,-5.3861,KEMILING_PERMAI_PL
09TJK0017,,105.2179,-5.3931,IMAMBONJOL_SUMBERREJO_PL
09TJK0018,,105.2179,-5.3716,RAGOM_GAWI88_TJK_PL
09TJK0019,,105.2216,-5.4056,LANGKAPURA_LAMPUNG_MT
09TJK0020,,105.2217,-5.3757,UNIV_MALAHAYATI_TB
09TJK0021,,105.2236,-5.3861,PRAMUKA_TJK_PL
09TJK0022,,105.2257,-5.3938,SUSUNAN_BARU_MT
09TJK0023,,105.2225,-5.4209,SUKADANAHAN1_PL
09TJK0024,,105.2263,-5.3714,RAJABASA1_PL
09TJK0025,,105.2281,-5.3908,PAGARALAM_LANGKAPURA_PL
09TJK0026,,105.229,-5.3645,PAGAR_ALAM_RAJABASAH_PL
09TJK0027,,105.2301,-5.3783,ABDULLATIF_RAJABASA_PL
09TJK0028,,105.2304,-5.3705,LABUHAN_RATU_TJK_PL
09TJK0029,,105.2309,-5.4051,SULTAN_BADARUDDIN_PL
09TJK0030,,105.2316,-5.3984,DARUSSALAM_LANGKAPURA_PL
09TJK0031,,105.2317,-5.4343,WARAHMAN1_PL
09TJK0032,,105.2319,-5.3749,NUNYAI_RAJABASA_TB
09TJK0033,,105.2325,-5.3845,PURNAWIRAWAN4_GNGTERANG_MT
09TJK0034,,105.2323,-5.4194,SUKADANAHAN_MT
09TJK0035,,105.233,-5.3923,TANJUNG_BARU_SUKARAMI_TB
09TJK0036,,105.2331,-5.3668,GANG_UPEA_TB
09TJK0037,,105.2344,-5.402,LANGKA_PURA_MT
09TJK0038,,105.2359,-5.3609,PERUM_DAMRI_MT
09TJK0039,,105.2376,-5.3706,I2_MALLLAMPUNG_MC
09TJK0040,,105.238,-5.3791,PURNAWIRAWAN_PL
09TJK0041,,105.2383,-5.3918,JLKENCANA_PL
09TJK0042,,105.239,-5.3585,ISLAMIC_CENTER_TJK_GH
09TJK0043,,105.2376,-5.3951,IMAMBONJOL_SEGALA_PL
09TJK0044,,105.2396,-5.3865,GRIYASEJAHTERA_GNTERANG_PL
09TJK0045,,105.2397,-5.3531,JLKOMARUDIN_IB
09TJK0046,,105.2406,-5.4114,PALAPA_LAMPUNG_CM
09TJK0047,,105.2408,-5.4018,GEDUNG_AIR_TB
09TJK0048,,105.2415,-5.3695,UNILA_MT
09TJK0049,,105.2423,-5.4237,TANJUNG_KARANG_PUSAT_PL
09TJK0050,,105.2428,-5.3748,GERDONG_MENENG_RAJABASA_PL
09TJK0051,,105.2438,-5.409,LEBAK_BUDI_MT
09TJK0052,,105.244,-5.4621,LEMPASING_TB
09TJK0053,,105.2448,-5.4713,LAKS_REMARTADINATA_TB
09TJK0054,,105.2436,-5.3924,PANGLIMA_POLIM_SEGALA_MIDER_TB
09TJK0055,,105.245,-5.3801,UNIV_BANDAR_LAMPUNG_TB
09TJK0056,,105.2448,-5.4444,SETIABUDI_TLKBETUNG_TB
09TJK0057,,105.2462,-5.3619,KAMPUNG_BARU_TJK_MT
09TJK0058,,105.2466,-5.4193,DESA_PALAPA_LSP_LS
09TJK0059,,105.2467,-5.4035,SINGSINGAMAHARAJA_PL
09TJK0060,,105.2469,-5.3988,SUKAMENANTI_PL
09TJK0061,,105.2469,-5.3759,JLPURNAWIRAWAN_CM
09TJK0062,,105.2471,-5.4134,KALIAWI_TANJUNGKRG_MT
09TJK0063,,105.2472,-5.4542,PUTRA_DEWA_PL
09TJK0064,,105.2473,-5.4319,ITPANGAJARAN_TB
09TJK0065,,105.2476,-5.4083,JLTAMIM_PS
09TJK0066,,105.2486,-5.4228,EMIRM_NOORDURIANPAYUNG_MT
09TJK0067,,105.2488,-5.37,JLBUMIMANTI_PL
09TJK0068,,105.249,-5.3854,SEGALAMIDER_PL
09TJK0069,,105.249,-5.3633,SEPANG_JAYA_TJK1_PL
09TJK0070,,105.2492,-5.4808,REMARTADINATA_SUKAMAJU_PL
09TJK0071,,105.2492,-5.3898,PANGLIMAPOLIM_SEGALAMIDER_CM
09TJK0072,,105.2493,-5.3781,I2_STIEDARMAJAYAIBC_DH
09TJK0073,,105.2499,-5.4989,SUKAJAYA_LEMPASING_PL
09TJK0074,,105.2499,-5.3512,TGSENANG_TB
09TJK0075,,105.2503,-5.4494,NEGERI_OLOK_PL
09TJK0076,,105.2508,-5.3968,SAMRATULANGI_SUKAMENANTI_PL
09TJK0077,,105.2507,-5.4117,AGUSSALIM_LAMPUNG_TB
09TJK0078,,105.2511,-5.4906,DESA_SUKAMAJU_TJK_PL
09TJK0079,,105.2514,-5.4592,KOTA_KARANG_TJK1_MT
09TJK0080,,105.2516,-5.3572,LABUHAN_DALAM_PL
09TJK0081,,105.2517,-5.3822,SUKARDI_HAMDANI_PL
09TJK0082,,105.2522,-5.4214,MI_GOTONGROYONG_TANJUNGKRG_PL
09TJK0083,,105.2526,-5.368,LABUHAN_RATURAYA_MT
09TJK0084,,105.2528,-5.4165,I2_MALLKARTINIIBC_DH
09TJK0086,,105.2533,-5.4543,PERWATA_TELUKBETUNG_TMR_PL
09TJK0087,,105.2529,-5.4385,BASUKI_RAHMAT_TJK_MT
09TJK0088,,105.2531,-5.4183,KARTINI_HOTEL_EP
09TJK0089,,105.2532,-5.431,PENGAJARAN_TELUK_MT
09TJK0090,,105.2534,-5.4265,AMIRAMJAH_GOTONG_ROYONG_TB
09TJK0091,,105.2538,-5.3767,TEUKU_UMAR_LAMPUNG_GH
09TJK0092,,105.2539,-5.394,HARIMAU_IB
09TJK0093,,105.2539,-5.3463,RAJABASA2_PL
09TJK0094,,105.254,-5.445,GEDONG_PAKUON_TB
09TJK0095,,105.2542,-5.4072,PASIR_GINTUNG_PL
09TJK0096,,105.2542,-5.4115,PASAR_BAMBU_KUNING_MT
09TJK0097,,105.2546,-5.4582,MARTADINATA_KETEGUHAN_MT
09TJK0098,,105.2549,-5.3861,PATRIA_CINDE_PL
09TJK0099,,105.255,-5.3804,INDOLABUHAN_RATU_CM
09TJK0100,,105.2553,-5.4018,SAMRATULANGI_PENENGAHAN_CM
09TJK0101,,105.2559,-5.4509,WAY_LIMUS_PL
09TJK0102,,105.2561,-5.4128,JENDKATAMSO_TANJUNGKRG_PL
09TJK0104,,105.2567,-5.4219,FLAMBOYAN_TJK_PL
09TJK0105,,105.2568,-5.4106,MI_PASAR_BAMBU_KUNING1_PL
09TJK0106,,105.2573,-5.3602,BASYID_LABUANDALAM_ST
09TJK0107,,105.2574,-5.4112,MI_GUNUNGSARI_TJKARANG_PL
09TJK0108,,105.2579,-5.4542,KOTA_KARANG_TJK_PL
09TJK0109,,105.2581,-5.4126,I2_SIMPURMALL_DH
09TJK0111,,105.2582,-5.4495,PASAR_CIMENG_MT
09TJK0112,,105.2582,-5.4418,WORTEL_MONGINSIDI_CM
09TJK0113,,105.2583,-5.3646,UNTUNG_SUROPATI_TJK_EP
09TJK0114,,105.2584,-5.3996,ONTA_LAMPUNG_PL
09TJK0115,,105.2588,-5.4185,IN_PLAZA_LOTUS_DH
09TJK0116,,105.2588,-5.4185,PLAZA_LOTUS_EP
09TJK0117,,105.2588,-5.3763,LABUHAN_RATUKEDATON_MT
09TJK0118,,105.259,-5.4034,PISANG_LAMPUNG_GH
09TJK0119,,105.2591,-5.4104,IN_RAMAYANALAMPUNGIBC_MC
09TJK0120,,105.2593,-5.3831,PAGARALAM_PL
09TJK0121,,105.2593,-5.436,GULAK_GALIK_PL
09TJK0122,,105.258,-5.5139,MUTUN_TB
09TJK0123,,105.2606,-5.4121,I2_CHANDRAIBC_DH
09TJK0124,,105.2604,-5.4279,DESA_ENGGAL_CM
09TJK0125,,105.2605,-5.3702,LABUHANRATU_PL
09TJK0127,,105.2616,-5.3946,TEUKUUMAR_SIDODADI_PL
09TJK0128,,105.2618,-5.3575,PARING_MT
09TJK0129,,105.262,-5.4318,PDIPONEGORO_PL
09TJK0130,,105.2621,-5.3921,I2_RSADVENTLAMPUNG_DH
09TJK0131,,105.2621,-5.377,KOMPLEK_KOTA_SEPANG_MT
09TJK0132,,105.2627,-5.4513,IKAN_PLASTIS_TB
09TJK0133,,105.2629,-5.3859,KIMAJA_MT
09TJK0134,,105.2629,-5.4212,HOSCOKROAMINOTO_RAWALAUT_HS
09TJK0135,,105.263,-5.3516,BASIR_LABUHAN_DALAM_TB
09TJK0136,,105.2633,-5.4105,BUKIT_RANDU_PL
09TJK0137,,105.2635,-5.3907,PASAR_KOGA_MT
09TJK0138,,105.2635,-5.4082,HAYAMWURUK_SAWAHLAMA_CM
09TJK0139,,105.2639,-5.4358,SUMUR_BATU_TJK_PL
09TJK0140,,105.2649,-5.4007,TIDORE_LAMPUNG_TB
09TJK0141,,105.2651,-5.4408,HASANUDIN_TJK_PL
09TJK0142,,105.2655,-5.4444,TAMAN_SISWA_EP
09TJK0143,,105.2659,-5.4307,ISAT_IMMANUELBARU_TB
09TJK0145,,105.2661,-5.4483,IKANTONGKOLPESAWAHAN_CM
09TJK0146,,105.2668,-5.3947,JAGABAYA2_MT
09TJK0147,,105.267,-5.3862,KIMAJA_GUNUNG_SULAH_PL
09TJK0148,,105.267,-5.3635,TANJUNG_SEMANG_ST
09TJK0149,,105.2672,-5.4087,SAWAH_BREBES_TB
09TJK0150,,105.2672,-5.4155,GAJAHMADA_TJK_TB
09TJK0151,,105.2673,-5.4231,GAMASERA_EP
09TJK0152,,105.2691,-5.4057,PULAUSERAM_KPGSAWAH_PL
09TJK0153,,105.2679,-5.4118,GAJAHMADA_TANJUNGAGUNG_CM
09TJK0154,,105.2675,-5.3771,JLMOH_NUR_TB
09TJK0156,,105.2679,-5.417,IN_UNIVTULANGBAWANGLAMPUNG_DH
09TJK0157,,105.2678,-5.4272,PAHOMAN_TJK_ST
09TJK0158,,105.2682,-5.3676,JLNANGKA_PL
09TJK0159,,105.2688,-5.3593,TURI_RAYA_PL
09TJK0160,,105.269,-5.4183,PRIMA_ASIA_TB
09TJK0161,,105.269,-5.3723,SEPANG_JAYA_TJK2_ST
09TJK0162,,105.2693,-5.4446,PSR_KANGKUNG_PL
09TJK0163,,105.2697,-5.4347,CIPTO_MANGUNKUSUMO_RFA_MT
09TJK0164,,105.2699,-5.401,JAGABAYA_III_TJK_PL
09TJK0165,,105.2705,-5.3936,SABURAI_PS
09TJK0166,,105.2709,-5.43,WAYABUNG_PAHOMAN_CM
09TJK0167,,105.2715,-5.3836,MAWAR_TB
09TJK0168,,105.2716,-5.4404,KUPANG_TIGA_TB
09TJK0169,,105.2719,-5.3889,GUNUNG_SULA_PL
09TJK0170,,105.2719,-5.3793,KIMAJA_SEPANGJAYA_PL
09TJK0171,,105.2723,-5.3981,JAGABAYA_WAYHALIM_MT
09TJK0172,,105.2726,-5.4213,JLGAJAHMADA_PL
09TJK0173,,105.2728,-5.3644,CENDANA_TANJUNG_SENANG_PL
09TJK0175,,105.2731,-5.4247,RRIPAHOMAN_HS
09TJK0176,,105.2737,-5.4462,YOSSUDARSO_BUMIWARAS_PL
09TJK0177,,105.2738,-5.4153,DESA_KOTABARU_LSP_LS
09TJK0178,,105.2738,-5.4075,PGRANTASARI_KEDAMAIAN_CM
09TJK0179,,105.2739,-5.37,SEPANG_JAYA_WAY_HALIM_PL
09TJK0180,,105.2756,-5.3774,PERUM_WAYHALIM_GH
09TJK0181,,105.2759,-5.3677,TANJUNG_SENANG_TJK2_PL
09TJK0182,,105.2764,-5.4121,DRHARUN_KOTA_GH
09TJK0183,,105.2766,-5.401,VILLA_CITRA_TB
09TJK0184,,105.2767,-5.3956,BUTONRAYA_PL
09TJK0185,,105.277,-5.3829,SULTANAGUNG_WAYHALIM_PL
09TJK0186,,105.2769,-5.3915,IN_RSURIPSUMOHARJO_DH
09TJK0187,,105.277,-5.3563,WAY_HALIM_PERMAI_TB
09TJK0188,,105.2772,-5.4324,PERINTIS_KEMERDEKAAN_TJK_PL
09TJK0189,,105.2773,-5.4264,TANJUNGGADING_TJK_PL
09TJK0190,,105.2779,-5.4055,ANTASARI_TJK_PL
09TJK0191,,105.278,-5.388,WAY_HALIM_EP
09TJK0192,,105.2785,-5.4424,SUKARAJA_LAMPUNG_MT
09TJK0193,,105.2788,-5.3622,PERMATAWANGITANJUNGSENENG_MT
09TJK0194,,105.2797,-5.4096,PRAJURITTANJUNGBARU_PL
09TJK0195,,105.2801,-5.3795,SUMPAHPEMUDA_WAYHALIM_HS
09TJK0196,,105.2802,-5.4238,TANJUNG_GADING_TJK_PL
09TJK0197,,105.2823,-5.3908,URIPSUMOHARJO_RFA_MT
09TJK0198,,105.2821,-5.3994,KALIBALAU_KENCANA_CM
09TJK0199,,105.2821,-5.3831,IN_TRANSMARTLAMPUNG_TB
09TJK0200,,105.2831,-5.3578,DURIAN_PAYUNG_TB
09TJK0201,,105.2838,-5.3766,NUSAINDAH_PL
09TJK0202,,105.2838,-5.4368,PAHOMAN_TB
09TJK0203,,105.284,-5.3636,TANJUNG_SENANG_TJK1_MT
09TJK0204,,105.2841,-5.4226,TJGADING_KARANGTIMUR_PL
09TJK0205,,105.2857,-5.4158,KEDAMAIAN_RFA_MT
09TJK0206,,105.2862,-5.4054,KALI_BALAU_KENCANA_PL
09TJK0207,,105.2871,-5.4427,IKANTEMBAKANG_SUKARAJA_PL
09TJK0208,,105.2876,-5.3837,SUKARAME_TJK1_CM
09TJK0209,,105.2877,-5.3999,ANTASARI_LSP_LS
09TJK0210,,105.2879,-5.4361,GATOTSUBROTO_SUKARAJA_MT
09TJK0211,,105.288,-5.3487,WAYKANDIS_PL
09TJK0212,,105.2875,-5.4123,KEDAMAIAN_MT
09TJK0213,,105.2887,-5.3561,WAYKANDIS_TANJUNG_SENENG_MT
09TJK0214,,105.289,-5.3907,JLPULAU_LEGUNDI_TB
09TJK0215,,105.2897,-5.3768,DAMAR_WAYDADI_PL
09TJK0216,,105.29,-5.3712,PULAU_DAMAR_MT
09TJK0217,,105.291,-5.4422,SUKARAJA_TJK_PL
09TJK0218,,105.2912,-5.3661,GANG_BAYUR_ST
09TJK0219,,105.292,-5.3932,SOETTA_SUKABUMI_INDAH_PL
09TJK0220,,105.2922,-5.4026,TANJUNG_BARU_TJK_PS
09TJK0221,,105.2929,-5.3515,WAYHUI_JATIAGUNG_MT
09TJK0222,,105.2933,-5.3908,SUKARAME_SUKARAME_MT
09TJK0223,,105.2933,-5.3791,PEMBANGUNAN_BDL_MT
09TJK0224,,105.294,-5.4177,KEDAMAIAN_TJKARANG_PL
09TJK0225,,105.2949,-5.3738,KORPRIRAYASUKARAME2_MT
09TJK0226,,105.2959,-5.408,CAMPANGRAYA_PL
09TJK0227,,105.2959,-5.386,PULAU_SABESI_PL
09TJK0228,,105.2964,-5.4393,KIAGUSANANGKETAPANG_PL
09TJK0229,,105.2965,-5.4236,CAMPANG_RAYA_MT
09TJK0230,,105.2968,-5.3943,TIRTAYASA_TJK_MT
09TJK0231,,105.2972,-5.4307,WAY_LUNIK_CM
09TJK0232,,105.2972,-5.4127,BAYUR_ATAS_PL
09TJK0233,,105.2994,-5.3809,ENDRO_SURATMIN_TJK_TB
09TJK0234,,105.2997,-5.401,TERUSAN_RFA_MT
09TJK0235,,105.3004,-5.3856,JLP_SEBESI_PL
09TJK0236,,105.3012,-5.3652,WAY_KANDIS_TB
09TJK0237,,105.3018,-5.393,SUKARAME_TJK_GH
09TJK0238,,105.3033,-5.4452,BUMI_WARAS_PANJANG_TB
09TJK0239,,105.3037,-5.4068,CAMPANG_RAYA1_PL
09TJK0240,,105.3037,-5.4401,GANG_JAMIN_PL
09TJK0241,,105.3062,-5.3978,SUKABUMI_LAMPUNG_MT
09TJK0242,,105.3068,-5.3746,WAY_HUWI_ST
09TJK0243,,105.3074,-5.4008,TIRTA_YASA_SUKABUMI_PL
09TJK0244,,105.3076,-5.4504,YOSSUDARSO_WAYLUNIK_PL
09TJK0245,,105.3079,-5.394,JLSINGKEP_PL
09TJK0246,,105.3082,-5.3864,KARANGSARI_TJK_ST
09TJK0247,,105.3107,-5.4557,TUNASBARU_GH
09TJK0248,,105.3126,-5.4418,RAYA_IRSUTAMI_WAYLAGA_MT
09TJK0250,,105.3114,-5.4316,GUNUNG_BALAU_EP
09TJK0251,,105.3133,-5.4018,WAY_GUBAK_TB
09TJK0253,,105.3153,-5.3905,SINGKEP_SUKARAME_PL
09TJK0254,,105.3168,-5.3997,KEDAMARAN1_PL
09TJK0255,,105.3179,-5.4075,ISAT_SAMRATULANGI_TB
09TJK0256,,105.3186,-5.3959,SUKABUMI_SUKABUMI_PL
09TJK0257,,105.3192,-5.4402,IRSUTAMI_TJK_PL
09TJK0258,,105.3213,-5.4776,TELUKHARAPAN_PANJANGSLT_MT
09TJK0259,,105.3217,-5.4605,SOEKARNO_HATTA_PIDADA_PL
09TJK0260,,105.3225,-5.4694,PANJANG_SELATAN_PL
09TJK0261,,105.3231,-5.4733,STO_PANJANG_MT
09TJK0262,,105.3262,-5.4322,WAYLAGA_MT
09TJK0263,,105.3266,-5.4839,PELABUHAN_PETIKEMAS_PL
09TJK0264,,105.3267,-5.4916,FAJAR_SRENGSEM_ST
09TJK0265,,105.3311,-5.4985,ISAT_PANJANG_TB
09TJK0266,,105.331,-5.4181,JLPANGERAN_TIRTAYASA_PL
09TJK0267,,105.3326,-5.4232,KEDAMARAN_PL
09TJK0268,,105.3479,-5.5167,SRENGSEM_MT
09TJK0271,,105.2621,-5.4445,SABHARA_POLDA_TB
09TJK0273,,105.3225,-5.4244,CAMPANG_RAYA_REWOK_PL
09TJK0275,,105.2113,-5.3921,PERUM_KEMILING_PL
09TJK0278,,105.2438,-5.365,REKTORAT_UNILA_GT
09TJK0284,,105.2061,-5.4397,BATU_PUTUK_ST
09TJK0286,,105.2592,-5.3822,I2_MALL_BOEMI_KEDATON_MC
09TJK0287,,105.2641,-5.463,PULAU_PASARAN_ST
09TJK0288,,105.3214,-5.4147,CAMPANG_RAYA_PL
09TJK0291,,105.2307,-5.3602,HAJIMENA2_CM
09WMY0001,,105.077,-4.1989,KEJADIAN_MT
09WMY0002,,105.1086,-4.1897,KEBUN_DALAM_IB
09WMY0003,,105.1272,-4.1037,HADI_MULYA_TB
09WMY0004,,105.141,-4.0571,REJO_MULYO_MSJ_GH
09WMY0005,,105.1489,-4.1769,WAY_SERDANG_EP
09WMY0006,,105.167,-4.1881,BUKO_POSO_IB
09WMY0007,,105.1779,-3.9989,WIRA_BANGUN_TB
09WMY0008,,105.1895,-4.0854,GEDUNG_BOGARAJA_TB
09WMY0010,,105.2454,-3.9883,JAYASAKTI_MESUJI_CM
09WMY0011,,105.2486,-4.023,SPG_PEMATANG_TB
09WMY0012,,105.2844,-3.9545,DESA_ADI_LUHUR_MT
09WMY0013,,105.2855,-4.0029,MIN1_MESUJI_MT
09WMY0014,,105.3224,-3.9481,MEKAR_SARI_MSJ_MT
09WMY0015,,105.3384,-3.9909,BRABASAN_TB
09WMY0016,,105.3715,-3.9546,GEDUNG_RAM_CM
09WMY0017,,105.3999,-3.9338,BANGUN_JAYA_MSJ_ST
09WMY0019,,105.4386,-3.9524,WIRA_JAYA_TB
09WMY0020,,105.4406,-4.0072,MARGA_JADI_MT
09WMY0021,,105.4871,-3.8404,WIRALAGA_MT
09WMY0022,,105.5072,-4.0145,EKA_MULYA_TB
09WMY0023,,105.5914,-4.0354,PANGKAL_MAS_MULYA_MT
09WMY0025,,105.7343,-4.1866,RAWA_JITU_BARAT_LAUT_TB
09WMY0026,,105.2824,-3.918,FAJAR_BARU_MT
09WMY0027,,105.5647,-4.0003,TANJUNG_MAS_MAKMUR_MT
09WMY0028,,105.3899,-3.9926,MUARA_TENANG_PL
09WMY0030,,105.3825,-3.8706,TRI_KARYA_MULYA_TB
09WMY0031,,105.2515,-4.0132,SIMPANG_MESUJI_CM
09WMY0032,,105.1645,-4.0041,WIRA_BANGUN2_CM
09WMY0033,,105.1082,-4.1568,PANCA_WARNA_PL
09WMY0034,,105.3148,-4.0081,MUKTI_KARYA_MESUJI_PL
09WMY0035,,105.5461,-3.9738,DESA_TIRTALAGA_PL
09WMY0036,,105.4624,-4.0112,TANJUNG_MENANG_MESUJI_PL
09WMY0037,,105.4628,-4.0338,TEBING_KARYA_MANDI_PL
09WMY0038,,105.4266,-3.9151,TANJUNG_RAYA_MESUJI_PL
09WMY0040,,105.5205,-4.0299,WONOSARI_MESUJI_TMR_PL
09WMY0041,,105.1266,-4.1287,LABUHAN_BATIN_WAYSERDANG_PL
09WMY0042,,105.155,-4.0886,RAJA_WAY_SERDANG_PL
09WMY0043,,105.3465,-3.9715,BRABASAN_TANJUNG_RAYA_PL
09WMY0044,,105.3503,-3.9192,BUJUNG_BURING_TJG_RAYA_PL
09WMY0045,,105.4019,-3.9683,SINAR_LAGA_TANJUNG_RAYA_PL
09WMY0046,,105.2856,-3.9025,FAJAR_INDAH_PANCAJAYA_PL
09WMY0047,,105.7003,-4.1687,SIDANG_KURNIA_AGUNG_PL
09WMY0048,,105.2579,-3.9529,ADIMULYO_PANCA_JAYA_PL
09WMY0049,,105.6594,-4.1232,TLOGO_REJO_RWJITU_UTR_PL
09WMY0050,,105.4935,-4.041,DWI_KARYA_MUSTIKA_PL
09WMY0051,,105.2086,-3.9599,MARGO_RAHAYU_SPG_PEMATANG_PL
09WMY0052,,105.6655,-4.1877,SIDANG_BANDAR_ANOM_PL
09WMY0053,,105.3773,-3.9173,HARAPAN_MUKTI_TJG_RAYA_PL
09WMY0054,,105.4295,-3.8687,PEMKAB_MESUJI_PL
09WMY0055,,105.1898,-4.0468,SUKA_AGUNG_WAY_SERDANG_PL
09WMY0056,,105.1415,-4.0267,AGUNG_BATIN_CM
09WMY0057,,105.2662,-3.9954,AJI_JAYA_MESUJI_TB
09WMY0058,,105.1274,-4.2078,BUMI_HARAPAN_CM
09WMY0059,,105.5835,-3.9823,TANJUNG_MAS_JAYA_CM
09WMY0060,,105.3479,-3.8803,TANJUNG_SARI_MESUJI_CM
09WMY0061,,105.2774,-4.017,TUNAS_BARU_MESUJI_CM
14DMK0001,,110.4857,-6.9443,SAYUNG1_TB
14DMK0002,,110.492,-7.0517,DUSUNDONGKO_CM
14DMK0003,,110.4928,-7.0383,PUCANG_GADING_EP
14DMK0004,,110.4957,-7.0031,KAMPUNGJAMUS_PL
14DMK0005,,110.4958,-7.0315,PLAMONGAN_DMK_MT
14DMK0006,,110.4961,-7.0462,TELOGO_PL
14DMK0007,,110.4969,-6.945,SRIWULAN_PL
14DMK0008,,110.5018,-6.983,PENGGARONG_PL
14DMK0009,,110.5035,-6.9956,DUSUNKRAJAN_PL
14DMK0010,,110.5036,-7.0194,PENGGARON_MT
14DMK0011,,110.5044,-6.9424,SAYUNG_MT
14DMK0012,,110.5051,-7.0411,BATURSARI_PL
14DMK0013,,110.5056,-6.9622,SAYUNG_SELATAN_TB
14DMK0014,,110.5061,-6.9788,WRINGINJAJAR_TB
14DMK0015,,110.5066,-7.0532,KEBONROJO_EP
14DMK0016,,110.5094,-6.9443,SIDOGEMAH_PL
14DMK0017,,110.5101,-7.0267,BATURSARI_KEDUNG_DMK_PL
14DMK0018,,110.5118,-6.9916,MENUR_DMK_MT
14DMK0019,,110.5126,-7.0206,JAGALANRAYA_TB
14DMK0020,,110.5116,-7.0355,SATRIA_MT
14DMK0021,,110.5121,-6.9812,KUDU_DMK_PL
14DMK0022,,110.5169,-7.0267,MRANGGEN_DMK_PL
14DMK0023,,110.518,-6.9658,SAYUNGKRAJAN_PL
14DMK0024,,110.5181,-7.0472,KANGKUNG_2_DMK_MT
14DMK0025,,110.5199,-7.0646,DUKOH_CM
14DMK0027,,110.5209,-7.0303,MRANGGEN_DMK1_IB
14DMK0028,,110.5243,-7.0077,MAKAM_DES_CM
14DMK0029,,110.5251,-6.8979,BOKOPAYUNG_TB
14DMK0030,,110.5322,-7.0289,MRANGGEN_PL
14DMK0031,,110.5341,-6.9324,GEMULAK_PL
14DMK0032,,110.5361,-6.9743,SEDRAN_RAYA_DMK_PL
14DMK0033,,110.5392,-7.0091,TEGALARUM_DMK_MT
14DMK0034,,110.5425,-7.0323,KURIPAN_DMK1_MT
14DMK0035,,110.5448,-7.0565,TELUK_RAYA_TB
14DMK0036,,110.5452,-6.9586,TAMBAKROTO_MT
14DMK0037,,110.5475,-7.0243,KARANGSONO_PL
14DMK0038,,110.5501,-7.0359,KURIPAN_DMK_MT
14DMK0039,,110.5523,-6.8836,SIDOREJO2_MT
14DMK0040,,110.5526,-7.12,DESAJRAGUNG_TB
14DMK0042,,110.5532,-6.8312,TPIBONANG_TB
14DMK0043,,110.5533,-6.9285,KARANGTENGAH_DMK_PL
14DMK0044,,110.5568,-7.0091,WONOREJO_DMK_TB
14DMK0045,,110.5591,-7.0865,TELOGOREJODMK_PL
14DMK0046,,110.5629,-7.0779,TLOGOREJO_ST
14DMK0047,,110.5631,-6.9852,BULUSARISM_TB
14DMK0048,,110.5642,-7.1163,JRAGUNG_CM
14DMK0049,,110.5685,-7.0655,TLOGOREJO_KARANGAWEN_GH
14DMK0050,,110.5687,-6.9963,CANDISARI_CM
14DMK0051,,110.5701,-7.0438,KARANGAWEN_TB
14DMK0052,,110.5719,-6.8411,TRIDONOREJO_BONANG_TB
14DMK0053,,110.5727,-6.9243,RIGA_PL
14DMK0054,,110.5764,-7.059,REJOSARI_TB
14DMK0055,,110.5836,-6.9227,WONOKERTO_DMK_MT
14DMK0056,,110.5836,-7.0455,KARANGAWEN_DMK_PL
14DMK0057,,110.5845,-7.0372,NGASEM_DMK_PL
14DMK0058,,110.5871,-6.8134,BETAHWALANG_CM
14DMK0059,,110.5884,-6.9985,SARIREJO_DMK_CM
14DMK0060,,110.589,-7.0311,BRAMBANGKARANGAWENDEMAK_PL
14DMK0063,,110.5916,-6.8498,BONANGKUDUS_CM
14DMK0064,,110.5956,-7.0161,BRAMBANG_DMK_TB
14DMK0065,,110.5961,-7.0048,PAMONGANPL_PL
14DMK0066,,110.596,-7.0521,CABEAN_KIDUL_TB
14DMK0067,,110.5996,-6.919,KARANGTENGAH_SMG_EP
14DMK0068,,110.6019,-6.9113,KALIKONDANG_EB
14DMK0069,,110.6076,-6.9908,BOGOSARI_CM
14DMK0070,,110.6116,-6.8639,BONANG_MT
14DMK0071,,110.6126,-6.7986,WEDUNG_MT
14DMK0072,,110.6151,-6.9486,DONOREJO_DMK_PL
14DMK0073,,110.6157,-6.9781,GUNTUR_DMK_PL
14DMK0074,,110.6227,-6.9056,DEMETADEMAKBARAT_ST
14DMK0075,,110.6276,-6.9292,WONOSALAM_2_DMK_CM
14DMK0076,,110.6293,-6.8994,ANEKA_TB
14DMK0077,,110.6309,-6.8914,MANGUNJIWANDEMAK_TB
14DMK0078,,110.6323,-6.9122,JOGOLOYO_PL
14DMK0079,,110.633,-6.8995,BOGORAME_PL
14DMK0080,,110.6378,-6.8889,DEMAK_MT
14DMK0081,,110.6383,-6.8777,SINGOREJODEMAK_TB
14DMK0082,,110.6395,-6.898,PONPES_AL_ISLAH_MT
14DMK0083,,110.642,-6.8854,KRAPYAK_BARAT_DMK_PL
14DMK0084,,110.6433,-6.8916,DEMAK_KOTA_EP
14DMK0085,,110.645,-6.8456,JALI_TB
14DMK0086,,110.648,-6.8895,BINTORO_GH
14DMK0087,,110.6491,-6.9008,KADILANGU_DMK_CM
14DMK0088,,110.6551,-6.8869,REJOSARIDMK_PL
14DMK0089,,110.656,-6.7821,DSPASIR_TB
14DMK0090,,110.6581,-6.912,WONOSALAM_DMK_EP
14DMK0091,,110.6617,-6.9115,SIDOMULYO_WONOSALAM_MT
14DMK0092,,110.669,-6.7503,MB_NJUNGPASIR_TB
14DMK0093,,110.6696,-6.9085,SIDOMULYO_DMK_CM
14DMK0094,,110.6729,-6.9266,DRONO_ST
14DMK0095,,110.6766,-6.9609,KALIANYAR_CM
14DMK0097,,110.6766,-6.8827,DEMAKTIMUR_PL
14DMK0098,,110.6831,-6.9422,PENGAPON_DMK_EB
14DMK0099,,110.6834,-6.987,GILI_SARIMULYO_PL
14DMK0100,,110.6927,-6.8807,TRENGGULI_DMK_EB
14DMK0101,,110.6962,-7.0185,KEBON_AGUNG_PL
14DMK0103,,110.7002,-6.8952,KUNCIR_PL
14DMK0104,,110.7011,-6.9573,DEMPETSM_TB
14DMK0105,,110.7012,-6.8683,GENTINGDEMAK_TB
14DMK0107,,110.7091,-6.9361,DEMPETGAJAH_EB
14DMK0108,,110.7125,-6.8526,GENENG_MIJEN_DMK_PL
14DMK0109,,110.7173,-6.8738,GAJAH_DMK2_PL
14DMK0110,,110.7185,-6.9115,GEDANG_ALAS_TB
14DMK0111,,110.7187,-6.7924,WARES_PL
14DMK0112,,110.7193,-6.9752,JERUKGULUNG_DMK_IB
14DMK0113,,110.721,-6.8389,MIJENDMK_MT
14DMK0114,,110.726,-6.8315,MIJEN_DMK_PL
14DMK0115,,110.7314,-6.8716,KUDUSGAJAH_TB
14DMK0116,,110.7355,-7.0236,MANGUNANLOR_TB
14DMK0117,,110.7337,-6.9878,TAMPE_PL
14DMK0118,,110.7357,-6.8695,GAJAH_DMK_EP
14DMK0119,,110.7407,-6.8706,DEMAK1_PL
14DMK0120,,110.7434,-6.9281,HARJOWINANGUN_DMK_ST
14DMK0121,,110.7426,-7.0008,PASEBAN_DMK_TB
14DMK0122,,110.7446,-6.8908,JLRAYA_KUDUS_DEMAK_MT
14DMK0123,,110.7635,-6.9038,MLATIHARJO_MT
14DMK0124,,110.767,-6.8651,CANGKRING_DMK_TB
14DMK0125,,110.7766,-6.8162,BALAI_BAMBU_TB
14DMK0126,,110.782,-6.9153,MEDINI_ST
14DMK0127,,110.787,-6.8264,SETROKALANGAN_PL
14DMK0128,,110.7873,-6.8583,CANGKRING_PL
14DMK0129,,110.7899,-6.8736,PANJUNAN_DMK_GH
14DMK0130,,110.802,-6.8514,KRANYARDMK_PL
14DMK0131,,110.8015,-6.8793,UNDAANLOR_PL
14DMK0133,,110.832,-6.8534,ANJANI_PL
14DMK0134,,110.6787,-6.7942,PASIR_BAWANG_TB
14DMK0135,,110.707,-6.8383,MLATEN_TB
14DMK0137,,110.5905,-6.8816,KRAJANBOGO_IB
14DMK0138,,110.6988,-6.9475,DEMPET_IB
14DMK0139,,110.591,-6.9779,TEMUROSO_PL
14DMK0140,,110.5694,-6.9654,BATU_DEMAK_CM
14DMK0141,,110.52,-6.9394,SAYUNG_DMK_MT
14DMK0142,,110.6769,-6.8449,TURI_REJO_PS
14DMK0145,,110.5955,-6.826,DS_NGAWEN_TB
14DMK0146,,110.757,-6.9407,GEMPOLDENOK_DEMPET_CM
14DMK0147,,110.6297,-6.8343,WEDING_BONANG_TB
14DMK0148,,110.5713,-6.8988,REJOSARI_KARANGTENGAH_CM
14DMK0149,,110.6216,-6.7786,BUNGO_WEDUNG_IB
14DMK0150,,110.6422,-6.973,BUMIHARJO_GUNTUR_PL
14DMK0151,,110.5393,-7.0718,MARGOHAYU_KARANGAWEN_IB
14DMK0152,,110.6551,-6.9471,TLOGODOWO_WONOSALAM_PL
14DMK0153,,110.5687,-6.8723,KARANGREJO_BONANG_PL
14DMK0154,,110.7166,-6.998,BABAT_KEBONAGUNG_IB
14DMK0155,,110.6901,-6.9277,GETAS_WONOSALAM_CM
14DMK0156,,110.692,-6.7701,KRAJAN_DEMAK_IB
14DMK0157,,110.7777,-6.8915,KLANTANG_DEMAK_PL
14DMK0158,,110.7596,-6.9734,BRAKAS_DEMAK_IB
14DMK0159,,110.5846,-6.95,PDKSARI_DEMAK_IB
14DMK0162,,110.4979,-7.0889,MRANGGEN_DEMAK_PL
14DMK0163,,110.542,-6.9959,TEGALARUM_DEMAK_PL
14DMK0164,,110.5795,-7.009,GUNTUR_DEMAK_PL
14DMK0168,,110.7209,-6.9627,DUNGKUL_DEMAK_PL
14DMK0169,,110.5543,-6.979,BLERONG_DEMAK_PL
14DMK0170,,110.5083,-6.9532,LENGKONG_DEMAK_PL
14DMK0171,,110.5386,-7.0427,KALITENGAH_DEMAK_TB
14KLT0001,,110.4908,-7.6681,KEPURUN_EP
14KLT0002,,110.4917,-7.6127,WISANGGENI_AG
14KLT0003,,110.4918,-7.7022,SOLODIRAN_BM
14KLT0004,,110.4943,-7.7369,PRAMBANAN_MT
14KLT0005,,110.4949,-7.7441,MI_BOKOHARJO1_BA
14KLT0006,,110.4954,-7.7556,PRAMBANAN1_TB
14KLT0007,,110.4961,-7.6948,MANISRENGGOSM_TB
14KLT0008,,110.4971,-7.7514,KARANGPUTIH_PL
14KLT0009,,110.5025,-7.7471,TIRTONIRMOLO_KLT_PS
14KLT0010,,110.5023,-7.7222,MANISRENGGO_PL
14KLT0011,,110.5036,-7.6287,BANJARSARI_KLT_TB
14KLT0012,,110.5061,-7.7514,KALASAN_KLT_MT
14KLT0013,,110.5108,-7.6802,SUKORINI_KLT_BM
14KLT0014,,110.5121,-7.6055,BUMIHARJO_KLT_PL
14KLT0015,,110.5122,-7.7512,KEMUDO2_TB
14KLT0016,,110.5199,-7.7134,SOMORANGEN_PL
14KLT0017,,110.5212,-7.6666,KEMALANG_EP
14KLT0018,,110.5216,-7.7036,GONDANGKLT_MT
14KLT0019,,110.5236,-7.745,JOGONALAN_EP
14KLT0021,,110.528,-7.6699,SOMOKATON_BM
14KLT0022,,110.5286,-7.7418,MUTIHAN_MT
14KLT0023,,110.5294,-7.6985,TAMBAKAN_KLT_ST
14KLT0024,,110.5311,-7.7609,SENGON_KLT_PL
14KLT0025,,110.5344,-7.6371,KEMALANGUTARA_PL
14KLT0026,,110.5365,-7.7394,PRADAN_AG
14KLT0027,,110.5377,-7.7255,TEGALMASBRPL_PL
14KLT0028,,110.5406,-7.7879,KERTEN_KLATEN_TB
14KLT0029,,110.5412,-7.7485,KROGATEN_KLT_AG
14KLT0030,,110.5429,-7.6763,JETIS2_KLT_BM
14KLT0032,,110.5441,-7.728,PRAWATAN2_PL
14KLT0033,,110.5505,-7.7262,KALIWORO_CM
14KLT0035,,110.5531,-7.6719,KARANGNONGKO_KLT_MT
14KLT0036,,110.5541,-7.742,GONDANGSELATAN_PL
14KLT0037,,110.5581,-7.7219,TEGALMAS_MT
14KLT0038,,110.5584,-7.7323,KWIRAN_PLAWIKAN_IB
14KLT0039,,110.5605,-7.7014,MENDENKEBONARUM_MT
14KLT0040,,110.562,-7.6292,KAYUMAS_TB
14KLT0041,,110.5622,-7.7516,SUMARDIMAN_KLT_TB
14KLT0042,,110.5644,-7.6952,GONDANGKLT2_TB
14KLT0043,,110.5655,-7.673,DEMAKIJO_ST
14KLT0044,,110.5671,-7.7693,GANTIWARNO_MT
14KLT0045,,110.5715,-7.7313,POKAHAN_MT
14KLT0046,,110.5717,-7.7186,TRUNUH_MT
14KLT0047,,110.574,-7.7381,TANGKISAN_POS_PL
14KLT0048,,110.5759,-7.6218,SOCOKANGSIJATINOM_ST
14KLT0050,,110.5778,-7.6089,POMAH_KLT_TG
14KLT0051,,110.5781,-7.6446,KARANGKEDEMPEL_PL
14KLT0052,,110.5791,-7.6783,MANJUNG_KLT_TB
14KLT0053,,110.5803,-7.7034,MLARAN_PL
14KLT0054,,110.5808,-7.7206,MERBUNG_MT
14KLT0056,,110.5831,-7.7346,DANGURAN_PL
14KLT0057,,110.5836,-7.763,GEBAL_KULON_PL
14KLT0058,,110.5854,-7.6838,DUWET_KLT_TB
14KLT0059,,110.5873,-7.661,KEPILKLATEN_MT
14KLT0060,,110.5905,-7.7865,KARANGTURI_KLT_ST
14KLT0061,,110.5896,-7.7132,TEGALYOSOKLTN_MT
14KLT0062,,110.5926,-7.626,SOCOKANGSI_AG
14KLT0063,,110.5931,-7.6618,NGAWEN3_ST
14KLT0064,,110.5942,-7.7264,SINDEN_PL
14KLT0065,,110.5958,-7.7743,PASUNG_GH
14KLT0066,,110.5967,-7.7126,CANDISEWUFMKLATENSELATAN_HS
14KLT0067,,110.5971,-7.7013,KLATEN_BRT_EP
14KLT0068,,110.598,-7.6967,SEKARSULI_TV
14KLT0069,,110.599,-7.715,TONGGALAN_MT
14KLT0070,,110.5992,-7.7838,WEDIPANDES_MT
14KLT0071,,110.5994,-7.603,BEJI_KLATEN_PL
14KLT0072,,110.6004,-7.7469,PSSAWO_PL
14KLT0073,,110.6011,-7.6308,JATINOM_KLT_EP
14KLT0074,,110.6014,-7.6877,JEBUGAN_TB
14KLT0075,,110.602,-7.7262,JETIS_KLT_AG
14KLT0076,,110.6027,-7.6794,NGAWEN2_GH
14KLT0077,,110.6033,-7.7109,STASIONKLATEN_EP
14KLT0078,,110.6044,-7.7075,PARANGKUSUMO_STP_ST
14KLT0079,,110.605,-7.6994,BARENGKLATENTENGAH_MT
14KLT0080,,110.6066,-7.6864,PERUMDAKLATEN_MT
14KLT0081,,110.61,-7.6209,PULUHAN_BM
14KLT0082,,110.6108,-7.6495,JAMBEYAN_PL
14KLT0083,,110.6108,-7.6754,NGAWENKLT_PL
14KLT0085,,110.6121,-7.6997,KLATEN_PL
14KLT0086,,110.6121,-7.705,BARENGLOR_EP
14KLT0087,,110.6118,-7.7723,KEL_TROTOK_PL
14KLT0088,,110.6153,-7.6854,KLATENUTARA_TB
14KLT0089,,110.6154,-7.6092,MAJEGAN_BM
14KLT0090,,110.6161,-7.7495,SEMBUNG_KLT_PL
14KLT0091,,110.6168,-7.7147,SRAGO_PL
14KLT0092,,110.6168,-7.6992,HOTEL_BIMA_KLT_PL
14KLT0094,,110.6182,-7.7357,KALIKUNING_PL
14KLT0095,,110.6191,-7.6862,JONGGRANGAN_TB
14KLT0096,,110.6216,-7.5903,TULUNGSM_TB
14KLT0097,,110.6231,-7.6706,DUKUHKARASAN_KIN_KN
14KLT0098,,110.6241,-7.686,GERGUNUNG_EP
14KLT0099,,110.6252,-7.7056,SOKO_KLT_MT
14KLT0100,,110.6254,-7.7856,PESU_PL
14KLT0101,,110.6258,-7.6799,GRIYA_PRIMA_GH
14KLT0102,,110.628,-7.7165,KALIKOTES1_ST
14KLT0103,,110.6281,-7.7299,KALIKOTES_MT
14KLT0104,,110.6282,-7.6524,CIBRI_PL
14KLT0105,,110.6285,-7.6914,KETANDAN2_IB
14KLT0106,,110.6284,-7.698,GEMBLENGANMT_MT
14KLT0107,,110.6314,-7.6811,RSI_KLATEN_INDOOR_TB
14KLT0108,,110.6318,-7.6142,MB_PONGGOKKLT_MT
14KLT0109,,110.632,-7.6692,CANDI_REJO_BM
14KLT0110,,110.6335,-7.7529,WADUKJOMBOR_MT
14KLT0112,,110.6355,-7.625,KARANGANOMUTR_KN
14KLT0113,,110.6361,-7.7077,KRAJAN_KLT_PL
14KLT0114,,110.6366,-7.688,KLATEN2RSI_MT
14KLT0115,,110.6374,-7.7632,BAYAT_KLT1_ST
14KLT0116,,110.6383,-7.7867,BAYAT_KLT3_TB
14KLT0117,,110.6391,-7.6859,KETANDAN_KLT_EP
14KLT0118,,110.6408,-7.6918,KLATEN1_PL
14KLT0119,,110.6411,-7.6519,BEKUKRGANOM_MT
14KLT0120,,110.6443,-7.677,MEGER_BM
14KLT0121,,110.6446,-7.6007,COKROTULUNG_EP
14KLT0122,,110.6468,-7.7628,BAYAT_KLT2_MT
14KLT0123,,110.6469,-7.7276,WANGLU_TB
14KLT0124,,110.6482,-7.6086,KARANGLO3_ST
14KLT0125,,110.6483,-7.6606,TROSO_KLT_TB
14KLT0126,,110.6499,-7.7074,SAMBER_PL
14KLT0127,,110.6533,-7.6957,SABRANGLOR_MT
14KLT0128,,110.6561,-7.6725,CEPER_EP
14KLT0129,,110.6574,-7.7833,BANYURIPAN_PL
14KLT0130,,110.6577,-7.5933,TAMBAK_IKAN_GT
14KLT0131,,110.6605,-7.6857,PAKBO_PL
14KLT0132,,110.6621,-7.6478,ALMANAR_PL
14KLT0133,,110.6627,-7.7358,KALIKEBO_ST
14KLT0134,,110.6639,-7.7501,WIRO_TB
14KLT0135,,110.6652,-7.618,KAUMAN2_BM
14KLT0136,,110.6673,-7.7805,JAMBAKAN_TB
14KLT0137,,110.6676,-7.703,SUBANDRIYO_GH
14KLT0138,,110.6681,-7.7213,TRUCUK_EP
14KLT0139,,110.6675,-7.634,SRIBIT_TB
14KLT0140,,110.6717,-7.6083,POLANHARJO_TB
14KLT0141,,110.675,-7.7724,KALIMANGU_TB
14KLT0142,,110.6751,-7.6665,BATUR_EP
14KLT0143,,110.6767,-7.6601,KLEPUCEPER_MT
14KLT0144,,110.6767,-7.6901,PEDANUTARA_MT
14KLT0145,,110.6772,-7.7207,PULUHAN3_ML
14KLT0146,,110.6794,-7.6746,CEPER2_KLT_PL
14KLT0147,,110.686,-7.7947,CAWASSELATAN_PL
14KLT0148,,110.6862,-7.6099,SEGARAN2_CM
14KLT0149,,110.6872,-7.5882,SIDOWAYAH2_TB
14KLT0150,,110.6873,-7.7337,PULUHAN2_BM
14KLT0151,,110.6874,-7.8028,NGERANGAN_GH
14KLT0152,,110.6875,-7.6658,NGAWONGGO_KLT_TV
14KLT0153,,110.6877,-7.7526,PLANGGU_BM
14KLT0154,,110.6875,-7.7066,RGWARSITO_TB
14KLT0155,,110.6881,-7.7153,MANDONG_KLT_ML
14KLT0156,,110.6893,-7.6409,DELANGGU2_MT
14KLT0157,,110.6901,-7.6707,NGAWONGGO_TB
14KLT0159,,110.6921,-7.7795,KEDUNGAMPEL_PL
14KLT0160,,110.693,-7.6509,KRAJANGATAK_PS
14KLT0161,,110.6957,-7.6864,KEDUNGAN_PL
14KLT0162,,110.697,-7.7621,CAWAS_EP
14KLT0163,,110.6981,-7.6274,SABRANG_KLT_IB
14KLT0164,,110.6986,-7.6967,TAMBAKBOYO_KLT_IB
14KLT0165,,110.7012,-7.6175,DELANGGU_EP
14KLT0166,,110.7019,-7.7562,REJOSARI_KLT_TB
14KLT0167,,110.7023,-7.6005,TEGALGONDO_PL
14KLT0168,,110.7034,-7.6934,KUSUMATEX_MT
14KLT0169,,110.7039,-7.6693,BATUR_TIMUR_PL
14KLT0170,,110.7051,-7.7287,GOMBANGCAWAS_MT
14KLT0171,,110.7045,-7.6299,DELANGGU_KIN_KN
14KLT0172,,110.706,-7.7127,PEDAN2_PL
14KLT0173,,110.7077,-7.6373,PUNDUNGAN_MT
14KLT0174,,110.7081,-7.6992,PEDAN_ST
14KLT0175,,110.709,-7.786,NANGGULAN_KLT_PL
14KLT0177,,110.7167,-7.6921,RYCO_BRAMBANG_PL
14KLT0178,,110.7191,-7.7509,TIRTOMARTO_PL
14KLT0180,,110.721,-7.5963,BOLALI_KLT2_TB
14KLT0182,,110.7217,-7.7201,NGETAK_PL
14KLT0183,,110.7225,-7.6723,PERENG_PEDAN_MT
14KLT0184,,110.7228,-7.6311,DESA_JELOBO_TB
14KLT0185,,110.7246,-7.6533,JUWIRING_EP
14KLT0186,,110.7269,-7.7005,TAMBAK_KLT_PL
14KLT0188,,110.7321,-7.6165,PANDANANWONOSARI_ST
14KLT0189,,110.7351,-7.6762,BAKUNGANSM_TB
14KLT0190,,110.7377,-7.6564,KENAIBAN_ML
14KLT0191,,110.7378,-7.7332,WIROWIDI_KLT_PL
14KLT0192,,110.7381,-7.6138,WNSR_KLTSM_TB
14KLT0193,,110.7386,-7.7078,KARANG_DOWO_TB
14KLT0196,,110.7497,-7.6658,KETITANG_PL
14KLT0197,,110.7534,-7.6443,JELOBO_EP
14KLT0198,,110.7532,-7.6225,JATEN_KLT_PL
14KLT0199,,110.7567,-7.6906,BLUEMAJASTOTAWANGSARI_TB
14KLT0200,,110.7623,-7.6824,SLIMPING_GT
14KLT0202,,110.7727,-7.6737,SERENAN_EP
14KLT0203,,110.7872,-7.6531,SONOREJO_KLT_BM
14KLT0204,,110.7217,-7.6626,SAWAHAN_PL
14KLT0205,,110.551,-7.654,GEMAMPIR_TB
14KLT0207,,110.5766,-7.7815,PSBALONG_PL
14KLT0208,,110.7301,-7.6896,NGOLODONO_PL
14KLT0209,,110.5433,-7.7708,MUTIHAN_PL
14KLT0210,,110.6114,-7.5806,MALANGAN_TB
14KLT0211,,110.7212,-7.6069,SEKARAN_PL
14KLT0212,,110.7673,-7.6541,TAJI_PL
14KLT0213,,110.5254,-7.7754,SENGON_PL
14KLT0214,,110.7427,-7.5999,DUWET_PL
14KLT0215,,110.5156,-7.732,BRAJAN_PL
14KLT0216,,110.6487,-7.6277,BORONGAN_MT
14KLT0217,,110.616,-7.6336,SOROPATEN_TB
14KLT0218,,110.542,-7.7099,TAMBAKWATU_TB
14KLT0219,,110.5953,-7.6495,GEDAREN_TB
14KLT0220,,110.6331,-7.5961,DALEMAN_TULUNG_TB
14KLT0221,,110.7092,-7.767,BAREPAN_PL
14KLT0222,,110.728,-7.755,JAPANAN_DUSUN_TB
14KLT0223,,110.5073,-7.7019,NANGSRI_PL
14KLT0224,,110.5474,-7.6124,KARANGANYAR_JATINOM_CM
14KLT0226,,110.4909,-7.5838,KEMALANG_KLATEN_PL
14KLT0227,,110.6662,-7.6638,PETUNG_KLATEN_PL
14KLT0228,,110.614,-7.66,MANJUNGAN_KLATEN_PL
14KLT0229,,110.6009,-7.7353,DEPO_KLATEN_PL
14KLT0230,,110.746,-7.6376,JELOBO_KLATEN_TB
14KLT0231,,110.5496,-7.6939,MENDEN_KLATEN_CM
14KLT0232,,110.5161,-7.6543,DOMPOL_KLATEN_PL
14KLT0233,,110.5853,-7.5956,KEMIRI_KLATEN_PL
14KLT0234,,110.5658,-7.6853,NGRUNDUL_KLATEN_ST
14KLT0235,,110.6747,-7.644,PRASUAN_KLATEN_PL
14KLT0236,,110.6715,-7.7445,TRUCUK_KLATEN_PL
14KLT0237,,110.7217,-7.7327,SUMBER_KLATEN_ST
14KLT0238,,110.5212,-7.7591,GENENG_KLATEN_ST
14KLT0239,,110.7421,-7.7223,GUNUNGMOJO_KLA_ST
14KLT0240,,110.6708,-7.7127,MIRENG_KLATEN_MT
14KLT0241,,110.5793,-7.7472,WEDI_KLATEN_MT
14KLT0242,,110.617,-7.6924,PANDEYAN_KLATEN_MT
14KND0001,,109.9627,-7.1182,TENING_PL
14KND0002,,109.9679,-7.1002,PLANTUNGAN_PL
14KND0004,,109.9891,-7.0474,WADAS_EP
14KND0005,,109.9971,-7.1348,TAMANREJOIT_TB
14KND0006,,110.0143,-7.0849,SELOKATONKDL_EP
14KND0008,,110.0382,-7.0915,KIRINGAN_MT
14KND0009,,110.0443,-7.0742,KRIKIL_TB
14KND0010,,110.0411,-7.0444,PAGERUYUNG_EP
14KND0011,,110.0466,-7.0869,SUKOREJO_KND_PL
14KND0012,,110.0488,-6.9342,ROWOSARI_MT
14KND0013,,110.0514,-6.9206,GEMPOLSEWU_PL
14KND0014,,110.0521,-6.9694,WELERIBARAT_MT
14KND0015,,110.0568,-6.943,ROWOSARI2_ST
14KND0016,,110.0574,-6.9697,WELERI_KND2_TB
14KND0017,,110.0611,-7.096,TRISNO_CEMORO_IB
14KND0018,,110.0645,-6.9645,PENARUBAN_WELERI_PL
14KND0019,,110.0706,-6.974,STOWELERI_MT
14KND0020,,110.0716,-6.9907,SIDOMUKTI_KND1_PL
14KND0021,,110.0747,-6.9388,REDSPOT_MT
14KND0022,,110.0751,-6.9939,SIDOMUKTI_KND_MT
14KND0023,,110.0752,-6.956,MONTONGSARI_CM
14KND0024,,110.079,-6.9784,WALERI_PL
14KND0025,,110.0811,-6.9649,WELERI_KND1_MT
14KND0026,,110.0875,-6.9546,WONOTENGGANG_PL
14KND0027,,110.0878,-6.9318,SENDANGKULONKANGKUNG_CM
14KND0028,,110.0902,-6.9881,TEJOREJO_RINGINARUM_MT
14KND0029,,110.0927,-7.0911,PATEAN_KND_PL
14KND0030,,110.0943,-6.9243,POJOKSARI_ST
14KND0031,,110.1013,-6.952,PUCANGREJO_PL
14KND0032,,110.1058,-6.9926,GEMUHWRINGINARUM_CM
14KND0033,,110.1061,-6.9832,TEGOREJO_KDL_EP
14KND0034,,110.1128,-6.9458,GEMUH_CM
14KND0035,,110.1149,-6.9655,PONCOREJOGEMUH_KND_ST
14KND0036,,110.1177,-7.0075,KEDUNGSARIGEMUH_TB
14KND0037,,110.1205,-6.9183,KANGKUNG_2_KND_PL
14KND0038,,110.1253,-6.9393,KANGKUNG_CM
14KND0039,,110.1263,-6.9825,STOKIS_PL
14KND0040,,110.1287,-6.9517,JOHOREJO_CM
14KND0041,,110.1302,-6.9899,CEPOKOMULYO_MT
14KND0042,,110.1307,-6.9103,TANJUNGMOJO_PL
14KND0043,,110.1311,-6.9942,SOJOMERTO_KND_PL
14KND0044,,110.1322,-6.9361,KRAJAN_KND_PL
14KND0045,,110.1373,-6.9181,TANJUNGMOJO_KANGKUNG_PL
14KND0046,,110.1386,-6.9731,TEGOREJO_KND_PL
14KND0047,,110.1439,-6.9675,GEMUH1_TB
14KND0049,,110.1452,-6.9416,BOTOMULYO_CEPIRING_PL
14KND0050,,110.1454,-6.9236,CEPIRING1_MT
14KND0051,,110.1455,-6.9073,ALMUTAQIN_ST
14KND0052,,110.1458,-7.0914,SINGOROJO_MT
14KND0053,,110.1484,-6.916,KARANGAYU_PL
14KND0054,,110.149,-6.9484,PODOSARI_ST
14KND0055,,110.1512,-6.9092,SIDOMULYO_CEPIRING_PL
14KND0056,,110.1513,-6.9627,PEGANDON_MT
14KND0057,,110.1526,-6.9991,HKASWAN_ST
14KND0058,,110.1538,-6.9269,CEPIRING_MT
14KND0059,,110.1543,-6.9753,CEGUNAN_ST
14KND0060,,110.1551,-6.9348,KEBONHARJO2_PATEBON_PL
14KND0061,,110.1551,-6.902,IMPJUWIRING_ST
14KND0062,,110.1554,-6.9193,DAMARSARI1_CEPIRING_PL
14KND0063,,110.1601,-6.9113,DAMARSARI2_CEPIRING_PL
14KND0064,,110.1607,-6.9246,CEPIRING_CEPIRING_PL
14KND0065,,110.1631,-6.9289,KEBONHARJO_PATEBON_CM
14KND0066,,110.1657,-6.9195,PURWOSARI_PATEBON_MT
14KND0067,,110.1667,-6.8998,PIDODOKULON_MT
14KND0068,,110.1688,-6.9115,KUMPULREJO_PATEBON_MT
14KND0069,,110.1683,-6.8834,PIDODOKULON1_PL
14KND0070,,110.1711,-6.9411,MARGOSARIKENDAL_MT
14KND0071,,110.1713,-6.8918,KOROWELANGANYAR_PL
14KND0072,,110.1727,-6.9848,SUMBERSARI_KDL_PL
14KND0073,,110.1755,-6.9635,MASITOH_KND_MT
14KND0074,,110.1769,-7.0113,WONOSARI_JATIREJO_MT
14KND0075,,110.1776,-6.8954,PIDODO_ST
14KND0076,,110.1782,-6.9233,PATEBON_EP
14KND0077,,110.1809,-6.9496,BULUGEDEPATEBON_CM
14KND0078,,110.1822,-6.9067,BANGUNREJO_PATEBON_PL
14KND0079,,110.1822,-6.9317,PURWOKERTO_KND_TB
14KND0080,,110.1859,-6.9207,BUGANGIN_TB
14KND0081,,110.1882,-6.9822,KEBONAGUNGNGAMPEL_MT
14KND0082,,110.191,-6.9758,TELKOMSELNGEMPAL_MT
14KND0083,,110.1911,-6.9545,SUKODONO_KND_EP
14KND0084,,110.1919,-6.9348,JOTANG_PL
14KND0085,,110.194,-6.9406,JOTANG2_KENDAL_PL
14KND0086,,110.1941,-6.9992,TUNGGULSARI_KND_TB
14KND0087,,110.1955,-6.9194,KENDALBARAT_CM
14KND0088,,110.1956,-6.9496,SUKODONOI_PL
14KND0089,,110.1972,-6.928,LANGENHARJO_KND_IB
14KND0090,,110.1984,-6.9211,KENDAL_KND_MT
14KND0091,,110.1983,-7.1525,KALIPUTIH_MT
14KND0092,,110.1986,-6.8794,KARTIKAJAYAKENDAL_MT
14KND0093,,110.2028,-6.9352,TROMPO_MT
14KND0094,,110.2052,-6.9254,KEBONDALEM2_TB
14KND0095,,110.2054,-6.9497,CANDIROTO_KENDAL_PL
14KND0096,,110.2059,-6.9196,NGILIR_MT
14KND0097,,110.2065,-6.9095,BANDENGAN_KND_CM
14KND0098,,110.2106,-7.0326,KEDUNGSUREN_MT
14KND0099,,110.2107,-6.9347,KARANGSARI_KENDAL_PL
14KND0101,,110.2114,-6.9611,SIWALAN_KND_PL
14KND0102,,110.2133,-6.9659,PILANG_KND_MT
14KND0103,,110.2142,-7.083,SINGOREJO_TB
14KND0104,,110.2156,-6.8998,BANDENGAN_KENDAL_PL
14KND0105,,110.2155,-6.9293,BANYUTOWO_BM
14KND0106,,110.2177,-7.1209,BANYURINGIN_PL
14KND0107,,110.2191,-6.9424,BRANGSONG1_MT
14KND0108,,110.2245,-6.9446,BRANGSONG_KND1_MT
14KND0109,,110.2285,-6.9496,BRANGSONG_KND2_TB
14KND0110,,110.2333,-6.9714,LINGGAJATIPLANTARANKENDAL_MT
14KND0111,,110.2398,-7.0085,KEDUNGSUREN_KALIWUNGUSLT_PL
14KND0112,,110.2401,-6.9533,KARANGTGH_KND_PL
14KND0113,,110.2411,-6.9652,TANGKISAN_KND_MT
14KND0114,,110.2449,-6.9668,PLANTARAN_TB
14KND0115,,110.2462,-6.9727,MAGELUNG_PL
14KND0116,,110.2477,-6.9813,SEPETEK_MT
14KND0117,,110.2492,-6.9643,KRAJANKULONI_MT
14KND0118,,110.2499,-6.9573,KRAJANKULON_MT
14KND0120,,110.2546,-6.9753,NOLOKERTO_GH
14KND0121,,110.2557,-7.1061,BEBENGAN_MT
14KND0122,,110.2564,-6.9584,KUTOARJOKALIWUNGU_MT
14KND0123,,110.2571,-6.9693,KALIWUNGU_KND_EP
14KND0124,,110.2571,-7.0551,KERTOSARI_KND_PL
14KND0126,,110.2632,-6.9623,KUTOHARJO_TB
14KND0127,,110.2635,-6.9709,NOLOKERTOKALIWUNGU1_CM
14KND0128,,110.2641,-6.9496,MOROSARI_MT
14KND0129,,110.2672,-7.0901,BOJA_KND1_PL
14KND0130,,110.2691,-7.1053,BOJA_KND2_TB
14KND0131,,110.2705,-7.1014,BOJA1_PL
14KND0132,,110.2712,-6.9663,SUMBEREJO2_TB
14KND0133,,110.2736,-6.9724,KLANGSEN_PL
14KND0134,,110.2761,-6.9697,SUMBEREJO1_KALIWUNGU_PL
14KND0135,,110.2847,-7.1091,TAMPINGAN_MT
14KND0136,,110.285,-6.9681,GAMBILANGU_PL
14KND0137,,110.2866,-7.1495,LIMBANGAN_KND_MT
14KND0138,,110.2862,-7.1411,LIMBANGAN_KND1_PL
14KND0139,,110.2911,-7.1814,SMBRRAHAYU_TB
14KND0140,,110.292,-7.0918,GRENDEM_CM
14KND0141,,110.2928,-6.9324,MOROREJOKALIWUNGU_ST
14KND0142,,110.2992,-7.08,ROWOSARI1_PL
14KND0143,,110.3008,-7.1088,NGABEANBOJA_PL
14KND0144,,110.3027,-7.1253,HARJO_GEDE_CM
14KND0145,,110.3184,-7.141,TMNREJOBOJA_MT
14KND0146,,110.324,-7.1385,PUGUHLIMBANGAN_ST
14KND0147,,110.3461,-7.0941,POLAMAN_MT
14KND0148,,109.9849,-7.1723,BANTENGSARI_ST
14KND0149,,110.2576,-6.9884,MAGELUNG_IB
14KND0150,,110.0337,-7.1203,PAKISAN_PL
14KND0151,,110.1442,-6.9335,KARANG_SUNO_IB
14KND0153,,110.2165,-6.9862,MB_KM402
14KND0154,,110.2716,-6.9291,WONOREJO_KIK_PL
14KND0155,,110.2563,-6.9388,KARANGTENGAH_PL
14KND0156,,110.2431,-6.9297,PURWOKERTO_BRANGSONG_CM
14KND0157,,110.0967,-6.9703,CARUBAN_RINGINARUM_CM
14KND0161,,110.0573,-7.0503,TEMBELANG_KENDAL_TB
14KND0162,,110.2662,-7.0082,DARUPONO_KENDAL_MT
14KND0163,,110.0225,-7.0639,KRAJAN_KENDAL_TB
14KND0164,,110.0737,-7.1072,WIROSARI_KENDAL_PL
14KND0165,,110.2789,-7.1247,MASIRAN_KENDAL_TB
14KND0166,,110.108,-6.9119,KRGMALANG_KENDAL_PL
14KND0167,,110.2156,-6.9857,PENJALIN_KM402
14KND0168,,110.286,-7.062,TRISOBO_KENDAL_MT
14KND0170,,110.0709,-7.0844,PATEAN_KENDAL_ST
14KND0171,,110.2141,-6.9844,PENJALIN_KENDAL_MT
14KND0172,,110.3184,-7.1079,KLIRIS_KENDAL_PL
14KND0173,,110.0644,-6.9311,BULAK_KENDAL_ST
14KND0174,,110.2623,-6.922,KIK_2_PL
14KND0176,,110.2516,-6.9495,KALIWUNGU_KIK
14MGL0001,,110.2056,-7.4932,XBENING_MGL_PL
14MGL0002,,110.2066,-7.4979,JURANGOMBOSELATAN_PL
14MGL0003,,110.2091,-7.4903,JURANGOMBO_PL
14MGL0004,,110.2114,-7.4719,KPTULUNG_CM
14MGL0005,,110.2113,-7.496,MERTOYUDAN_MGL_PL
14MGL0006,,110.2138,-7.4821,SUNGAI_PROGO_MT
14MGL0007,,110.215,-7.4866,MAGELANGUTRPL_PL
14MGL0008,,110.2166,-7.4649,JLKUSUMABANGSA_MT
14MGL0009,,110.2169,-7.4584,POTROBNGSN_MT
14MGL0010,,110.2171,-7.4757,STOMAGELANG_MT
14MGL0011,,110.2191,-7.4614,POTROBANGSAN_EP
14MGL0012,,110.2195,-7.4863,MAGELANGUT_EP
14MGL0013,,110.2201,-7.4776,MAGELANGPOS_EP
14MGL0014,,110.2205,-7.4526,KEDUNGSARI_MGL_EP
14MGL0015,,110.2228,-7.4938,PAGEJUGAN_MGL_BL
14MGL0016,,110.2231,-7.4733,CACABAN_MGL_MT
14MGL0017,,110.2234,-7.4579,RADIO_POLARIS_HS
14MGL0018,,110.2241,-7.4691,DESA_KALISARI_CM
14MGL0019,,110.2253,-7.4649,RSTMAGELANG_PL
14MGL0020,,110.2273,-7.4435,BINSRA_MGL_MT
14MGL0021,,110.2261,-7.5015,TIDAR_SLT_ST
14MGL0022,,110.2262,-7.4751,GELANGAN2_PL
14MGL0023,,110.2269,-7.4976,MB_MCJRO_PEMUDAMGL_MT
14MGL0024,,110.2273,-7.4805,SRIWIJAYA_MGL_CM
14MGL0025,,110.2304,-7.4889,MAGELANG_TENGAH_TB
14MGL0026,,110.2311,-7.4787,MAGELANGTM_EP
14MGL0027,,110.2153,-7.4461,KRAMAT_SELATAN_TB
14MKD0001,,110.0571,-7.5231,RANDUSARI_MKD_TB
14MKD0002,,110.074,-7.4538,MARUNGAN_TB
14MKD0003,,110.0788,-7.5432,KALIABU_TB
14MKD0004,,110.085,-7.5667,MARGOYOSOMGL_TB
14MKD0005,,110.0898,-7.4397,PUNCAKTUGU_PL
14MKD0006,,110.0961,-7.5179,KAJORAN2_CM
14MKD0007,,110.099,-7.4987,KAJORAN_MT
14MKD0008,,110.1007,-7.4872,SIDOWANGI_PL
14MKD0009,,110.1031,-7.5589,SAHABAT_TB
14MKD0010,,110.11,-7.4613,KALIANGKRIK_ST
14MKD0011,,110.1127,-7.422,NGENDROKILO_MT
14MKD0012,,110.1259,-7.5866,MENOREH_MKD_MKD1_CM
14MKD0013,,110.1282,-7.4367,BALEREJO_MKD_TB
14MKD0014,,110.1309,-7.58,SALAMAN3_TB
14MKD0015,,110.1319,-7.5994,MENOREH_MKD_MKD2_ST
14MKD0016,,110.1352,-7.5583,TANGGULREJO_TB
14MKD0017,,110.14,-7.5802,SALAMAN_EP
14MKD0018,,110.1418,-7.469,BESERAN_BM
14MKD0019,,110.148,-7.6136,PARIPURNO_TB
14MKD0020,,110.1498,-7.5734,BANJARHARJO_MKD_ST
14MKD0021,,110.1495,-7.4485,KALEGENSM_TB
14MKD0022,,110.1522,-7.5483,METESEH_MKD_MT
14MKD0023,,110.1547,-7.5287,JOGOMULYO_BM
14MKD0024,,110.1568,-7.3958,WINDUSARI_ST
14MKD0025,,110.1601,-7.5903,SALAMAN1_PL
14MKD0026,,110.167,-7.5438,TEMPURANMKD_MT
14MKD0027,,110.1672,-7.5622,SIDOAGUNG_TB
14MKD0028,,110.1686,-7.5395,TEMPURAN_MKD_PL
14MKD0029,,110.1715,-7.594,TEGALARUM_MKD1_TB
14MKD0030,,110.1721,-7.5359,SUMBERARUM_MKD_MKD2_PS
14MKD0031,,110.1734,-7.55,SUMBERARUM_MKD_MKD1_CM
14MKD0032,,110.1781,-7.4024,WINDUSARI2_TB
14MKD0033,,110.1792,-7.5285,TEMPUREJO2_TB
14MKD0034,,110.1795,-7.4972,SEMALI_MKD_MT
14MKD0035,,110.185,-7.465,BANDONGAN_EP
14MKD0036,,110.1871,-7.5293,BABRIKTEMPUREJO_CM
14MKD0037,,110.1898,-7.4299,KYAI_AROF_PL
14MKD0038,,110.1906,-7.6192,MNGARGORETNO_TB
14MKD0039,,110.1908,-7.5994,NGADIHARJO_MKD_PL
14MKD0040,,110.1916,-7.5438,JOGONEGORO_CM
14MKD0041,,110.1917,-7.5327,KLENTENGAN_PL
14MKD0042,,110.1929,-7.5256,SUKOREJO_MKD_MT
14MKD0043,,110.1938,-7.4712,RIAN_CHANDRA_PL
14MKD0044,,110.194,-7.5169,TANJUNG_TB
14MKD0045,,110.1954,-7.5574,KALINEGOROPERMAI_ST
14MKD0046,,110.1981,-7.504,BULUREJO_MGL_EP
14MKD0047,,110.1991,-7.5703,DONOROJO_TB
14MKD0048,,110.2006,-7.5177,BANYUROJOMERTOYUDAN_MT
14MKD0049,,110.2007,-7.5083,TEGALARUM_MKD_PL
14MKD0050,,110.2006,-7.5544,KALINEGOROSM_TB
14MKD0051,,110.2011,-7.6281,AMANJIWO_GK
14MKD0052,,110.2024,-7.5967,SYAILENDRA_MT
14MKD0053,,110.2022,-7.5015,BULUREJO_MKD_PL
14MKD0054,,110.2051,-7.4829,PURI_ASRI_EP
14MKD0055,,110.2081,-7.616,BADRAWATI_ST
14MKD0056,,110.2085,-7.6035,BOROBUDUR1_CM
14MKD0057,,110.2109,-7.6003,BOROBUDUR3_TB
14MKD0058,,110.2111,-7.5389,BONDOWOSO_MKD_PL
14MKD0059,,110.2116,-7.6088,MANOHARA_MT
14MKD0060,,110.212,-7.5231,SUMBEREJO_MKD_PL
14MKD0061,,110.214,-7.5089,BANYUREJOEXREJODANI_MT
14MKD0062,,110.2189,-7.506,MAGELANGSLT_PL
14MKD0063,,110.2193,-7.5872,BOROBUDUR_MKD_PL
14MKD0064,,110.2213,-7.4376,MAGELANG_TB
14MKD0065,,110.2211,-7.5247,MERTOYUDAN_MKD_EP
14MKD0066,,110.2221,-7.5207,SUMBERREJO_MKD_PL
14MKD0067,,110.2221,-7.5133,MERTOYUDAN_UTR_PL
14MKD0068,,110.2228,-7.5987,MUNGKID_MKD1_MT
14MKD0069,,110.2244,-7.5039,IN_ARMADATOWNSQUARE_MC
14MKD0070,,110.2253,-7.5359,CEBONGAN_TV
14MKD0071,,110.2254,-7.5795,PASURUANMAGELANG_TB
14MKD0072,,110.2246,-7.5647,MUNGKID2_MT
14MKD0073,,110.2288,-7.5061,SOKA_MKD_PL
14MKD0074,,110.2289,-7.5125,MERTOYUDAN_MKD1_PL
14MKD0075,,110.2291,-7.4325,PAYAMANSELATAN_PL
14MKD0076,,110.2289,-7.5615,MUNGKID_MKD2_IB
14MKD0077,,110.2317,-7.544,BLONDO_PL
14MKD0078,,110.2324,-7.6067,SENDANGSONO_MKD2_MT
14MKD0079,,110.2329,-7.3985,MADIOCONDRO_TB
14MKD0080,,110.2326,-7.425,PAYAMANSM_TB
14MKD0081,,110.2339,-7.5094,SALAKAN_PL
14MKD0082,,110.2349,-7.539,BLONDOMAGELANG_PL
14MKD0083,,110.2351,-7.5922,PROGOWATI_PL
14MKD0084,,110.238,-7.4844,BANYUURIP_MKD_CM
14MKD0085,,110.2368,-7.4095,PAYAMAN_MKD_MT
14MKD0086,,110.2401,-7.4529,KDSARI_TIMUR_WONOKERTO_TB
14MKD0087,,110.2431,-7.5761,PAREMONO_EP
14MKD0088,,110.2425,-7.6357,SENDANGSONO_MKD1_TB
14MKD0089,,110.2438,-7.5141,KARANG_TEMPAK_MT
14MKD0090,,110.2451,-7.4957,PISANGANTB_TB
14MKD0091,,110.2471,-7.6136,MENDUT_WSTSM_TB
14MKD0092,,110.247,-7.4716,PURWOSARI_MGL_TB
14MKD0093,,110.2473,-7.3899,TERMINALSECANG_PL
14MKD0094,,110.249,-7.4397,CETOKAN2_PL
14MKD0095,,110.2516,-7.3844,SECANG_EP
14MKD0096,,110.2532,-7.4904,KRAMAT_SLT_CM
14MKD0097,,110.2549,-7.6039,CONGKRANG_CM
14MKD0098,,110.2547,-7.5547,BLABAK_PL
14MKD0099,,110.2543,-7.4195,PIRIKAN_PL
14MKD0100,,110.2577,-7.3838,SECANG1_MT
14MKD0101,,110.2595,-7.5733,PDPABELAN_MKD_PL
14MKD0102,,110.2611,-7.5646,PABELANMUNGKID_TB
14MKD0103,,110.2621,-7.6298,DAWANG_MKD_PL
14MKD0104,,110.2626,-7.5738,TANGKILAN_MT
14MKD0105,,110.2648,-7.4793,JOMBORAN_EP
14MKD0106,,110.2658,-7.441,DAWUNG_MKD_BM
14MKD0107,,110.266,-7.4018,KRINCING_MT
14MKD0108,,110.2698,-7.4278,PUCANG_MKD_TB
14MKD0109,,110.2702,-7.596,KEJI_PL
14MKD0110,,110.2711,-7.4626,TEGALREJOMGL_EP
14MKD0111,,110.2711,-7.582,NGADIRETNO_TB
14MKD0112,,110.2716,-7.5247,TAMPIR_MT
14MKD0113,,110.2761,-7.493,CANDIMULYO_TB
14MKD0114,,110.2761,-7.3829,KALIKUTO_ST
14MKD0115,,110.2769,-7.5905,GUNUNGPRING_MT
14MKD0116,,110.2789,-7.6083,SIRAHMUN_ST
14MKD0117,,110.2799,-7.5672,SIROTUSSALAM_ST
14MKD0118,,110.2824,-7.5765,MUNTILAN_EP
14MKD0119,,110.2851,-7.6559,NGLUWARSM_TB
14MKD0120,,110.286,-7.5755,MUNTILAN1_IB
14MKD0121,,110.2868,-7.5817,MUNTILAN2_MKD_PL
14MKD0122,,110.288,-7.5829,PC_GERAI_MUNTILAN_TM
14MKD0123,,110.2891,-7.5898,PASARMUNTILANTC_KN
14MKD0124,,110.29,-7.5457,GUNUH_KEMAH_PL
14MKD0125,,110.2921,-7.5738,KEMBARAN2_PL
14MKD0126,,110.2926,-7.6279,DUKUH_TIRTO_PL
14MKD0127,,110.2941,-7.5825,BALEMLYMNTPL_PL
14MKD0128,,110.2971,-7.5971,GULON_EP
14MKD0129,,110.3003,-7.3999,COKRO_MGL_EP
14MKD0130,,110.3037,-7.6074,SELOIRINGJUMOYO_PL
14MKD0131,,110.3048,-7.5692,GONDOSULIMAGELANG_PL
14MKD0132,,110.3071,-7.3686,DSGRABAG_ST
14MKD0133,,110.3081,-7.4512,SANGGRAHAN_MKD_MT
14MKD0134,,110.3081,-7.5887,BRINGIN_KULON_TB
14MKD0135,,110.3081,-7.6503,SALAM2_TB
14MKD0136,,110.3086,-7.5988,TOWERBERSAMA_TB
14MKD0137,,110.3108,-7.4828,POGALAN_MKD_TB
14MKD0138,,110.3172,-7.5522,SUKORAME_MKD_PL
14MKD0139,,110.3176,-7.6233,SALEM_SUCEN_PL
14MKD0140,,110.3177,-7.4558,KLENTANG_SAWAH_BM
14MKD0141,,110.3189,-7.3652,DSUMBON_PL
14MKD0142,,110.3229,-7.5727,PUCANGANOM_MKD_BM
14MKD0143,,110.3231,-7.6427,SALAM_MT
14MKD0144,,110.3248,-7.3693,GRABAGSM_TB
14MKD0145,,110.3271,-7.38,GRABAG_MKD_CM
14MKD0146,,110.3275,-7.5356,KROGOWANAN_CM
14MKD0147,,110.3275,-7.6078,KRADENAN_SRUMBUNG_PS
14MKD0148,,110.3331,-7.4529,PAKIS_MKD_EP
14MKD0149,,110.3334,-7.5969,SRUMBUNG2_MT
14MKD0150,,110.3345,-7.3973,PUCANGSARI_MGL_EP
14MKD0151,,110.3371,-7.4795,SANGGRAHANTBG_TB
14MKD0152,,110.3414,-7.5597,DUKUN_MKD_TB
14MKD0153,,110.3447,-7.4221,SUGIHMAS_EP
14MKD0154,,110.3476,-7.5898,SRUMBUNGSM_TB
14MKD0155,,110.3491,-7.5259,SAWANGAN_MKD_EP
14MKD0156,,110.3506,-7.3764,TIRTO_PL
14MKD0157,,110.3556,-7.5433,TIGADHE_PL
14MKD0158,,110.3558,-7.5853,NGEPOS_PL
14MKD0159,,110.3624,-7.5153,KAPUHAN_ST
14MKD0160,,110.3714,-7.3673,BANJARSARIGRABAG_ST
14MKD0161,,110.3866,-7.4541,KETUNDAN_MT
14MKD0162,,110.3918,-7.4652,POGALAN_ST
14MKD0163,,110.3917,-7.4752,BANYUROTOTBG_TB
14MKD0164,,110.3921,-7.413,NGABLAK_MKD_PS
14MKD0165,,110.3956,-7.4197,NGABLAKSM_TB
14MKD0166,,110.1195,-7.5433,KANJANG_KAUMAN_TB
14MKD0167,,110.1903,-7.5844,WRINGIN_PUTIH_MT
14MKD0168,,110.1523,-7.5598,PANCOLO_TB
14MKD0170,,110.2981,-7.6458,MANTINGAN_GEMAMPANG_IB
14MKD0171,,110.2362,-7.4426,PANCURANMAS_PL
14MKD0172,,110.3797,-7.4374,KAPONAN_PL
14MKD0173,,110.4023,-7.4078,NGABLAK_MAGELANG_PL
14MKD0174,,110.3358,-7.5491,DUKUN_SATU_PL
14MKD0175,,110.3299,-7.413,KETAWANG_PAKEL_PL
14MKD0176,,110.313,-7.432,PUCUNGSARI_PL
14MKD0177,,110.3443,-7.5026,JATI_KADILEBEN_PL
14MKD0178,,110.2934,-7.5273,PODOSOKO_PL
14MKD0179,,110.3728,-7.4059,MADYOGONDO_PL
14MKD0180,,110.2537,-7.6129,SOKORINI_PL
14MKD0181,,110.2186,-7.4218,KALIJOSO_PL
14MKD0182,,110.2879,-7.4587,TEGALREJO_WONOSUKO_PL
14MKD0183,,110.2562,-7.5374,SENDEN_PL
14MKD0184,,110.2605,-7.4503,DLIMAS_PL
14MKD0185,,110.3571,-7.4025,MADYOGONDO_PUNTINGAN_PL
14MKD0186,,110.2752,-7.6423,JAMUSKAUMAN_PL
14MKD0187,,110.2907,-7.4389,DONOREJO_MONOSARI_PL
14MKD0188,,110.3758,-7.5274,PATEN_GONDANG_PL
14MKD0189,,110.2252,-7.6221,CANDIREJO_KALIDUREN_TB
14MKD0190,,110.2101,-7.4046,BANJARSARI_BUMIREJO_IB
14MKD0191,,110.2162,-7.5504,DONOROJO_JAPUNAN_PL
14MKD0192,,110.1705,-7.6126,NGADIHARJO_BOROBUDUR_PL
14MKD0193,,110.0854,-7.4245,ADIPURO_NEPAL_TB
14MKD0194,,110.1211,-7.4576,MADURETNO_JONO_PL
14MKD0195,,110.1683,-7.5747,RINGINANOM_PL
14MKD0196,,110.2068,-7.5838,DEYANGAN_TB
14MKD0197,,110.1918,-7.6231,TANJUNGSARI_PL
14MKD0198,,110.1847,-7.6092,KARANGREJO_PL
14MKD0200,,110.1823,-7.5959,KEMBANGLIMUS_PL
14MKD0201,,110.1862,-7.6044,SENDAREN_PL
14MKD0202,,110.1937,-7.5936,WRINGINPUTIH_PL
14MKD0203,,110.2137,-7.6208,NGARGOGONDO_PL
14MKD0204,,110.247,-7.5872,PABELAN_PL
14MKD0205,,110.2505,-7.5984,MENAYU_PL
14MKD0211,,110.3994,-7.4949,MGL_BOYOLALI_PL
14MKD0213,,110.2387,-7.3827,NGABEAN_SECANG_TB
14MKD0214,,110.3331,-7.3541,CITROSONO_GRABAG_PL
14MKD0215,,110.3553,-7.4422,PAKIS_MAGELANG_PL
14MKD0216,,110.1318,-7.4127,WINDUSARI_MAGELANG_PL
14MKD0217,,110.3971,-7.3776,PANDEAN_NGABLAK_PL
14MKD0218,,110.2871,-7.4172,GIRIKULON_MAGELANG_TB
14MKD0219,,110.1144,-7.5727,NGLEGOK_MAGELANG_PL
14MKD0220,,110.2883,-7.4739,CNDMULYO_MAGELANG_PL
14MKD0221,,110.3696,-7.5565,DUKUN_MAGELANG_PL
14MKD0222,,110.0607,-7.4505,SUTOPATI_MAGELANG_TB
14MKD0223,,110.0881,-7.4643,KAJORAN_MAGELANG_PL
14MKD0224,,110.3483,-7.4619,GEJAYAN_MAGELANG_PL
14MKD0225,,110.3142,-7.5128,SAWANGAN_MAGELANG_MT
14MKD0226,,110.4021,-7.4396,KENALAN_MAGELANG_PL
14MKD0228,,110.3491,-7.6039,SRUMBUNG_MAGELANG_ST
14MKD0229,,110.2644,-7.5108,SOEDARTO_MAGELANG_PL
14MKD0230,,110.2,-7.4377,GANDUSARI_MAGELANG_PL
14MKD0232,,110.258,-7.5874,NARIBAN_MAGELANG_ST
14MKD0233,,110.2509,-7.4014,MADUSARI_MAGELANG_PL
14MKD0234,,110.2985,-7.5546,WATUSARI_MAGELANG_PL
14MKD0235,,110.3874,-7.515,GAWOAS_MAGELANG_TB
14MKD0236,,110.2774,-7.5436,PAGERSARI_MAGELANG_TB
14SMG0001,,110.2931,-6.973,GGROWOSARI_TB
14SMG0002,,110.2936,-7.011,PODOREJO_PL
14SMG0003,,110.3004,-7.0385,WONOPLUMBON_MT
14SMG0004,,110.3011,-6.9749,MANGKANG1_ST
14SMG0005,,110.3026,-6.9596,PANGGUNG_SMG_PL
14SMG0007,,110.3063,-7.0059,PALIR_PL
14SMG0008,,110.3041,-6.9764,MANGKANG_BM
14SMG0009,,110.3092,-7.0792,MIJEN_SMG_EP
14SMG0010,,110.3113,-6.9612,MANGKANG_WETAN_PL
14SMG0011,,110.313,-7.0198,WONOREJO_SMG_MT
14SMG0012,,110.3131,-7.0876,BUBAKAN_EB
14SMG0013,,110.3137,-7.057,MIJEN1_ST
14SMG0014,,110.314,-7.0675,JATISARI_SMG_MT
14SMG0015,,110.3157,-6.9742,MANGKANGWETAN_PL
14SMG0016,,110.3156,-7.0514,WONOLOPOPL_PL
14SMG0017,,110.3174,-6.983,NGALIYAN_SMG1_MN
14SMG0018,,110.3181,-7.0044,GONDORIO_BARAT_TB
14SMG0019,,110.3191,-6.9716,RANDUGARUT_TB
14SMG0020,,110.3211,-6.9799,WONOSARI_SMG_PL
14SMG0021,,110.3232,-6.989,TAMBAKAJI2_PL
14SMG0022,,110.3271,-6.9919,BRINGINKLPL_PL
14SMG0023,,110.3271,-7.0011,BANJARSARI_SMG_TB
14SMG0024,,110.3272,-6.9753,KOJA_KOPI_PL
14SMG0025,,110.3293,-7.0542,MIJEN_MT
14SMG0026,,110.3295,-6.98,TUGU_SMG_PL
14SMG0027,,110.3306,-7.0967,KARANGMALANG_SMG_ST
14SMG0028,,110.3308,-7.0111,NGALIYAN4_TB
14SMG0029,,110.3319,-6.9876,TAMBAKAJI1_MT
14SMG0030,,110.3331,-6.9863,TAMBAKAJI_SMG1_TB
14SMG0031,,110.334,-7.0699,POLAMAN_MIJEN_TB
14SMG0032,,110.3339,-6.9727,ARANG_MT
14SMG0033,,110.3341,-6.9991,MEGAPERMAI_BERINGIN_MT
14SMG0034,,110.3348,-6.9784,PUNDENSARI_PL
14SMG0035,,110.3349,-7.0236,BSB_ROAD_PL
14SMG0036,,110.3364,-6.9835,TAMBAKAJI_SMG2_PL
14SMG0037,,110.3371,-7.0092,KEDUNGPANE_EP
14SMG0038,,110.3367,-7.0419,BSBMIJEN_MT
14SMG0039,,110.3376,-7.013,KADUNGPANE_ST
14SMG0040,,110.3403,-7.0201,GGJAMBU_PS
14SMG0041,,110.3389,-6.9984,PENGILON_NGALIYAN_MT
14SMG0042,,110.3385,-6.9756,KARANGANYAR_TUGU_ST
14SMG0043,,110.3425,-6.9913,TEGAL_REJO_SMG_PL
14SMG0044,,110.343,-7.0315,BENDUNGANJATIBARANG_MT
14SMG0045,,110.3458,-6.9774,TIRANG_MT
14SMG0046,,110.3443,-6.9856,AKUR_PL
14SMG0047,,110.3467,-7.0077,MAYORA_INDAH_SMG_MT
14SMG0048,,110.3472,-6.9976,NGALIYANKOTA_MT
14SMG0049,,110.3484,-7.0015,NGALIYAN_SMG2_EP
14SMG0051,,110.3506,-6.9819,TUGUREJO1_TUGU_PL
14SMG0052,,110.3514,-6.9938,PURWOYOSO_PL
14SMG0053,,110.3534,-7.0002,NGALIYAN_NGALIYAN_MT
14SMG0054,,110.355,-6.9853,TAMBAK_AJI_ST
14SMG0055,,110.355,-7.0174,GANGDUA_ST
14SMG0056,,110.3582,-6.9873,TUGU_SMG1_PL
14SMG0057,,110.3588,-7.05,PUNGANGANGUNUNGPATI_PL
14SMG0058,,110.3593,-7.0747,CEPOKO_GH
14SMG0059,,110.3601,-7.0009,CANDI_KENCANA_MT
14SMG0060,,110.3612,-7.0852,GUNUNG_PATI_EP
14SMG0061,,110.3609,-7.06,KANDRI_GUNUNG_PATI_TB
14SMG0062,,110.3632,-6.9835,KOPNATEL_TUGU_KP
14SMG0063,,110.3649,-7.0121,KAWASAN_INDUSTRI_CANDI3_MT
14SMG0064,,110.3663,-7.0377,INDOTOWER_SADENG_GUNUNGPATI_TB
14SMG0065,,110.3661,-7.0885,JLRAYAALANGAN_PL
14SMG0066,,110.3657,-6.9977,TUGUREJOTBG_TB
14SMG0067,,110.3681,-6.9873,STEKOMSILIWANGI_EP
14SMG0068,,110.3684,-6.9753,JERAKAH_TB
14SMG0069,,110.3684,-6.9922,KRAPYAK_SMG_CM
14SMG0070,,110.3691,-7.0071,BAMBANKRP_ST
14SMG0071,,110.3718,-7.0015,WONOTUNGGAL_SMG_PL
14SMG0072,,110.3722,-6.9862,HANOMAN_SMG_PL
14SMG0073,,110.3725,-6.9967,BOROBUDURMESJIDALIKHSAN_PL
14SMG0074,,110.3731,-7.0141,KALIPANCUR_EP
14SMG0075,,110.3737,-7.0286,SADENG2_MT
14SMG0076,,110.3758,-6.9674,BANDARA_AHMAD_YANI_AT
14SMG0078,,110.3772,-7.0034,MANYARAN2_PL
14SMG0079,,110.3773,-7.0125,KALIPANCUR1_TB
14SMG0080,,110.3781,-7.0246,GRIBIK_TB
14SMG0082,,110.3784,-7.0076,MENDUTPANCUR_TB
14SMG0083,,110.3791,-6.9964,KEMBANGARUM_TB
14SMG0084,,110.3795,-6.9924,ABDUL_RAHMANSALEH_KALIBANTENG_PL
14SMG0086,,110.3816,-7.0669,KYAI_ASARI_TB
14SMG0087,,110.3818,-6.9866,KALIBANTENGKULON_MT
14SMG0088,,110.3822,-7.0133,CANDIPAWON_KALIPANCUR_TB
14SMG0089,,110.3833,-6.9978,MI_DOKTERSOERATMO_TB
14SMG0090,,110.3841,-7.003,MANYARAN_EP
14SMG0091,,110.3841,-6.9928,GISIKDRONO_EP
14SMG0092,,110.3841,-6.9727,TAWANGSARI_SMG_PL
14SMG0093,,110.3851,-6.9853,KALIBANTENG_EP
14SMG0094,,110.3855,-6.9624,BARUSARI_PL
14SMG0095,,110.3874,-7.0035,MANYARAN1_MT
14SMG0096,,110.3877,-7.0078,MI_SIMONGAN_TB
14SMG0097,,110.3878,-7.0849,MANGUNSARIGUNUNGPATI_PL
14SMG0098,,110.3873,-7.0002,GEDONGSONGO_PL
14SMG0099,,110.3881,-7.0758,NGEMBELSEKARAN_EP
14SMG0100,,110.3885,-6.9945,KINANTIGISIKDRONO_PL
14SMG0101,,110.3891,-7.1037,SUMURJURANG_PL
14SMG0102,,110.3891,-7.0901,GIRI_MAKMUR_GH
14SMG0104,,110.3895,-7.0464,SEKARAN_GUNUNGPATI_MT
14SMG0105,,110.3895,-6.9886,BONGASARI_PL
14SMG0106,,110.3899,-7.0301,SUKOREJO2_MT
14SMG0107,,110.3901,-7.021,SUKOREJO_SMG_PL
14SMG0108,,110.3904,-6.9645,PURIANJASMORO_MT
14SMG0109,,110.3911,-7.0125,MENOREHSAMPANGAN_PL
14SMG0111,,110.3911,-6.977,JLANJASMORO_PL
14SMG0112,,110.3922,-6.9603,WISMAWUSHU_PL
14SMG0113,,110.3926,-7.0416,BANARANUNNES_PL
14SMG0116,,110.394,-7.0079,MENOREH_SMG_PL
14SMG0118,,110.3941,-6.9809,SUDIRMAN_SMG_EP
14SMG0119,,110.3948,-7.0575,UNNES_SEKARAN_EP
14SMG0120,,110.3954,-6.9929,LPMISMANGIL_TB
14SMG0121,,110.3961,-6.9773,SEMARANGINDAH_EP
14SMG0122,,110.3957,-7.0468,NGASINAN_SMG_PL
14SMG0123,,110.3965,-6.9714,JONGGRING_IB
14SMG0124,,110.3963,-6.9654,TAWANGMAS_CM
14SMG0125,,110.3963,-7.018,BENDANDUWURAKPELNI_PL
14SMG0126,,110.3965,-6.9876,MI_BOJONGSALAMAN002_BL
14SMG0127,,110.3974,-7.0516,GUNUNGPATI1_XL
14SMG0128,,110.3974,-6.9984,AKADEMI_MANAGEMENT_INDO_MT
14SMG0129,,110.3976,-7.0036,SAMPANGAN_EP
14SMG0130,,110.3985,-7.1088,LEREPUNGARANBARAT_PL
14SMG0131,,110.3987,-6.9926,NGEMPLAKSIMONGAN_BL
14SMG0132,,110.3991,-7.0663,PATEMONSMG_PL
14SMG0133,,110.3994,-7.0594,GUNUNGPATI2_PL
14SMG0134,,110.3999,-7.01,PAPANDAYAN1_PL
14SMG0135,,110.4001,-7.0214,UNTAG_EP
14SMG0136,,110.4005,-7.054,GUNUNGPATI_PL
14SMG0137,,110.4005,-6.9749,KROBOKAN_TB
14SMG0138,,110.4011,-6.9789,MADUKORORAYA_PL
14SMG0139,,110.4011,-6.9821,PUSPOWARNO_ST
14SMG0140,,110.4006,-6.9582,TANAHMAS_EP
14SMG0141,,110.4011,-6.9883,BJNGSALAMAN_TB
14SMG0142,,110.4024,-6.9705,TANGGULMAS_ST
14SMG0143,,110.4031,-6.9678,MIROTOBROTOJOYO_PL
14SMG0144,,110.4041,-6.9826,PENDRIKAN_KIDUL_TB
14SMG0145,,110.4047,-7.1,SERIMPI_RAYA_PL
14SMG0146,,110.405,-6.9925,POLWILTABES_PL
14SMG0147,,110.4049,-6.961,BETON_MAS_MT
14SMG0148,,110.4061,-6.9543,PANGGUNG_LOR2_MT
14SMG0149,,110.4075,-7.0133,PAPANDAYAN_EP
14SMG0150,,110.4066,-6.9959,GUNUNG_SAWO_EP
14SMG0151,,110.407,-7.0941,WATUGONG1_MT
14SMG0152,,110.4072,-6.9894,MI_BARUSARI007_BL
14SMG0153,,110.4078,-6.9666,PANGGUNG_LOR1_SMG_PL
14SMG0154,,110.4081,-6.9858,TUGUMUDA_EP
14SMG0155,,110.4077,-7.0296,AKPOL_PL
14SMG0156,,110.4076,-6.9721,PLOMBOKAN_TB
14SMG0157,,110.4088,-6.9761,PLOMBOKAN1_PL
14SMG0158,,110.4096,-7.0626,SRONDOL_PL
14SMG0159,,110.4093,-6.9811,UDINUS_EP
14SMG0160,,110.4097,-7.0054,SPARMAN_STP_ST
14SMG0161,,110.4102,-6.9979,KYAI_SALEH1_PL
14SMG0162,,110.4107,-7.0115,MI_GAJAHMUNGKUR1_TB
14SMG0163,,110.4109,-6.9571,PELABUHAN_SMG_PL
14SMG0164,,110.4114,-6.9894,RDSR_SPAEN_TB
14SMG0165,,110.4118,-6.9605,TAMANHASANUDIN_CM
14SMG0167,,110.4132,-7.0727,BANYUMANIK_EP
14SMG0169,,110.4116,-7.0501,VILLA_ASTERPL_PL
14SMG0170,,110.4127,-6.9854,RSHERMINA_SMG_PL
14SMG0171,,110.4128,-7.0615,IN_ADABANYUMANIK_DH
14SMG0172,,110.4129,-6.9838,IN_DPMALLSEMARANG_IJ
14SMG0173,,110.4127,-7.1057,PUDAK_PAYUNG_EP
14SMG0174,,110.413,-6.9951,KYAI_SALEH_MT
14SMG0175,,110.4125,-6.9682,HASANUDDIN_MT
14SMG0176,,110.4131,-7.0132,JLSULTAN_TB
14SMG0177,,110.4129,-6.9827,BALAIKOTA_SEMARANG_CM
14SMG0178,,110.4136,-7.0302,MI_GEMAH2_TB
14SMG0179,,110.4145,-6.9788,NOVOTELSMG_EP
14SMG0181,,110.4146,-6.9561,BANDARHARJO_PL
14SMG0182,,110.4149,-7.0013,GAJAHMUNGKUR_PL
14SMG0183,,110.4151,-7.0579,RRICOLOCATEDGF_HS
14SMG0184,,110.415,-7.026,SEMERUBRT_PL
14SMG0185,,110.4152,-6.9909,BERGOTA_MT
14SMG0186,,110.4156,-7.0887,GEDAWANG_SMG1_PL
14SMG0187,,110.4156,-6.9726,PURWOSARI2_BM
14SMG0188,,110.4156,-7.0343,TINJOMOYO_STP_ST
14SMG0189,,110.4169,-7.0515,JLNGESREP_MT
14SMG0190,,110.4157,-6.9862,PEKUNDEN_SMG_EP
14SMG0191,,110.4161,-6.9789,IN_PARAGON_MALL_TB
14SMG0192,,110.4161,-7.0107,WONOTINGGALCANDISARI_PL
14SMG0193,,110.4175,-7.0023,CANDILAND_EP
14SMG0194,,110.4169,-6.9887,MUGASARI_CM
14SMG0195,,110.4171,-6.9779,UNAKI_MT
14SMG0196,,110.4171,-6.961,BOOMLAMA_PL
14SMG0197,,110.4171,-7.0757,PADANGSARI_CM
14SMG0198,,110.4177,-6.9976,VETERAN_TBG_TB
14SMG0199,,110.4181,-7.0957,MEGAMASMT_MT
14SMG0200,,110.4183,-7.0619,SRONDOL1_IB
14SMG0201,,110.4185,-7.0177,GRAND_CANDI_SEMARANG_TB
14SMG0202,,110.4189,-7.0475,NGESREPBANYUMANIK_PL
14SMG0203,,110.4191,-7.0264,KALIWIRU_EP
14SMG0204,,110.4194,-6.9777,I2_GUMAYA_HOTEL_MC
14SMG0205,,110.4191,-7.0699,KRUING_BANYUMANIK_TB
14SMG0206,,110.4191,-6.9839,MIROTO_BL
14SMG0207,,110.4192,-7.0083,IN_RSELISABETHSEMARANG_MC
14SMG0208,,110.4195,-6.9675,PETEK_PL
14SMG0209,,110.4197,-7.0123,PATRA_HOTEL_EP
14SMG0210,,110.42,-6.9728,SRIRATUPEMUDART_PL
14SMG0211,,110.4204,-6.9991,TAMANMAKAMPAHLAWAN_SMG_PL
14SMG0213,,110.4208,-6.9766,DEPOKSMG_EP
14SMG0214,,110.4214,-6.9898,IN_INDOSATSMG_DH
14SMG0215,,110.4213,-6.9896,INDOSATSMG_EP
14SMG0216,,110.4214,-6.9898,PC_GERAI_PANDANARAN_TM
14SMG0218,,110.4217,-7.0061,TEGALSARI_SMG_MT
14SMG0219,,110.422,-6.9916,DINAS_KESEHATAN_SEMARANG_MT
14SMG0220,,110.4219,-6.9874,IN_TENTREMSUPERBLOCK_MC
14SMG0221,,110.4215,-7.0751,CEMARA_EP
14SMG0222,,110.4216,-6.9632,TAWANG_SMG_EP
14SMG0223,,110.4221,-7.0588,NGESREPSLTN_EP
14SMG0224,,110.4217,-6.9943,TELKOM_DIVRE_MT
14SMG0225,,110.4221,-6.9561,TANJUNGMAS_SMG2_CM
14SMG0226,,110.4216,-7.0635,GRAHASAPTA_TB
14SMG0228,,110.4222,-7.0815,GEDAWANG_SMG2_PL
14SMG0229,,110.4227,-7.0165,GRANDCANDIHOTELRT_CM
14SMG0231,,110.4227,-7.0228,HOTELCANDIINDAH_PL
14SMG0232,,110.4234,-7.0415,GOMBEL_TI
14SMG0233,,110.4226,-6.9702,YAIK_EP
14SMG0235,,110.4235,-7.035,JLSETIABUDI_SEMARANG_TB
14SMG0236,,110.424,-6.9887,IN_CITRALANDMALL_HOTEL_DH
14SMG0237,,110.4241,-7.0458,BUKITKUSUMA_EP
14SMG0238,,110.4233,-6.9889,CIPUTRA_MT
14SMG0239,,110.4241,-6.9789,PLAMPITANPL_PL
14SMG0240,,110.4245,-6.9914,LOUIS_KIENNE_MT
14SMG0241,,110.4241,-6.965,BANDARHARJOBOOMLAMA_TB
14SMG0242,,110.4243,-6.9904,IN_PLAZA_SIMPANGLIMA_MATAHARI_DH
14SMG0243,,110.4249,-6.9961,PASAR_WONODRI_PL
14SMG0244,,110.4249,-7.0318,JANGLITEMBALANG_PK
14SMG0245,,110.4254,-7.0689,MB_MTUSAM_MT
14SMG0246,,110.4274,-6.9481,MB_TANJUNGMAS_SMG1_TB
14SMG0247,,110.4261,-7.002,TMNRDSALEH_MT
14SMG0248,,110.4261,-6.9877,IN_RSTELOGOREJO_IJ
14SMG0250,,110.4261,-7.0899,GEDAWANG2_PL
14SMG0251,,110.4263,-7.0126,CANDILAMA_TB
14SMG0252,,110.4265,-7.0188,JATINGALEH_PL
14SMG0253,,110.427,-7.0451,IMELDAFMCOLOCATED_MT
14SMG0254,,110.4271,-7.0234,JANGLITLAWAH_PL
14SMG0255,,110.4271,-7.0516,SUMURBOTOPL_PL
14SMG0256,,110.4272,-6.9751,MI_GANG_TENGAH_MT
14SMG0257,,110.4273,-7.0044,MI_WICSEMARANG_WS
14SMG0258,,110.4276,-7.04,JANGLI2_TB
14SMG0259,,110.4281,-6.9934,AIRLANGGARAYA_MT
14SMG0260,,110.4282,-7.0643,DURIAN_SMG_PL
14SMG0261,,110.4283,-7.0041,SRIWIJAYAWONODRI_PL
14SMG0262,,110.4287,-6.9786,GABAHAN_MT
14SMG0263,,110.4291,-6.9838,JAGALAN_EP
14SMG0264,,110.4292,-6.9708,PURWODINATAN_ST
14SMG0265,,110.4289,-6.9588,KEBONHARJO4_PL
14SMG0266,,110.4309,-6.9597,USMANJANATIN_MT
14SMG0267,,110.4295,-6.9637,GGKUNER_BM
14SMG0268,,110.43,-7.0702,PADANGSARIBANYUMANIK_MT
14SMG0269,,110.4301,-6.9884,STADION_SELATAN_CM
14SMG0270,,110.4303,-7.0005,WONODRI_PL
14SMG0272,,110.4305,-7.0586,TEMBALANGSLTNPL_PL
14SMG0273,,110.431,-6.9755,GAJAH_MADA_SMG_TM
14SMG0274,,110.4311,-7.0093,PDAM_TANAHPUTIH_EP
14SMG0275,,110.4311,-7.0278,JANGLI_MT
14SMG0276,,110.4312,-6.9916,MTHARYONO2_CM
14SMG0277,,110.4312,-6.98,GEREJAADVENT_MTHARYONO_ST
14SMG0278,,110.4317,-7.0189,CANDIGOLF_PL
14SMG0279,,110.4319,-7.0826,JLCIASEM_PL
14SMG0280,,110.4321,-7.0065,IN_JAVAMALL_DH
14SMG0281,,110.4331,-7.0067,JAVAMALL_MT
14SMG0282,,110.4316,-7.0164,CANDIASRI_EP
14SMG0283,,110.4321,-7.0537,TEMBALANG_PL
14SMG0284,,110.4327,-6.9954,BANGKANG_PL
14SMG0285,,110.4364,-6.9632,LAHANHANDOKO_CM
14SMG0286,,110.4341,-6.9684,PATIMURA_EP
14SMG0287,,110.4341,-7.0689,MULAWARMANKRAMAS_MT
14SMG0288,,110.4349,-7.0596,BANJARSARI_PEDALANGAN_MT
14SMG0289,,110.4345,-7.002,JLSOMPOK_CM
14SMG0290,,110.4358,-7.0096,CINDERAYA_JOMBLANG_PL
14SMG0291,,110.4357,-6.9883,IKIPPGRI_CM
14SMG0292,,110.4359,-7.0174,KARANGANYAR_CANDIASRI_PL
14SMG0293,,110.4365,-7.0534,TEMBALANG_SMG_SMG2_MT
14SMG0294,,110.4354,-6.9778,REJOSARISMG_PL
14SMG0295,,110.4366,-7.0636,UNDIP_TEMBALANG_MT
14SMG0296,,110.437,-6.9523,MARGOREJO_SMG_PL
14SMG0297,,110.4387,-7.0039,MI_LAMPERKIDUL1_TB
14SMG0298,,110.4396,-7.0711,JABUNGAN_SMG1_PL
14SMG0299,,110.4399,-6.9719,BUGANGAN_PL
14SMG0300,,110.4396,-7.0099,MRICANPKPMT_PK
14SMG0301,,110.4401,-7.0189,JOMBLANG_PL
14SMG0302,,110.4396,-6.9608,JLSAWAHBSR_IF
14SMG0303,,110.4402,-7.0583,TEMBALANG3_PL
14SMG0304,,110.441,-6.9673,MLATIBARU_MT
14SMG0305,,110.4411,-6.9469,TANJUNGMAS1_PL
14SMG0306,,110.4411,-6.9927,BADAK_PL
14SMG0307,,110.4414,-7.0443,UNDIP_SMG_LS
14SMG0308,,110.4418,-6.9562,TAMBAKREJO1_PL
14SMG0309,,110.4418,-6.9876,JLBARITO_EP
14SMG0310,,110.4421,-6.9971,PANDEAN_LMPR_PL
14SMG0311,,110.4421,-7.0337,JANGLISIMPONI_PL
14SMG0312,,110.4425,-7.0079,MI_LAMPERTENGAH2_TB
14SMG0313,,110.4431,-7.0759,TBPESONAASRIMT_MT
14SMG0314,,110.4426,-7.0676,GONDANG_TMBLG_TB
14SMG0315,,110.4445,-7.0601,JABUNGAN_SMG2_IB
14SMG0316,,110.4453,-7.0504,JURANGBELIMBING_PL
14SMG0317,,110.4461,-6.9893,JLMEDOHO_PL
14SMG0318,,110.4462,-6.9676,SAWAHBESAR_PL
14SMG0319,,110.4466,-7.0211,DELIK_REJO_PL
14SMG0320,,110.4466,-6.986,SAMBIREJO_GAYAMSARI_QT
14SMG0321,,110.4467,-7.0023,LAMPER_TENGAH_ST
14SMG0322,,110.4471,-7.0122,JLKEDUNG_MUNDU_IF
14SMG0323,,110.4474,-6.9602,KALIGAWE_SMG1_MT
14SMG0324,,110.4475,-6.9781,JLCEBOLAK_PL
14SMG0325,,110.4478,-6.9978,GAYAMSARI_XL
14SMG0326,,110.4481,-7.0621,TEMBALANG2_PL
14SMG0327,,110.4504,-7.0036,BERUANGRT_PL
14SMG0328,,110.4504,-6.9568,TAMBAKREJO2_PL
14SMG0329,,110.4493,-6.9839,MEDOHO_EP
14SMG0330,,110.4519,-6.9945,GAJAH_SMG_PL
14SMG0331,,110.4527,-6.9713,MURTI_SAPHIRA_MT
14SMG0332,,110.453,-7.0086,SENDANGGUO_PL
14SMG0333,,110.4539,-6.9778,TLOGOSARI_SMG_EP
14SMG0334,,110.4536,-7.0157,PDAMKDMUNDU_EP
14SMG0335,,110.4552,-6.9881,TAMBAKBOYO_SMG_PL
14SMG0336,,110.4565,-6.9558,UNISULA_EP
14SMG0337,,110.4563,-6.9685,MUKTIHARJO_SMG_ST
14SMG0338,,110.4566,-6.9986,KALICARI2_PL
14SMG0339,,110.4571,-7.0047,PEDURUNGAN_SMG_EP
14SMG0340,,110.4571,-6.9913,KALICARI_EP
14SMG0341,,110.4574,-6.9617,JLINDUSTRI_MUKTIHARJO_TB
14SMG0342,,110.4579,-7.0436,MANGUNHARJO_SMG_MT
14SMG0343,,110.458,-7.016,SENDANGGUO1_PL
14SMG0344,,110.4577,-7.0229,MRICAN_SMG_PL
14SMG0345,,110.4581,-7.0107,SENDANG_GUWO_IB
14SMG0346,,110.458,-6.977,TLOGOSARI3_PL
14SMG0347,,110.4587,-7.0313,SAMBIROTO_SMG_XL
14SMG0348,,110.4598,-6.9823,TLOGOSARIKAFENET_PL
14SMG0349,,110.4597,-6.9851,TLOGOSARIKLN_EP
14SMG0350,,110.4602,-7.0384,MANGUNHARJO_SMG1_MT
14SMG0351,,110.4615,-7.0716,BUKIT_KENCANA_MT
14SMG0352,,110.4611,-6.9805,KUWUNG_IF
14SMG0353,,110.4611,-7.059,KEDONGWINONG_PL
14SMG0354,,110.4611,-6.9671,GEBANGSARI_PL
14SMG0355,,110.4612,-6.957,STOGENUK_MT
14SMG0356,,110.4615,-6.9903,TLOGO_TIMUN_PL
14SMG0357,,110.4602,-7.0069,PALEBON_SMG_ST
14SMG0358,,110.4621,-7.0233,SPBUKEDUNGMUNDU_MT
14SMG0359,,110.4621,-6.9775,PERUMNAS_TLOGOSARI_PL
14SMG0360,,110.4622,-6.9951,PALEBON_PL
14SMG0361,,110.4638,-6.9849,TLOGOSARI_SMG1_IB
14SMG0362,,110.464,-6.9712,GENUKINDAH_MT
14SMG0363,,110.4641,-6.9986,MONGIN_IF
14SMG0364,,110.4645,-6.9638,PADIRAYA_PL
14SMG0365,,110.465,-7.0124,GEMAH_TB
14SMG0366,,110.4651,-7.0285,SDGMULYO_MT
14SMG0367,,110.4651,-6.9511,TERBOYO_MT
14SMG0368,,110.465,-6.981,MI_TLOGOSARIKULON_TB
14SMG0369,,110.4661,-7.0169,KEDUNGMUNDU_EP
14SMG0370,,110.4671,-6.9771,TLOGOSARIWTN_PL
14SMG0371,,110.4668,-6.9436,TERBOYO1_MT
14SMG0372,,110.4674,-7.0392,GEDONG_SMG_PL
14SMG0373,,110.4676,-6.9941,MASJIDALHANAFI_PL
14SMG0374,,110.468,-7.0353,KLIPANG_EP
14SMG0375,,110.4682,-7.0231,AVISENA_SMG_PL
14SMG0376,,110.4693,-7.0467,MI_SENDANG_MULYO_KLIPANGSMG_TB
14SMG0377,,110.4696,-7.0116,PEDURUNGANKDL_PL
14SMG0378,,110.4696,-6.9573,GBNGANOM_TB
14SMG0379,,110.4701,-6.9848,BANGETAYU_KLN_PL
14SMG0380,,110.4703,-6.9632,GENUKSARI_PL
14SMG0382,,110.4713,-6.9993,ALASTUWO_MT
14SMG0383,,110.4714,-6.9801,BANGETAYU1_PL
14SMG0384,,110.4715,-7.0037,PEDURUNGAN_TENGAH1_IB
14SMG0385,,110.4719,-7.0331,SENDANGMULYO_SMG1_MT
14SMG0386,,110.4725,-6.9959,TLOGOMULYO_MT
14SMG0387,,110.472,-7.0202,KEDUNGMUNDU1_TEMBALANG_MT
14SMG0388,,110.4723,-6.9717,BANGETAYU_KULON2_TB
14SMG0389,,110.4731,-7.0295,KETILENG_EP
14SMG0390,,110.4731,-7.0564,METESEH_SMG_PL
14SMG0391,,110.4735,-7.0675,PENGKOL_SMG_PL
14SMG0393,,110.474,-6.9514,INDUSTRITERBOYO_MT
14SMG0394,,110.4743,-6.9898,ALIKROM_PL
14SMG0395,,110.4745,-7.01,PEDURUNGAN_SMG1_MT
14SMG0396,,110.4759,-7.0225,AMPOSARIPL_PL
14SMG0397,,110.4756,-6.9648,GENUK_EP
14SMG0398,,110.4761,-7.0471,SENDANGMULYO_SMG2_PL
14SMG0399,,110.4772,-6.9821,ALMASYKUR_RAYA_PL
14SMG0401,,110.4775,-7.0,TLOGOMULYO1_PL
14SMG0402,,110.4779,-7.053,METESEHTEMBALAN_MT
14SMG0403,,110.4789,-6.955,JLELANG_RAYA_PL
14SMG0404,,110.479,-6.9886,MAJAPAHIT2_MT
14SMG0405,,110.4791,-6.9621,KALIGAWE_SMG2_PL
14SMG0406,,110.4793,-7.0087,PEDURUNGAN_LOR_PL
14SMG0407,,110.4793,-7.0407,KEDUNGMUNDU1_PL
14SMG0408,,110.4795,-7.0129,PEDURUNGAN_LOR2_PL
14SMG0409,,110.4811,-6.9689,BANGETAYU_EP
14SMG0410,,110.4807,-7.0042,PEDURUNGANLORPL_PL
14SMG0411,,110.4829,-7.026,PEDURUNGANKIDULGF_PL
14SMG0412,,110.4818,-7.0203,PEDURUNGANKIDUL_MT
14SMG0413,,110.4816,-7.0157,STEKOMMAJAPAHIT_EP
14SMG0414,,110.4819,-7.0452,BLEDAK_KANTIL_MT
14SMG0415,,110.4816,-6.9768,JLSEDAYU_KLP_PL
14SMG0416,,110.4827,-7.0372,BLANCIR_MT
14SMG0417,,110.4837,-6.9879,TLOGOMULYOPEDURUNGAN_PL
14SMG0418,,110.4854,-7.0619,TEMBALANG_SMG_SMG1_GH
14SMG0419,,110.485,-7.0291,PUCANGGADING_IB
14SMG0420,,110.4852,-7.0019,TLOGOMULYOGF_PL
14SMG0421,,110.486,-7.0137,PEDURUNGAN_LOR1_MT
14SMG0422,,110.4872,-7.0074,MI_KELURAHANPEDURUNGANLOR_TB
14SMG0423,,110.4876,-7.024,PLAMONGAN_EP
14SMG0424,,110.4885,-7.0192,PLAMONGAN1_MT
14SMG0425,,110.4894,-6.9856,BANGETAYUWETAN_MT
14SMG0426,,110.4896,-6.9728,GENUK1_PL
14SMG0427,,110.49,-6.9788,WIDORO_PK
14SMG0428,,110.4911,-7.0103,PENGGARON_KIDUL_MT
14SMG0429,,110.4916,-6.948,CHAROENPOKHPANDGF_PL
14SMG0430,,110.4919,-6.9981,PENGARONLOR_PL
14SMG0431,,110.4921,-7.0193,MAHESAMUKTI_PL
14SMG0432,,110.4928,-6.9601,KARANGROTO_PL
14SMG0433,,110.4938,-6.9692,KARANGROTOTIMUR_PL
14SMG0434,,110.4971,-7.0262,MONDOSARI_TB
14SMG0435,,110.4971,-6.976,SEMBUNGHARJO_PL
14SMG0436,,110.4975,-7.0666,PULUNG_AGUNG_EB
14SMG0437,,110.4251,-6.985,KEMUNING_SMG_CM
14SMG0439,,110.3911,-6.9714,PRANJASMORO_MT
14SMG0440,,110.3057,-7.0659,JATISARI_GH
14SMG0441,,110.3921,-6.9998,SRINIDITO_ST
14SMG0443,,110.4281,-6.9695,BUBAKAN_EP
14SMG0448,,110.3298,-6.967,RANDUGARUT_KIW_PL
14SMG0451,,110.3936,-7.0527,PISANGRY_SEKARAN_CM
14SMG0452,,110.4122,-7.0798,ABIMANYU_BANYUMANIK_MT
14SMG0456,,110.2957,-7.0229,NGADIRJO_SMG_ST
14SMG0457,,110.3769,-7.0911,MANGUNSARI_SMG_PL
14SMG0458,,110.3241,-7.0448,I2_UPTOWNMALL_BSB_SMG_KI
14SMG0461,,110.3439,-7.1101,KRIDASARI_SMG_PL
14SMG0463,,110.3903,-6.9833,MI_NEWGISIKDRONO_PK
14SMG0464,,110.4454,-7.0164,TANDANG_SEMARANG_EB
14SMG0466,,110.4517,-6.9898,NUSAPUTERA_SEMARANG_ST
14SMG0477,,110.3808,-6.9537,MB_MALL23_SMG
14STG0001,,110.4751,-7.2946,BLOTONGAN_MT
14STG0002,,110.4781,-7.3064,DIPOMENGGOLO_TB
14STG0003,,110.4784,-7.3594,SALIBPUTIH_MT
14STG0004,,110.478,-7.3452,RINGROAD_SALATIGA_TB
14STG0005,,110.4794,-7.3156,SIWELUT_TB
14STG0006,,110.4853,-7.334,JLABIYOSO_SIDOMUKTI_PL
14STG0007,,110.4856,-7.3256,MANGUNSARI_TB
14STG0008,,110.4874,-7.3661,AMARTA_STG_ST
14STG0009,,110.4881,-7.3016,SIDOREJO_STG_MT
14STG0010,,110.4886,-7.3421,YUDISTIRASALATIGA_TB
14STG0011,,110.4904,-7.3516,PASARSAPI_MT
14STG0012,,110.4914,-7.3139,SIDOREJO_LOR_SALATIGA_IB
14STG0013,,110.4924,-7.3472,JLPURBAYA_MANGUNSARI_ST
14STG0014,,110.4918,-7.3397,BANJARAN_MANGUNSARI_PL
14STG0015,,110.4944,-7.3334,SRATEN_STG_PL
14STG0016,,110.4954,-7.3088,JLPEMANDANGAN_SIDOREJO_ST
14STG0017,,110.4967,-7.3199,SALATIGA_STG_PL
14STG0018,,110.4993,-7.3278,OSA_MALIKI_CM
14STG0019,,110.4997,-7.3535,ARGOMULYO_EP
14STG0020,,110.5011,-7.3408,TEGALREJO_SMG_TB
14STG0021,,110.501,-7.3058,SEMBIR_MT
14STG0022,,110.5013,-7.3209,CUNGKUP_SIDOREJO_TB
14STG0023,,110.5017,-7.3472,JLBATAM_TEGALREJO_PL
14STG0024,,110.5027,-7.3251,SALATIGA_KOTA_EP
14STG0025,,110.5043,-7.3324,HTL_BERINGIN_SALATIGA_ST
14STG0026,,110.5038,-7.3187,SOMOPURO_CM
14STG0027,,110.5082,-7.3209,PATIMURASALATIGA2_TB
14STG0028,,110.5084,-7.3456,ARGAMAS_PS
14STG0029,,110.5091,-7.3368,SALATIGA_SLT_EP
14STG0030,,110.5115,-7.3342,SALATIGA_TINGKIR_PL
14STG0031,,110.5121,-7.3283,SALATIGAKOTA_TMR_EP
14STG0032,,110.5134,-7.3226,JLCANDEN_PL
14STG0033,,110.5138,-7.3403,SALATIGA_TRITIS_PL
14STG0034,,110.5158,-7.3616,TINGKIR_EP
14STG0035,,110.5164,-7.3512,KALIBENING_SMG_TB
14STG0036,,110.5191,-7.3398,JLMARDITOMOG_ST
14STG0037,,110.5257,-7.3623,JLRAYA_SURUH_SIDOMUKTI_ST
14STG0038,,110.5292,-7.357,SALATIGA_TINGKIRLOR_PL
14STG0039,,110.4998,-7.3793,GEDONO_MT
14STG0040,,110.5041,-7.3602,PURIWAHID_PL
14STG0042,,110.503,-7.3116,BERLIAN_SALATIGA_MT
14STG0043,,110.5238,-7.3289,MANGUNSARI_SALATIGA_ST
14UNR0001,,110.2967,-7.2332,CANDISARONSUMOWONO_TB
14UNR0002,,110.3201,-7.2249,PSRSUMOWONO_PL
14UNR0003,,110.3261,-7.2602,NGADIREKSO_EP
14UNR0004,,110.3294,-7.3198,GEMAWANG_UNR_TB
14UNR0005,,110.3308,-7.2691,GENTING_TB
14UNR0006,,110.3311,-7.2234,SUMOWONO_EP
14UNR0007,,110.3454,-7.3076,BEDONO_UNR1_CM
14UNR0008,,110.3466,-7.2183,CANDISONGO_TB
14UNR0009,,110.3469,-7.2286,BANDUNGAN2_PL
14UNR0010,,110.3519,-7.3019,BEDONO_UNR2_EP
14UNR0011,,110.3527,-7.2272,LANGEN_HARJO_PS
14UNR0012,,110.3597,-7.2253,GOLAK_KENTENG_MT
14UNR0013,,110.3644,-7.2888,JAMBU_UNR1_PL
14UNR0014,,110.3661,-7.2212,BANDUNGAN_UNR_EP
14UNR0015,,110.3671,-7.109,BRANJANGTBG_TB
14UNR0016,,110.3671,-7.2778,JAMBU_UNR2_MT
14UNR0017,,110.3716,-7.1288,BIGBLANK_UNR_ST
14UNR0018,,110.3745,-7.2743,KLEPON_CM
14UNR0019,,110.3758,-7.2035,BLANTEN_CM
14UNR0020,,110.3765,-7.223,KALIMOSODO_BANDUNGAN_MT
14UNR0021,,110.3775,-7.2453,PASEKANAMBARAWA_TB
14UNR0022,,110.3805,-7.2346,BANDUNGANI_PL
14UNR0023,,110.3828,-7.2662,SPBU_AMBARAWA_PL
14UNR0024,,110.3854,-7.1502,NYANTONO_MT
14UNR0025,,110.3861,-7.1332,LEREP_UNR2_TB
14UNR0026,,110.3881,-7.2084,JIMBARAN_UNR_EP
14UNR0027,,110.3912,-7.2019,JIMBARAN_UNR1_PL
14UNR0028,,110.3916,-7.2254,MLILIR_ST
14UNR0029,,110.3924,-7.2609,MARTINUSSUHADI_MT
14UNR0030,,110.3931,-7.1448,NYATNYONO_MT
14UNR0031,,110.393,-7.1231,LEREP_UNR1_GH
14UNR0032,,110.3952,-7.1578,SIROTO_TB
14UNR0033,,110.3961,-7.2708,LKR_AMBARAWA_PS
14UNR0034,,110.398,-7.1179,MAPAGAN_MT
14UNR0035,,110.3984,-7.1772,GEBUGANBERGAS_TB
14UNR0036,,110.3998,-7.2583,ISAT_AMBARAWA_ST
14UNR0037,,110.4001,-7.299,KEBONDOWO_PS
14UNR0038,,110.4012,-7.2518,AMBARAWA_TB
14UNR0039,,110.4021,-7.2934,BANYUBIRU_UNR_EP
14UNR0040,,110.4028,-7.2878,KRAJAN_BANYUBIRU_CM
14UNR0041,,110.4033,-7.2667,STOAMBARAWA_MT
14UNR0042,,110.4032,-7.1949,BERGAS_LOR2_TB
14UNR0043,,110.4041,-7.1381,UNGARAN_PEMDA_MT
14UNR0044,,110.4053,-7.1297,JLBRIGJEN_SUDIARTO_UNGARAN_PL
14UNR0045,,110.4065,-7.1202,BANDARJO1_PL
14UNR0046,,110.407,-7.1105,SUWAKTU_TB
14UNR0047,,110.4066,-7.2598,LODOYONG_AMBARAWA_UNR_PL
14UNR0048,,110.4078,-7.1506,UNGARAN_CITY_EP
14UNR0049,,110.4091,-7.1415,GENUKUNGARAN_MT
14UNR0050,,110.4091,-7.1745,SETIGGEN_PL
14UNR0051,,110.4091,-7.1364,AHMADYANIUNGARAN_TB
14UNR0052,,110.4102,-7.1283,GELATIK_UNR_IB
14UNR0053,,110.4118,-7.1114,UNGARAN_UNR1_CM
14UNR0054,,110.4116,-7.2737,AMBARAWA_SELATAN_CON_KN
14UNR0055,,110.4129,-7.1164,BANDARJO2_PL
14UNR0056,,110.4127,-7.1439,GEDANGANAK_PL
14UNR0057,,110.4142,-7.2106,PONCORUSO_BAWEN_TB
14UNR0058,,110.4145,-7.2513,IMP_AMBARAWA_IB
14UNR0059,,110.4145,-7.1578,KALIDOH_IB
14UNR0060,,110.4151,-7.4002,KOPENGSM_TB
14UNR0062,,110.4156,-7.2659,KARTINI_UNR_PL
14UNR0063,,110.417,-7.1218,DOUBLE_STAR_MT
14UNR0064,,110.4172,-7.2079,SAMBAN_CM
14UNR0065,,110.4185,-7.1492,GEDUNGANAK_TB
14UNR0066,,110.4181,-7.1398,UNGARAN_UNR_TB
14UNR0067,,110.4198,-7.1803,BERGAS_LOR_TB
14UNR0068,,110.4205,-7.4017,JLUMBUL_KOPENG_ST
14UNR0069,,110.4211,-7.2478,KARTINIAMBARAWA_MT
14UNR0071,,110.422,-7.1586,BADRANAYA_IB
14UNR0072,,110.4221,-7.2394,HORTIMAT_BAWEN_CM
14UNR0073,,110.4235,-7.3094,APUNG_PL
14UNR0074,,110.4237,-7.2572,BUSUNGAN_TB
14UNR0075,,110.4248,-7.21,RANDUGUNTING_SMG_PL
14UNR0076,,110.4251,-7.1808,KLEPU_EP
14UNR0077,,110.4251,-7.2057,JATIJAJAR_UNR_GH
14UNR0078,,110.4259,-7.2189,JLRAYA_BAWEN_TB
14UNR0079,,110.4263,-7.1969,SIDOMUNCUL_MT
14UNR0080,,110.4275,-7.1781,GEMBONGAN_KARANGJATI_PL
14UNR0081,,110.4278,-7.1869,BERGAS_TB
14UNR0082,,110.4281,-7.1701,JLNGEMPON_MN
14UNR0083,,110.4287,-7.1838,KARANGJATI_UNR2_PL
14UNR0084,,110.4311,-7.1554,LEYANGAN_ST
14UNR0085,,110.431,-7.2297,JLBAPANG_CM
14UNR0087,,110.4321,-7.1392,KALIREJO_UNR_MT
14UNR0088,,110.4317,-7.2251,HARJOSARI_UNR_MT
14UNR0089,,110.4328,-7.2376,BAWEN_MT
14UNR0090,,110.4331,-7.1762,KARANGJATI_UNR_PL
14UNR0091,,110.4341,-7.3955,SELONGISOR_EP
14UNR0092,,110.4362,-7.2421,NGANCAR_UNR_PL
14UNR0093,,110.4372,-7.2496,PINTUTOLBAWEN_PL
14UNR0094,,110.4377,-7.186,TEHSIP_TB
14UNR0095,,110.4381,-7.2345,BLONDOBAWEN_ST
14UNR0096,,110.4398,-7.3297,MUNCUL_TB
14UNR0097,,110.4401,-7.3772,GETASAN_UNR_PL
14UNR0098,,110.4401,-7.1736,GHANESA_EP
14UNR0099,,110.4409,-7.146,LEYANGAN_UNR_TT
14UNR0100,,110.4426,-7.1649,WRINGINPUTIHBERGAS_TB
14UNR0101,,110.4434,-7.133,KALONGANUNGARAN_PL
14UNR0102,,110.444,-7.1865,PRINGAPUS1_MT
14UNR0103,,110.4452,-7.2373,BAWEN1_TB
14UNR0104,,110.4489,-7.1367,KALISIDI_TB
14UNR0105,,110.4487,-7.1985,DEREKANPRINGAPUS_CM
14UNR0106,,110.4491,-7.1854,GEMBONGAN_PL
14UNR0107,,110.4511,-7.0916,JABUNGAN_UNR_MN
14UNR0108,,110.4509,-7.3316,KALIBEJI_MT
14UNR0109,,110.4513,-7.2106,LEMAHIRENG_TB
14UNR0110,,110.4517,-7.3692,GETASAN_UNR2_PL
14UNR0111,,110.4545,-7.2692,TUNTANG_EP
14UNR0112,,110.4575,-7.2756,LOPAIT_CM
14UNR0113,,110.4591,-7.1881,PRINGAPUS_UNR2_ST
14UNR0114,,110.4601,-7.3291,PASAR_BANDONGAN_CM
14UNR0115,,110.4636,-7.08,KALIKAYEN_UNGARAN_TB
14UNR0116,,110.4635,-7.1889,PRINGAPUS_UNR1_MT
14UNR0117,,110.4641,-7.1439,KALONGANSMG_MT
14UNR0118,,110.4641,-7.3849,SAMIRONOXL_ST
14UNR0119,,110.4652,-7.2766,TOROH_UNR_TB
14UNR0120,,110.4652,-7.3045,KARANGPAWON_CANDIREJO_PL
14UNR0121,,110.4657,-7.2892,TUNTANG1_PL
14UNR0122,,110.4661,-7.3236,GENDANG_ML
14UNR0123,,110.4669,-7.1854,JLPRINGAPUS_MT
14UNR0124,,110.4685,-7.2355,POLOSIRI_TB
14UNR0125,,110.4719,-7.3656,GETASAN_UNR1_PL
14UNR0126,,110.4737,-7.2658,TUNTANG2_PL
14UNR0127,,110.4771,-7.1014,KAWENGEN_MT
14UNR0128,,110.4818,-7.2752,WATUAGUNG_UNR_PL
14UNR0129,,110.4844,-7.1024,KAWENGAN_TB
14UNR0130,,110.4852,-7.2047,KEBONAGUNG_UNR_TB
14UNR0131,,110.4858,-7.3901,JETAKGETASAN_TB
14UNR0132,,110.487,-7.2485,TLOMPAKAN_PL
14UNR0133,,110.4903,-7.2655,TLOGO_PL
14UNR0134,,110.4889,-7.1789,PRINGAPUSUTARA_MT
14UNR0135,,110.4904,-7.3911,JETAK_GETASAN_PS
14UNR0136,,110.5046,-7.4042,KRAJAN_BUTUH_ST
14UNR0137,,110.5121,-7.2569,BRINGIN_UNR_EP
14UNR0138,,110.5123,-7.2165,NGAJARAN_MT
14UNR0139,,110.5131,-7.3977,KALIGANDU_UNR_MT
14UNR0141,,110.5145,-7.3945,KARANG_DUREN_UNR_TB
14UNR0142,,110.5158,-7.2797,KARANGTENGAHTUNTANG_TB
14UNR0143,,110.516,-7.1685,CANDIREJOPRINGAPUS_TB
14UNR0144,,110.5162,-7.3705,NOBOREJO_GH
14UNR0145,,110.5171,-7.3825,KRAJAN_UNR_CM
14UNR0147,,110.5179,-7.2542,JLDIPENOGORO_KIRINGAN_PL
14UNR0148,,110.5201,-7.4121,TENGARAN_PL
14UNR0149,,110.5218,-7.4168,KLERO_MT
14UNR0150,,110.5285,-7.4052,KARANGDUREN_TT
14UNR0151,,110.5301,-7.4283,SRUWEN_UNR_EP
14UNR0153,,110.532,-7.324,KARANGGONDANGPABELANRELOC_MT
14UNR0154,,110.5351,-7.3442,NYAMAT_TENGARAN_MT
14UNR0155,,110.5356,-7.3868,DUKUH_JENDUL_TB
14UNR0156,,110.5361,-7.3726,TEGALWATON_TB
14UNR0157,,110.5375,-7.2365,PAKIS_UNR_TB
14UNR0158,,110.5383,-7.1991,SAMBIREJO_TB
14UNR0159,,110.5388,-7.4045,TEGALWATONSM_TB
14UNR0160,,110.5421,-7.3469,UJUNGUJUNGSM_TB
14UNR0161,,110.5463,-7.3611,TEMPEL_BARUKAN_PL
14UNR0162,,110.5514,-7.3831,KEBOWAN_UNR_ST
14UNR0163,,110.5518,-7.2304,GOGODALEM_MT
14UNR0164,,110.5531,-7.2988,SEMOWOPBL_PL
14UNR0165,,110.5568,-7.4502,TARACELLAMPEL_PL
14UNR0166,,110.5571,-7.4102,KENTENGTBG_TB
14UNR0167,,110.5598,-7.3385,KRANDONLORSURUH_TB
14UNR0168,,110.5606,-7.2698,TRUKO_KRAJAN_TB
14UNR0169,,110.5647,-7.3487,JENGGLONG_KRANDOR_PL
14UNR0170,,110.5661,-7.3681,SURUH_PL
14UNR0171,,110.5719,-7.405,KENTENG_CM
14UNR0172,,110.5721,-7.3155,CUKILANPL_PL
14UNR0173,,110.582,-7.391,ROGOMULYO_CM
14UNR0174,,110.5847,-7.3747,PURWOREJOH_PS
14UNR0175,,110.5881,-7.4596,JETISSUSUKAN_TB
14UNR0176,,110.5898,-7.4314,DUKUH_KAIBON_UNR_TB
14UNR0177,,110.592,-7.2069,TEMPURANSMG_EP
14UNR0178,,110.5928,-7.4085,SUSUKANSMG_PL
14UNR0179,,110.593,-7.2355,BANCAK_TB
14UNR0180,,110.5935,-7.2882,DADAPAYAM_PL
14UNR0181,,110.5945,-7.3848,PURWOREJOMEDAYU_PL
14UNR0182,,110.6035,-7.4056,KETAPANG_ST
14UNR0183,,110.6041,-7.3688,SURUHTIMURSM_TB
14UNR0184,,110.6094,-7.3913,PLAUR_TB
14UNR0185,,110.6108,-7.3743,BONOMERTO_ST
14UNR0186,,110.6121,-7.3362,GENDRU_TB
14UNR0187,,110.6144,-7.2383,MANDIRI_SEJAHTERA_PL
14UNR0188,,110.6201,-7.4111,TAWANG_TBG_TB
14UNR0189,,110.6213,-7.4396,LEMBU_CAHYO_TB
14UNR0190,,110.6229,-7.3907,GALANGAN_PS
14UNR0191,,110.6254,-7.463,KALIWUNGUSMG_MT
14UNR0192,,110.6462,-7.4761,TUGU_LILIN_TB
14UNR0193,,110.4151,-7.1647,BABADAN_EP
14UNR0194,,110.5141,-7.2942,PABELAN_EP
14UNR0195,,110.4227,-7.1301,KALIREJOCITY_MT
14UNR0196,,110.343,-7.2124,DARUM_CANDI_PL
14UNR0197,,110.5171,-7.2255,KALIJAMBE_TB
14UNR0198,,110.5307,-7.3088,JEMBRAK_MT
14UNR0199,,110.578,-7.3257,SDN_CUKILAN_MT
14UNR0200,,110.3896,-7.1849,BENGKLEK_MT
14UNR0201,,110.3085,-7.2074,LOSARI_SUMOWONO_PL
14UNR0202,,110.6118,-7.4763,MUKIRAN_KALIWUNGU_TB
14UNR0203,,110.4219,-7.3772,WATES_GETASAN_TB
14UNR0204,,110.4628,-7.2582,MB_TUNTANG_KM445
14UNR0205,,110.4518,-7.4003,TAJUK_KAB_SMG_TB
14UNR0206,,110.5729,-7.4189,BARUKAN_KAB_SMG_TB
14UNR0207,,110.6016,-7.4455,ROGOMULYO_KAB_SMG_PL
14UNR0208,,110.4398,-7.2115,KEBONAN_BERGAS_TB
14UNR0210,,110.4299,-7.3838,NGAGRONG_KABSMG_PL
14UNR0211,,110.5652,-7.388,SEBAN_KABSMG_PL
14UNR0212,,110.4733,-7.3308,LANGENSARI_KABSMG_PL
14UNR0213,,110.4119,-7.1877,JELOK_KABSMG_ST
14UNR0214,,110.5042,-7.1706,SAMBIROTO_KABSMG_PL
14UNR0215,,110.3827,-7.2895,BRONGKOL_KABSMG_PL
14UNR0216,,110.4103,-7.233,DOPLANG_SEMARANG_CM
14UNR0217,,110.6089,-7.352,TUMPENG_SURUH_ST
14UNR0218,,110.5835,-7.3603,NGERSO_SURUH_ST
15BTL0001,,110.2304,-7.9686,PONCOSARI_TB
15BTL0002,,110.235,-7.9772,PONCOSARIKLNPROGO_ST
15BTL0003,,110.2419,-7.813,GUNUNG_MOJO_BTL_TB
15BTL0004,,110.2461,-7.8532,ARGODADIIT_TB
15BTL0005,,110.2483,-7.9808,SANDEN1_TB
15BTL0006,,110.2498,-7.9377,TRIMURTI_PL
15BTL0007,,110.2557,-7.8287,ARGOREJO_PL
15BTL0008,,110.2578,-7.8144,SEDAYU_CM
15BTL0009,,110.2577,-7.9262,GERBOSARI_BTL_ST
15BTL0010,,110.2632,-7.813,SEDAYU_BTL_EP
15BTL0011,,110.2641,-7.9346,SRANDAKAN_MT
15BTL0012,,110.2641,-7.9668,SANDENI_PL
15BTL0013,,110.2651,-7.9495,DODOLAN_BTL_PL
15BTL0014,,110.2674,-7.9631,MURTIGADING_IB
15BTL0015,,110.271,-7.9686,SANDEN2_TB
15BTL0016,,110.2711,-7.8839,PAJANGANSM_TB
15BTL0017,,110.2723,-7.8086,MERCUBUANAWATES_PL
15BTL0019,,110.2737,-7.928,PANDAK_BTL1_PL
15BTL0020,,110.2744,-7.9891,SRIGADING_BTL_TB
15BTL0021,,110.2747,-7.7937,KEMOSOK_PL
15BTL0022,,110.2821,-7.8133,PLAWONAN_PL
15BTL0023,,110.2827,-7.7998,STA_REWULU_TB
15BTL0024,,110.2855,-7.9679,LINGGAJATIMURTIGANDING_MT
15BTL0025,,110.2875,-7.8478,PAJANGAN2_PL
15BTL0026,,110.2885,-7.8755,PAJANGAN_PL
15BTL0027,,110.2899,-7.9182,AZHA_PL
15BTL0028,,110.2911,-7.8962,SENDANGSARI_PL
15BTL0029,,110.2925,-7.9392,BAMBANGLIPURO1_ST
15BTL0030,,110.2963,-7.8944,PIJENAN_TB
15BTL0031,,110.2955,-8.0093,PARANGTRITIS_MT
15BTL0032,,110.297,-7.9512,SRIGADING_TB
15BTL0033,,110.2993,-7.9857,CIMPON_PL
15BTL0034,,110.3007,-7.8589,KREMBANGAN_TB
15BTL0035,,110.3027,-7.9565,PUNDONG_BTL2_PL
15BTL0037,,110.3065,-7.8429,KALIRANDU_BTL_MT
15BTL0038,,110.3082,-7.8348,WONOTAWANGSTP_ST
15BTL0039,,110.3087,-7.8806,DSGUWOSARIKIN_KN
15BTL0040,,110.3099,-7.8969,GUWOSARI_BTL_MT
15BTL0041,,110.3118,-7.9549,SIDOMULYO_BTL_MT
15BTL0042,,110.3121,-7.9424,WARUNGBOTOUMBULHARJO_TB
15BTL0043,,110.3121,-7.9227,KANUTAN_MT
15BTL0044,,110.3125,-7.9075,PANDAK_BTL_EP
15BTL0045,,110.3158,-7.9771,KRETEKBANTUL_EP
15BTL0046,,110.3161,-7.8774,GUWOSARI_MT
15BTL0047,,110.3167,-7.817,UMYSELATAN_TB
15BTL0048,,110.3182,-7.9722,SDNMADURETNO_IB
15BTL0049,,110.3187,-7.8891,JETAK_BANTUL_MT
15BTL0050,,110.3204,-7.9258,BAMBANGLIPURO_EP
15BTL0051,,110.3194,-7.8598,KEMBANGPUTIAN_MT
15BTL0052,,110.3199,-7.8127,TAMAN_TIRTO1_CM
15BTL0053,,110.3206,-7.8082,I2_UMY_GEDUNGFG_MC
15BTL0054,,110.3207,-8.0127,PARANGTRITIS1_PL
15BTL0055,,110.3211,-7.8113,IN_UMY_GEDUNGABDE_MC
15BTL0056,,110.3211,-7.8968,RINGINHARJO_MT
15BTL0057,,110.3227,-7.8206,TUNDAN_PL
15BTL0058,,110.3236,-7.9874,JELAPAN_PL
15BTL0059,,110.3245,-7.8099,MI_JALANRINGROADJOGJA8_TB
15BTL0060,,110.3246,-7.8149,UMY_EP
15BTL0061,,110.3249,-7.8693,GEBLAG_BANTUL_MT
15BTL0062,,110.3263,-8.0202,PARANGKUSUMOI_IB
15BTL0063,,110.3273,-7.8069,NGESTIHARJO2_TB
15BTL0064,,110.3266,-7.8355,GUNUNGSEMPU_EP
15BTL0065,,110.3283,-7.8914,BADEGAN_BTL_PL
15BTL0066,,110.329,-7.8208,BRAJAN_BTL_MT
15BTL0067,,110.3288,-7.9483,JAMPRIT_TB
15BTL0068,,110.3296,-7.8519,PENDOWOHARJO1_MT
15BTL0069,,110.3307,-7.8284,TAMANTIRTOKASIHAN_TB
15BTL0070,,110.3311,-7.8819,BANTUL_IM3_EP
15BTL0071,,110.3311,-7.8242,GONJEN_PL
15BTL0072,,110.3312,-7.8121,PANCURANTAMANDIRTO_TV
15BTL0073,,110.3324,-7.8439,KASIHAN_TB
15BTL0074,,110.3328,-7.8025,YOG_TDDINFILL_TB
15BTL0075,,110.3328,-7.8863,RADIOPERSATUAN_HS
15BTL0076,,110.3335,-7.9075,TAJEMAN_MT
15BTL0077,,110.3337,-7.8164,BRAJANKASIHAN_MT
15BTL0078,,110.3338,-7.8089,NGESTIHARJO_KASIHAN_PL
15BTL0079,,110.3345,-7.8782,PC_GERAI_BANTUL_TM
15BTL0081,,110.3352,-7.8254,TMNTIRTO_KASIHAN_TB
15BTL0082,,110.3356,-7.8907,MBAH_RESO_IB
15BTL0083,,110.336,-7.8535,ARIFFA_PL
15BTL0084,,110.3373,-7.8125,TAMAN_TIRTO2_TB
15BTL0085,,110.3377,-7.801,PERUMGRIYAALFITA_IF
15BTL0086,,110.3377,-7.8657,PENDOWOHARJO_EP
15BTL0087,,110.3383,-7.8086,KADIPIRO_BTL_PL
15BTL0088,,110.3391,-7.8968,BANTUL_EP
15BTL0089,,110.3393,-7.8174,TIRTONIRMOLO_BTL_TB
15BTL0090,,110.3372,-7.8234,MENAYULOR_PL
15BTL0091,,110.3399,-7.9325,PUNDONG_BTL1_PL
15BTL0092,,110.3403,-7.7965,NGESTIHARJO3_TB
15BTL0093,,110.3408,-7.8294,MADUKISMO1_MT
15BTL0094,,110.3419,-7.7996,NGESTIHARJOKASIHAN_PL
15BTL0095,,110.3433,-7.9795,PANJANGREJO_MT
15BTL0096,,110.3446,-7.827,KASIHAN_BTL_CM
15BTL0098,,110.345,-7.8057,NITIPURAN_IB
15BTL0099,,110.3451,-7.9561,PUNDONGSM_TB
15BTL0100,,110.3453,-7.8486,KASONGAN_EP
15BTL0101,,110.3459,-7.842,GELONDONGTIRTONIRMOLO_PL
15BTL0102,,110.3461,-7.8028,PATANG_PULUHAN_MT
15BTL0103,,110.3461,-7.8865,BANTUL2_PL
15BTL0104,,110.3477,-7.7867,SUDAGARAN_BTL_MT
15BTL0105,,110.3479,-7.7926,SUTOPADANSORAGAN_MT
15BTL0106,,110.3478,-7.8179,BUGISANMT_MT
15BTL0107,,110.3486,-7.8306,MADUKISMO2_PL
15BTL0108,,110.3493,-7.7724,TARACELLSTIEYKPN_PL
15BTL0109,,110.3494,-7.9298,BANTULJETISMT_MT
15BTL0110,,110.3497,-7.8806,KERSAN_BTL_MT
15BTL0111,,110.3498,-7.8938,DAWANG_BTL_PL
15BTL0112,,110.3499,-7.9231,PATALAN_ST
15BTL0113,,110.3503,-7.8361,RIZGRA_TB
15BTL0114,,110.3506,-7.8718,SEWON_GATAK_XL
15BTL0116,,110.3513,-7.8431,PANGGUNGHARJOSEWON_TB
15BTL0117,,110.3517,-7.8613,DADAPAN_BTL_PL
15BTL0119,,110.3534,-7.8954,MANDING_PL
15BTL0120,,110.3536,-7.9059,LEMBU_SURO_BTL_MT
15BTL0121,,110.3542,-7.83,DONGKELAN_ST
15BTL0123,,110.3554,-7.8515,PANGGUNGHARJO_MT
15BTL0124,,110.3559,-7.8564,MI_JALANJOGJAPARANGTRITIS3_TB
15BTL0125,,110.3562,-7.8352,KARANGNONGKO_MT
15BTL0126,,110.3569,-7.8407,MI_PANGGUNGHARJO004_BL
15BTL0127,,110.3586,-7.8307,WAHWOO_PL
15BTL0128,,110.3589,-7.8472,SEWONI_PL
15BTL0129,,110.3611,-7.8714,TIMBULHARJO1_MT
15BTL0131,,110.3631,-7.9207,CANDEN_JETIS_PL
15BTL0132,,110.3641,-7.8371,SEWON_EP
15BTL0133,,110.3646,-7.8307,KRAPYAK_PL
15BTL0134,,110.3655,-7.9277,RATMAN_MT
15BTL0135,,110.3657,-7.8966,JETISBANTUL2_IB
15BTL0137,,110.3688,-7.9158,SUMBERAGUNG1_PL
15BTL0138,,110.3688,-7.8359,MI_JALANRINGROADJOGJA6_TB
15BTL0139,,110.3691,-7.8475,TARUDANBANGUN_PL
15BTL0140,,110.3704,-7.8321,PARANGTRITISBANGUNHARJO_IF
15BTL0141,,110.3711,-7.8631,TIMBULHARJO3_TB
15BTL0142,,110.3717,-7.9128,SUMBERAGUNG2_TB
15BTL0143,,110.3727,-7.838,SAMAN_TB
15BTL0144,,110.3727,-7.9422,KENZOBETTA_IB
15BTL0145,,110.3729,-7.8291,RANDUBELANG_PL
15BTL0146,,110.3737,-7.856,BANTUL1_PL
15BTL0147,,110.3738,-7.8953,IMOGIRI_BTL_CM
15BTL0148,,110.3742,-7.8804,JETISBANTUL1_MT
15BTL0149,,110.3748,-7.8521,IMOGIRI_BARAT_MT
15BTL0150,,110.3773,-7.8724,TIMBULHARJO_MT
15BTL0151,,110.3793,-7.834,TAMANAN2_ST
15BTL0152,,110.3809,-7.8291,SOROGENEN_TB
15BTL0153,,110.3819,-7.8463,ROPONGAN_MT
15BTL0154,,110.3821,-7.9191,IMOGIRI_MT
15BTL0156,,110.3822,-7.9094,PUTINOMOGIRI_GH
15BTL0157,,110.3827,-7.8389,MAESANTAMANAN_MT
15BTL0158,,110.3848,-7.8947,TRIMULYOSM_TB
15BTL0159,,110.3871,-7.8623,KETONGGO_GH
15BTL0160,,110.3884,-7.8831,JETISBANTUL3_TB
15BTL0161,,110.3888,-7.9522,SUKORENOSENTOLO_MT
15BTL0162,,110.3907,-7.8529,WIROKERTEN_TB
15BTL0163,,110.391,-7.8435,TAMANAN_BTL_MT
15BTL0164,,110.3919,-7.9365,GIRIREJO_BTL_PL
15BTL0165,,110.3937,-7.8698,PLERET_BTL_EP
15BTL0166,,110.3939,-7.8802,PERMONIPLERED_ML
15BTL0167,,110.3962,-7.8944,TRIMULYO_BTL_MT
15BTL0168,,110.3965,-7.8338,SEMAYAN_PL
15BTL0169,,110.3989,-7.9112,WUKIRSARIBANTUL_TB
15BTL0170,,110.3995,-7.8019,TOWERBERSAMAGEMBIRALOKA_TB
15BTL0171,,110.3996,-7.8697,PLERET_BTL1_IB
15BTL0172,,110.4001,-7.7927,SOROWAJAN_TB
15BTL0173,,110.4021,-7.8407,DUKUH_SINGOSAREN_PL
15BTL0174,,110.4024,-7.7915,SOROWAJAN1_PL
15BTL0175,,110.4031,-7.801,JEC_EP
15BTL0176,,110.4033,-7.7961,JOGJATIMUR_TB
15BTL0177,,110.4036,-7.8063,KARANGSARI_BTL_PL
15BTL0178,,110.4053,-7.8032,MI_BANGUNTAPAN008_BL
15BTL0179,,110.4073,-7.7926,AKAKOMRT_CM
15BTL0180,,110.4074,-7.8632,BEBEIKERS_PL
15BTL0181,,110.4078,-7.8121,KETANDAN_BTL_PL
15BTL0182,,110.4079,-7.8266,PRINGGOLAYAN_PL
15BTL0183,,110.4082,-7.7977,KANOMAN_BANGENTAPAN_MT
15BTL0184,,110.4082,-7.8178,BANGUNTAPAN_MT
15BTL0185,,110.4088,-7.8072,MI_BANGUNTAPAN018_BL
15BTL0186,,110.4003,-7.8569,NGESTIHARJO1_PL
15BTL0187,,110.4089,-7.7869,MESJIDALMUKHLISUN_BANTUL_MT
15BTL0188,,110.41,-7.8145,PRENGGAN_TB
15BTL0189,,110.4105,-7.8581,JAMBIDAN1_MT
15BTL0190,,110.4112,-7.8792,SEGOROYOSOSM_TB
15BTL0191,,110.4107,-7.8285,BANGUNTAPANIB_IB
15BTL0192,,110.41,-7.9672,SELOPAMIORO_BTL_TB
15BTL0193,,110.4118,-7.8011,WONOCATUR2_PL
15BTL0194,,110.4124,-7.8059,WONOCATUR_EP
15BTL0195,,110.4127,-7.8462,SYMPHONI_MT
15BTL0196,,110.414,-7.8404,MERTOSANAN_PL
15BTL0197,,110.4142,-7.8158,KALANGANBANGUNTAPAN_MT
15BTL0198,,110.4167,-7.7992,STTA_PL
15BTL0199,,110.4173,-7.8181,BATURETNO_BTL1_PL
15BTL0200,,110.4181,-7.834,JAMBIDAN_MT
15BTL0201,,110.4196,-7.9014,WUKIRSARIBTLMT_MT
15BTL0203,,110.4205,-7.8107,BATURETNO_BTL2_TB
15BTL0204,,110.4249,-7.8231,POTORONOBANGUNTAPAN_MT
15BTL0205,,110.4281,-7.8561,SITIMULYO_PL
15BTL0206,,110.4292,-7.9327,MANGUNAN_BTL_ST
15BTL0207,,110.4307,-7.8391,CEPOKOJAJAR_PL
15BTL0208,,110.4321,-7.8847,BAWURANMT_MT
15BTL0209,,110.4371,-7.9189,MANGUNAN_TB
15BTL0210,,110.4445,-7.9097,MUNTUK_PL
15BTL0211,,110.4502,-7.8416,DUCIKAL_KIN_KN
15BTL0212,,110.4521,-7.8823,TERONGSM_TB
15BTL0213,,110.4566,-7.8305,BINTARAN_TB
15BTL0214,,110.4634,-7.834,PIYUNGANI_PL
15BTL0215,,110.4677,-7.9305,DLINGOSM_TB
15BTL0216,,110.475,-7.8347,PATUK_EP
15BTL0217,,110.4809,-7.8254,SRIMARTANI_MT
15BTL0218,,110.2735,-7.8319,TUGUMETES_MT
15BTL0219,,110.278,-7.9461,GLAGAHAN_MT
15BTL0220,,110.3395,-7.9146,TRIRENGGO_MT
15BTL0221,,110.3354,-7.8749,MELIKAN_LOR_MT
15BTL0222,,110.3244,-7.8642,GRUJUGAN_BTL_TV
15BTL0224,,110.4736,-7.9014,DLINGO_BANTUL_PL
15BTL0227,,110.4045,-7.7994,JEC_JOGJA_BANTUL_TM
15BTL0228,,110.2464,-7.9616,PONCOL_BANTUL_PL
15BTL0229,,110.3573,-7.9435,CANDEN_BANTUL_TB
15BTL0230,,110.3167,-7.8374,BANGUNJIWO_BANTUL_MT
15BTL0231,,110.2687,-7.8534,PAJANGAN_BANTUL_PL
15BTL0232,,110.275,-7.8208,ARGOREJO_BANTUL_PL
15BTL0233,,110.3635,-7.8855,SEWON_BANTUL_PL
15BTL0234,,110.2958,-7.9094,I2_JODOG_BANTUL_GT
15BTL0235,,110.2783,-7.9011,MANGIR_BANTUL_PL
15BTL0237,,110.351,-7.8272,MI_NEWSENGGOTAN_PK
15BTL0238,,110.35,-7.8766,MB_GABUSAN_BANTUL
15SMN0001,,110.2264,-7.7486,SENDANGMULYO_SMN_PL
15SMN0002,,110.2353,-7.7388,WIRANARA_PL
15SMN0003,,110.2368,-7.7784,SUMBERARUM_SMN_MT
15SMN0004,,110.2414,-7.7804,KALIDUREN_SMN_PL
15SMN0005,,110.2455,-7.7982,SEDAYU_UTR_SUMBERAHAYU_TB
15SMN0006,,110.2561,-7.7586,MOYUDAN_EP
15SMN0007,,110.2681,-7.7159,MINGGIR_SMN_PL
15SMN0008,,110.27,-7.7827,SUMBERSARISLM_CM
15SMN0009,,110.2719,-7.7392,EMBUNG_JERING_PL
15SMN0010,,110.2876,-7.7686,KUNDENSIDOLUHURGF_PL
15SMN0011,,110.2898,-7.8207,JITENGAN_MT
15SMN0012,,110.29,-7.764,GODEAN_EP
15SMN0013,,110.2904,-7.8083,BALECATUR2_ST
15SMN0014,,110.2903,-7.6984,BANYUREJO_SMN_MT
15SMN0015,,110.2926,-7.7523,SENTOLO_SMN_TB
15SMN0016,,110.2944,-7.7837,GANCAHAN_TB
15SMN0017,,110.2946,-7.8054,REWULUSM_TB
15SMN0018,,110.2973,-7.7692,SIDOAGUNG_SMN_TB
15SMN0019,,110.2999,-7.7212,SEYEGAN_SMN_MT
15SMN0021,,110.3003,-7.7376,MARGODADI2_ST
15SMN0022,,110.3003,-7.7458,RFAMARGOLUWIH_MT
15SMN0023,,110.3007,-7.8054,BALECATUR_IB
15SMN0024,,110.3024,-7.777,SIDOKARTO_TB
15SMN0025,,110.3038,-7.8191,SNDL_PL
15SMN0026,,110.3051,-7.7077,MARGOMULYO_TB
15SMN0027,,110.3051,-7.6732,TEMPEL_SMN_MT
15SMN0028,,110.3072,-7.7227,SAYEGAN_PL
15SMN0029,,110.3081,-7.763,JLDAMAI_MT
15SMN0030,,110.3092,-7.7886,SDN_KEPUTRAN_2_PL
15SMN0031,,110.3136,-7.7974,AMBAKETAWANG_PL
15SMN0032,,110.3139,-7.7277,MRIYAN_MT
15SMN0033,,110.3144,-7.8209,MANCASAN_MT
15SMN0035,,110.3171,-7.6984,MARGOAGUNGMT_MT
15SMN0036,,110.3181,-7.7676,PETEGODEAN_TB
15SMN0037,,110.3188,-7.76,SIDOKERTO_SMN_ST
15SMN0038,,110.3189,-7.7813,SIDOARUM_MT
15SMN0039,,110.3198,-7.6797,CATUR_HARJO_BM
15SMN0040,,110.3201,-7.7741,BANTULAN_EP
15SMN0041,,110.32,-7.7471,MARGODADI_SMN_EP
15SMN0042,,110.3211,-7.8059,UMY2_TB
15SMN0043,,110.3223,-7.7889,AMBARKETAWANG_ST
15SMN0044,,110.3231,-7.798,GAMPING_EP
15SMN0045,,110.3255,-7.801,RETOWERGAMPING_CM
15SMN0046,,110.3257,-7.7739,SIDOARUMI_PL
15SMN0047,,110.327,-7.7793,COKROBEDOG_MT
15SMN0048,,110.3275,-7.762,BONTHIT_PL
15SMN0049,,110.3281,-7.6528,TEMPEL2_BM
15SMN0050,,110.3287,-7.7829,PEREMPATANDEMAKIJO_TB
15SMN0051,,110.3298,-7.7874,RINGROADTIMUR_MT
15SMN0052,,110.3301,-7.6645,MARGOREJO_SMN_MT
15SMN0053,,110.3309,-7.7144,MARGOMULYO_SMN_ST
15SMN0054,,110.3321,-7.7291,SAYEGAN_SMN_EP
15SMN0055,,110.3322,-7.7327,CEBONGANSLEMAN_CM
15SMN0056,,110.3325,-7.7984,REJODADI_SMN_PL
15SMN0057,,110.3331,-7.7543,REJEKWETAN_KIN_KN
15SMN0058,,110.3331,-7.7755,LAHANBP_JAROTJAROT_ST
15SMN0059,,110.3356,-7.7708,SPTGODEAN_ST
15SMN0060,,110.3354,-7.7644,NOGOTIRTO2_PB
15SMN0061,,110.3362,-7.7957,BANYURADEN_SMN_PL
15SMN0062,,110.337,-7.7531,TIRTOADISLEMAN_PL
15SMN0063,,110.3374,-7.6769,CATUR_HARJO2_IB
15SMN0064,,110.3379,-7.7171,WARA_SMN_PL
15SMN0065,,110.338,-7.7829,DSSNUGONSARENKIDUL_IB
15SMN0066,,110.3381,-7.6828,MEDARI_EP
15SMN0067,,110.3392,-7.6421,NGEPOSIV_PL
15SMN0068,,110.3406,-7.7803,GODEAN2_TB
15SMN0069,,110.3426,-7.7672,NOGOTIRTOGAMPING_MT
15SMN0070,,110.3441,-7.7617,NOGOTIRTO_MT
15SMN0071,,110.3441,-7.7891,NURJIHAN_SMN_PL
15SMN0072,,110.3441,-7.7137,PANGUKAN_MT
15SMN0073,,110.3458,-7.7544,SINDUADI_TB
15SMN0074,,110.3456,-7.7779,NOGOTIRTO1_PL
15SMN0075,,110.3456,-7.6999,TRIDADI1_TB
15SMN0076,,110.3457,-7.7489,BADARUDIN_PL
15SMN0077,,110.3466,-7.7068,MANDALA_KRIDA_TB
15SMN0078,,110.3476,-7.6514,MERDEKOREJO_TB
15SMN0079,,110.3477,-7.7217,PLAOSANSLEMAN_TB
15SMN0080,,110.3481,-7.6925,MURANGAN_STP_ST
15SMN0081,,110.3489,-7.7452,MI_JALANRINGROADJOGJA11_TB
15SMN0082,,110.3495,-7.6282,PONDOK_REJO_ST
15SMN0083,,110.3502,-7.7,WADAS_TRIDADI_PL
15SMN0084,,110.3511,-7.7341,DUKUHJATEN_KIN_KN
15SMN0085,,110.3511,-7.7657,SKEYOGYA_PL
15SMN0086,,110.3524,-7.7499,TRIHANGGO_CM
15SMN0087,,110.354,-7.707,BERAN_EP
15SMN0088,,110.3553,-7.7434,NGEMPLAK3_IB
15SMN0089,,110.3561,-7.7472,MI_JALANRINGROADJOGJA12_TB
15SMN0090,,110.3563,-7.7561,MI_SINDUADI002_BL
15SMN0091,,110.3564,-7.7151,TRIDADI_MT
15SMN0092,,110.3573,-7.6681,TRIMULYO_SMN_TB
15SMN0093,,110.3591,-7.7473,MLATI_MT
15SMN0094,,110.3597,-7.7645,WUKIRSARI_MT
15SMN0096,,110.3611,-7.7526,I2_SAHID_RICH_SM
15SMN0097,,110.362,-7.7197,SLEMAN_MALL_YOGJAKARTA1_KI
15SMN0098,,110.3618,-7.7202,IN_SLEMAN_MALL_YOGJAKARTA2_KI
15SMN0099,,110.3629,-7.7255,PEMDA_EP
15SMN0100,,110.3631,-7.7641,JLMAGELANG_MT
15SMN0101,,110.3637,-7.7383,SENDANGADI_SMN2_PL
15SMN0102,,110.364,-7.7584,BSCYOGYAKARTA_PL
15SMN0103,,110.3651,-7.7332,SENDANGADI1_MT
15SMN0104,,110.3654,-7.7007,PANDOWOHARJO_PL
15SMN0105,,110.3666,-7.7507,MI_TAMANPELANGI_TB
15SMN0106,,110.3689,-7.7668,TOKOSIDOREJO_PL
15SMN0107,,110.369,-7.7438,PALAGAN_HYATT_PL
15SMN0108,,110.3691,-7.7617,MONJALI_PL
15SMN0109,,110.369,-7.7347,RUSUNAWAJONGKE_CM
15SMN0110,,110.37,-7.7254,SENDANGADI_SMN1_PL
15SMN0111,,110.3704,-7.7731,YAYASANKANKERYKI_PL
15SMN0112,,110.3721,-7.7504,NANDAN_PL
15SMN0113,,110.3724,-7.7155,SENDANG_MULYO_TB
15SMN0114,,110.3731,-7.7556,POGUNGREJO_CM
15SMN0115,,110.3731,-7.7655,TEKNIK_MT
15SMN0116,,110.3732,-7.7074,SURYODININGRATANGGSAHID_CM
15SMN0117,,110.3735,-7.6133,MERDIKOREJO_ST
15SMN0118,,110.3733,-7.7632,BULAKSUMUR_TB
15SMN0119,,110.3737,-7.6783,DOEL_GONDANG_MT
15SMN0120,,110.3749,-7.7701,MI_UGM_BTS_HOTEL1_MT
15SMN0121,,110.3756,-7.7452,SENDANGADI2_TB
15SMN0122,,110.3756,-7.6539,TURI_SMN_EP
15SMN0123,,110.3764,-7.7671,SIC_MT
15SMN0124,,110.3761,-7.762,POGUNGKIDUL_PL
15SMN0125,,110.377,-7.7739,MI_UGMBTSHOTEL1_MT
15SMN0127,,110.3768,-7.7392,PALAGANUTR_PL
15SMN0128,,110.3771,-7.697,REJODANI_EP
15SMN0129,,110.3775,-7.7687,MI_UGM_BTS_HOTEL2_MT
15SMN0130,,110.3782,-7.7522,SINDUADI_MLATI_MT
15SMN0131,,110.3787,-7.7661,MI_UGMBTSHOTEL2_MT
15SMN0132,,110.3785,-7.6179,BALERANTE_PL
15SMN0133,,110.3794,-7.7712,PERTAMINA_SMN_MT
15SMN0134,,110.3795,-7.721,ISATPALAGANREJODANI_GH
15SMN0135,,110.3809,-7.7436,PREMBULAN_PL
15SMN0136,,110.3811,-7.7761,MAGELANG_KOTA_PECINAN_MT
15SMN0137,,110.3797,-7.7616,MMUGM_PL
15SMN0138,,110.3827,-7.7632,SLOKANMATARAM_IB
15SMN0139,,110.3829,-7.7176,SARIHARJO_TM
15SMN0140,,110.3832,-7.7535,KENTUNGANSM_TB
15SMN0141,,110.3838,-7.7704,KARANGMALANG_SMN_ST
15SMN0143,,110.3849,-7.7657,KLEBENGAN_IF
15SMN0146,,110.3856,-7.7061,GLENDEH_CM
15SMN0147,,110.386,-7.7779,RKSAMIRONO_EP
15SMN0149,,110.3871,-7.7329,SUMBERAN_SMN_PL
15SMN0150,,110.3873,-7.6884,GLAGAHTEMON_PL
15SMN0151,,110.3878,-7.767,MRICAN_SMN2_MT
15SMN0152,,110.3878,-7.7418,KAYEN_CONDONGCATUR_PL
15SMN0153,,110.388,-7.7472,KALIURANG_SMN1_PL
15SMN0154,,110.3887,-7.73,JABAN_MT
15SMN0155,,110.3891,-7.7591,SAWITSARISTP_ST
15SMN0156,,110.3896,-7.7737,AFANDISOROSUTAN_TB
15SMN0157,,110.3914,-7.7553,JLNURI_PIKGONDANG_ST
15SMN0158,,110.3921,-7.6728,DONOHARJO_EP
15SMN0159,,110.3923,-7.769,MRICANI_PL
15SMN0160,,110.393,-7.7851,UINSUNANKALIJAGART_CM
15SMN0161,,110.3931,-7.7441,NGABENKULON_PL
15SMN0162,,110.3933,-7.7605,CONDONGCATUR2_PL
15SMN0163,,110.3943,-7.7738,APARTEMENSEJAHTRA_ST
15SMN0164,,110.3943,-7.7826,TIMOHO_EP
15SMN0165,,110.3941,-7.7572,CONCAT_EP
15SMN0166,,110.3948,-7.749,CONDONGCATUR_PL
15SMN0167,,110.3946,-7.7783,DEMANGANBARU_MT
15SMN0169,,110.3958,-7.7232,DAYAKAN_PL
15SMN0170,,110.3961,-7.6511,PURWOBINANGUNPAKEM_TB
15SMN0171,,110.3981,-7.763,CONDONGCTR_ML
15SMN0172,,110.3979,-7.7814,ALYUSRO_PL
15SMN0173,,110.3981,-7.7307,NGAGLIK_SMN_EP
15SMN0174,,110.3978,-7.7677,CEPITBARU_TB
15SMN0175,,110.3987,-7.6324,PANCOH_PK
15SMN0176,,110.3991,-7.7539,MRICAN_SMN_EP
15SMN0178,,110.3995,-7.7594,I2_HARTONOMALL_DH
15SMN0179,,110.3995,-7.7699,IN_RASUNAWASLEMAN1_MC
15SMN0180,,110.3996,-7.7263,NGEBEL_SMN_MT
15SMN0181,,110.3998,-7.7381,TRAPESIUM_CONDONGCATUR_MT
15SMN0182,,110.4,-7.7864,GOWOK_PL
15SMN0183,,110.4003,-7.7685,I2_RASUNAWASLEMAN2_MC
15SMN0185,,110.4008,-7.7453,MANUKAN_SMN_PL
15SMN0186,,110.4011,-7.7827,IN_PLAZAAMBARUKMO_MC
15SMN0187,,110.401,-7.7138,BULUSAN_MT
15SMN0188,,110.4013,-7.7713,SELOKANMATARAMGF_PL
15SMN0189,,110.4015,-7.6984,SUNANPANDANARAN_MT
15SMN0190,,110.4029,-7.7221,PAKEM_ST
15SMN0191,,110.4026,-7.7818,RETOWERAMBARUKMO_CM
15SMN0192,,110.4029,-7.7823,IN_AMBARUKMOPALACEHOTEL_MC
15SMN0194,,110.4038,-7.7625,AMPELGADINGDEPOK_TB
15SMN0195,,110.404,-7.758,I2_JIH_MC
15SMN0196,,110.4045,-7.6954,SARDONOHARJO_SMN_PL
15SMN0197,,110.4056,-7.7423,PONDOK_SMN_PL
15SMN0198,,110.4048,-7.7452,SANGGRAHAN_SMN_PL
15SMN0199,,110.4047,-7.609,GIRIKERTOMAGELANG_ST
15SMN0200,,110.4047,-7.7761,JANTI_SMN_EP
15SMN0201,,110.4054,-7.7708,CATURTUNGGAL_SMN_PL
15SMN0202,,110.4058,-7.7545,CONDONGCATUR_DEPOK1_MT
15SMN0203,,110.4063,-7.7661,GEJAYAN_EP
15SMN0204,,110.4071,-7.7173,SINDUHARJO_EP
15SMN0205,,110.4071,-7.7346,MI_MINOMARTANI1_CM
15SMN0206,,110.408,-7.7597,NUSA_INDAH_SMN_PL
15SMN0207,,110.4089,-7.7813,UNRIYO_CM
15SMN0208,,110.4091,-7.6598,BARATAN_SMN_PL
15SMN0209,,110.4091,-7.7496,CONDONGCATUR1_MT
15SMN0211,,110.4098,-7.6956,CANDIWINANGUN_MT
15SMN0212,,110.4101,-7.753,JAMBUSARI_SLM_TB
15SMN0213,,110.4103,-7.6858,JLNGLANJARAN_MT
15SMN0214,,110.4112,-7.7706,KANTORAMANUSAGF_PL
15SMN0215,,110.4113,-7.7665,LAHANBPK_KASIJAM_ST
15SMN0216,,110.4117,-7.7113,KARANGSEWU_PL
15SMN0217,,110.413,-7.7271,ALJAMI_ST
15SMN0218,,110.4132,-7.7046,CANDIKARANG_MT
15SMN0219,,110.4135,-7.6909,BONJOTAN_MT
15SMN0220,,110.4136,-7.6811,UMBULMARTANI_SMN1_PL
15SMN0221,,110.4137,-7.7746,BABARSARI_TB
15SMN0222,,110.4141,-7.7799,SAHID_EP
15SMN0223,,110.4142,-7.748,MI_WEDOMARTANI2_CM
15SMN0224,,110.4143,-7.7616,CONDONGCATUR_DEPOK2_MT
15SMN0225,,110.4152,-7.7002,NGAGLIKSLEMAN_PL
15SMN0226,,110.4161,-7.67,HARJOBINANGUN_PL
15SMN0227,,110.4168,-7.6628,PASARPAKEM_ST
15SMN0228,,110.4174,-7.7719,BABARSARI_KIN_KN
15SMN0229,,110.4171,-7.6759,BATIKHAMZAH_PL
15SMN0230,,110.418,-7.6903,BESI_MT
15SMN0231,,110.4189,-7.7499,MINOMARTANI2_TB
15SMN0232,,110.4191,-7.6961,BESI1_MT
15SMN0233,,110.4193,-7.6184,BOYONG_PL
15SMN0234,,110.4196,-7.6844,DEGOLAN_PL
15SMN0235,,110.4203,-7.6672,PAKEM_SMN1_MT
15SMN0236,,110.4206,-7.7293,KRAPYAK_MINOMARTANI_KIN_KN
15SMN0237,,110.421,-7.7371,PINGKA_MT
15SMN0238,,110.4242,-7.7715,SETURAN_PL
15SMN0239,,110.4221,-7.6581,PAKEM_SMN_MT
15SMN0240,,110.4222,-7.7605,MAGUWO_IB
15SMN0241,,110.4226,-7.8052,BABADAN2_PL
15SMN0242,,110.4228,-7.7658,KALASAN1_XL
15SMN0243,,110.423,-7.6451,HARGOBINANGUN_PL
15SMN0244,,110.423,-7.6525,PAKEMGEDE_PL
15SMN0245,,110.4234,-7.7014,KLIDON_MT
15SMN0246,,110.4243,-7.7558,CANDIGEBANG_PL
15SMN0248,,110.4223,-7.7805,HOTELQUALITY_EP
15SMN0250,,110.425,-7.6007,KOPNATELKALIURANG_MT
15SMN0251,,110.4255,-7.7151,SIWIL_PL
15SMN0252,,110.4267,-7.6972,PUNTADEWA_PL
15SMN0253,,110.4268,-7.7581,DENOKAN_ST
15SMN0254,,110.4285,-7.7795,IN_SHERATONYGY_DH
15SMN0255,,110.4291,-7.6032,KALIURANG_SMN_TB
15SMN0256,,110.4295,-7.7218,WIDOMARTANI_PL
15SMN0257,,110.4296,-7.7056,TARACELLWEDOMARTANI_PL
15SMN0258,,110.4301,-7.8084,SENDANGTIRTO_ST
15SMN0259,,110.4307,-7.8271,SRIBIT_KIDUL_PL
15SMN0260,,110.4311,-7.7796,MEGUWOHARJO_MT
15SMN0261,,110.4312,-7.7673,MI_MAGUWOHARJO006_BL
15SMN0262,,110.4315,-7.7735,MAGUWOHARJO1_TB
15SMN0263,,110.4317,-7.8124,LAHANBPK_SUDIYONO_CM
15SMN0264,,110.434,-7.6117,KALIURANG_SMN2_TB
15SMN0265,,110.4351,-7.7682,RINGROADUTR_TB
15SMN0266,,110.4353,-7.7495,MAGUWOHARJO2_PL
15SMN0267,,110.4355,-7.6842,UMBULMARTANI_SMN2_ST
15SMN0268,,110.4359,-7.6759,UMBULMARTANI1_PL
15SMN0269,,110.4361,-7.7281,BABADANTAJEM_PL
15SMN0270,,110.4361,-7.723,WEDOMARTANI1_CM
15SMN0271,,110.4364,-7.7384,PURIDOMASPURWOMARTANI_PL
15SMN0272,,110.4369,-7.7826,ADI_SUCIPTO_CM
15SMN0273,,110.4379,-7.7746,TLOGOADI_TB
15SMN0274,,110.4382,-7.8062,TEGALTIRTOI_PL
15SMN0275,,110.439,-7.7652,KADIROJO_MT
15SMN0276,,110.4395,-7.7975,BLENDANGAN_MT
15SMN0277,,110.4406,-7.7834,MI_PURWOMARTANI001_BL
15SMN0278,,110.4426,-7.8075,TEGALTIRTO_TB
15SMN0279,,110.4426,-7.752,KADISOKA_MT
15SMN0280,,110.443,-7.8273,POTORONO_EP
15SMN0281,,110.4435,-7.6578,GUNGAN_MT
15SMN0282,,110.445,-7.7796,PURWO_MARTANI2_ST
15SMN0283,,110.4461,-7.7366,ADIWIJAYA_SMN_PL
15SMN0284,,110.4452,-7.7723,KAPLINGKALASAN_CM
15SMN0285,,110.4471,-7.7004,NGEMPLAK_SMN_EP
15SMN0286,,110.4471,-7.7834,MI_JALANJOGJASOLO4_TB
15SMN0287,,110.4479,-7.7539,KALASAN3_PL
15SMN0288,,110.4491,-7.7463,WEDOMARTANI_MT
15SMN0289,,110.4516,-7.6959,PONDOKI_MT
15SMN0290,,110.4521,-7.7798,MEGUWO_MT
15SMN0291,,110.4526,-7.7381,REJOWINANGUN_SMN_PL
15SMN0292,,110.4528,-7.6107,KEPUH_HARJO_GH
15SMN0293,,110.4531,-7.8042,BERBAH_MT
15SMN0294,,110.4531,-7.6258,GOLF_MERAPI_EP
15SMN0295,,110.4532,-7.7284,NGRANGSANG_PL
15SMN0296,,110.4535,-7.7162,KALIWARU_TB
15SMN0297,,110.4551,-7.7572,DSKADIROJO_KN
15SMN0298,,110.457,-7.7629,SAMBISARIKIDULSLEMAN_PL
15SMN0299,,110.4573,-7.814,JOGOTIRTO_PL
15SMN0300,,110.4591,-7.6811,PASAR_PAHING_PL
15SMN0301,,110.4604,-7.7312,ITSELOMARTANI_TB
15SMN0302,,110.461,-7.7459,BABADAN_SMN_PL
15SMN0303,,110.4636,-7.6637,CANGKRINGANSM_TB
15SMN0304,,110.4647,-7.7585,KUJOMSARI_TB
15SMN0305,,110.4659,-7.6999,NGEMPLAK_JL_CANGKRINGAN_PL
15SMN0306,,110.4665,-7.7736,KALASAN2_PL
15SMN0307,,110.4685,-7.7064,BIMOMARTANI_PL
15SMN0308,,110.4686,-7.8223,BREBAH_PIYUNGAN_TB
15SMN0309,,110.4689,-7.794,SUMBER_HARJO_PL
15SMN0310,,110.47,-7.7684,HOTELCOLOMBO_MT
15SMN0311,,110.4722,-7.7465,TIRTOMARTANI1_MT
15SMN0312,,110.4728,-7.7278,SELOMARTANI_PL
15SMN0313,,110.4731,-7.7417,SEGARAN_KEDULAN_PL
15SMN0314,,110.4738,-7.7627,KALASAN_SMN_EP
15SMN0315,,110.475,-7.7229,TARACELLSELOMARTANI_PL
15SMN0316,,110.4781,-7.6943,SINDUMARTANI_EP
15SMN0317,,110.4791,-7.8158,KALASANTMR_TAMANMARTANI_PL
15SMN0318,,110.482,-7.7585,MGWBSCPRAMBANAN_TB
15SMN0319,,110.4821,-7.7814,BOKOHARJO_PL
15SMN0320,,110.4825,-7.8007,MADUREJO_SMN_MT
15SMN0321,,110.4831,-7.7544,TIRTOMARTANI_ST
15SMN0322,,110.4834,-7.8111,ISATSUMBERHARJO_TB
15SMN0323,,110.4915,-7.7646,TIRTOMARTANI_TMR_EP
15SMN0324,,110.4916,-7.7564,KBNDALEM_KIDUL_SMN_CM
15SMN0326,,110.4971,-7.7972,SOROGEDUG_PL
15SMN0327,,110.5151,-7.7851,CANDIIJO_EP
15SMN0328,,110.3851,-7.7718,SAGAN_EP
15SMN0329,,110.2903,-7.7721,SINOM_PL
15SMN0330,,110.4973,-7.8163,SUMBERHARJO_GH
15SMN0331,,110.249,-7.7167,AJIJAYA_TB
15SMN0332,,110.3582,-7.6359,GADUNG_MT
15SMN0333,,110.3552,-7.6811,BLUNYAH_MT
15SMN0337,,110.4262,-7.6366,BEDOYO_MT
15SMN0339,,110.4924,-7.7499,MB_PRAMBANAN_TM
15SMN0341,,110.4706,-7.6492,BUTUH_SLEMAN_TB
15SMN0342,,110.2759,-7.7604,KENTHENG_SLEMAN_TB
15SMN0343,,110.2872,-7.7248,NGENDAK_SLEMAN_TB
15SMN0344,,110.4345,-7.7587,DENOKAN_SLEMAN_MT
15SMN0345,,110.2962,-7.7968,NGAGLIK_SLEMAN_ST
15SMN0346,,110.2913,-7.6775,NGLENGKONG_SLEMAN_PL
15SMN0347,,110.4435,-7.8509,PAJANGAN_SLEMAN_PL
15SMN0349,,110.3,-7.7607,KLACI_III_SLEMAN_ST
15SMN0351,,110.4659,-7.8065,NGANGSIRAN_SLEMAN_ST
15SMN0352,,110.3128,-7.6577,MOROREJO_SLEMAN_PL
15SMN0354,,110.3125,-7.8041,MI_BALECATUR_GAMPING
15SMN0355,,110.4044,-7.7509,MI_CONCAT_GEMPOL_PK
15SMN0356,,110.3205,-7.7061,GERJEN_SLEMAN_ST
15SMN0358,,110.4441,-7.6451,PLOSOKAREP_SLEMAN_PL
15SMN0360,,110.4565,-7.7918,BERBAH_SLEMAN_MT
15SMN0361,,110.3333,-7.7428,KETINGAN_SLEMAN_TB
15SMN0362,,110.4928,-7.7532,MB_MURI_PRAMBANAN
15SMN0364,,110.4931,-7.7499,MB_MANDIRIMARATON_JGJ
15WOS0125,,110.6494,-7.7963,TANJUNG_GNKIDUL_PL
15YOG0001,,110.3471,-7.7971,NGESTIHARJO_BTL_TB
15YOG0002,,110.3505,-7.8087,WIROBRAJAN1_TB
15YOG0003,,110.351,-7.7807,TEGALREJO_YOG_EP
15YOG0004,,110.3519,-7.8223,GEDONGKIWO_IB
15YOG0005,,110.352,-7.7973,PAKUNCENGF_PL
15YOG0006,,110.3531,-7.7931,COKROAMINOTO_YOG_PL
15YOG0007,,110.3541,-7.8004,WIROBRAJAN_MT
15YOG0008,,110.3544,-7.7845,TEGAL_REJO_YOG_PL
15YOG0009,,110.3547,-7.8114,SURYOWIJAYAN_TB
15YOG0010,,110.3548,-7.7808,BLPTL_KYAIMODJO70_MT
15YOG0011,,110.3549,-7.7777,BENER_YOG_PL
15YOG0012,,110.3553,-7.7713,MI_KRICAK2_TB
15YOG0013,,110.3564,-7.8053,TARATELCOWAHID_PL
15YOG0014,,110.3565,-7.7945,MEGAHSERVICE_TB
15YOG0015,,110.3577,-7.8013,KAUMAN_YOG_IB
15YOG0016,,110.3578,-7.7883,BUMIJO2_TB
15YOG0018,,110.3591,-7.7814,KYAIMOJO_EP
15YOG0019,,110.3596,-7.7976,MI_NGAMPILAN_TB
15YOG0020,,110.36,-7.7781,JETIS_YOG_XL
15YOG0021,,110.3602,-7.8139,PUGERAN_EP
15YOG0022,,110.3607,-7.8253,MTSKH_ALIMAKSUMRT_PL
15YOG0023,,110.3609,-7.7746,KRICAK1_TB
15YOG0024,,110.3611,-7.8022,NYAI_PL
15YOG0025,,110.3614,-7.8193,MANGKUYUDAN_PL
15YOG0026,,110.3615,-7.7706,KARANGWARU_YOG_CM
15YOG0027,,110.3619,-7.7916,SOSROWIJAYANRT_PL
15YOG0028,,110.3621,-7.7854,BUMIJO1_PL
15YOG0029,,110.3627,-7.8064,GADRIRESTO_CM
15YOG0032,,110.3649,-7.8022,TRIKORA_YOG_MT
15YOG0033,,110.3649,-7.7759,BLUNYAHREJO_PL
15YOG0034,,110.365,-7.7968,IN_RAMAI_MALL_DH
15YOG0035,,110.3645,-7.7968,RAMAI_MALL_MT
15YOG0036,,110.3677,-7.7992,IN_PSRBERING_HARJO_MC
15YOG0037,,110.3659,-7.7951,TARATELCOHOTELMUTIARA_PL
15YOG0038,,110.366,-7.7937,IN_MALIOBORO_YOG_DH
15YOG0039,,110.3657,-7.7812,KRANGGAN_YOG_EP
15YOG0040,,110.367,-7.7913,NATOUR_EP
15YOG0041,,110.3681,-7.8159,HOTEL_CUBE_PL
15YOG0042,,110.3682,-7.7992,PROGOSWALAYAN_PL
15YOG0043,,110.3686,-7.8116,SURYAMOTOR_PL
15YOG0044,,110.3688,-7.8192,BROJOPERMONO_KN
15YOG0045,,110.3689,-7.7878,RRICOLOCATEDYOGYA_HS
15YOG0046,,110.369,-7.7736,IN_HTLTENTREM_KN
15YOG0048,,110.369,-7.798,IN_PRGAMALL_MC
15YOG0049,,110.3697,-7.8062,IN_JOGYATRONIK_MC
15YOG0050,,110.3699,-7.8059,JOGJATRONIC_CM
15YOG0052,,110.3696,-7.7823,HSANTIKAYGJ_EP
15YOG0053,,110.3702,-7.8233,PARANGTRITISROAD_TB
15YOG0054,,110.372,-7.81,IREDA_CM
15YOG0055,,110.3724,-7.7975,JAMBULUWUK_KIN_KN
15YOG0056,,110.3721,-7.7816,WISMAHARTONO_CM
15YOG0057,,110.3731,-7.8238,MATARAM_YOG_MT
15YOG0058,,110.3732,-7.8179,MI_DIYNPBRONTOKUSUMAN4_TB
15YOG0059,,110.3734,-7.7937,TARACELLLEMPUYANGAN_PL
15YOG0060,,110.3744,-7.7768,MIROTAKAMPUS_KN
15YOG0062,,110.375,-7.8032,BAUSASRAN_MT
15YOG0063,,110.375,-7.7864,KOTABARU2_YOG_MT
15YOG0065,,110.3761,-7.7937,BACIRO_EP
15YOG0066,,110.3768,-7.8254,WIROSABANRT_ST
15YOG0067,,110.3767,-7.8133,TAMANSISWA_MT
15YOG0068,,110.3768,-7.777,IN_RSPANTIRAPIH_MC
15YOG0069,,110.3779,-7.7972,TARATELCOWARINGIN_PL
15YOG0070,,110.3779,-7.8162,SOROSUTAN_YOG1_PL
15YOG0072,,110.3777,-7.7827,NOVOTELYGY_EP
15YOG0073,,110.3781,-7.7871,TARATELCOUKDW_PL
15YOG0075,,110.3791,-7.7784,NOVOTELYGYKIN_KN
15YOG0076,,110.379,-7.7825,IN_MALLGALERIA_XL
15YOG0077,,110.3796,-7.8034,GLAGAH_YOG_CM
15YOG0078,,110.3818,-7.7824,I2_GRANDASTONHOTEL_MC
15YOG0079,,110.3821,-7.8139,UMBULHARJO_PL
15YOG0080,,110.3826,-7.8169,PANDEAN_YOG_PL
15YOG0081,,110.3829,-7.7859,AAYKPN_PL
15YOG0082,,110.3829,-7.8093,CELEBAN_YOG_PL
15YOG0083,,110.383,-7.794,MANDALAKRIDARELOCATION_TB
15YOG0084,,110.3839,-7.7799,CATURTUNGGAL_YOG_PL
15YOG0085,,110.3845,-7.8022,MI_DIYNPSEMAKI1_TB
15YOG0086,,110.3846,-7.8267,SOROSUTAN_YOG2_PL
15YOG0087,,110.3857,-7.8126,JANTURAN_PL
15YOG0088,,110.3858,-7.8235,TOWERBERSAMASIDIKAN_TB
15YOG0089,,110.3866,-7.8303,MI_SOROSUTAN1_TB
15YOG0090,,110.3871,-7.7921,GONDOSULI_EP
15YOG0091,,110.3872,-7.7827,DEMANGAN_YOG_PL
15YOG0092,,110.3881,-7.8023,KUSUMANEGARA_EP
15YOG0093,,110.3881,-7.8107,BABARAN_EP
15YOG0094,,110.3881,-7.7878,GONDOKUSUMAN_BM
15YOG0095,,110.3887,-7.8139,UMBULHARJO1_CM
15YOG0096,,110.3887,-7.8191,SIDIKAN_IB
15YOG0097,,110.3903,-7.8357,GIWANGAN_EP
15YOG0098,,110.3901,-7.8081,SUPOMOMUJAMUJU_PL
15YOG0099,,110.3907,-7.8244,PRENGGANKOTAGEDE_ST
15YOG0100,,110.3912,-7.8279,PANTIWREDA_IF
15YOG0101,,110.3925,-7.7943,TIMOHO_YOG_PL
15YOG0102,,110.3925,-7.814,UMBULHARJO2_MT
15YOG0104,,110.3931,-7.7986,MUJAMUJU_EP
15YOG0105,,110.393,-7.7898,UIN_SELATAN_TBG_TB
15YOG0106,,110.3946,-7.8047,KOPNATELMUJAMUJU_MT
15YOG0107,,110.3949,-7.8245,TARATELCOKOTAGEDHE_PL
15YOG0108,,110.3971,-7.8187,KOTAGEDE_MT
15YOG0109,,110.3981,-7.8271,PURBAYAN_YOG_EP
15YOG0110,,110.3715,-7.8018,GAJAHMADA_YOG_MT
15YOG0112,,110.4024,-7.8222,PURBAYAN_PL
15YOG0113,,110.4035,-7.8299,PURBAYAN2_PL
15YOG0114,,110.3561,-7.8087,GEDUNGKIWO_EP
15YOG0116,,110.3651,-7.7992,BERINGHARJO_TM
15YOG0118,,110.4022,-7.8136,REJOWINANGUN_YGY_MT
15YOG0119,,110.3903,-7.7839,I2_LIPPO_PLAZA_YOGYA_DH
15YOG0120,,110.3646,-7.788,ULTIMA_RISS_SI
15YOG0122,,110.3665,-7.7856,MANGKUBUMI_TB
15YOG0123,,110.3663,-7.7926,MB_DPRDYOGYA
16GSK0001,,112.4041,-6.9828,GENENGDUKUN_TB
16GSK0002,,112.4096,-7.2699,MOJOPURO_ST
16GSK0003,,112.4217,-6.9669,DESA_LOWAYU_KN
16GSK0004,,112.4314,-6.9483,TAKERHARJO_GSK_TB
16GSK0005,,112.4333,-7.2975,RAYADAPET_PL
16GSK0006,,112.4351,-6.939,BEJANPANCENG_ST
16GSK0007,,112.437,-7.2753,MOJOGEDE_ST
16GSK0008,,112.4441,-7.2693,BLPNGGANG_EP
16GSK0009,,112.4485,-6.9995,LOWAYU_MT
16GSK0010,,112.4491,-6.8936,BANYUTENGAH_ST
16GSK0011,,112.4492,-7.2683,BALONGPANGG_ST
16GSK0012,,112.4493,-6.9781,MENTARAS_MT
16GSK0013,,112.4498,-6.8809,PANCENG_GSK2_CM
16GSK0014,,112.4541,-6.9051,WERUGSK_EP
16GSK0015,,112.457,-7.2995,BANJARMELATI_TB
16GSK0016,,112.4572,-7.2271,DESANGASIN_TB
16GSK0017,,112.4589,-6.9161,PANCENG_GSK1_TB
16GSK0018,,112.4681,-6.8939,RAYADALEGAN_ST
16GSK0019,,112.4761,-6.978,SAWOGRS_EP
16GSK0020,,112.4766,-7.2629,KALIPADANG_MT
16GSK0021,,112.4793,-7.2792,LUNDO_TB
16GSK0022,,112.4861,-7.3943,KEPUHKLAGEN_GT
16GSK0024,,112.4904,-7.1461,TUNGGULWULUNG_GSK_TB
16GSK0025,,112.4918,-7.1374,RAYADUDUK_PL
16GSK0026,,112.4965,-6.9854,SAMBOGUNUNG_TB
16GSK0027,,112.4979,-7.3208,WEDOROANOM_ST
16GSK0028,,112.4996,-7.2442,DESAKLAMPOK_MT
16GSK0029,,112.502,-7.2623,BENJENG_GSK2_EP
16GSK0031,,112.5028,-7.3363,SIDOKEMBANG_TB
16GSK0032,,112.5026,-7.224,METATU_GSK2_MT
16GSK0033,,112.503,-6.9559,SEKAPUK_GSK2_TB
16GSK0034,,112.5043,-7.3004,TULUNG_KEDAMEAN_TB
16GSK0035,,112.5044,-7.3874,KEDUNGANYAR_TB
16GSK0036,,112.5048,-7.4033,KEDUNGANYAR2_PL
16GSK0037,,112.5061,-7.2135,METATU_GSK1_TB
16GSK0038,,112.5081,-7.3535,KESAMBENKULON_ST
16GSK0039,,112.5096,-6.9311,SEKAPUK_GSK1_TB
16GSK0040,,112.51,-7.01,DUKUN_TB
16GSK0041,,112.5102,-7.1832,BENJENG_GSK1_TB
16GSK0042,,112.5121,-7.0266,SEMBAYAT_GSK2_IB
16GSK0043,,112.5141,-7.3229,SIDORAHRJO_TB
16GSK0044,,112.5167,-6.9685,NATIONAL17_PL
16GSK0045,,112.5171,-7.1613,MBENJENG_BM
16GSK0046,,112.5178,-7.1563,DUDUK_SAMPEYAN_ST
16GSK0047,,112.518,-6.9847,LASEM_GSK_TB
16GSK0048,,112.5195,-7.3238,SLEMPTGRES_ST
16GSK0049,,112.5208,-7.152,DUDUKSAMPEAN_EP
16GSK0050,,112.5227,-7.349,SOKO_GSK_PL
16GSK0051,,112.5242,-7.2546,KEMENDUNG_ST
16GSK0052,,112.5274,-7.3822,LEBANIWARAS_ST
16GSK0053,,112.5291,-6.9183,UPSTBUMI2_EP
16GSK0054,,112.5318,-7.1603,DUDUKSAMPEYAN_MT
16GSK0055,,112.5321,-7.3961,RAYAWRINGIN_PL
16GSK0056,,112.5321,-6.9106,UJUNGPANGKAH_PL
16GSK0057,,112.5341,-6.9741,PTI_DEANDELESSEDAYU_PL
16GSK0058,,112.534,-7.0386,MELIRANG_TB
16GSK0060,,112.5391,-7.2141,CERME2_TB
16GSK0061,,112.539,-7.3229,RAYAKEDAMEAN_PL
16GSK0062,,112.5396,-7.2883,RAYAPRANTI_PL
16GSK0063,,112.5401,-7.2765,BIBISKULON_TB
16GSK0064,,112.5413,-7.3731,KRIKILAN_TB
16GSK0065,,112.5443,-7.3521,MENUNGGAL_ST
16GSK0066,,112.5464,-7.3632,WRINGIN_GSK_TB
16GSK0067,,112.5498,-6.9168,UJUNG_PANGKAH1_XL
16GSK0068,,112.552,-7.3062,KATIMOHO_KEDAMEAN_MT
16GSK0069,,112.5521,-7.231,CERME3_LS
16GSK0070,,112.5522,-7.2525,CANGGU2_TB
16GSK0071,,112.5522,-7.3996,LEBANWIRAS_ST
16GSK0072,,112.5533,-6.9662,TANJANGAWAN_MT
16GSK0073,,112.5544,-7.2268,BETITINGCERME_LS
16GSK0074,,112.5544,-7.2204,WEDANICERME_GH
16GSK0075,,112.5545,-7.1659,HUB_PTI_TIREMDUDUKSAMPEAN_PL
16GSK0076,,112.5532,-7.0462,MASANGAN_GSK_GH
16GSK0078,,112.556,-6.9511,UJUNG_PANGKAH_KN
16GSK0079,,112.5565,-6.9183,KACAK_KIDUL_TB
16GSK0080,,112.5571,-7.0861,SEMBAYAT_GSK1_EP
16GSK0081,,112.5571,-7.3888,WIRINGINANOM_EP
16GSK0082,,112.5576,-7.377,KAUMAN_GSK_GT
16GSK0083,,112.5578,-7.3832,SUMENGKO_GRESIK_PL
16GSK0084,,112.5559,-7.2507,PUTATLOR_TB
16GSK0085,,112.5613,-7.2713,BOTENG_GSK_ST
16GSK0086,,112.5618,-7.2893,OMAINDAH_ST
16GSK0087,,112.563,-6.9961,SEDAYU_GSK_PL
16GSK0088,,112.5637,-7.2347,STO_CERME_MT
16GSK0089,,112.5641,-7.0011,STO_SEDAYU_MT
16GSK0090,,112.5651,-7.2811,GADINGWATU_PL
16GSK0091,,112.5653,-7.3571,MOJO_SARIREJO_TB
16GSK0092,,112.5661,-6.9895,SIDAYU_GSK_PL
16GSK0093,,112.5659,-7.3283,KEDAMEAN_EP
16GSK0094,,112.567,-7.3393,KEDAMEAN_GRESIK_PL
16GSK0095,,112.5681,-7.2293,CERME_EP
16GSK0096,,112.5681,-7.2511,PTI_MENGANTI_PL
16GSK0097,,112.5682,-7.0127,GUMENGBUNGAH_PL
16GSK0098,,112.5687,-7.2679,KECEPEK_PL
16GSK0099,,112.5689,-7.027,MELIRANG3_TB
16GSK0100,,112.5702,-7.2216,CERMELOR_MT
16GSK0101,,112.5711,-7.0829,HUB_PTI_SEMBAYATMANYAR_PL
16GSK0102,,112.5712,-7.3851,KRIKILAN_GSK1_PL
16GSK0103,,112.5715,-7.0531,BUNGAH_EP
16GSK0104,,112.5714,-7.358,PTI_KARANGANDONG_PL
16GSK0105,,112.574,-7.0702,MANYAR_GSK_TB
16GSK0106,,112.574,-7.3027,MENGANTICEPER_TB
16GSK0107,,112.5751,-7.2017,TAMBAKBERAS_CERME_ST
16GSK0108,,112.5769,-7.0528,SAMPURNAN_PL
16GSK0109,,112.5772,-7.2819,SIDOLEMU_TB
16GSK0110,,112.5799,-7.2435,GLINTUNG_TB
16GSK0111,,112.5804,-7.1768,TERMINAL_GSK_TB
16GSK0112,,112.5815,-7.3815,TLOGOBENDUNG_TB
16GSK0113,,112.5815,-7.2781,HULAAN_MT
16GSK0114,,112.5848,-7.354,DRIYOBANJAR_TB
16GSK0115,,112.5867,-7.2924,MENGANTIGSK_MT
16GSK0116,,112.5871,-7.1675,BUNDER_GSK_PL
16GSK0117,,112.5871,-7.2648,MENGANTIUTARA_TB
16GSK0118,,112.5871,-7.3741,KRIKILAN_GSK_GSK2_TB
16GSK0119,,112.5889,-7.3262,DORONGEPUNG_TB
16GSK0120,,112.5891,-7.044,BEDANTEN_TB
16GSK0121,,112.5895,-7.2431,KEPATIHAN_MENGANTI_PL
16GSK0122,,112.5899,-7.1572,MI_DAHAN_REJO_BL
16GSK0123,,112.5917,-7.1477,DAHANREJO_MT
16GSK0124,,112.5932,-7.1224,MANYAR_GRESIK_TB
16GSK0125,,112.5945,-7.1558,MANYAR_MT
16GSK0126,,112.5944,-7.2954,PTI_HULAANMENGANTI_PL
16GSK0127,,112.5958,-7.1631,NEAR_ICONMALL_TB
16GSK0128,,112.5953,-7.2404,NGASINAN_GSK_MT
16GSK0129,,112.5965,-7.3476,MOJOSARIREJO_TB
16GSK0130,,112.5973,-7.1262,PENGANDEN_BL
16GSK0131,,112.5978,-7.3588,SUMPUTPRYOGO_ST
16GSK0132,,112.5978,-7.2831,TLOGOBEDAH_TB
16GSK0133,,112.5991,-7.1328,VETERAN9_TB
16GSK0135,,112.6011,-7.2554,GEMPOLKURUNG_PL
16GSK0136,,112.6013,-7.2753,RANDUPADANGAN_BM
16GSK0137,,112.601,-7.166,I2_ICON_MALL_GRESIK_TB
16GSK0138,,112.6017,-7.239,NGASINANGSK_TB
16GSK0139,,112.6017,-7.3701,RAYADRIYOREJO_TB
16GSK0140,,112.6027,-7.2988,SIDOWUNGU_TB
16GSK0141,,112.6041,-7.1487,SUCI_TB
16GSK0142,,112.6041,-7.1389,MI_SUCI_MANYAR_BL
16GSK0143,,112.6042,-7.3485,DSNPASINAN_TB
16GSK0144,,112.6051,-7.1222,TOLMANYAR_MT
16GSK0145,,112.6076,-7.326,WEDOROANOM_TB
16GSK0147,,112.6106,-7.138,MI_KYAI_HSYAF_BL
16GSK0148,,112.6108,-7.1823,KEDANYANG_BL
16GSK0149,,112.6107,-7.3483,PTI_KESAMBENWETANGRESIK_PL
16GSK0150,,112.6113,-7.1291,TENGER_BL
16GSK0152,,112.6127,-7.1469,BAMBU_RAYAMANYAR_PL
16GSK0153,,112.6128,-7.1652,WAHIDIN_PL
16GSK0154,,112.6129,-7.3016,BALONG_DINDING_ST
16GSK0155,,112.613,-7.1343,SUKOMULYO_GSK_TB
16GSK0156,,112.6126,-7.1564,KOTABARU_GSK_MT
16GSK0157,,112.6144,-7.2893,SETROGRESIK_MT
16GSK0158,,112.6142,-7.3669,KARANGLO_DRIYOREJO_PL
16GSK0159,,112.6159,-7.1436,JLKALIMANTAN_GSK_BL
16GSK0160,,112.6169,-7.158,I2_GRESIK_MALL_KI
16GSK0161,,112.6174,-7.1826,INDUSTRI_TB
16GSK0162,,112.618,-7.1533,MI_SULAWESI_GSK_ST
16GSK0163,,112.6181,-7.1358,PONGANGAN_MT
16GSK0164,,112.6186,-7.1723,SEKARKURUNG_TB
16GSK0165,,112.6191,-7.1487,KRAMATLANGON_BL
16GSK0166,,112.6192,-7.1584,RANDUAGUNGKEBO_PL
16GSK0167,,112.6206,-7.1443,MI_KIGRAYA_UTARA_BL
16GSK0168,,112.6215,-7.1182,MANYAR_INDUSTRI_MT
16GSK0169,,112.6219,-7.346,KESAMBENWETAN_IB
16GSK0170,,112.6221,-7.3013,RAYALABAN_TB
16GSK0171,,112.6229,-7.1395,MANYARKOTA_TB
16GSK0172,,112.6231,-7.2752,PENGALANGAN_MT
16GSK0173,,112.624,-7.1616,SATLANTAS_BL
16GSK0174,,112.6246,-7.1912,MI_GULOMANTUNG_TB
16GSK0175,,112.6253,-7.1721,KEBOMAS2_TB
16GSK0176,,112.6252,-7.3649,STO_RAMBE_MT
16GSK0177,,112.6289,-7.1569,JARANGKUWUNG_TB
16GSK0178,,112.6298,-7.3454,TENARU_ST
16GSK0179,,112.6305,-7.3216,RANDEGANSARI_TB
16GSK0181,,112.6311,-7.1686,KEBOMAS_TB
16GSK0182,,112.6314,-7.1857,GNWILIS_TB
16GSK0183,,112.6325,-7.1633,RUSUNBOMAS_CM
16GSK0184,,112.6334,-7.1765,GUNUNGBATANG_PL
16GSK0185,,112.6312,-7.3346,PERUMDRIYOREJO_PL
16GSK0186,,112.6349,-7.1689,SUNAN_GIRI_GRESIK_ST
16GSK0187,,112.6345,-7.1868,MAYJENSUNGKONO_GSK_CG
16GSK0188,,112.6366,-7.149,PASARGRESIK_PL
16GSK0189,,112.6372,-7.0431,KRAMAT_GRK_MT
16GSK0190,,112.6379,-7.331,MULUNG_DRIYOREJO_PL
16GSK0191,,112.6381,-7.3619,SISINGAMAIM3_EP
16GSK0192,,112.6401,-7.1576,PETROKIMIA_TB
16GSK0193,,112.6409,-7.1675,SUNAN_GIRI_PL
16GSK0194,,112.6416,-7.3345,DRIYOREJO_AG
16GSK0195,,112.643,-7.3431,DRIYOREJO3_TB
16GSK0196,,112.6439,-7.15,GUBSURYOGRESIK_PL
16GSK0197,,112.645,-7.1759,SEMENGRESIKOFFICE_EP
16GSK0198,,112.6451,-7.0351,MENGARE_BM
16GSK0199,,112.646,-7.1925,ROMOKALISARI_BL
16GSK0200,,112.6466,-7.1507,PETRO_PL
16GSK0201,,112.648,-7.1683,JLOLAHRAGA_ST
16GSK0202,,112.6484,-7.1635,GRESIKKOTA_TB
16GSK0204,,112.6502,-7.1562,AKIMKAYATGRESK_PL
16GSK0205,,112.6503,-7.3456,MULUNG_TB
16GSK0206,,112.6506,-7.1607,KUSNA_MT
16GSK0207,,112.6506,-7.1794,LEKKERGUNUNG_AG
16GSK0208,,112.6528,-7.1529,GEBUNGSON_BL
16GSK0209,,112.6531,-7.1716,LABUHANGSK_TB
16GSK0210,,112.6541,-7.3568,RAYABAMBE_PL
16GSK0211,,112.6547,-7.167,PC_GERAI_GRESIK_TM
16GSK0212,,112.6551,-7.1772,KEBON_DALEM_GSK_AG
16GSK0213,,112.6553,-7.1905,KARANGKERINGKEBOMAS_MT
16GSK0214,,112.6567,-7.1726,MI_PUSKESMAS_PEMBANTU_SINGOSARI_TB
16GSK0215,,112.6569,-7.1611,MALIKIBRAHIMGR_PL
16GSK0216,,112.6566,-7.1554,BEDILAN_MT
16GSK0217,,112.6573,-7.1516,PELABUHAN_GSK_PL
16GSK0218,,112.6589,-7.1658,SUDIRMANGSK_BL
16GSK0219,,112.6596,-7.1811,GULOMANTUNG_GSK2_PL
16GSK0220,,112.6604,-7.1881,KARANGKERING_MT
16GSK0221,,112.6598,-7.1733,PELABUHAN_GRESIK_MT
16GSK0222,,112.6629,-7.1742,LEEWON_BL
16GSK0223,,112.6078,-7.1414,PTI_POGANGAN_PL
16GSK0225,,112.6032,-7.1714,MI_KEMBANGAN_BL
16GSK0226,,112.6485,-7.1878,INDROGRESIK_PL
16GSK0227,,112.5016,-6.9083,NGIMBOH_MT
16GSK0228,,112.4863,-6.964,WOTAN_EP
16GSK0230,,112.46,-7.2837,KRGSEMANDING_CM
16GSK0231,,112.5866,-7.2475,KEPATIHAN_HENDROSALAM_MT
16GSK0232,,112.6015,-7.1464,SUCI_SYAIKHUNA_MT
16GSK0233,,112.5618,-6.9879,SIDAYUBUNDER1_TB
16GSK0237,,112.5989,-7.1205,MANYAR_SIDOMUKTI_PL
16GSK0238,,112.6296,-7.353,KESAMBEN_WETAN_TB
16GSK0240,,112.4375,-6.918,PANTENAN_PL
16GSK0241,,112.481,-7.2952,BALONGMOJO_TB
16GSK0242,,112.652,-5.8488,SUNGAITELUK_BAWEAN_PL
16GSK0243,,112.6055,-5.8182,PUDAKITBARAT_BAWEAN_PL
16GSK0244,,112.6352,-5.7568,SUKAONENG_BAWEAN_PL
16GSK0245,,112.6482,-5.7344,TAMBAK_BAWEAN_PL
16GSK0246,,112.6811,-5.7309,TANJUNGORI_BAWEAN_PL
16GSK0247,,112.7217,-5.7542,KEPUHTELUK_BAWEAN_PL
16GSK0248,,112.715,-5.7966,SIDOGEDUNGBATU_BAWEAN_PL
16GSK0249,,112.7049,-5.8368,DAUN_BAWEAN_ST
16GSK0250,,112.5024,-6.9728,SUKOREJO_GEDANGAN_PL
16GSK0251,,112.4857,-7.0014,SAMBOGUNUNG_BABAKSARI_PL
16GSK0252,,112.5733,-7.2913,SIDOJANGKUNG_PL
16GSK0253,,112.5741,-7.0439,BUNGAH_ALISHLAH_PL
16GSK0254,,112.6492,-7.0478,KRAMAT_WATUGAJAH_PL
16GSK0256,,112.4377,-6.9767,TEBUWUNG_PL
16GSK0257,,112.5095,-7.2782,KEDUNGSEKAR_PL
16GSK0258,,112.5502,-7.0311,MASANGAN_GROGOL_PL
16GSK0259,,112.5971,-7.2629,GEMPOLKURUNG_BENDIL_PL
16GSK0260,,112.5202,-7.0366,MOJOPUROGEDE_PL
16GSK0261,,112.5903,-7.3085,MENGANTI_BALONGDINDING_PL
16GSK0262,,112.6483,-7.3591,BAMBE_SARIREJO_PL
16GSK0263,,112.5895,-7.1309,BANJARSARI_TOMANG_PL
16GSK0264,,112.4933,-7.254,SIRNOBOYO_PL
16GSK0265,,112.493,-7.3606,SUMBERGEDE_PL
16GSK0266,,112.5528,-7.3235,KEDAMEAN_SENTONO_PL
16GSK0267,,112.5098,-7.3684,KESAMBENKULON_RANDU_PL
16GSK0268,,112.4215,-7.2819,MOJOGEDE_WADANG_PL
16GSK0269,,112.5846,-7.0011,RANDUBOTO_PL
16GSK0270,,112.4718,-7.2471,KARANGANKIDUL_TB
16GSK0271,,112.5177,-7.3893,SUMBERAME_PL
16GSK0272,,112.5665,-6.9169,PANGKAHWETAN_PL
16GSK0273,,112.5507,-7.2952,BRINGKANG_PL
16GSK0275,,112.6129,-7.3562,SUMPUT_DRIYOREJO_PL
16GSK0276,,112.4793,-6.9115,DALEGAN_WONOREJO_PL
16GSK0277,,112.5917,-7.3529,TANJUNGAN_JUMANI_PL
16GSK0279,,112.5217,-7.3637,SEMBUNG_MUNDU_PL
16GSK0280,,112.603,-7.086,MANYAR_SIDORUKUN_JIIPE_PS
16GSK0285,,112.456,-6.9561,SUKODONO_SERAH_PL
16GSK0286,,112.3951,-6.9719,WONOKERTO_DUKUN_PL
16GSK0289,,112.5602,-7.0619,GUMENO_PL
16GSK0290,,112.5328,-6.9468,KEBONAGUNG_SITARDA_PL
16GSK0292,,112.4485,-7.245,KLOTOK_TB
16GSK0293,,112.4315,-7.2513,PACUH_GADEL_MT
16GSK0295,,112.5195,-7.2327,KANDANGAN_AMBURAN_TB
16GSK0296,,112.4779,-7.2194,BANTER_PL
16GSK0297,,112.5319,-7.3037,TURIREJO_PL
16GSK0300,,112.6316,-7.0865,SMELTER_ABIM_JIIPE_TB
16GSK0301,,112.6123,-7.2544,GEMPOLKURUNG_KEPATIHAN_PL
16GSK0302,,112.5886,-7.2834,HULAAN_TLOGO_BEDAH_PL
16GSK0303,,112.5402,-7.2305,DUNGUS_KIDUL_TB
16GSK0308,,112.6018,-7.1388,MI_PAGANDEN_SUCIMANYAR_PK
16GSK0312,,112.6122,-7.1759,MI_KEMBANGAN_SEKARKURUNG_BOON_DA
16GSK0317,,112.6544,-7.1647,GAPUROSUKOLILO_PS
16GSK0318,,112.6381,-7.3398,PETIKEN_MULUNG_MT
16SBY0001,,112.6029,-7.2234,RAYASUMBEREJO_GH
16SBY0002,,112.6111,-7.2312,BENOWO_EP
16SBY0003,,112.6142,-7.2356,RACI_SBY_PL
16SBY0004,,112.616,-7.2433,MASJID_BESAR_BAITUROHIM_KI
16SBY0005,,112.6181,-7.2204,SSCPAKAL_TB
16SBY0006,,112.6242,-7.2408,PRENDUAN_AG
16SBY0007,,112.6256,-7.2567,DUKUHLANGKIR_PL
16SBY0008,,112.6276,-7.2377,BENOWO3_GK
16SBY0009,,112.628,-7.2506,DKJERAWAT_PL
16SBY0010,,112.6301,-7.2433,BENOWO1_MT
16SBY0011,,112.6303,-7.2379,PONDOKBENOWO_GH
16SBY0013,,112.6314,-7.286,UNCIP_PL
16SBY0014,,112.6327,-7.2809,MADE_SELATAN_GFVIP_PL
16SBY0015,,112.6344,-7.2613,SEMEMI_SBY1_MT
16SBY0016,,112.635,-7.3007,GRAHAFAMILY_EP
16SBY0017,,112.6346,-7.2488,RAYATANDES_EP
16SBY0019,,112.6365,-7.2708,BRINGIN_ST
16SBY0020,,112.6412,-7.2794,LIDAH_WETAN_SBY2_PL
16SBY0021,,112.6418,-7.2534,BANDAREJO_PL
16SBY0022,,112.6421,-7.2494,SEMEMI_SBY2_TB
16SBY0023,,112.6478,-7.2913,TELAGA_UTAMA_ST
16SBY0024,,112.6477,-7.2818,CITRALAND_SBY_EP
16SBY0025,,112.6488,-7.2538,KLAKAHREJO_MT
16SBY0026,,112.6461,-7.3059,BUKITGOLF_PL
16SBY0027,,112.6485,-7.2617,BRINGINSBY_CM
16SBY0028,,112.6499,-7.273,TELKOM_FLEXI_NGEMPLAK_TB
16SBY0029,,112.6511,-7.3209,UNESA_PL
16SBY0030,,112.6531,-7.2684,SAMBIKEREP_IM3_EP
16SBY0031,,112.6533,-7.2096,OSOWILANGUN_PL
16SBY0032,,112.6547,-7.2587,KANDANGAN_SBY_PL
16SBY0033,,112.6551,-7.292,TELKOM_GWALKVIP_MT
16SBY0034,,112.655,-7.2512,BANJARSUGIHANSURABAYA_MT
16SBY0035,,112.6551,-7.2769,MANUKANLONTAR_CM
16SBY0036,,112.6564,-7.2163,TAMBAKLNGONPL_PL
16SBY0037,,112.6565,-7.3238,BANGKINGAN_TB
16SBY0038,,112.6566,-7.2817,CITRARAYA_SBY_PL
16SBY0039,,112.6571,-7.3051,LIDAH_EP
16SBY0040,,112.6573,-7.2789,SAMBIKEREP_PL
16SBY0041,,112.6579,-7.2648,DUKUHJELIDROSKVIP_PL
16SBY0042,,112.6587,-7.2534,RAGAM_JAYA_PL
16SBY0043,,112.659,-7.3347,MARITIM_EP
16SBY0044,,112.6591,-7.2603,RAYAKANDANGAN_PL
16SBY0045,,112.6601,-7.3479,KARANGPILANG_PL
16SBY0046,,112.6604,-7.2839,LONTAR2_TB
16SBY0047,,112.6608,-7.3066,MENGANTI_SBY_SBY1_PL
16SBY0048,,112.6613,-7.2697,BANJARSUGIHANVIP_PL
16SBY0049,,112.6622,-7.2995,SBY_RSORTHOPEDI_KI
16SBY0050,,112.6621,-7.2647,TENGGERRAYA_MT
16SBY0051,,112.6627,-7.3477,CIWARUGUNUNGVIP_TB
16SBY0052,,112.6631,-7.2592,MANUKANLOR_GH
16SBY0053,,112.6635,-7.304,LIDAHLONTAR_MT
16SBY0054,,112.6649,-7.3245,LAKARSANTRI_2VIP_ST
16SBY0055,,112.6661,-7.2845,LONTAR_SBY1_PL
16SBY0056,,112.6671,-7.2643,CANDILONTAR_AG
16SBY0057,,112.6671,-7.2714,JELIDRORAYA_IB
16SBY0058,,112.6674,-7.2598,SIMPANG_GRAHA_FAMILI_KI
16SBY0059,,112.6681,-7.3119,LAKARSANTRI_MT
16SBY0060,,112.6688,-7.3484,MASTRIPWARU_PL
16SBY0061,,112.6691,-7.2044,TELUK_LAMONG_CG
16SBY0062,,112.6695,-7.2987,MI_LIDAH_WETAN_SBY1_TB
16SBY0063,,112.6701,-7.3298,BENDUNGANLAKARSANTRIVIP_PL
16SBY0064,,112.6681,-7.2317,TAMBAKLANGON_CM
16SBY0065,,112.6707,-7.2572,MANUKANWETANTD_ST
16SBY0066,,112.6711,-7.2651,MANUKAN_SBY_EP
16SBY0067,,112.6721,-7.3076,LIDAHWETAN_CM
16SBY0068,,112.6727,-7.304,MI_LAKAR_SANTRI_TB
16SBY0069,,112.6725,-7.2907,PAKUWON_EP
16SBY0070,,112.6732,-7.2593,MANUKAN_KULON_PL
16SBY0071,,112.6733,-7.2488,PTI_MANUKANWETAN_PL
16SBY0072,,112.6741,-7.2635,BUMIINDAH_LS
16SBY0073,,112.6742,-7.2681,GADEL_SBY_PL
16SBY0075,,112.6748,-7.2875,I2_SUPERMALL_PAKUWON1_KI
16SBY0076,,112.6761,-7.2993,GRAFAMSBY_CM
16SBY0077,,112.6763,-7.2994,IN_RSNATIONAL_SURABAYAVIP_MC
16SBY0078,,112.6765,-7.2259,VILLA_SENTRA_RAYA_TB
16SBY0079,,112.6766,-7.3216,SBY_CITYLOFTREST_KI
16SBY0080,,112.6764,-7.3136,GRAHAMUKTI_AG
16SBY0081,,112.6749,-7.289,IN_PAKUWONMALL_DH
16SBY0082,,112.6772,-7.2589,BIBISTAMA_PL
16SBY0084,,112.6777,-7.2712,GADELTIMUR_PL
16SBY0085,,112.6779,-7.2892,SPAZIO_OFFICE_SQUARE_ST
16SBY0086,,112.6779,-7.307,WIYUNGBABAT_PL
16SBY0087,,112.6786,-7.2816,LONTAR_SBY_AG
16SBY0089,,112.6783,-7.3289,PERUMAHAN_MANGGALAVIP_ST
16SBY0090,,112.6791,-7.2382,TANDES_EP
16SBY0091,,112.6791,-7.2651,DARMOINDAH_PL
16SBY0092,,112.6802,-7.2612,DRSOETOMO_TB
16SBY0093,,112.6819,-7.3473,REJOMULYO_SBY_PL
16SBY0094,,112.6821,-7.2947,IN_APARTGRAHAFM_DH
16SBY0095,,112.682,-7.2947,APARTGRAHAFM_MT
16SBY0096,,112.6832,-7.2284,PTI_GREGESBARAT_PL
16SBY0097,,112.681,-7.3117,MENGANTIVIP_TB
16SBY0098,,112.6839,-7.2756,DARMOPERMAI_DKPAKIS_MT
16SBY0099,,112.684,-7.3291,SUMUR_WELUT_PL
16SBY0100,,112.684,-7.2469,BALONGNSRPL_PL
16SBY0101,,112.6849,-7.2366,MARGOMULYOG1_TB
16SBY0102,,112.6856,-7.2665,DARMOSATELIT_EP
16SBY0103,,112.6859,-7.3223,KLUMPRIK_TB
16SBY0104,,112.6864,-7.2802,PRADAHKALI_KENDAL2_TB
16SBY0105,,112.687,-7.3319,SUMUR_WELUTVIP_TB
16SBY0106,,112.6876,-7.2853,HRMOHAMAD_EP
16SBY0107,,112.6876,-7.3146,BABATAN_MUKTIVIP_TB
16SBY0108,,112.6886,-7.2595,BALONGSARI_CM
16SBY0109,,112.6887,-7.3261,BALAS_KLUMPRIK_PL
16SBY0110,,112.6888,-7.3102,WIYUNG_GANG6_PL
16SBY0111,,112.6898,-7.2299,KALIANAK1_CM
16SBY0112,,112.6905,-7.3442,KARANGPILANG_BARAT_IB
16SBY0113,,112.693,-7.2839,PRADAHKALI_TG
16SBY0114,,112.692,-7.2603,TANDESLOR_TB
16SBY0115,,112.6922,-7.3406,MSIBALAS_KLUMPRIKVIP_TB
16SBY0116,,112.6924,-7.2633,SATELITUTARASU_PL
16SBY0117,,112.6931,-7.2779,SONOWIJEN_EP
16SBY0118,,112.693,-7.3183,PDMARITIM_SBY_PS
16SBY0119,,112.696,-7.2672,SINAR_DARMO_SATELIT_PL
16SBY0120,,112.6943,-7.3075,WIYUNGSBYG_ST
16SBY0121,,112.6953,-7.2464,MARGOMULYOG2_TB
16SBY0122,,112.6954,-7.3335,KARANG_PILANG_MT
16SBY0123,,112.6961,-7.3102,WIYUNG_MT
16SBY0124,,112.6961,-7.2789,DARMOBARUSUKOM_PL
16SBY0125,,112.697,-7.3282,MENGANTI_SBY_SBY2_MT
16SBY0126,,112.698,-7.2743,STO_TANDESVIP_MT
16SBY0127,,112.6983,-7.2953,GRAHA_FAMILY_SELATAN_TB
16SBY0128,,112.6983,-7.2862,SUKOMANUNGGAL2_TB
16SBY0129,,112.6987,-7.2325,ASEMROWO1_TB
16SBY0130,,112.6995,-7.2892,PUTAT_GEDE_SBY_PL
16SBY0132,,112.7003,-7.2728,DARMOSUKOIM3_MT
16SBY0133,,112.7012,-7.3347,KEBRAON_MT
16SBY0135,,112.7022,-7.2414,COW_MGMULYO_INDUSTRI_PL
16SBY0136,,112.7002,-7.314,KRAMAT_JAJARVIP_AG
16SBY0138,,112.7031,-7.2694,SIMOJAWAR_MT
16SBY0139,,112.7039,-7.2337,ASEMROWO_PL
16SBY0140,,112.7044,-7.3178,KEDURUS_EP
16SBY0141,,112.7042,-7.2533,TAMBAKMAYOR_IB
16SBY0142,,112.7048,-7.2774,ALETHEIA_ST
16SBY0143,,112.7048,-7.2925,DUKUH_PAKIS_SBY_PL
16SBY0144,,112.705,-7.3363,SEPANJANGKALI_TB
16SBY0145,,112.7058,-7.3123,KRAMATJAJAR_PL
16SBY0146,,112.7059,-7.3219,KEDURUSDUKUH_GH
16SBY0147,,112.7066,-7.2824,PTI_KUPANGG_PL
16SBY0148,,112.7068,-7.228,PTI_KALIANAK_PL
16SBY0149,,112.7069,-7.2868,BUNDERSATELIT_PL
16SBY0150,,112.7078,-7.2474,TAMBAK_DALAM_MT
16SBY0151,,112.7069,-7.3021,TOLSUNGKONO_TB
16SBY0152,,112.7109,-7.2827,DUKUH_KUPANG_EP
16SBY0153,,112.7091,-7.3333,PAKISAWAHAN_PL
16SBY0154,,112.7099,-7.2556,CISIMOREJO_TB
16SBY0155,,112.71,-7.2754,BANYUURIP_SBY_EP
16SBY0156,,112.7114,-7.2652,PACARKEMBANG_MT
16SBY0157,,112.7111,-7.261,SIMOREJOSBY_PL
16SBY0158,,112.7111,-7.3078,KEDURUSMAS_PL
16SBY0159,,112.7111,-7.2365,GENTING_KALIANAK_CM
16SBY0160,,112.7117,-7.3125,BIBIS_KARAH_ST
16SBY0161,,112.7116,-7.241,MARGOMULYO_SBY_MT
16SBY0162,,112.7116,-7.3277,JETISSBY_MT
16SBY0163,,112.7116,-7.2313,JLGRESIK2_EP
16SBY0164,,112.7122,-7.2914,PUTATGEDE_PL
16SBY0165,,112.7124,-7.2957,DUKUH_PAKIS_PL
16SBY0166,,112.7121,-7.286,RAYADUKUH_PS
16SBY0167,,112.7129,-7.2577,SIMOREJOTIMURVIP_PL
16SBY0168,,112.7125,-7.2505,ASEM_ROWO_EP
16SBY0169,,112.7135,-7.2785,KUPANG_DUKUH_PL
16SBY0170,,112.7137,-7.2705,SIMOKATRUNGANS_PL
16SBY0171,,112.7141,-7.2895,TVRI_TI
16SBY0172,,112.714,-7.3383,DUKUH_MENANGGAL_PL
16SBY0173,,112.7149,-7.2459,KEMAYORAN_SBY_PL
16SBY0174,,112.7163,-7.2819,DUKUPTIMUR_PL
16SBY0175,,112.7155,-7.2662,PETEMON_BARAT_PL
16SBY0176,,112.7161,-7.3182,KETINTANG_EP
16SBY0177,,112.7161,-7.2907,IN_HOTELSHANGRILA_MS
16SBY0179,,112.7168,-7.2629,PETEMON_TIGA_CM
16SBY0180,,112.7174,-7.255,KALIBUTUH_MT
16SBY0182,,112.7174,-7.2725,SIMO_BANYUURIP_PL
16SBY0183,,112.7174,-7.3017,KENCANA_SARI_PL
16SBY0184,,112.7175,-7.3333,GAYUNGSRBRTJBG_MT
16SBY0185,,112.7175,-7.2913,MAYJEN_SUNGKONO_PL
16SBY0186,,112.7178,-7.2789,MEDAYU_PL
16SBY0187,,112.7191,-7.2928,IN_CIPUTRAWORLD_DH
16SBY0188,,112.7187,-7.2933,CWS2_DH
16SBY0190,,112.7188,-7.2396,DUPAKBARU_PL
16SBY0191,,112.7196,-7.2246,KOBANGDIKALG_MT
16SBY0192,,112.7197,-7.2866,DKUPANG_ST
16SBY0193,,112.7199,-7.325,YAYASAN_AL_HIKMAH_PL
16SBY0194,,112.7209,-7.305,GUNUNG_SARIVIP_PL
16SBY0195,,112.7198,-7.2643,PATEMON_PL
16SBY0196,,112.7205,-7.2506,RAYA_DEMAK_BUBUTAN_PL
16SBY0197,,112.7206,-7.297,CANASARI_TB
16SBY0198,,112.7209,-7.2366,DEMAK_BUBUTAN_PL
16SBY0199,,112.7211,-7.2675,PETEMONBARAT_EP
16SBY0200,,112.7211,-7.2333,TANJUNG_SADARI_EP
16SBY0201,,112.7214,-7.2791,PUTAT_PL
16SBY0202,,112.7207,-7.3008,GAJAHMADAIM3_EP
16SBY0203,,112.7211,-7.2476,DEMAKRAYA_CG
16SBY0204,,112.7214,-7.2703,BYURIP_PL
16SBY0205,,112.7221,-7.255,KALIBUTUH1_ST
16SBY0206,,112.7222,-7.3153,KTTMADYASBY_PL
16SBY0207,,112.7225,-7.3409,MENANGGAL_EP
16SBY0208,,112.7225,-7.2761,GIRILAYA_BANYU_URIP_TB
16SBY0209,,112.7228,-7.328,INJOKO_EP
16SBY0210,,112.7231,-7.2814,TELCOINDO_KUPANG_GUNUNG_JAYA_PL
16SBY0211,,112.7232,-7.2914,MAYJENSUNGKONO_SBY_PL
16SBY0212,,112.7233,-7.2404,DUPAK1_GK
16SBY0213,,112.7235,-7.2665,PETEMON_SBY2_PL
16SBY0214,,112.7239,-7.3191,GAYUNGAN_PL
16SBY0215,,112.7239,-7.245,DUPAK_SBY1_ST
16SBY0216,,112.7243,-7.2278,IKANMUNGSING_AG
16SBY0217,,112.7241,-7.3342,STOINJOKO_MT
16SBY0218,,112.7241,-7.3446,MENAGGAL_PL
16SBY0219,,112.7249,-7.3126,KETINTANG_JAYAVIP_PS
16SBY0220,,112.7247,-7.2148,PETI_KEMAS_TB
16SBY0221,,112.7247,-7.2729,URIPKIDUL_TB
16SBY0223,,112.7263,-7.2463,DUPAK_SBY2_EP
16SBY0224,,112.7261,-7.2568,TIDARSBY_EP
16SBY0225,,112.726,-7.3248,KETINTANGBARU_SLT_GAYUNGAN_ST
16SBY0226,,112.7262,-7.2934,WONOAYU_SBY_CG
16SBY0227,,112.7268,-7.2511,JLCEPU_TB
16SBY0228,,112.7267,-7.3036,KODAM_EP
16SBY0229,,112.727,-7.2892,PAKIS_TIRTOSARI_PL
16SBY0230,,112.7263,-7.2622,JIWASRAYA_PL
16SBY0231,,112.7272,-7.3086,KTINTANG_PL
16SBY0233,,112.7277,-7.2332,TARUNACIPTA_IB
16SBY0234,,112.7278,-7.3164,KARAH_CG
16SBY0235,,112.728,-7.3334,GAYUNGANWNCOLO_PL
16SBY0236,,112.7265,-7.2243,TELCOINDOPERAK_BARAT_PL
16SBY0237,,112.7284,-7.2682,PETEMON_SBY1_EP
16SBY0239,,112.7281,-7.2777,JARAK_PL
16SBY0240,,112.7286,-7.3449,CITYTOMORROW_DH
16SBY0243,,112.729,-7.2976,BRAWIJAYAKDM_MT
16SBY0244,,112.7302,-7.2735,TEMPELIM3_EP
16SBY0245,,112.7287,-7.2204,PERAKBARAT_TB
16SBY0246,,112.7479,-7.2196,JATISRONO_SEMAMPIR_PL
16SBY0247,,112.7294,-7.271,TEMPEL_SUKO_TG
16SBY0248,,112.7295,-7.2559,KRANGGAN_SBY_PL
16SBY0249,,112.7296,-7.2471,I2_MAC_GUDANGDUPAK_GROSIRSBY_MC
16SBY0250,,112.73,-7.2831,KEMBANG_KUNING_MT
16SBY0251,,112.7301,-7.2949,SUTOS_MC
16SBY0253,,112.7336,-7.323,POLDA_CM
16SBY0254,,112.7302,-7.3375,SIWALANKERTO_PL
16SBY0255,,112.7311,-7.2348,YOSINDO_PL
16SBY0256,,112.7307,-7.2661,KEDUNGSARI_TEGALSARI_ST
16SBY0257,,112.7311,-7.3199,IN_GRAHAPENA_DH
16SBY0258,,112.7312,-7.3431,WARU_SBY_TB
16SBY0260,,112.732,-7.3283,JEMURUJUNG_AG
16SBY0262,,112.7316,-7.2496,BUBUTANIM3_EP
16SBY0263,,112.7316,-7.2246,JLN_GRESIK_EP
16SBY0264,,112.7319,-7.3319,JEMURANDAYANI_ST
16SBY0265,,112.7325,-7.2464,IN_MALL_PUSATGROSIR_SBY_IJ
16SBY0266,,112.7326,-7.2604,NDK_KEDUNGDORO_MT
16SBY0267,,112.7325,-7.2407,INDRPURASBY_MT
16SBY0268,,112.7333,-7.2673,WONOREJO_SBY_PL
16SBY0269,,112.7326,-7.214,TANJUNGPERAK_EP
16SBY0270,,112.7329,-7.3072,JETISSBY2_EP
16SBY0271,,112.7334,-7.1967,PERAKUJUNG_MT
16SBY0272,,112.7331,-7.285,OPIKSBY_AG
16SBY0273,,112.7345,-7.2928,VICENTIUS_SBY_CM
16SBY0274,,112.7332,-7.2544,I2_BGJUNCTION_VIP_MC
16SBY0275,,112.7333,-7.3044,GEMBILI_PL
16SBY0276,,112.7334,-7.2565,PASAR_BLAURAN_SURABAYAVIP_IJ
16SBY0278,,112.7335,-7.3097,I2_MALL_ROYAL_PLAZA_KI
16SBY0279,,112.7339,-7.2467,PASAR_TURI_TB
16SBY0280,,112.7341,-7.2806,UNTUNGSURO_EP
16SBY0281,,112.7336,-7.2751,DURYAT_EP
16SBY0282,,112.7341,-7.2536,PRABANKULON_PS
16SBY0283,,112.7341,-7.2009,TELCOINDO_KALIANGET_PL
16SBY0284,,112.7344,-7.2357,RAJAWALIFWA_EP
16SBY0285,,112.7346,-7.2985,JOYOBOYOKALI_ST
16SBY0286,,112.735,-7.2594,IN_HOTEL_MARRIOTT_DH
16SBY0287,,112.7353,-7.2315,KEBALEN_MT
16SBY0288,,112.7351,-7.2055,TANJUNG_PERAK_PL
16SBY0289,,112.7352,-7.2655,TARUNG_DERAJAT_SBY_PL
16SBY0290,,112.7357,-7.2888,AETNA_LIFE_PL
16SBY0291,,112.7358,-7.3357,LECI_MT
16SBY0292,,112.7361,-7.3151,IN_GIANTHYPER_DH
16SBY0294,,112.7361,-7.34,PETRAIM3_EP
16SBY0295,,112.7361,-7.3273,SBY_JEMURSARI_KI
16SBY0296,,112.7363,-7.3308,JEMURANDAYANI1_PL
16SBY0297,,112.7364,-7.3081,RSAL_SURABAYA_MT
16SBY0298,,112.7364,-7.2127,NDK_PATIUNUS_MT
16SBY0299,,112.7371,-7.2237,DHANGTUAH_EP
16SBY0300,,112.7374,-7.268,DURIYATSBY_PL
16SBY0301,,112.7373,-7.2719,KEDONDONGVIP_MT
16SBY0302,,112.7376,-7.3388,IN_THESQUARE_APARTMENT_MC
16SBY0303,,112.7379,-7.2348,IN_JEMBATAN_MERAH_PLAZA_IJ
16SBY0304,,112.738,-7.2958,KALIDAMISBY_PL
16SBY0305,,112.7381,-7.3247,MARGOREJO_SBY_TM
16SBY0306,,112.7377,-7.302,IN_DARMOTRDCTR_DH
16SBY0307,,112.7377,-7.302,DARMOTRDCTR_MT
16SBY0308,,112.7377,-7.2925,DIPONEGOROIM3_EP
16SBY0309,,112.7381,-7.2613,KEDUNGDOROIM3_EP
16SBY0310,,112.7381,-7.2618,IN_REGENCYSBY_DH
16SBY0311,,112.7377,-7.2492,PENGHELA_EP
16SBY0312,,112.7381,-7.2568,TECGBL_EP
16SBY0313,,112.7384,-7.2371,NYAMPLUNGAN_ST
16SBY0314,,112.7387,-7.3142,WONOCOLO_SBY1_PL
16SBY0315,,112.7388,-7.2442,KREMBANGAN_SELATAN_PL
16SBY0317,,112.7388,-7.3181,MASPIONSBY_PL
16SBY0318,,112.7378,-7.2623,I2_TUNJUNGAN_PLZ6_SP
16SBY0320,,112.7394,-7.2088,PTPALSBY_CG
16SBY0321,,112.7395,-7.3427,SIWALAN_KERTO_SELATAN_PL
16SBY0322,,112.74,-7.2523,PENELEH_PL
16SBY0323,,112.7401,-7.2632,IN_TUNJUNGANPZ_DH
16SBY0324,,112.7401,-7.2627,IN_BBDTOWER_DH
16SBY0325,,112.7396,-7.285,DARMO_EP
16SBY0326,,112.7398,-7.2618,IN_HOTEL_SHERATON_DH
16SBY0327,,112.7417,-7.2784,DRSOETOMOSBY_PL
16SBY0328,,112.7402,-7.2657,TEGALSARI_SBY1_PL
16SBY0329,,112.7407,-7.3082,BENDUL_MERISIVIP_PS
16SBY0330,,112.7408,-7.231,MASMANSYUR_TB
16SBY0331,,112.7411,-7.2725,IN_BRI_SBY_DH
16SBY0332,,112.7411,-7.2719,IN_HOTELHYATT_DH
16SBY0333,,112.7411,-7.2407,TIFA_SBY_EP
16SBY0334,,112.7411,-7.2561,AHMAD_JAIS_EP
16SBY0335,,112.7411,-7.2229,HANGTUAH_SBY_EP
16SBY0338,,112.7415,-7.2601,SIMPANGDUKUHGEVIP_HS
16SBY0339,,112.7418,-7.2912,KAPUAS_TIMUR_SBY_PL
16SBY0340,,112.7418,-7.2625,NARAGITA_HOTEL_SIMPANG_MT
16SBY0342,,112.7421,-7.2053,PTPAL_EP
16SBY0343,,112.7415,-7.2672,BASUKIRAHMAT_SBY_EP
16SBY0344,,112.742,-7.3381,SIWALANGKE_PL
16SBY0345,,112.7423,-7.2342,UDMARTONO_PL
16SBY0346,,112.7425,-7.2737,TEGALSARI_SBY_EP
16SBY0347,,112.7437,-7.2909,CENTRALPOIN_DH
16SBY0349,,112.7431,-7.3244,JEMURWONOCOLOG_ST
16SBY0350,,112.7436,-7.2322,PERAK_SBY_EP
16SBY0351,,112.7439,-7.3341,KUTISARI_SELATAN_SBY_PL
16SBY0352,,112.744,-7.2417,IN_PASAR_ATOM_DH
16SBY0353,,112.744,-7.2473,PENGAMPON_PL
16SBY0354,,112.7443,-7.2129,HANG_TUAH_SBY_MT
16SBY0355,,112.7441,-7.3042,JAGIR_IM3_MT
16SBY0356,,112.7436,-7.3186,MARGOREJO_TB
16SBY0357,,112.7441,-7.2952,LUMUMBA_DLM_IB
16SBY0358,,112.7446,-7.2714,KAYUNMSC_EP
16SBY0359,,112.7449,-7.3083,RAYAGADUNG_MT
16SBY0360,,112.7449,-7.266,GRH_BUKOPIN_DH
16SBY0361,,112.7452,-7.2162,LANTAMAL5_MT
16SBY0363,,112.7453,-7.227,WONOSARILOR_CM
16SBY0364,,112.7452,-7.3221,KENDANGSARI_CM
16SBY0365,,112.7469,-7.261,WALIKOTA_MUSTAJAB_DA
16SBY0366,,112.7454,-7.2784,DINOYO_SBY_PL
16SBY0367,,112.7456,-7.2893,MARVELCITY_SBY_SUPERBLOCK2_MC
16SBY0369,,112.7458,-7.235,KERTOPATEN_PL
16SBY0370,,112.7452,-7.2875,DINOYOVIP_PL
16SBY0371,,112.7459,-7.2574,KECILUNGGENTENG_PL
16SBY0372,,112.746,-7.2527,KETUPA_PL
16SBY0373,,112.7461,-7.2817,SHAM_TM
16SBY0374,,112.7454,-7.3286,STORUNGKUT_MT
16SBY0376,,112.7471,-7.2389,KEMBANGJEPUN_EP
16SBY0377,,112.7468,-7.2412,IN_ITC_SURABAYA_IJ
16SBY0379,,112.7471,-7.3386,KUTISARI_EP
16SBY0380,,112.7468,-7.2911,BRATANG_SBY2_MT
16SBY0381,,112.7471,-7.2771,JLBAWEAN_PL
16SBY0384,,112.7481,-7.2726,SULAWESI_SBY_MT
16SBY0385,,112.748,-7.2628,IN_WTCBUILDING_DH
16SBY0386,,112.7482,-7.2683,KAYUNSCOMTECH_EP
16SBY0387,,112.7477,-7.2442,GEMBONGIM3_EP
16SBY0388,,112.7485,-7.2647,IN_DELTAPLAZA_SURABAYAVIP_DH
16SBY0389,,112.7486,-7.3163,PC_GERAI_PLAZA_MARINA_TM
16SBY0390,,112.7486,-7.3156,IN_PLAZAMARINA_SURABAYASLT_MC
16SBY0391,,112.7487,-7.3349,MEJOYO_PL
16SBY0392,,112.7488,-7.2291,SUMBO_TB
16SBY0393,,112.7489,-7.2508,KAPASARI_ST
16SBY0394,,112.7489,-7.2846,PCNGSEWU_IM3_EP
16SBY0395,,112.7495,-7.2977,NGAGELTIRTO_AG
16SBY0396,,112.7516,-7.2236,WONOSARI_SBY_CM
16SBY0397,,112.7497,-7.317,JTSRKEKSPEDISIVIP_PL
16SBY0399,,112.7503,-7.31,BENDULMERISI_EP
16SBY0400,,112.7501,-7.2621,IN_GRANDCITYMALL_IR
16SBY0401,,112.7501,-7.2397,PASAR_KAPASAN1_IJ
16SBY0403,,112.7506,-7.2601,KACA_PIRING_PL
16SBY0404,,112.7506,-7.2345,SIMOLAWANG_ST
16SBY0405,,112.7509,-7.257,KETABANG_PL
16SBY0406,,112.7513,-7.2713,GUBENGSBY_PL
16SBY0407,,112.7511,-7.3339,KUTISARILOR_GT
16SBY0408,,112.7514,-7.3045,SIDODERMO_PL
16SBY0409,,112.7517,-7.2637,AYAM_PENELEHVIP_PL
16SBY0410,,112.7518,-7.3294,RUNGKIN_GH
16SBY0413,,112.7519,-7.2482,NGAGLIK_SBY_PL
16SBY0414,,112.7519,-7.2426,ADIHUSADA_EP
16SBY0416,,112.7526,-7.2772,KERTAJAYA_TBG_TB
16SBY0417,,112.7521,-7.2819,JUWINGAN_PL
16SBY0418,,112.7524,-7.2681,GUBENGJAYA_PL
16SBY0419,,112.7527,-7.2869,KALIBOKOR_PL
16SBY0420,,112.753,-7.2134,WONOARUMSEMAMPIR_PL
16SBY0421,,112.7529,-7.2262,PEGIRIAN_PL
16SBY0422,,112.753,-7.2911,PTI_NGAGELJAYATENGAHG_PL
16SBY0423,,112.7526,-7.2189,SIDOTOPO_EP
16SBY0424,,112.7531,-7.3256,KEDUNGSARI_SBY_ST
16SBY0425,,112.7536,-7.2411,KAPASAN_SIMOKERTO_CM
16SBY0426,,112.7537,-7.2983,BRATANGGDWROMO_PL
16SBY0427,,112.7538,-7.3149,RUNGKUT_TENGGILIS_TB
16SBY0428,,112.7541,-7.2364,CITRA_GAIA_SIDOTOPO_LOR_CG
16SBY0429,,112.7549,-7.2647,STGUBENG_EP
16SBY0430,,112.7556,-7.2873,KALI_BOKOR_PL
16SBY0431,,112.7561,-7.2838,PUCANG_SBY_MT
16SBY0432,,112.7561,-7.294,NGAGEL_MT
16SBY0433,,112.7561,-7.2649,IN_RSHUSADA_UTAMA_DH
16SBY0434,,112.7561,-7.2705,DHARMAWANGSA_MT
16SBY0435,,112.7565,-7.2467,TAMBAKREJO_SBY_PL
16SBY0436,,112.7562,-7.2533,TAMBAKSARISBY_AG
16SBY0437,,112.7563,-7.2653,PROFDMUSTOPOTSVIP_MT
16SBY0438,,112.7564,-7.3075,SIDOSERMOWNCLVIP_PL
16SBY0439,,112.7564,-7.2163,BULAK_JAYA_TB
16SBY0440,,112.7569,-7.3109,PRAPEN_IB
16SBY0441,,112.7571,-7.2783,KERTAJAYAIM3_MT
16SBY0442,,112.7571,-7.3176,WONOCOLO_SBY2_EP
16SBY0443,,112.7571,-7.27,RSUD_DRSUTOMO_DH
16SBY0445,,112.7572,-7.2294,HUB_PTI_TENGGUMUNGBARU_PL
16SBY0446,,112.7573,-7.3211,TENGGILISMULYO_PL
16SBY0447,,112.7581,-7.3309,WISMASIER_EP
16SBY0448,,112.7583,-7.2428,KENJERANVIP_PL
16SBY0449,,112.7584,-7.2753,KARANG_WISMO_PL
16SBY0450,,112.7584,-7.2243,KEDUNGMANGU_PL
16SBY0451,,112.758,-7.2483,SIMOKERTO_CM
16SBY0452,,112.7585,-7.2333,TELKOM_FLEXY_SIDOTOPO_MT
16SBY0453,,112.7589,-7.2562,TERATAI_SBY_PL
16SBY0454,,112.7591,-7.2478,IN_EASTPOINT_MC
16SBY0455,,112.7591,-7.2214,TENGGUMUNG_PL
16SBY0456,,112.7592,-7.2617,KEDUNGSROKO_SBY2_PL
16SBY0457,,112.7594,-7.2821,MANYAR_SAMBONGANWONOKROMO_PL
16SBY0458,,112.7594,-7.327,SIER_POLE5_KALIRUNGKUT_GT
16SBY0459,,112.7598,-7.2192,TENGGUMUNG_WETAN_PL
16SBY0460,,112.7602,-7.2983,BRATANG_SBY1_PL
16SBY0461,,112.7602,-7.2145,BULAK_BANTENG_MT
16SBY0462,,112.7608,-7.2397,POGOTBARU_PL
16SBY0463,,112.761,-7.2682,GUBENG_MUSTOPOVIP_TB
16SBY0464,,112.7611,-7.3222,RAYATENGGILIS_GH
16SBY0465,,112.7614,-7.316,PRAPENINDAH_ST
16SBY0466,,112.7617,-7.3054,PREPEN_RAYA_PL
16SBY0467,,112.7617,-7.2102,DUKUHBULAK_ST
16SBY0468,,112.762,-7.3018,NGINDEN_EP
16SBY0469,,112.7616,-7.2757,KERTAJAYA_SBY_MT
16SBY0470,,112.7625,-7.2826,SAMBONGAGEL_IB
16SBY0471,,112.7623,-7.2887,JTSINETCAFEVIP_PL
16SBY0473,,112.7625,-7.2495,TAMBAKSARI_SBY_EP
16SBY0474,,112.7631,-7.2442,JLKENJERAN_EP
16SBY0475,,112.7631,-7.2619,KEDUNGSROKO_SBY1_PL
16SBY0476,,112.7631,-7.2934,MANYARMENUR_TB
16SBY0477,,112.7633,-7.2232,SIDOTOPO_KENJERAN_PK
16SBY0478,,112.7633,-7.32,TRENGGELIS_MEJOYO_PL
16SBY0479,,112.7634,-7.2735,BUMIMOJO_PL
16SBY0480,,112.7635,-7.2528,PLOSOTAMBKSARIVIP_PL
16SBY0481,,112.7635,-7.2284,WONOKUSUMO_MT
16SBY0482,,112.7641,-7.3363,RUNGKUTINDUST_EP
16SBY0483,,112.7641,-7.33,SAMPOERNASBY_GT
16SBY0484,,112.7646,-7.2308,RAYAPOGOT_PL
16SBY0485,,112.7647,-7.3054,RSINTERNAS_SBY1_EP
16SBY0486,,112.7649,-7.2364,KAPAS_BARU_PL
16SBY0487,,112.765,-7.2477,HUB_PTI_RANGKAHTAMBAKSARI_PL
16SBY0488,,112.7651,-7.3041,IN_RSINTERNAS_SBY2_DH
16SBY0489,,112.7651,-7.2794,HOTEL_CORE_EP
16SBY0490,,112.7651,-7.2698,MOJOGUBENG_PL
16SBY0491,,112.7652,-7.2842,MANYAR_SABRANGAN_ST
16SBY0492,,112.7657,-7.3249,PANJANG_JIWO_SBY_PL
16SBY0493,,112.766,-7.2562,BRONGGALAN_PL
16SBY0494,,112.766,-7.3102,PANJANGJIWO_TB
16SBY0495,,112.7657,-7.2214,RANDUSBY_TB
16SBY0496,,112.7664,-7.3311,RUNGKUT_KIDUL_PL
16SBY0497,,112.7664,-7.2659,MOJOKIDULGBENG_MT
16SBY0498,,112.7669,-7.2977,MENURPUMPUNGAN2_AG
16SBY0499,,112.7671,-7.2901,MANYAR_KARTIKA_MT
16SBY0500,,112.7675,-7.2508,PLOSO_SBY_SBY2_TB
16SBY0501,,112.7681,-7.3189,UBAYA_EP
16SBY0502,,112.7683,-7.2945,MANYAREJO_GH
16SBY0503,,112.7684,-7.3224,KAMPUS_UBAYA_MC
16SBY0505,,112.7689,-7.2869,MANYAR_SBY1_GK
16SBY0506,,112.7691,-7.3048,TAMANINTAN_MT
16SBY0507,,112.7691,-7.3277,RUNGKUTASRI_EP
16SBY0508,,112.7691,-7.2726,JOJORANGUBENG_PL
16SBY0509,,112.7693,-7.2381,POGOTDUA_PL
16SBY0510,,112.7694,-7.2554,PLOSOTIMUR_PL
16SBY0511,,112.7694,-7.2128,BHINEKASBY_CM
16SBY0512,,112.7697,-7.2466,KENJERAN_PALACE_IB
16SBY0513,,112.7698,-7.217,KEDUNGCOWK_EP
16SBY0514,,112.7698,-7.2694,STI_MOJOKLANGRUVIP_TB
16SBY0515,,112.7699,-7.3097,PANJANG_JIWO_TB
16SBY0516,,112.7707,-7.2319,POGOTLAMA_PL
16SBY0517,,112.7707,-7.2516,KARANG_ASEM_PL
16SBY0518,,112.7708,-7.2228,KEDINDINGLOR_TB
16SBY0519,,112.7704,-7.2279,TANAMERASBY_PL
16SBY0520,,112.7711,-7.3375,MENARARUNGKUT_TB
16SBY0521,,112.7716,-7.2906,BRAWIJAYASBY_PL
16SBY0522,,112.7716,-7.2761,MANYAR_SBY_EP
16SBY0523,,112.7721,-7.2825,MANYAR_IM3_EP
16SBY0524,,112.7728,-7.2426,DKSETRO_SBY_PL
16SBY0525,,112.7731,-7.2343,POGOT_PL
16SBY0526,,112.7732,-7.2605,KALIJUDAN_SBY2_CM
16SBY0527,,112.774,-7.2988,SEMOLOWARU_PL
16SBY0528,,112.7745,-7.2098,TAMBAKWEDI_JAYA_PL
16SBY0529,,112.7739,-7.263,MULYOREJO_SBY_TB
16SBY0530,,112.7749,-7.2512,DANOESA_ST
16SBY0531,,112.7751,-7.3398,ABDKARIM_RUNGKUT_MT
16SBY0532,,112.7751,-7.332,RUNGKUT_TENGAH_SBY2_PL
16SBY0533,,112.7752,-7.2227,CUPATKULON_PL
16SBY0534,,112.7751,-7.3222,MEDOKANASRI_PL
16SBY0535,,112.7753,-7.239,NAGOSA_PL
16SBY0536,,112.7754,-7.3113,TELCOINDO_SAMPOERNA_PL
16SBY0537,,112.7757,-7.2546,PLOSO_SBY_SBY1_EP
16SBY0538,,112.7761,-7.2645,CITRAGAIA_MOJOARUM_CG
16SBY0539,,112.7765,-7.3276,STO_JAGIRVIP_MT
16SBY0540,,112.7767,-7.2842,NGASEM_SBY_PL
16SBY0541,,112.7767,-7.2997,MENUR_EP
16SBY0542,,112.7769,-7.229,KEDINDING_TENGAH_TB
16SBY0543,,112.7766,-7.3146,PONDOK_NIRWANAVIP_TB
16SBY0544,,112.7771,-7.2693,MULYOREJO_SURABAYA_PL
16SBY0545,,112.7781,-7.3091,SEMOLOSBY_TB
16SBY0546,,112.778,-7.2325,BULAKCUMPAT_PL
16SBY0547,,112.7784,-7.2576,KALIJUDAN_ASRI_MT
16SBY0548,,112.7787,-7.2485,LEBAK_ARUM_TB
16SBY0549,,112.779,-7.2258,KEDINDING_LOR_MT
16SBY0550,,112.7791,-7.2902,ITATS_EP
16SBY0551,,112.7791,-7.2435,KENJERAN_MT
16SBY0552,,112.7791,-7.2525,KARANG_EMPAT_PL
16SBY0553,,112.7792,-7.3329,RUNGKUT_KIDULVIP_PS
16SBY0555,,112.7793,-7.2375,SETRO_BARU_UTARA_CM
16SBY0556,,112.7795,-7.2235,KEDINDING_MT
16SBY0557,,112.7795,-7.2781,JLMANYAR_PL
16SBY0558,,112.7797,-7.3379,GUNUNG_ANYAR_TENGAH_PL
16SBY0559,,112.7798,-7.305,SEMAMPIRTGH_PL
16SBY0560,,112.7801,-7.2839,RSHAJI_MC
16SBY0562,,112.7806,-7.2765,GALAXY_MALL1_DH
16SBY0565,,112.7812,-7.3189,WISKAI_PL
16SBY0566,,112.7818,-7.3257,PANDUGOIRUNGKU_PL
16SBY0567,,112.7821,-7.2745,IN_GALAXY_MALL_IR
16SBY0568,,112.7815,-7.2656,DARMAHUSADA_EP
16SBY0569,,112.7825,-7.2751,GALAXI_TM
16SBY0570,,112.7823,-7.2326,BULAKTBG_TB
16SBY0571,,112.7826,-7.2474,KENJERANTAMBAKSARIVIP_TB
16SBY0572,,112.7826,-7.2902,ITAT_SURABAYA_PL
16SBY0573,,112.7831,-7.309,MEDOKAN_SEMAMPIR_TB
16SBY0574,,112.7833,-7.2621,BULAKJAYA_MT
16SBY0575,,112.7835,-7.3224,MERI_BOULEVARD_MT
16SBY0576,,112.7838,-7.2546,KALIJUDAN_SBY1_IB
16SBY0577,,112.7841,-7.3144,NIRWANA_PL
16SBY0578,,112.7842,-7.2817,KRTAJAYA_INDAH_ST
16SBY0579,,112.7845,-7.3322,GUNUNGANYAR_MT
16SBY0580,,112.7849,-7.3013,GALAXYBUMI_PL
16SBY0581,,112.7858,-7.2234,KALILOM_LOR_ST
16SBY0582,,112.7858,-7.2691,UNAIR_KAMPUSC_TB
16SBY0583,,112.786,-7.2292,TANAH_KALI_KEDINDING_CM
16SBY0584,,112.7861,-7.2892,MANYAR_KERTOADI_PS
16SBY0585,,112.7871,-7.2622,TELCOINDOSUTOREJOVIP_PL
16SBY0586,,112.7873,-7.3109,TELCOINDO_KAMPUS_STIKOM_PL
16SBY0587,,112.7875,-7.3317,PC_GERAI_RUNGKUT_PUSTRAN_TM
16SBY0588,,112.8105,-7.3354,GN_ANYAR_PL
16SBY0589,,112.7881,-7.2506,BABATAN_PANTAI_IM3_EP
16SBY0590,,112.7888,-7.2832,GEBANG_PUTIH_SBY_PL
16SBY0592,,112.789,-7.2704,SUTOREJO_SBY2_MT
16SBY0593,,112.7893,-7.3264,ANUGERAH_MEDOKAN_ASRI_AG
16SBY0595,,112.79,-7.3162,PANDUGO_PL
16SBY0596,,112.7911,-7.2564,SUTOREJOSBY_PL
16SBY0597,,112.7921,-7.3336,MEDOKANAYU_TB
16SBY0598,,112.7921,-7.3112,KEDUNGBARUK_PL
16SBY0599,,112.7926,-7.3426,GNANYAR_TB
16SBY0600,,112.7926,-7.2315,KEJAWANLOR_SBY_ST
16SBY0601,,112.7927,-7.2755,JLKERTA_PL
16SBY0602,,112.793,-7.2382,MARITIM1_TB
16SBY0603,,112.7942,-7.2448,PERUM_TNIAL_PL
16SBY0604,,112.7942,-7.2802,MI_KEPUTIH025_BL
16SBY0605,,112.7942,-7.2866,JLTEKPERKAPALANITS_BL
16SBY0606,,112.7943,-7.2606,UWK_MULYOSARIVIP_MT
16SBY0607,,112.7954,-7.3375,GUNUNG_ANYAR_TB
16SBY0608,,112.7961,-7.2907,KLAMPISASRI_TB
16SBY0609,,112.7958,-7.2528,BABATAN_EP
16SBY0610,,112.796,-7.2653,SUTOREJO_SBY1_TB
16SBY0611,,112.7962,-7.2785,KEPUTIH_SBY1_BL
16SBY0612,,112.7963,-7.3239,MEDOKAN_AYUVIP_ST
16SBY0613,,112.7968,-7.2686,BHASKARASLT_PL
16SBY0614,,112.7963,-7.2835,ITSLAB_FISIKAVIP_BL
16SBY0615,,112.7966,-7.32,MEDOKANRKT_MT
16SBY0616,,112.7978,-7.3334,GUNUNG_ANYAR_VIP2_TB
16SBY0617,,112.7979,-7.3431,GUNUNG_ANYAR_VIP1_PL
16SBY0618,,112.7989,-7.3041,WONOREJO_SBY1_ST
16SBY0619,,112.7989,-7.2475,KENJERAN2DMT_MT
16SBY0620,,112.799,-7.273,LAGUNA_EP
16SBY0621,,112.7989,-7.338,WIGUNA_EP
16SBY0622,,112.7994,-7.3087,SEMAMPIR_SBY_EP
16SBY0623,,112.7992,-7.2849,TEKNIKLAUTAN_BL
16SBY0624,,112.7997,-7.2989,GALAXI_BUMI_PERMAI_TB
16SBY0625,,112.8006,-7.2922,KEPUTIHVIP_PL
16SBY0626,,112.8016,-7.2889,KEPUTIH_SBY2_PL
16SBY0627,,112.8021,-7.2808,KEJAWAN_PL
16SBY0628,,112.8025,-7.2684,NDK_MULYOSARI_TENGAH_MT
16SBY0629,,112.8026,-7.3214,RUNGKUT_MEDOKANAYU_TB
16SBY0630,,112.803,-7.2732,LAGUNAVIP_TB
16SBY0631,,112.8042,-7.2853,KEPUTIH2_TB
16SBY0632,,112.8043,-7.3289,RUNGKUT_TENGAH_SBY1_GK
16SBY0633,,112.8058,-7.2767,I2_EAST_COAST_MALL_KI
16SBY0634,,112.8059,-7.2967,KEPUTIH1_PK
16SBY0635,,112.809,-7.3071,GREENLAKE_SBY_PL
16SBY0636,,112.8104,-7.2588,EASTCOST_RESIDENCE_SBY_CM
16SBY0637,,112.81,-7.279,MI_PERUM_LAGUNA_EP
16SBY0638,,112.8114,-7.2703,PAKUWONSBY_CM
16SBY0639,,112.8124,-7.2898,KEPUTIHTMR_TB
16SBY0640,,112.6087,-7.2338,PAKAL_IB
16SBY0641,,112.774,-7.214,TWTENGAH_TB
16SBY0644,,112.789,-7.2806,ITS_SBY_TB
16SBY0645,,112.748,-7.2628,WTCBUILDING_MT
16SBY0646,,112.7369,-7.2598,EMBONGMALANG_DA
16SBY0647,,112.701,-7.2553,XLSUKO_MANUNGGAL_ST
16SBY0648,,112.7366,-7.3157,MASPION_WONOCOLO_CM
16SBY0650,,112.7314,-7.2623,KEDUNG_DORO_EP
16SBY0651,,112.6227,-7.2231,MB_BUNGTOMO_STADIUM_TM
16SBY0652,,112.6478,-7.2483,KALIKUNDANG_TB
16SBY0654,,112.7684,-7.3353,RAYA_RUNGKUT_TENGAH_PL
16SBY0656,,112.7183,-7.3092,GUNUNGSARISBY_EP
16SBY0659,,112.7284,-7.2394,KEMAYORAN_KREMBANGAN_BARU_TB
16SBY0660,,112.7098,-7.3166,KEDURUS_RAYA_MASTRIP_MT
16SBY0661,,112.6378,-7.201,ROMOKALISARI_BENOWO_TB
16SBY0663,,112.7077,-7.2705,SIMOMULYO_BARU_PL
16SBY0664,,112.7141,-7.3324,PAGESANGAN_KEBONSARI_TB
16SBY0665,,112.7138,-7.3236,JAMBANGAN_TAMA_CM
16SBY0666,,112.6391,-7.2442,SEMEMI_BENOWO_TB
16SBY0667,,112.7061,-7.2592,SIMOMULYO_BARU_SIMO_TB
16SBY0668,,112.7219,-7.2043,PERAK_UTARA_TB
16SBY0669,,112.7274,-7.3388,I2_TRANS_ICON_SURABAYA_MC
16SBY0672,,112.7658,-7.2414,KAPASMADYA_BARU_IB
16SBY0676,,112.768,-7.2596,KALIKEPITING_BA
16SBY0677,,112.7747,-7.2179,TAMBAK_WEDI_TB
16SBY0681,,112.6599,-7.2278,TAMBAK_OSO_WILANGUN_TB
16SBY0684,,112.7295,-7.2878,PAKIS_THOR_PL
16SBY0691,,112.7188,-7.2594,PETEMON_SAWAHAN_GH
16SBY0694,,112.7795,-7.2948,NGASEM_KLAMPIS_GH
16SBY0695,,112.7446,-7.2714,PC_INDOSAT_KAYUN_TM
16SBY0715,,112.7619,-7.2342,SIDOTOPO_WETAN_KENJERAN_GH
16SBY0718,,112.7161,-7.2902,MB_SHANGRILA_JAVA
16SBY0721,,112.6922,-7.2527,TANJUNGSARIBIRU_MT
16SBY0724,,112.7009,-7.2654,SUKOMANUNGGAL_SIMOSIDOMULYO_MT
16SBY0727,,112.6768,-7.293,PLAZA_GRAHA_FAMILY_MT
16SBY0729,,112.7019,-7.328,KARANGPILANG_KEBRAON_TB
16SBY0730,,112.7451,-7.1952,UJUNG_KOARMATIM_MT
16SBY0731,,112.763,-7.2588,PACARKEMBANG_TAMBAKSARI_MT
16SBY0734,,112.7317,-7.3186,HOTEL_ALANA_IJ
16SDA0001,,112.4648,-7.4405,TJIWI_KIMIA_TB
16SDA0002,,112.4651,-7.4342,TJIWI_EP
16SDA0003,,112.4704,-7.4437,PENDOWO_SDA_MT
16SDA0004,,112.4749,-7.4239,TADO_ML
16SDA0005,,112.4759,-7.4422,MOJOPAHIT_TARIK_PL
16SDA0006,,112.4821,-7.4214,SINGKALAN_IB
16SDA0007,,112.4851,-7.4296,MOJOKERTOTMR_TB
16SDA0008,,112.486,-7.4403,JAPANRAYASOOKO_TB
16SDA0009,,112.4901,-7.4483,KEDUNGPLOSO_MT
16SDA0010,,112.4911,-7.4187,PERNING_SDA_TB
16SDA0012,,112.4955,-7.4409,GAMPANGROWO_TB
16SDA0013,,112.4961,-7.4186,CIRO_WETAN_MT
16SDA0014,,112.5018,-7.4078,PRINGGODANI_BALONG_BENDO_PL
16SDA0015,,112.5031,-7.415,BLGBENDO_EP
16SDA0016,,112.5051,-7.4575,SINGOGALIH_AG
16SDA0017,,112.5068,-7.4311,KEMUNING_SDA_PL
16SDA0018,,112.5178,-7.4619,TARIK2_TB
16SDA0019,,112.5205,-7.4426,KLANTINGSARI_TB
16SDA0020,,112.5233,-7.4582,TARIK1_TB
16SDA0021,,112.5241,-7.4368,SEGODOBNCNG_MT
16SDA0022,,112.5242,-7.4102,BALONGBENDO_TB
16SDA0023,,112.5286,-7.4515,JATITARIK_TB
16SDA0024,,112.5318,-7.4266,DESAGAGANG_ML
16SDA0025,,112.5321,-7.4082,RAYA_BAKALAN_IB
16SDA0026,,112.5453,-7.4122,BYPASS_KRIAN_MT
16SDA0027,,112.5481,-7.4162,JABARAN_MT
16SDA0029,,112.5491,-7.4588,KALIMATI_SDJ_TB
16SDA0030,,112.5554,-7.4396,TARIK_SDA_PL
16SDA0031,,112.5574,-7.4166,WATESARI_IF
16SDA0032,,112.5621,-7.4725,PRAMBON_SDA1_PL
16SDA0034,,112.5637,-7.4425,JATIKALANG_SDA_AG
16SDA0035,,112.5659,-7.4008,JERUKLEGI_SDA_MT
16SDA0036,,112.5673,-7.4744,SEGODOBANCANG_PL
16SDA0037,,112.5677,-7.4579,PRAMBON_SDA_LS
16SDA0038,,112.5685,-7.3915,SUMENGKO_PL
16SDA0039,,112.5725,-7.4126,BAMYUWONO_TB
16SDA0040,,112.5741,-7.4474,TEMU_EP
16SDA0042,,112.5744,-7.4282,TROPODO_SDA1_ST
16SDA0043,,112.5755,-7.407,KRIANCITY_EP
16SDA0044,,112.5773,-7.3997,GUBSUNANDAR_MT
16SDA0045,,112.578,-7.433,TROPODOKRIAN_PL
16SDA0046,,112.5788,-7.4088,GESIKAN_CM
16SDA0047,,112.5809,-7.4384,KEDUNGKEMBAR_PL
16SDA0048,,112.5821,-7.4213,KATERUNGAN_SDA_AG
16SDA0049,,112.5829,-7.3903,SIDOMOJO_PL
16SDA0050,,112.5833,-7.4796,WIROBITING_TB
16SDA0051,,112.5839,-7.4095,STO_KRIAN_MT
16SDA0052,,112.5875,-7.4699,CANGKRINGAN_SDA_ST
16SDA0053,,112.5877,-7.4557,CANGKRINGTURI_TB
16SDA0054,,112.5907,-7.4304,SEDENGANMIJENKRIAN_CM
16SDA0055,,112.5919,-7.4028,MOJOSANTREN_TB
16SDA0056,,112.594,-7.4859,SIMPANG_SDA_PL
16SDA0057,,112.5941,-7.4324,SENDENGMJN_MT
16SDA0059,,112.5954,-7.4187,ADELLIA_IB
16SDA0060,,112.5971,-7.397,PONOKAWAN_PL
16SDA0061,,112.5985,-7.4641,INDROKILO_TB
16SDA0062,,112.5993,-7.4108,SUMBERTERIK_TB
16SDA0064,,112.6077,-7.4811,JATIKALANG_PRAMBON_PL
16SDA0065,,112.6081,-7.374,BARENG_INDAH_PK
16SDA0066,,112.6091,-7.3968,KEBOHARAN_TB
16SDA0067,,112.6091,-7.4536,JEDONG_ML
16SDA0068,,112.61,-7.4088,JUNWANGI_PL
16SDA0069,,112.6109,-7.4955,REJENI_TB
16SDA0070,,112.613,-7.3841,DESAGILANG_TB
16SDA0071,,112.6153,-7.4384,WONOAYU_SDA_EP
16SDA0072,,112.617,-7.4273,SEMAMBUNG_SDA_IB
16SDA0073,,112.6173,-7.4779,RAYA_TLASIH_PL
16SDA0074,,112.6246,-7.5085,KREMBUNG_MT
16SDA0075,,112.619,-7.4072,CANDINEGORO_MT
16SDA0076,,112.6197,-7.3953,TERUNGWETAN_TB
16SDA0077,,112.6201,-7.3808,KRIAN_EP
16SDA0078,,112.6216,-7.4379,GENENGAN_SDA_CM
16SDA0079,,112.6252,-7.3746,MADURETNO_TB
16SDA0080,,112.6279,-7.3932,SIDODADI_SDA_EP
16SDA0082,,112.6297,-7.3786,TROSOBOVIP_TB
16SDA0083,,112.6295,-7.4503,POPOH_SDA_PL
16SDA0084,,112.631,-7.4545,ANUGRAH_KEPUHKEMIRI_AG
16SDA0085,,112.6313,-7.493,KEBARON_PL
16SDA0086,,112.6321,-7.4128,KARANGPURI_ST
16SDA0087,,112.6322,-7.3867,KRAMATJEGU_MT
16SDA0088,,112.6337,-7.3766,SIDOROGO_PL
16SDA0089,,112.6345,-7.3648,TROSOBO_IB
16SDA0090,,112.6354,-7.5145,KREMBUNGSDA_PL
16SDA0091,,112.6358,-7.4761,KEPADANGAN_TB
16SDA0092,,112.6358,-7.3996,JOGOSATRU_CM
16SDA0093,,112.6361,-7.4453,WONOAYUKRIAN_CM
16SDA0094,,112.6367,-7.4108,CITRA_HARMONI_BARAT_ST
16SDA0095,,112.6406,-7.3711,TROSOBOPL_PL
16SDA0096,,112.6406,-7.4223,LAMBANGAN_ST
16SDA0097,,112.6416,-7.3939,KEBEN_TB
16SDA0098,,112.6429,-7.4454,WONOAYUKRIAN_EP
16SDA0099,,112.6436,-7.52,GEDOG_TB
16SDA0100,,112.6439,-7.4766,TULANGAN1_GK
16SDA0101,,112.6441,-7.3841,SIDODADISDA_MT
16SDA0102,,112.6461,-7.4835,TULANGAN_EP
16SDA0103,,112.6472,-7.4556,MODONG_SDA_TB
16SDA0104,,112.6481,-7.4691,KEMANTRENSDA_PL
16SDA0105,,112.6488,-7.4857,PTI_KENONGOTULANGAN_PL
16SDA0106,,112.6492,-7.5147,PLOSO_SIDOARJO_PL
16SDA0107,,112.6491,-7.5342,KEDUNG_RAWAN_PL
16SDA0108,,112.6511,-7.4233,ISAT_SAWOCANGKRING_PK
16SDA0109,,112.6494,-7.4621,MEDALEM_TB
16SDA0110,,112.6498,-7.4481,SIMOKETAWANG_MT
16SDA0111,,112.6507,-7.4328,PLOSO_SDA_SDA1_ST
16SDA0112,,112.6522,-7.4851,SEPANDE_SDA1_MT
16SDA0113,,112.6523,-7.3726,RINGINBENDO_PL
16SDA0114,,112.6531,-7.3897,SAMBUNGREJO_KN
16SDA0115,,112.657,-7.4006,PADEMONEGORO_PL
16SDA0116,,112.6583,-7.504,JIKEN_TULANGAN_TB
16SDA0117,,112.6586,-7.4707,TULANGAN9_MODONG_MT
16SDA0118,,112.6588,-7.417,WILAYUT_TB
16SDA0119,,112.6595,-7.5192,PLOSO_SDA_SDA2_TB
16SDA0120,,112.6597,-7.5503,CARAT_MT
16SDA0121,,112.6604,-7.4397,KEMANGSEN_MT
16SDA0122,,112.6606,-7.3743,BRINGINBENDO_IB
16SDA0123,,112.6611,-7.3668,CITRAHARMONI_EP
16SDA0124,,112.6617,-7.4299,KETIMANG_IB
16SDA0125,,112.6623,-7.3535,KREMBANGAN_SDA_PL
16SDA0126,,112.6621,-7.4495,LEBORAYA_PL
16SDA0128,,112.6639,-7.5361,TAMBAREJO_MT
16SDA0129,,112.6642,-7.47,SUDIMORO_TULANGAN_TB
16SDA0130,,112.6647,-7.3787,JLRAYA_SAMBIBULU_TB
16SDA0131,,112.6654,-7.4043,PEKARUNGAN_SUKODONO_TB
16SDA0132,,112.6654,-7.4657,BEDUGBARU_MT
16SDA0133,,112.6659,-7.3867,SDNBANGSRI_TB
16SDA0134,,112.6666,-7.4179,KLAGEN_SDA_MT
16SDA0136,,112.6671,-7.3537,KALIMASTRIP_TB
16SDA0137,,112.6683,-7.3631,RAYAGILANG_ST
16SDA0138,,112.6711,-7.4776,SUDIMORO_SDA_TB
16SDA0139,,112.6716,-7.4554,LEBO_SDA_MT
16SDA0140,,112.6721,-7.4211,GIK_SEIMBANG_SIDOARJO_GK
16SDA0141,,112.673,-7.5474,CARATTENGAH_PL
16SDA0142,,112.6731,-7.4928,PANGKEMIRI_EP
16SDA0143,,112.6735,-7.4129,KARANGNONGKO_SDA_PL
16SDA0144,,112.6738,-7.4061,SUKODONO_SDA1_TB
16SDA0145,,112.6735,-7.5259,PANDEGAN_TB
16SDA0147,,112.6748,-7.3937,SUKODONO_SDA_SDA1_MT
16SDA0148,,112.675,-7.4462,PILANG_SDA_TB
16SDA0149,,112.676,-7.4682,DURUNG_BEDUK_TB
16SDA0150,,112.6764,-7.3578,SEPANJANG_SDA_PL
16SDA0151,,112.676,-7.437,CEMENGBAKAL_TB
16SDA0152,,112.6763,-7.4513,LEBO_TB
16SDA0153,,112.6764,-7.3631,SUMBERSARITAMANVIP_ST
16SDA0154,,112.677,-7.3847,PANJUNAN_SDA_PL
16SDA0155,,112.6774,-7.405,IMAM_BONJOL_SUKODONO_PL
16SDA0156,,112.6786,-7.4959,RADEGAN_CM
16SDA0157,,112.6791,-7.4445,CEMENGKALANG_MT
16SDA0158,,112.6799,-7.424,TAMAN_PUSPA_EP
16SDA0159,,112.6807,-7.4534,SUKO2_PL
16SDA0160,,112.6807,-7.3776,GELURANXL_ST
16SDA0161,,112.6815,-7.3562,KLETEK_TB
16SDA0162,,112.6828,-7.3699,KALIJATEN_TROSOBOVIP_TB
16SDA0163,,112.6843,-7.4414,RAYACEMENG_PL
16SDA0164,,112.6844,-7.4457,SUKO1_TB
16SDA0165,,112.6848,-7.4647,SIDOKARE_TB
16SDA0166,,112.6851,-7.3573,KLETEK_SIDOARJO_ST
16SDA0167,,112.6859,-7.3866,MASANGAN_KULON_ST
16SDA0168,,112.686,-7.397,NGARESREJO_ST
16SDA0169,,112.6861,-7.4852,SUMORAME_TB
16SDA0170,,112.6867,-7.3641,JEMUNDO_SIDOARJO_PL
16SDA0171,,112.6867,-7.4959,GANGGANGPANJANG_MT
16SDA0172,,112.6871,-7.4089,KLOPOSEPULUH_TB
16SDA0173,,112.6876,-7.419,KWENI_IB
16SDA0174,,112.6877,-7.4733,DURUNG_BANJAR_TB
16SDA0175,,112.6882,-7.3517,STI_TAMAN_TB
16SDA0176,,112.6885,-7.4312,SUMPUT_PL
16SDA0177,,112.6887,-7.5243,PAMOTAN_SDA_MT
16SDA0178,,112.6895,-7.357,BEBEKAN_CM
16SDA0179,,112.6896,-7.5445,PINGGIR_KALEN_TB
16SDA0180,,112.6904,-7.3784,GRIYABAYANG_ST
16SDA0181,,112.6907,-7.486,KARANG_TANJUNG_CM
16SDA0182,,112.6906,-7.4754,GELAM_SDA_EP
16SDA0183,,112.6916,-7.5361,SIMO_PORONG_MT
16SDA0185,,112.6919,-7.3918,MASANGAN_WETAN_PL
16SDA0186,,112.6919,-7.4471,CEMENGKALANK_SDA_PL
16SDA0187,,112.6923,-7.3956,KLOPO_SEPULUHVIP_PL
16SDA0188,,112.693,-7.4617,SEPANDECANDI2DMT_MT
16SDA0189,,112.6933,-7.3627,GELURAN_CM
16SDA0190,,112.6939,-7.3525,SEPANJANGIM3_MT
16SDA0191,,112.6941,-7.3765,WAGEPERMAI_MT
16SDA0192,,112.6947,-7.5404,MI_BHAYANGKARIPORONG_TB
16SDA0193,,112.6949,-7.3472,WONOCOLO_TAMAN_PL
16SDA0194,,112.6952,-7.4977,KENDENSARI_SIDOARJO_PL
16SDA0195,,112.6956,-7.5128,DESA_KALISAMPURNO_BA
16SDA0196,,112.6959,-7.489,SAMBIROTO_SDA_TB
16SDA0197,,112.696,-7.4378,SUMPUTSDA_TB
16SDA0198,,112.6975,-7.4599,SEPANDE_SDA2_PL
16SDA0199,,112.6978,-7.5005,TANGGULANGIN_EP
16SDA0201,,112.6988,-7.3771,PEPILEGI_TB
16SDA0203,,112.6991,-7.4231,SIDONGEPUNG_MT
16SDA0204,,112.6991,-7.3659,KISURYO_BL
16SDA0205,,112.6994,-7.5446,PORONG_EP
16SDA0206,,112.6994,-7.4453,TOLLSIDOARJO_EP
16SDA0207,,112.6996,-7.4673,SUMOKALI_PL
16SDA0208,,112.7004,-7.3946,GANTING_SDA_MT
16SDA0209,,112.7001,-7.4373,ENTAL_SEWU_PL
16SDA0210,,112.7005,-7.3475,KETEGAN2_PL
16SDA0213,,112.7011,-7.3603,KEDUNGTURI_KIN_KN
16SDA0214,,112.701,-7.4157,JUMPUT_REJO_MT
16SDA0215,,112.7014,-7.3428,BEBEKAN_SIDOARJO_PL
16SDA0216,,112.7016,-7.401,GANTING_PL
16SDA0217,,112.7016,-7.536,PORONG2_MT
16SDA0218,,112.7019,-7.4902,SAMBIROTO_TB
16SDA0219,,112.702,-7.3725,ALIHSAN_PL
16SDA0220,,112.7026,-7.5038,PERMATA_SIDOARJO_REGENCY_BA
16SDA0221,,112.7027,-7.4569,BANJARPOH_MT
16SDA0222,,112.7028,-7.3863,SUKOLEGOK_MT
16SDA0223,,112.7029,-7.4635,SEKOLAHANSIDOARJOTBG_TB
16SDA0225,,112.7032,-7.366,TARUNA_WAGE_PK
16SDA0226,,112.7035,-7.4767,SINGOLANTRI_TB
16SDA0227,,112.7037,-7.5093,KETAPANG_TANGGULANGIN_CM
16SDA0228,,112.7041,-7.443,SIDOARJO_TB
16SDA0229,,112.7051,-7.4478,STADION_GELORA_DELTA_TB
16SDA0230,,112.7053,-7.3487,KETEGAN_PL
16SDA0231,,112.7058,-7.4189,SIDOPURNO_MT
16SDA0232,,112.7064,-7.4713,SIDOKARE_SDJ_PL
16SDA0233,,112.7033,-7.3794,SUKODONO_SDA_SDA2_IF
16SDA0234,,112.7065,-7.4519,DAKOTA_SDA_TB
16SDA0235,,112.7068,-7.4618,SIDOKAREPL_PL
16SDA0236,,112.707,-7.4367,JATI_SDA_TB
16SDA0238,,112.7077,-7.4928,KERAMEAN_PL
16SDA0239,,112.7078,-7.3509,ISPATINDO_EP
16SDA0240,,112.7081,-7.4053,BUDURAN_SDA_SDA1_CM
16SDA0241,,112.7082,-7.5073,LORLAPINDO_BM
16SDA0242,,112.7084,-7.4834,CANDISDA_PL
16SDA0243,,112.7087,-7.4789,SUNAN_GUNUNG_JATI_PL
16SDA0244,,112.7092,-7.4984,BORO_TANGGUL_ANGIN_GK
16SDA0245,,112.7097,-7.4255,SIDOKERTO_SIDOARJO_PK
16SDA0246,,112.7098,-7.5036,TANGGULANGIN1_PL
16SDA0247,,112.7101,-7.4495,SIDOARJO_KOTA_EP
16SDA0248,,112.71,-7.4871,CANDI_SIDOARJO_MT
16SDA0249,,112.7102,-7.3689,BANGAH_MAWAR_TAMAN_TB
16SDA0250,,112.7104,-7.4524,KWADENGAN_SIDOARJO_PL
16SDA0251,,112.7105,-7.3587,INAYZ_TB
16SDA0252,,112.7108,-7.4217,ABDUL_GHONIBUDURAN_PL
16SDA0253,,112.7113,-7.445,MAGERSARI_SDA_PL
16SDA0254,,112.7117,-7.3827,BOHAR_ST
16SDA0255,,112.7118,-7.3955,GEDANGANCITY_EP
16SDA0256,,112.7124,-7.4497,IN_SUN_CITY_SIDOARJO_TB
16SDA0257,,112.7124,-7.47,LARANGAN_SDA_SDA2_BL
16SDA0258,,112.7127,-7.4413,NGGREKMAS_BL
16SDA0259,,112.7129,-7.4653,LARANGAN_SDA_SDA1_PL
16SDA0260,,112.7131,-7.3678,TAMANALOHA_MT
16SDA0261,,112.7131,-7.4572,STASIUNSDA_BM
16SDA0262,,112.7136,-7.4788,CANDI_SDA1_CM
16SDA0263,,112.7149,-7.4514,I2_FTL_MALLSIDOARJO_MC
16SDA0264,,112.7148,-7.3438,TOLWARU_PL
16SDA0265,,112.7154,-7.3516,MEDAENG_TB
16SDA0266,,112.7154,-7.4944,NGAMPEL_SARI_SDA2_PL
16SDA0267,,112.7152,-7.4297,SIDOKERTO_BUDURAN_PL
16SDA0268,,112.7152,-7.3918,STI_GEDANGAN_TB
16SDA0269,,112.7158,-7.4075,RAYABUDURAN_PL
16SDA0270,,112.7159,-7.4655,I2_RSUD_SIDOARJO_MC
16SDA0271,,112.7164,-7.4685,MI_RAYA_LARANGAN_CANDI_BA
16SDA0272,,112.7164,-7.3682,WAGE_IB
16SDA0273,,112.7171,-7.4749,RAYAMOJOPAHIT_ST
16SDA0274,,112.7174,-7.4891,KEBONSARI_SIDOARJO_MT
16SDA0275,,112.7174,-7.4488,TELKOM_SDA_MT
16SDA0277,,112.7179,-7.4246,SIDOKEPUNG_MT
16SDA0278,,112.7179,-7.3974,SRUNI_TB
16SDA0279,,112.7177,-7.4606,CANDI_SDA_MT
16SDA0280,,112.7176,-7.483,KEBONSARI_SDA_EP
16SDA0281,,112.7181,-7.4414,JENGGOLO_EP
16SDA0282,,112.7176,-7.3592,JATISARI_PERMAI_TB
16SDA0283,,112.7181,-7.4312,PAGERWOJOSBY_ST
16SDA0284,,112.7181,-7.5063,KALITENGAH_SDA_TB
16SDA0285,,112.7183,-7.4358,PUCANG_SIDOARJO_MT
16SDA0286,,112.7188,-7.4132,BANJARKEMANTREN_SDA2_XL
16SDA0287,,112.7193,-7.3888,KEBONSIKEPVIP_PL
16SDA0288,,112.7197,-7.4025,GAMBIRANOMDMT_MT
16SDA0290,,112.7201,-7.3653,SARIJAYA_SDA_TB
16SDA0291,,112.7202,-7.4698,DUSUN_MINGGIR_CM
16SDA0292,,112.7205,-7.4943,SMPN2_CANDI_MCP_TB
16SDA0293,,112.7211,-7.3501,BUNGURASIH_TENGAH_PL
16SDA0294,,112.7212,-7.4645,SEKARDANGAN_TB
16SDA0295,,112.7214,-7.3937,CALUKAN_TB
16SDA0296,,112.7217,-7.4405,MI_PUCANG003_BL
16SDA0297,,112.7219,-7.4547,PUCANG_ANOM_SIDOARJO_PL
16SDA0298,,112.7224,-7.3575,JATISARISDA_MT
16SDA0299,,112.7227,-7.4822,CANDI_SDA2_TB
16SDA0300,,112.7231,-7.4301,BUDURAN_SIDOARJO_AG
16SDA0301,,112.7229,-7.4524,CITRAFAJAR_EP
16SDA0302,,112.7232,-7.4238,BUDURAN_SDA_SDA2_BL
16SDA0303,,112.7233,-7.4971,BALONGGABUS_SDA1_CM
16SDA0304,,112.7238,-7.4778,KLURAK_PL
16SDA0305,,112.7241,-7.4159,JAPFA_TB
16SDA0306,,112.727,-7.5481,DUKUH_SARI_PL
16SDA0307,,112.7239,-7.5025,NGABAN_SIDOARJO_TB
16SDA0308,,112.7241,-7.3528,BUNGURASIH_TIMUR_WARU_PL
16SDA0309,,112.7253,-7.4076,RAYATEBEL_PL
16SDA0310,,112.7256,-7.4668,NARAGITA_BULU_SIDOKARE_MT
16SDA0311,,112.7258,-7.4006,SIDOARJO_GEDANGAN_PL
16SDA0312,,112.7258,-7.4404,MAYAR_IB
16SDA0313,,112.7261,-7.5597,KEDUNGCANGKRING_SDA_TB
16SDA0314,,112.7264,-7.4127,MI_BANJARKEMANTREN_SDA1_BL
16SDA0315,,112.7267,-7.4482,SIDOARJO1_TB
16SDA0316,,112.7269,-7.3955,RAYAGEDANG_TB
16SDA0317,,112.7277,-7.4321,KEMIRIINDAH_TB
16SDA0318,,112.7279,-7.4527,BLURUPERMAI_IF
16SDA0319,,112.7276,-7.3698,ALOHA_EP
16SDA0320,,112.7281,-7.3889,BANJAR_KEMANTREN_EP
16SDA0321,,112.7281,-7.4876,BALONGGABUS_SDA2_PL
16SDA0322,,112.7282,-7.5066,PUTATSLTN_TANGGULANGIN_TB
16SDA0323,,112.7284,-7.3844,ENTALSEWU_BL
16SDA0326,,112.7288,-7.4714,WEDORO_KLURAK_SDA2_TB
16SDA0327,,112.7301,-7.4649,SEKARGADING_PL
16SDA0328,,112.7297,-7.5343,PORONG_SDA_MT
16SDA0329,,112.7305,-7.3586,AHMADYANIIM3_EP
16SDA0330,,112.7301,-7.483,KLURAK1_PL
16SDA0332,,112.7313,-7.4461,KEMIRISDA_PL
16SDA0333,,112.7313,-7.4995,PECIS_BALONGDOWO_TB
16SDA0334,,112.7318,-7.5146,PENATARSEWU_IB
16SDA0335,,112.7319,-7.4179,WADUNG_ASIH_BUDURAN_TB
16SDA0336,,112.7321,-7.4378,DESA_KEMIRI_XL
16SDA0337,,112.7325,-7.4072,TEBEL_GFVIP_PL
16SDA0338,,112.733,-7.3862,STO_SEMANDING_MT
16SDA0339,,112.7331,-7.3509,RAYAWARU_TB
16SDA0340,,112.7331,-7.4741,WEDORO_KLURAK_SDA1_PL
16SDA0341,,112.7332,-7.3677,MAKRO_PEPELEGI_TB
16SDA0342,,112.7336,-7.3623,BANJAR_KEMUNING_SDA_TB
16SDA0343,,112.7334,-7.4498,BLURU_PERMAI_PL
16SDA0344,,112.7348,-7.5669,TROMPOASRI_TB
16SDA0345,,112.7349,-7.5049,TANGGULPUTAT_TB
16SDA0346,,112.7349,-7.426,MINCU_TB
16SDA0347,,112.735,-7.4637,RANGKAH_KIDUL_XL
16SDA0348,,112.7355,-7.4708,WEDORO_SDA_SDA1_PL
16SDA0349,,112.7358,-7.3734,DELTAWARU_PL
16SDA0350,,112.737,-7.4969,PECABEAN_ST
16SDA0351,,112.7372,-7.4109,SUDERMO_PL
16SDA0352,,112.7376,-7.4028,PUNGGUL_PL
16SDA0354,,112.7381,-7.4837,KEDUNGPELOK_EP
16SDA0355,,112.7375,-7.4339,KEMIRI_SDA_TB
16SDA0356,,112.7384,-7.3553,DELTASARI_2VIP_MT
16SDA0357,,112.7386,-7.4543,LINGKAR_TIMUR_SDA_TB
16SDA0358,,112.739,-7.3694,SEMAMBUNG_RAYA_PL
16SDA0359,,112.7406,-7.5098,PTI_KALIDAWIR_PL
16SDA0360,,112.7411,-7.4031,TEBEL_MT
16SDA0361,,112.7411,-7.3772,GEDANGANWETAN_ST
16SDA0362,,112.7411,-7.5034,TANGGULANGINWETAN_TB
16SDA0363,,112.7413,-7.3479,DEWISARTIKA_TMRII_WARU_PL
16SDA0364,,112.7413,-7.4254,PRASUNGTANI_PL
16SDA0365,,112.7416,-7.3639,DELTASARI_MT
16SDA0366,,112.7421,-7.3864,GEDANGAN_SDA_EP
16SDA0367,,112.7426,-7.5499,JEMIRAHAN_MT
16SDA0368,,112.7435,-7.4693,GEBANG_SDA_ST
16SDA0369,,112.7436,-7.4208,LINGKAR_TIMUR_SDA2_MT
16SDA0370,,112.7451,-7.3808,JALANJUANDA_CM
16SDA0371,,112.7456,-7.3563,NGINGAS_SELATAN_SDA_PL
16SDA0372,,112.746,-7.3649,DUKUHPAGERA_IB
16SDA0373,,112.7466,-7.4879,KALIPECABEAN_TB
16SDA0374,,112.7466,-7.344,WEDORO_SDA_SDA2_CM
16SDA0375,,112.7467,-7.3497,NGINGAS_SDA_MT
16SDA0376,,112.7469,-7.4842,KALIAMPOH_TB
16SDA0377,,112.7472,-7.4052,GEMURUNGKIDUL_PL
16SDA0378,,112.7451,-7.5696,GEMPOLBEJI_PAS1_PL
16SDA0379,,112.7487,-7.5037,DONMART_IB
16SDA0380,,112.7506,-7.3529,WEDORO_WARU_AG
16SDA0381,,112.7511,-7.3493,JEMURSARI_EP
16SDA0382,,112.7512,-7.3982,BETROSEDATI_MT
16SDA0383,,112.7527,-7.3603,TROPODO_BARAT_CM
16SDA0384,,112.7527,-7.3674,TROPODO_SDA2_EP
16SDA0385,,112.7531,-7.415,BUDURANDKH_PL
16SDA0386,,112.7537,-7.3875,PASIR_TIMUR_GEDANGAN_PL
16SDA0387,,112.755,-7.4816,KEDUNG_PELUK_BELI_MT
16SDA0388,,112.7553,-7.3543,KEPUH_KIRIMAN_SDA2_IB
16SDA0389,,112.7557,-7.3818,RAYAJUANDA_TB
16SDA0390,,112.7559,-7.3371,BERBEK_INDUSTRI2_MT
16SDA0391,,112.7568,-7.5448,JABON_SDA_PL
16SDA0392,,112.7574,-7.3763,BYPASS_JUANDA_GK
16SDA0393,,112.757,-7.3504,MI_KEPUH_KIRIMAN_SDA1_BL
16SDA0394,,112.7581,-7.3621,TROPODOTENGAHTBG_TB
16SDA0395,,112.7585,-7.4184,BETRO_GEDE_TBG_TB
16SDA0396,,112.7594,-7.3447,PINTU_TOL_BARBEL_TB
16SDA0397,,112.7592,-7.3406,TELCOINDO_BREBEK_PL
16SDA0398,,112.7592,-7.3671,GIK_TROPODO_GK
16SDA0399,,112.7601,-7.3556,PONDOKCANDRA_EP
16SDA0400,,112.7608,-7.3644,RAYA_BUNTARAN_ST
16SDA0401,,112.7607,-7.4036,SEDATI_EP
16SDA0402,,112.7615,-7.3498,KOLSUGIONO_SDA_ST
16SDA0403,,112.761,-7.39,TAMBAK_CEMANDI_TB
16SDA0404,,112.7617,-7.3845,JLGARUDA_BL
16SDA0405,,112.7638,-7.3571,STO_TROPODO_MT
16SDA0406,,112.764,-7.3699,JUANDA_PLANE_TB
16SDA0407,,112.7651,-7.3629,TAMBAKSAWAHPL_PL
16SDA0408,,112.7658,-7.341,WADUNGWARU_TB
16SDA0410,,112.7661,-7.3541,RUKOSUN_GH
16SDA0411,,112.7677,-7.4258,DAMARSI_SDA_MT
16SDA0413,,112.7681,-7.3481,RAYAWADUNGASRI_PL
16SDA0414,,112.7691,-7.3541,INDOSERENA_PL
16SDA0415,,112.7693,-7.3421,TAMBAKSAWAH_PL
16SDA0416,,112.7694,-7.3962,SDN_PEPE_PK
16SDA0417,,112.7706,-7.4027,BUNCITAN_PL
16SDA0418,,112.7731,-7.3441,PONDOK_TJANDRA_AG
16SDA0419,,112.7733,-7.3607,TAMASA_MT
16SDA0420,,112.7747,-7.3689,SEMAMPIRSEDATI_PL
16SDA0421,,112.7751,-7.3501,TAMBAK_SUMBUR_PL
16SDA0422,,112.7756,-7.3549,HASANBAJURI_PL
16SDA0423,,112.7758,-7.4102,KWANGSAN_MT
16SDA0424,,112.7768,-7.3854,JUANDA_SDA_XL
16SDA0425,,112.7773,-7.3614,WADUNGASRI_MT
16SDA0426,,112.776,-7.3833,IN_BANDARA_JUANDA_INT_AT
16SDA0427,,112.7791,-7.3479,TAMBAK_SUMURWARUVIP_PL
16SDA0428,,112.7793,-7.357,TAMBAKREJOSURABAYAINFILL_ST
16SDA0429,,112.7809,-7.368,TAMBAK_SAWAH_TB
16SDA0430,,112.7821,-7.3555,TAMBAK_BULAK_WARUD_PL
16SDA0431,,112.7825,-7.3956,BUNCITAN1_TB
16SDA0432,,112.7852,-7.3664,PRANTI_TB
16SDA0433,,112.7841,-7.3557,TAMAN_ASRI_SDA_TB
16SDA0434,,112.7861,-7.3969,BUMIMARINIR_EP
16SDA0436,,112.7986,-7.3757,I2_BANDARA_JUANDA_DOMESTIK_AT
16SDA0437,,112.7953,-7.3975,CEMANDI_PL
16SDA0438,,112.8026,-7.3465,PCIWARU_PL
16SDA0439,,112.8046,-7.3898,SEDATI_JUANDA_PL
16SDA0440,,112.8073,-7.4032,GEMANDI_TB
16SDA0441,,112.8082,-7.3648,SEGOROTAMBAK_MT
16SDA0442,,112.4954,-7.4548,KEDUNGBOCOK_EP
16SDA0443,,112.5741,-7.443,WATUTULIS_MT
16SDA0444,,112.6667,-7.3687,SAMBIBULU_MT
16SDA0445,,112.6035,-7.488,GAMPANG_MT
16SDA0446,,112.5519,-7.4301,JLKEPUHSARI_EP
16SDA0447,,112.5941,-7.3844,WATUGOLONG_PK
16SDA0448,,112.5976,-7.381,SIDORONO_AG
16SDA0452,,112.6986,-7.3516,XLMEDAENG_VIP_PL
16SDA0454,,112.7436,-7.4125,WARU_PEPELEGI_LS
16SDA0456,,112.7281,-7.3654,SUZUKIWARU_BL
16SDA0457,,112.7335,-7.3943,ATHENASEL_MT
16SDA0458,,112.6312,-7.5249,TANJEG_WAGIR_MT
16SDA0459,,112.5838,-7.4031,TAMBAK_KEMERAKAN_EB
16SDA0461,,112.6914,-7.5089,TANGGULANGIN2_SDA_TB
16SDA0462,,112.6574,-7.4473,PILANG_WONOAYU_PL
16SDA0463,,112.7198,-7.4439,AYANI_SIDOARJO_HS
16SDA0464,,112.6934,-7.4244,SIDOKEPUNG_NGEPUNG_PL
16SDA0465,,112.6026,-7.4375,SIMOANGIN_ANGIN_TB
16SDA0466,,112.6307,-7.4422,POPOH_HASYIM_CM
16SDA0468,,112.6029,-7.4471,SIMOKETAWANG_WONOAYU_IB
16SDA0469,,112.7074,-7.3395,SEPANJANG_BABAKAN_PL
16SDA0471,,112.6844,-7.5403,KESAMBI_GEMPOL_PL
16SDA0472,,112.6755,-7.5146,KEDUNGBOTO_KEDUNGTURI_TB
16SDA0473,,112.7163,-7.55,KEDUNGCANGKRING_SAWAH_PL
16SDA0475,,112.5127,-7.4128,SEDURI_DELIK_PL
16SDA0481,,112.7501,-7.3724,SEDATIGEDE_PL
16SDA0482,,112.6229,-7.5201,MOJORUNTUT_CM
16SDA0483,,112.7377,-7.3502,MI_JANTI_WARU_DA
16SDA0484,,112.7063,-7.4671,TENGGULUNAN_LARANGAN_MT
16SDA0486,,112.6754,-7.3517,MI_WARUGUNUNG_TAWANGSARI_PK
16SDA0488,,112.7288,-7.3556,MI_KEDUNGREJO_WARU_PK
16SDA0489,,112.7309,-7.3737,MI_SAWOTRATAP_PAGER_DA
16SDA0494,,112.6044,-7.3901,PONOKAWAN_KARANGPOH_CM
16SDA0495,,112.763,-7.346,BERBEK_WARU_CM
16SDA0498,,112.7216,-7.3775,BANGAH_GEDANGAN_PL
16SDA0499,,112.592,-7.3919,SIDOMOJO_TUNDUNGAN_TB
16SDA0500,,112.7598,-7.3818,SEDATIAGUNG_DJUANDA_PL
16SDA0501,,112.7898,-7.3495,PONDOK_TJANDRA_INDAH_PL
16SDA0503,,112.555,-7.4102,KRATON_BALONGBENDO_CM
16SDA0504,,112.7346,-7.4577,RANGKAH_KIDUL_BUMICF_MT
16SDA0505,,112.8063,-7.3536,TAMBAKOSO_SEGORO_MT
16SDA0507,,112.6979,-7.4304,CITRAGARDEN_SIDOKEPUNG_TB
17TJL006,,115.4922,-2.246,WARA_TJL_TM
20BEK0001,,108.8587,0.8099,KARIMUNTING_BEK2_PL
20BEK0002,,108.8711,0.7857,KARIMUNTING_BEK1_EP
20BEK0003,,108.8848,0.7568,RAYA_KEPULAUAN_ST
20BEK0004,,108.8905,0.7108,SEI_RAYA_EP
20BEK0005,,108.9027,0.6969,SEI_KERANG_PL
20BEK0006,,108.92,0.6717,RUKMA_JAYA_PL
20BEK0007,,108.9271,0.5575,SEI_DURI_PL
20BEK0008,,108.9279,0.6583,RUKMA_JAYA1_PL
20BEK0009,,108.9289,0.5713,SUNGAI_DURI2_PL
20BEK0010,,108.932,0.5646,SUNGAI_DURI1_MT
20BEK0011,,108.9323,0.6092,SUNGAI_JAGA_A_BEK_PL
20BEK0012,,108.9338,0.6444,SEIPANGKALAN_EP
20BEK0013,,109.0419,0.6678,CAPKALA_MT
20BEK0014,,109.0606,0.7419,JAHANDUNG1_MT
20BEK0015,,109.107,0.8563,RANTAU_BEK_PL
20BEK0016,,109.1293,0.8261,SIMPANG_MONTERADO_MT
20BEK0017,,109.1316,0.7616,MONTERADO_MT
20BEK0018,,109.1321,0.7879,NEK_GINAP_PL
20BEK0020,,109.1663,0.7296,GINAP_MONTERADO_PL
20BEK0022,,109.1673,0.8147,MARUNSU_PL
20BEK0023,,109.1953,0.7945,SAMALANTAN_MT
20BEK0025,,109.2316,0.792,BUKIT_SERAYAN_PL
20BEK0026,,109.2638,0.7939,BABANE_MT
20BEK0027,,109.298,0.8019,PASTIJAYA_PL
20BEK0028,,109.3421,0.7964,GUNUNG_MANDERING_EP
20BEK0029,,109.387,0.8105,SUKA_MAJUG_PL
20BEK0030,,109.4105,0.8123,SEMALAT_MT
20BEK0031,,109.4408,0.8322,CIPTA_KARYA_BEK_PL
20BEK0032,,109.4552,0.7951,TIRTA_KENCANA_BEK_PL
20BEK0033,,109.4645,0.8292,DESA_CIPTAKARYA_BEK_PL
20BEK0034,,109.4718,0.9362,LUMAR_MT
20BEK0035,,109.4758,0.8096,JELAYAN_TERIAK_BEK_MT
20BEK0036,,109.4779,0.8215,BUMI_MAS_PL
20BEK0037,,109.4803,0.8166,BUMI_EMAS_BENGKAYANG_MT
20BEK0038,,109.4805,0.8241,BUMI_EMAS_MT
20BEK0039,,109.4839,0.8207,BENGKAYANG_MT
20BEK0040,,109.4892,0.9066,SEBALO_BEK_PL
20BEK0041,,109.4901,0.8326,TVRI_BUMI_AMAS_MT
20BEK0042,,109.4948,0.9549,BELIMBING_BEK_PL
20BEK0043,,109.506,0.8565,RANGKANG_BEK_EP
20BEK0044,,109.515,0.9754,LAMOLDA_TB
20BEK0045,,109.5209,0.8041,MALO_JELAYAN_IB
20BEK0046,,109.5277,0.7844,BENGKAYANG2_MT
20BEK0047,,109.5515,1.1808,DANTI_PL
20BEK0049,,109.5706,0.9964,RODAYA_BEK_PL
20BEK0050,,109.5756,1.0624,JESAPE_MT
20BEK0051,,109.6066,1.0379,LEDO_MT
20BEK0052,,109.6358,1.0673,JESAPEG_PL
20BEK0053,,109.6466,1.0804,BANGE_BEK_MT
20BEK0054,,109.6737,1.0958,LEMBANG_BEK_PL
20BEK0055,,109.6869,1.0605,PISAK_KAMUH_PL
20BEK0056,,109.6935,1.138,LEMBANGG_PL
20BEK0057,,109.6999,1.1486,SANGGAU_LEDO_PL
20BEK0058,,109.7171,1.0524,SINAR_TEBUDAK_MT
20BEK0060,,109.7375,1.1716,MAYAK_BEK_MT
20BEK0061,,109.7419,1.0882,SEGUNDE_MT
20BEK0062,,109.7478,1.0431,PISAK_MT
20BEK0063,,109.7866,1.2864,SELUAS_BEK2_TB
20BEK0064,,109.7892,1.1961,RAYA_SELUAS_TB
20BEK0065,,109.7998,1.2249,SENTANGAU_JAYA_EB
20BEK0066,,109.8533,1.2828,SELUAS_BEK1_MT
20BEK0067,,109.8846,1.3257,JAGOI_SEKIDA_EB
20BEK0068,,109.935,1.3317,JAGOIBABANG_EP
20BEK0069,,109.1375,0.7544,MONTERADO_CAPKALA_ST
20BEK0070,,108.9544,0.591,SUNGAI_JAGA_MT
20BEK0072,,109.4996,0.8512,SEKAYOK_TAMANKENCANA_PL
20BEK0074,,109.508,0.8708,GUNABARU_TRANSRANGKAKNG_PL
20BEK0075,,109.4945,0.8153,NEW_LALAGOLDEN_PL
20BEK0076,,109.0991,0.6496,JAHANDUNG_BENGKAYANG_PL
20BEK0077,,109.1215,0.7262,SIPKANYIN_JAHANDUNG_PL
20BEK0079,,108.9534,0.6292,SELUAS_SUNGAIRAYA_PL
20BEK0080,,109.7252,1.0881,PISAK_TUJUHBELAS_PL
20BEK0082,,109.0785,0.7528,BOMA_MONTERADO_PL
20BEK0083,,108.885,0.7323,PANTAI_SOGA_PL
20BEK0084,,109.5692,1.1209,SUKADAMAI_GADONG_MT
20BEK0085,,109.8423,1.2614,LAPANGAN_PEREGES_PL
20BEK0086,,109.5381,1.094,TEBUAH_MARONG_PL
20BEK0087,,109.1504,0.8214,DUSUN_JIRAK_PL
20BEK0088,,109.1635,0.864,MONTERADO_BENGKAYANG_PL
20BEK0089,,109.6018,1.112,TRANS_SEBAKUL_PL
20BEK0090,,108.9605,0.5679,SUNGAIDURI_BENGKAYANG_PL
20BEK0091,,109.5727,0.7903,TERIAK_BANA_PL
20BEK0092,,109.6663,1.1699,GUA_DUGINANG_PL
20BEK0093,,109.6912,1.1153,SIMPANG_PAKET_MT
20BEK0094,,109.3236,0.7986,BANDARA_SERUKAM_CM
20KTP0001,,109.939,-1.8565,LUBUK_BATU_KTP_TB
20KTP0002,,109.9522,-1.7906,SKBANGUN_DALAM_TB
20KTP0003,,109.9539,-1.8555,DESABARU2_PL
20KTP0004,,109.9547,-1.8475,KETAPANG_SMA_PL
20KTP0005,,109.957,-1.7968,SUKA_BANGUN_MT
20KTP0006,,109.958,-1.807,AIRPORT_KETAPANG_EP
20KTP0007,,109.9582,-1.827,KALI_NILAM_PL
20KTP0008,,109.9587,-1.8218,BANDARA_RAHADI_USMAN_PL
20KTP0009,,109.9589,-1.835,KOLONEL_SUGIONO_TB
20KTP0010,,109.9615,-1.8627,KENJILI_PESISIR_PL
20KTP0011,,109.962,-1.8389,LEMBAH_SAWIT_MT
20KTP0012,,109.964,-1.8548,KAUMAN_MT
20KTP0013,,109.9642,-1.8588,WRSUPRATMAN_KTP_MT
20KTP0014,,109.9643,-1.8327,MANGARAJAKTP_MT
20KTP0015,,109.9685,-1.8074,MATAN_JAYA_PL
20KTP0016,,109.9687,-1.827,GATOT_SUBROTO_KTP_MT
20KTP0017,,109.9687,-1.8359,SAMPIT_KTP_PL
20KTP0018,,109.9698,-1.8573,MATAN_HILIR_MT
20KTP0019,,109.9702,-1.8405,KETAPANG6_KOLONEL_MT
20KTP0020,,109.9709,-1.8254,IN_MALL_BORNEO_KETAPANG_MC
20KTP0021,,109.9732,-1.8513,KETAPANG_MERDEKA_EP
20KTP0022,,109.9716,-1.8463,CENDRAWASI_MT
20KTP0023,,109.972,-1.833,AGUS_SALIM_MT
20KTP0024,,109.9722,-1.8744,SUNGAI_KINYIL_TB
20KTP0025,,109.9726,-1.821,PAYA_KUMANG_PL
20KTP0026,,109.9739,-1.8342,KETAPANG_KTP_EP
20KTP0027,,109.9763,-1.8393,KUTILANG_KTP_MT
20KTP0028,,109.9765,-1.8453,SUDIONO_KETAPANG_MT
20KTP0029,,109.9773,-1.8502,KANTOR_MT
20KTP0030,,109.9774,-1.8289,KETAPANG_MUX_MT
20KTP0031,,109.9779,-1.8248,BRIGJEN_KATAMSO_MT
20KTP0032,,109.9782,-1.8043,SUKAHARJA_KETAPANG_BARAT_PL
20KTP0033,,109.979,-1.8688,KETAPANG_SEBERANG_MT
20KTP0034,,109.9795,-1.8572,GMSAUNAN_MT
20KTP0035,,109.9798,-1.8125,DERANUK_KTP_MT
20KTP0036,,109.9803,-1.8181,NEWSUKAHARJA_TB
20KTP0037,,109.9811,-1.8375,GGSUKAJADI_DALAM_PL
20KTP0038,,109.9815,-1.8008,SUKAHARJA_KTP1_PL
20KTP0039,,109.9819,-1.8436,BANDALAKETAPANG_MT
20KTP0040,,109.982,-1.8529,MATAN_KTP_MT
20KTP0041,,109.9839,-1.8728,KM67_ARIFRAHMAN_PL
20KTP0042,,109.9853,-1.8244,SUKARAYA_KTP_PL
20KTP0043,,109.986,-1.847,SUNGAI_CINA_MT
20KTP0044,,109.9862,-1.865,TUAN_TUAN_TB
20KTP0045,,109.9867,-1.8767,PADANG_KTP_PL
20KTP0046,,109.987,-1.8574,MULIA_KERTA_PL
20KTP0047,,109.9879,-1.8333,MULIA_BARU_PWG_TB
20KTP0048,,109.9915,-1.8506,KUSUMA_JAYA_MT
20KTP0049,,109.9925,-1.7514,AWAN_KANAN_TB
20KTP0050,,109.9971,-1.8546,BANGKAL_SERAI_TB
20KTP0051,,109.9994,-1.7729,SUNGAI_AWAN_KTP_PL
20KTP0052,,110.0009,-1.879,TUAN_TUAN_KETAPANG_TIMUR_TB
20KTP0053,,110.007,-1.8839,MEKAR_SARI_KETAPANG_PL
20KTP0054,,110.0087,-1.8753,MEKAR_SARI_KTP_MT
20KTP0055,,110.0097,-1.725,SEI_AWAN_KIRI_MT
20KTP0056,,110.016,-1.8558,NEGERI_BARU_IB
20KTP0057,,110.0261,-1.9114,BANTAN_SARI_PL
20KTP0058,,110.0378,-1.6607,TEMPURUKAN_KTP_PL
20KTP0059,,110.0467,-1.5483,SUNGAI_PUTRI_KTP_IB
20KTP0060,,110.0493,-1.616,SUNGAI_PUTRI_KTP1_EP
20KTP0061,,110.0501,-1.6079,SUNGAIPUTERI_PL
20KTP0062,,110.0686,-1.928,SUIPELANGI_PL
20KTP0063,,110.0769,-1.4752,KUALA_TOLAK_KTP_PL
20KTP0064,,110.0853,-1.4227,SUNGAIDURIAN_PL
20KTP0065,,110.0899,-2.2414,SUI_NANJUNG_PL
20KTP0066,,110.1011,-1.8242,TANJUNG_PASAR_MT
20KTP0067,,110.103,-1.9735,SUNGAI_BAKAU_KTP_PL
20KTP0068,,110.113,-2.1538,SUNGAI_NANJUNG_KTP_PL
20KTP0069,,110.1194,-1.3536,SIDUK_KTP_EP
20KTP0070,,110.1197,-2.0366,PESAGUAN_KTP_EP
20KTP0071,,110.1263,-2.1086,RAHADI_OSMAN_PL
20KTP0072,,110.1322,-1.9932,PEMATANG_GADUNG_CM
20KTP0073,,110.1512,-2.3584,MEKAR_UTAMA_CM
20KTP0074,,110.1541,-2.3657,WALUMINA_PL
20KTP0075,,110.1594,-2.4303,KENDAWANGAN_KTP1_EP
20KTP0076,,110.1617,-2.4046,MEKAR_KENDAWA_TB
20KTP0077,,110.169,-1.393,LAMAN_SATONG_MT
20KTP0079,,110.1974,-2.5103,KENDAWANG_KIRI_TB
20KTP0080,,110.2051,-2.5172,KENDAWANGAN_KTP2_EP
20KTP0081,,110.2122,-1.7552,MAYAK_KTP_MT
20KTP0082,,110.2204,-2.5277,BANJAR_SARI_KETAPANG_TB
20KTP0083,,110.3024,-1.8204,SIMPANG3_SEMBEL_MT
20KTP0084,,110.3697,-1.5811,SANDAI_KTP2_PL
20KTP0085,,110.3972,-1.7086,KARYA_MUKTI_KTP_MT
20KTP0086,,110.4157,-1.5566,SUNGAI_KELIK_ST
20KTP0087,,110.4164,-1.7887,MLAYU_RAYAK_GH
20KTP0088,,110.4738,-1.5656,LEMBAH_HIJAU_KTP_MT
20KTP0089,,110.4771,-1.776,SEI_MELAYU_MT
20KTP0091,,110.4812,-0.4094,US_KUALAN_TENGAH_BU
20KTP0092,,110.5099,-2.3832,BLANGIRAN_EP
20KTP0093,,110.5129,-0.8566,US_PENDAMAR_INDAH_BU
20KTP0094,,110.5175,-0.7585,US_SELANGKUT_RAYA_BU
20KTP0095,,110.5277,-1.2456,SANDAI_KTP1_PL
20KTP0096,,110.546,-1.2083,MUARA_JEKAK_CM
20KTP0097,,110.551,-1.7875,PENGATAPAN_RAYA_CM
20KTP0098,,110.5605,-0.488,US_KUALAN_HULU_BU
20KTP0099,,110.564,-1.5244,NANGA_TAYAP_KTP2_PL
20KTP0100,,110.5667,-1.4903,NANGA_TAYAP_KTP1_MT
20KTP0101,,110.5675,-1.7413,PEMBIHINGAN_PL
20KTP0102,,110.5889,-2.3267,SINGKUP_KTP_EP
20KTP0103,,110.6184,-1.594,BETENUNG_GH
20KTP0104,,110.6569,-2.3477,SUKAHARJA_KTP_MT
20KTP0105,,110.6617,-1.5538,KAYONG_HULU_PL
20KTP0106,,110.7061,-2.1266,MARAU_EP
20KTP0107,,110.747,-2.2851,SUKARIA_TB
20KTP0108,,110.7534,-1.9866,TANGERANG_JELAI_HULU_TB
20KTP0109,,110.8123,-2.393,KLUWIN_EP
20KTP0110,,110.8264,-2.3171,AIR_UPAS_MT
20KTP0111,,110.8458,-1.9448,RIAM_DANAU_MT
20KTP0112,,110.8736,-2.0605,RIAM_KOTA_PL
20KTP0113,,110.9191,-2.4873,RPE_TB
20KTP0114,,110.9309,-2.368,KARYA_BARU_KTP_PL
20KTP0115,,110.9368,-2.4216,BAGAN_KUSIK_TB
20KTP0116,,111.0998,-2.4359,HHK_TIMUR_EP
20KTP0117,,111.024,-2.4708,MANISMATA_EP
20KTP0118,,110.8752,-0.5765,VS_NT_KARANG_BETUNG_PL
20KTP0119,,110.5595,-1.2044,PETAI_PATAH_MT
20KTP0120,,110.5202,-1.2472,SANDAI_KIRI_MT
20KTP0121,,110.5305,-1.2314,ISTANA_PL
20KTP0122,,109.9951,-1.8869,PADANGBNUKY_MT
20KTP0123,,110.4455,-1.7654,JAIRAN_JAYA_MT
20KTP0124,,110.3673,-0.5255,BALAI_BERKUAK_PL
20KTP0125,,110.6114,-1.8247,TUMBANG_TITI_PL
20KTP0126,,111.0283,-2.4504,MANIS_MATA_PL
20KTP0127,,110.1278,-2.0545,PESAGUAN_KANAN_CM
20KTP0128,,110.1215,-2.0088,PESAGUAN_TENGAH_PL
20KTP0129,,110.5687,-1.5328,TAMBANG_KAYONG_PL
20KTP0130,,110.8623,-2.3661,AIR_DURIAN_JAYA_PL
20KTP0131,,109.9979,-1.7358,MUARA_PAWAN_PL
20KTP0133,,110.4277,-1.4211,TANJUNG_MEDAN_PL
20KTP0134,,110.6192,-2.3345,SUKARAJA_SINGKUP_PL
20KTP0135,,110.6169,-2.3874,SUKASARI_SINGKUP_PL
20KTP0136,,110.5545,-1.8375,SENGKAHARAK_KETAPANG_TB
20KTP0137,,110.5497,-1.8764,TUMBANGTITI_KETAPANG_CM
20KTP0138,,110.504,-1.8255,KALIMAS_BARU_TB
20KTP0139,,110.5902,-2.2892,SUKAMULYA_SINGKUP_TB
20KTP0140,,110.0913,-1.9548,MATANHILIR_SELATAN_TB
20KTP0141,,110.1282,-2.0752,PERTIGAAN_TANJUNGBARU_TB
20KTP0142,,110.1133,-1.9394,TRANSMIGRAN_SUNGAIBESAR_PL
20KTP0145,,110.7985,-2.2934,BANDASARI_AIRUPAS_TB
20KTP0146,,110.0542,-1.5026,PANTAI_KERANG_TANJUNG_PL
20KTP0148,,110.5838,-2.3805,SUKADAMAI_KEDAWANGAN_PL
20KTP0149,,110.399,-1.7317,PASAR_BERINGINJAYA_PL
20KTP0150,,110.5967,-2.344,CITRA_RJM_PL
20KTP0152,,110.0073,-1.8445,CANDI_NEGERIBARU_PL
20KTP0154,,110.7938,-2.321,PLTD_AIRUPAS_TB
20KTP0155,,110.6909,-2.1526,KADES_MARAU_PL
20KTP0156,,110.8353,-2.298,BEKAYAS_AIRUPAS_MT
20KTP0157,,110.7387,-2.1109,RIAM_BATUGADING_PL
20KTP0158,,110.9104,-2.3708,BUKITGAJAH_PL
20KTP0161,,110.423,-1.8406,KADES_KEPULUH_MT
20KTP0162,,110.6887,-2.2673,HPMU_OFFICE_CM
20KTP0163,,110.744,-2.3211,GAHANG_AIRUPAS_TB
20KTP0164,,110.7815,-2.1156,KADES_RUNJAIJAYA_PL
20KTP0166,,110.2021,-2.5354,KEDAWANGAN_CM
20KTP0167,,110.4921,-1.8893,PEMUATAN_JAYA_TB
20KTP0168,,110.1087,-2.239,BAP_PAGARMENTIMUN_TB
20KTP0171,,110.574,-1.6596,SIMPANG_BATUMAS_CM
20KTP0172,,110.2818,-1.6754,MUARA_PAWAN_CM
20KTP0173,,110.5091,-1.5415,KELIK_TAYAP_CM
20KTP0174,,110.6456,-1.8144,NATAI_PANJANG_CM
20KTP0175,,109.9256,-1.8407,SUKABARU_KETAPANG_TB
20KTP0176,,110.8475,-2.0423,KADES_DERANUK_CM
20KTP0177,,110.3524,-1.6249,MUARA_KAYONG_CM
20KTP0180,,110.3868,-0.5312,TAHAK_PL
20KTP0181,,110.2103,-2.5236,PASAR_KEDAWANGAN_MT
20MLW0002,,111.5065,-0.2762,DESA_BELONSAT_MT
20MLW0003,,111.57,-0.2611,BATU_NANTA_AG
20MLW0004,,111.6062,-0.2908,BUNGASENIG_PL
20MLW0005,,111.6121,-0.2932,BATUBUIL_MT
20MLW0007,,111.6466,-0.3081,PEMUAR_PL
20MLW0008,,111.6749,-0.3362,LABANG_MLW_MT
20MLW0009,,111.6784,-0.3467,LABANGG_PL
20MLW0010,,111.7122,-0.3461,SIDOMULYOG_PL
20MLW0011,,111.7238,-0.3374,SIDOMULYO_MLW_MT
20MLW0013,,111.741,-0.3371,NANGA_PINOH_MT
20MLW0014,,111.7422,-0.3328,PAAL_NANGAPINOH_TB
20MLW0015,,111.7499,-0.344,KANTOR_BUPATI_MELAWIG_XL
20MLW0016,,111.7525,-0.3513,NANGA_PINOH2_PL
20MLW0017,,111.7538,-0.3734,LAYMAN_PINOH_MT
20MLW0018,,111.7687,-0.3814,TANJUNG_LAY_CM
20MLW0019,,112.0061,-0.4054,NANGA_ELA_EP
20MLW0020,,112.2325,-0.4222,MENUKUNG_PL
20MLW0021,,111.7326,-0.3359,SIDOMULYO_NAPI_MT
20MLW0023,,111.9026,-0.3133,NANGA_MAN_MT
20MLW0024,,111.7468,-0.3371,PAAL_MT
20MLW0025,,111.737,-0.3308,TANJUNG_NIAGA_MT
20MLW0026,,111.494,-0.2729,BELONSAT2_PL
20MLW0027,,111.48,-0.2392,DESA_RARAI_PL
20MLW0028,,111.5254,-0.2497,GUHUNG_BELIMBING_PL
20MLW0029,,111.7595,-0.3603,RSUD_MELAWI_PL
20MLW0030,,111.8034,-0.3617,TANJUNG_PAOH_PL
20MLW0031,,111.7391,-0.3438,SMA_BHAKTISETIA_PL
20MLW0032,,111.7809,-0.3515,NANGA_PINOH_PL
20MLW0033,,111.5152,-0.324,BELOYANG_PL
20MLW0034,,111.6908,-0.3924,DSTANJUNGSARI_PL
20MLW0036,,112.0907,-0.4276,NANGANUAK_HILIR_PL
20MLW0038,,111.703,-0.3621,LEPUNG_KURNIA_PL
20MLW0049,,111.6944,-0.1689,NANGA_KAYAN_MT
20MLW0050,,112.1655,-0.3771,NANGA_ELLAHULU_MT
20MLW0051,,111.53,-0.3733,JUNJUNG_PERMAI_MT
20MLW0052,,111.7188,-0.3242,MELAWI_KIRIHILIR_PL
20MLW0053,,111.8469,-0.3621,LAPANGAN_KEBEBU_PL
20MLW0054,,111.7382,-0.3821,KADES_TANJUNGLAY_CM
20MLW0056,,111.4893,-0.2918,NEWKADES_SARAI_TB
20MPW0001,,108.9116,0.5002,SEI_KUNYIT_LAUT_MPW_PL
20MPW0002,,108.9198,0.4758,SUNGAI_DUNGUN_PL
20MPW0003,,108.9232,0.5234,SEI_BUNDUNG_EP
20MPW0004,,108.9233,0.5136,SUNGAI_BUNDUNG_PL
20MPW0005,,108.9233,0.5494,SUNGAI_KUNYIT1_PL
20MPW0006,,108.9376,0.3453,MENGKACA_TB
20MPW0007,,108.9405,0.449,SEMUDUN_MT
20MPW0008,,108.9455,0.4332,SIMPANG_SEKUBANG_PL
20MPW0009,,108.9466,0.416,SUNGAI_KUNYIT_MT
20MPW0010,,108.9491,0.3864,PASIR_PL
20MPW0011,,108.9504,0.3577,TANJUNG_PONTIANAK_UTARA_PL
20MPW0012,,108.9506,0.3943,TERUSAN_HILIR_PL
20MPW0013,,108.955,0.371,MEMPAWAH_EP
20MPW0014,,108.9553,0.3663,MEMPAWAH1_PL
20MPW0015,,108.9558,0.4916,SUNGAI_KUNYIT_MPW_PL
20MPW0016,,108.958,0.3598,MEMPAWAH_TIMUR_PL
20MPW0017,,108.9643,0.3368,KUALA_MEMPAWAH_MT
20MPW0018,,108.9649,0.3502,TENGAH_HILIR_MT
20MPW0019,,108.9679,0.3737,SEJEGI_MEMPAWAH_MT
20MPW0020,,108.9683,0.3622,ANTIBAR_MEMPAWAH_PL
20MPW0021,,108.9715,0.3262,PARIT_BANJAR_MPW_PL
20MPW0022,,108.9716,0.357,ANTIBAR2_TB
20MPW0023,,108.9747,0.3432,PASIR_PALEMBANG_MT
20MPW0024,,108.984,0.3997,PASIR_MPW_EB
20MPW0025,,108.9883,0.3146,SENGGIRING_PL
20MPW0026,,109.0002,0.3663,ANTIBAR_PL
20MPW0027,,109.0158,0.3071,MEMPAWAH_HILIR_MT
20MPW0028,,109.0387,0.2968,SEI_BAKAU1_PL
20MPW0029,,109.0649,0.2792,SUNGAI_PINYUH2_PL
20MPW0030,,109.0677,0.2806,PINYUH3_EP
20MPW0031,,109.0732,0.2821,PASAR_BERINGIN_SUI_PINYUH_TB
20MPW0032,,109.0747,0.274,SUNGAI_PINYUH_KOTA_PL
20MPW0033,,109.0758,0.2692,SUNGAI_PINYUH_EP
20MPW0034,,109.0789,0.275,SUNGAI_PINYUH1_PL
20MPW0035,,109.0888,0.2814,PANCA_BAKTI_SEI_PINY_MT
20MPW0036,,109.0936,0.2571,NUSAPATI_PL
20MPW0037,,109.1045,0.2909,KELUARGA_PINYUH_IB
20MPW0038,,109.109,0.2346,PANIRAMAN_TB
20MPW0039,,109.1226,0.3043,PINYUH_PL
20MPW0041,,109.1443,0.3227,ANJUNGAN_MELANCAR1_PL
20MPW0042,,109.1486,0.2042,SEI_PURUN_MT
20MPW0043,,109.1488,0.3309,ANJUNGAN_MELANCAR_MT
20MPW0044,,109.1491,0.1954,SUNGAI_PURUN_BESAR_PL
20MPW0045,,109.1543,0.3452,ANJUNGAN_DALAM_TB
20MPW0047,,109.157,0.1265,PENITI_LUAR_PL
20MPW0048,,109.1586,0.3519,ANJUNGAN1_PL
20MPW0049,,109.1558,0.1484,PENITI_BESAR_MPW2_EP
20MPW0050,,109.1661,0.3643,ANJUNGAN2_XL
20MPW0051,,109.1662,0.1058,AIR_HITAM_MPW_PL
20MPW0052,,109.1684,0.3596,PASAR_ANJUNGAN_PL
20MPW0053,,109.171,0.3774,KECURIT1_PL
20MPW0055,,109.1836,0.08,SUNGAI_NIPAH_PL
20MPW0056,,109.195,0.3937,KECURIT_PL
20MPW0057,,109.1963,0.1576,SEGEDONG_MT
20MPW0058,,109.1985,0.0689,PASAR_JUNGKAT_MT
20MPW0059,,109.2,0.216,PENITI_BESAR_MPW1_PL
20MPW0060,,109.2019,0.3428,ANJUNGAN_TB
20MPW0061,,109.2049,0.0619,JUNGKAT_CM
20MPW0063,,109.2226,0.1778,FARID_PENITI_MPW_PL
20MPW0064,,109.2209,0.4174,TOHO_MT
20MPW0065,,109.232,0.0456,WAJO_HILIR_MPW_PL
20MPW0066,,109.261,0.026,ISM_EP
20MPW0067,,109.2709,0.4305,RAYA_TAKONG_PL
20MPW0068,,109.2711,0.0206,WAJOK_HULU_TB
20MPW0069,,109.2889,0.0168,SGPANDAN_WAJOK_PL
20MPW0071,,109.1417,0.2159,SUNGAI_PURUN_KECIL_MT
20MPW0073,,109.261,0.0396,WAJOK_HULU_PL
20MPW0075,,109.0166,0.329,SEPAKAT_MEMPAWAH_CM
20MPW0076,,109.0996,0.2489,KELAPAJAYA_NUSAPATI_PL
20MPW0077,,109.2534,0.0606,SIANTAR_JONGKAT_PL
20MPW0078,,108.9319,0.4619,SARIPATI_MEMPAWAH_PL
20MPW0079,,108.9464,0.5214,BUKIT_BATU_PL
20MPW0080,,109.0975,0.2779,BONG_SIUFUNG_PL
20MPW0081,,109.2492,0.0374,DAYAK_LESTARI_PL
20MPW0082,,108.9643,0.4307,MENTARI_SEKUBANG_PL
20MPW0083,,109.2402,0.1932,PENEPAT_KANAN_PL
20MPW0084,,109.0715,0.3067,SUNGAIRASAU_MEMPAWAH_PL
20MPW0085,,109.1888,0.342,TUGUMARIA_MEMPAWAH_PL
20MPW0086,,109.2209,0.3344,KADES_DEMA_PL
20MPW0087,,109.2748,0.3678,KADES_BANUANG_PL
20MPW0089,,109.2448,0.4399,SIMPANG_GUNSENG_TOHO_PL
20NBA0001,,109.2505,0.3219,KAYU_TANAM_NBA_PL
20NBA0002,,109.2845,0.3432,KAYU_TANAM_NBA2_PL
20NBA0003,,109.2934,0.3213,NGARAK_PL
20NBA0006,,109.3132,0.4445,SEPAHAT_PL
20NBA0007,,109.3376,0.3194,MANDOR_MT
20NBA0008,,109.3401,0.4736,MENJALIN_MT
20NBA0009,,109.3493,0.3217,MANDOR1_PL
20NBA0010,,109.3751,0.5544,KARANGAN_NBA_PL
20NBA0011,,109.3925,0.3313,SALATIGA_NBA_MT
20NBA0012,,109.4007,0.6097,SOMPAK_PL
20NBA0013,,109.444,0.354,SEBADU_NBA1_MT
20NBA0014,,109.4887,0.3711,SEBADU_NBA2_TB
20NBA0015,,109.5043,0.3534,SEKILAP_TB
20NBA0016,,109.5301,0.3668,BENGKAWE_PL
20NBA0017,,109.5659,0.3725,SENAKIN_PL
20NBA0018,,109.5788,0.3384,AUR_SAMPUK1_PL
20NBA0019,,109.6094,0.3356,AUR_SAMPUK2_PL
20NBA0021,,109.6429,0.3236,AUR_SAMPUK_MT
20NBA0023,,109.6697,0.3222,PAHAUMAN_TB
20NBA0025,,109.6725,0.3348,GUNUNG_LUGI_EP
20NBA0027,,109.7006,0.2827,SAHAM_EB
20NBA0028,,109.7253,0.3756,BANYING_PL
20NBA0029,,109.7371,0.5312,ANIK_DINGIR_PL
20NBA0030,,109.7536,0.4012,SIDAS1_PL
20NBA0031,,109.7605,0.4069,SIDAS_MT
20NBA0032,,109.7968,0.3869,AMBOYO_SELATAN_PL
20NBA0034,,109.8537,0.389,PAL6_PL
20NBA0035,,109.8646,0.2322,NAHAYA_AMBOYO_MT
20NBA0036,,109.8919,0.3835,AMBOYO_INTI_PL
20NBA0037,,109.9248,0.367,PTP_NGABANG_MT
20NBA0038,,109.9366,0.3776,NGABANG3_TB
20NBA0039,,109.946,0.3897,ISAT_TAMBELANSAMPIT_MT
20NBA0040,,109.9478,0.3961,HILIRKANTOR_NBA_PL
20NBA0041,,109.9486,0.3802,KEPEL_NGABANG_MT
20NBA0042,,109.9533,0.3817,NGABANG_HILIR_KANTOR_MT
20NBA0043,,109.9546,0.3854,NGABANG_MT
20NBA0044,,109.9586,0.388,BALAI_PUTIH_DSN_RIAM_MT
20NBA0045,,109.9603,0.3808,NGABANG_3_SUNGAI_BULUH_MT
20NBA0046,,109.9726,0.3867,HLTENGAH_NGABANG_MT
20NBA0047,,109.9934,0.3634,TEBEDAK_NBA_PL
20NBA0048,,110.0109,0.3346,TUBANG_REANG_TB
20NBA0049,,110.0464,0.5495,KUALA_BEHE_PL
20NBA0050,,110.0576,0.3227,GNG_MUMBUM_PL
20NBA0051,,109.8123,0.3816,AMBOYO_SELATAN_TRANS_MT
20NBA0052,,109.6916,0.3461,PAHAUMAN_PL
20NBA0053,,109.3016,0.3268,SALATIGA_MANDOR_MT
20NBA0055,,109.9937,0.573,KUALA_BEHE_MT
20NBA0056,,109.3792,0.5556,KARANGAN2_TB
20NBA0057,,109.6276,0.5925,ANSANG_PL
20NBA0058,,109.3339,0.4577,MENJALIN_SEPAHAT_PL
20NBA0059,,109.3925,0.6767,ANJUNGAN_TUNANG_PL
20NBA0060,,109.3927,0.6481,RIAM_TIKALONG_PL
20NBA0061,,109.3808,0.5659,ANJUNGAN_KARANGAN_PL
20NBA0062,,109.383,0.3183,INDUSTRI_MANDOR_PL
20NBA0063,,109.3077,0.5082,NANGKA_MENJALIN_PL
20NBA0064,,109.7586,0.4289,SIMPANG_SANYANG_PL
20NBA0065,,109.7669,0.4966,ANTAN_RAYAN_EB_CM
20NBA0066,,110.0892,0.3157,PASAR_JELIMPO_TB
20NBA0067,,109.4805,0.2942,SEKILAP_MANDOR_PL
20NBA0068,,109.6346,0.2737,SEMBANGKI_LANDAK_TB
20NBA0069,,109.9825,0.399,RUTAN_LANDAK_PL
20NBA0070,,109.8633,0.4281,BERAM_PLASMA_PL
20NBA0071,,109.3656,0.5367,GARU_CM
20NBA0072,,109.5896,0.3975,BARAGONG_MEKAR_CM
20NBA0073,,109.6116,0.1251,SEBANGKI_MUNGGUK_CM
20NBA0075,,109.6537,0.306,KEDABU_PL
20NBA0076,,109.6827,0.2396,SAHAM_LANDAK_CM
20NBA0077,,109.6544,0.2342,SIMPANG_POOK_CM
20NBA0078,,109.5863,0.1739,LAPANGAN_TUAH_JUBATA_CM
20NBA0079,,109.9183,0.3745,LINTAS_POROS_NGABANG_PL
20PTK0001,,109.2826,-0.0427,SUTOMO_MT
20PTK0002,,109.2874,-0.0264,TANGGUL_DALAM_PL
20PTK0004,,109.2858,-0.0108,NIPAHKUNING_MT
20PTK0005,,109.2901,-0.0073,SUNGAI_BELIUNG_IF
20PTK0006,,109.2924,-0.0264,TABRANIAHMAD_MT
20PTK0007,,109.2936,-0.0448,GANG_HKASIM_PTK_PL
20PTK0008,,109.2939,-0.0082,SUNGAI_JAWI_LUAR1_PL
20PTK0009,,109.2955,-0.023,SUKA_DAMAI_MT
20PTK0010,,109.2969,-0.0172,KARET_PTK_PL
20PTK0011,,109.2979,-0.0106,NILAM_SARI_PL
20PTK0012,,109.2982,-0.0342,UJUNGPANDANG1_MT
20PTK0013,,109.2989,-0.0257,MANDAU_PERMAI_EP
20PTK0014,,109.2993,-0.0397,UJUNGPANDANG2_TB
20PTK0015,,109.3005,-0.0566,SUNGAI_BANGKONG_PTK2_PL
20PTK0016,,109.3008,-0.0196,KARET_SEJATI_PL
20PTK0017,,109.3015,0.0138,BATU_LAYANG_PTK_PL
20PTK0019,,109.302,-0.0024,ALPOKAT_BELIUNG_PL
20PTK0020,,109.3021,-0.0473,PETANI_PTK_TB
20PTK0021,,109.3033,-0.0624,PAKEDAI_SATU_CM
20PTK0022,,109.3038,-0.006,KUNYIT_PAMPANG_PL
20PTK0023,,109.3038,-0.044,PETANI_PTK1_MT
20PTK0024,,109.3039,-0.0344,NATAKUSUMA_PL
20PTK0025,,109.3042,0.0066,BATU_LAYANG_EP
20PTK0026,,109.3043,-0.0287,SUNGAI_JAWI_TB
20PTK0027,,109.3044,-0.0223,SUNGAI_JAWI_DALAM_TB
20PTK0028,,109.3047,-0.0133,TEBU_PTK_PL
20PTK0029,,109.3063,-0.0519,DANAU_SENTARUM_PL
20PTK0030,,109.3067,-0.0372,SEPAKAT4B_MT
20PTK0031,,109.3071,-0.0463,MUFAKAT_PTK_MT
20PTK0032,,109.3072,-0.0589,AMPERA_PTK_MT
20PTK0033,,109.3087,-0.0422,BUDI_MULYA_PTK_MT
20PTK0034,,109.3087,-0.0079,PERUM_JERUJU_PL
20PTK0035,,109.3089,0.0076,JERUJU_SEKTOR_TB
20PTK0036,,109.3095,-0.0291,NEWJERANDING_TB
20PTK0037,,109.3097,-0.0122,SEI_JAWI_MT
20PTK0038,,109.3115,-0.0228,GANG_TANI_MT
20PTK0039,,109.3101,-0.0633,KOTABARU_PTK1_PL
20PTK0040,,109.311,-0.0051,SUNGAI_JAWI_LUAR_PL
20PTK0041,,109.3113,-0.0561,JLPROFYAMIN_KTBARU_MT
20PTK0042,,109.3105,-0.0346,JERANDING_PL
20PTK0043,,109.3118,-0.0465,DANAU_SENTARUM1_PL
20PTK0044,,109.3125,0.0139,BATULAYANG_PTK_CM
20PTK0045,,109.3132,-0.0264,HMSUWIGNYO_PL
20PTK0046,,109.314,-0.0077,MARTHADINATA_JERUJU_MT
20PTK0047,,109.3155,-0.015,MARTADINATA_PTK_EP
20PTK0048,,109.3162,-0.0391,SUNGAI_BANGKONG_PTK1_MT
20PTK0049,,109.3165,0.0048,KHATULISTIWA_MT
20PTK0050,,109.3167,-0.0447,KOTABARU_PTK_MT
20PTK0051,,109.3169,-0.0579,KOTA_BARU_PTK_PL
20PTK0052,,109.317,-0.0506,PASARKEMUNING_MT
20PTK0053,,109.318,-0.0293,SUWIGNYO_EP
20PTK0054,,109.3185,-0.0117,KANTOR_GUBERNUR_LAMA_TB
20PTK0055,,109.319,-0.0203,RAIS_ARAHMAN_TB
20PTK0056,,109.3191,-0.0351,SUIBANGKONG_PL
20PTK0057,,109.3192,-0.0238,SEJARAH_INFILL_ST
20PTK0059,,109.3196,-0.0156,MI_HARUNA_TB
20PTK0060,,109.3203,-0.0404,SUDITRISNO_PL
20PTK0061,,109.3205,-0.0639,USU_KAMANG_PL
20PTK0062,,109.3213,-0.0505,SUDIHARJO_MT
20PTK0063,,109.3217,-0.0185,SEI_JAWI_SELAMAT_MT
20PTK0064,,109.3222,0.008,SIANTAN_HILIR_TB
20PTK0065,,109.3225,-0.012,GANG_SEMANGKA_MT
20PTK0066,,109.3232,-0.029,PUTRI_DARA_IF
20PTK0067,,109.3242,-0.0477,MGW_PONTIANAK_MT
20PTK0068,,109.3244,-0.0418,SULAWESI_PTK_EP
20PTK0070,,109.3247,0.0131,GANG_SINARBARU_PTK_PL
20PTK0071,,109.3257,0.0037,SMU5_BATULAYANG_MT
20PTK0072,,109.3259,-0.0554,PURNAMA_PTK1_MT
20PTK0073,,109.3264,-0.0127,YOS_SUDARSO_PTK_PL
20PTK0074,,109.3265,-0.0249,PONTIANAK_TB
20PTK0075,,109.3268,-0.0519,KELUARGAGG_TB
20PTK0076,,109.3284,-0.0191,HASANUDDIN_JAWI_PTK_PL
20PTK0077,,109.3273,-0.0354,ARENA_REMAJA_EP
20PTK0078,,109.3274,-0.0618,PURNAMA_UJUNG_MT
20PTK0079,,109.3278,-0.0384,ABDUL_RAHMAN_PL
20PTK0080,,109.3279,-0.0449,MI_KARYABAKTI_PTK_TB
20PTK0081,,109.328,-0.033,PUTRI_DARANANTE_PL
20PTK0083,,109.3304,-0.025,MERDEKA_PTK_PL
20PTK0084,,109.3305,-0.0284,KARIMATA_DALAM_TB
20PTK0085,,109.3316,-0.0504,AKCAYA_PL
20PTK0086,,109.3317,-0.0077,KHATULISTIWA2_MT
20PTK0087,,109.332,-0.0556,KARYA_BARU_PONTIANAK_MT
20PTK0088,,109.3328,-0.0597,MI_BALIAGUNG_TB
20PTK0089,,109.3328,-0.0187,GERTAK_PL
20PTK0090,,109.3332,-0.0293,BERINGIN_PTK_EP
20PTK0091,,109.3332,-0.0427,KSTUBUN_PTK_MT
20PTK0092,,109.3349,-0.0362,RUKO_WPALMA_PL
20PTK0093,,109.3351,-0.0323,PONTIANAK_MALL_PL
20PTK0094,,109.3355,-0.0221,GRAND_MAHKOTA_CM
20PTK0095,,109.3358,-0.0516,PARITOKAYA_PL
20PTK0096,,109.336,0.0053,BUDI_UTOMO_PTK_TB
20PTK0097,,109.3368,-0.0106,KHATULISTIWA1_MT
20PTK0099,,109.337,-0.0248,MATAHARI_MALL_EP
20PTK0100,,109.3381,-0.0562,PURNAMA_MT
20PTK0101,,109.3383,-0.0624,PERDANA_PTK_TB
20PTK0102,,109.3384,-0.0437,GOLF_PTK_PL
20PTK0103,,109.3387,-0.0131,PONTIANAK12_TB
20PTK0104,,109.3399,-0.0088,JLDHARMA_PUTRA_TB
20PTK0106,,109.3405,-0.0581,PERUM_PERDANA_MT
20PTK0107,,109.3407,-0.0325,GAJAH_MADA_PTK_PL
20PTK0108,,109.3416,-0.0277,IN_HOTELSANTIKAPONTIANAK_DH
20PTK0109,,109.3418,-0.0271,SANTIKA_PONTIANAK_EP
20PTK0110,,109.3423,-0.0053,DHARMA_PUTRA_CM
20PTK0111,,109.3431,-0.0553,CTRL_PERDANA_PL
20PTK0112,,109.3435,-0.097,SONORA_EP
20PTK0113,,109.3435,-0.0286,TANJUNG_PURA_PTK_EP
20PTK0114,,109.3436,-0.0358,GAJAH_MADA_MALL_EP
20PTK0115,,109.3436,-0.0358,IN_HOTELASTONPONTIANAK_MC
20PTK0116,,109.3437,0.0002,DHARMAPUTRA_MT
20PTK0117,,109.3438,-0.0149,TERMINAL_SIANTAN_TB
20PTK0118,,109.3438,-0.0178,GST_SITUT_MAHMUD_ST
20PTK0119,,109.3442,-0.0106,PARIT_MAKMUR_MT
20PTK0120,,109.3443,0.0035,DARMA_PUTRA_PTK_MT
20PTK0121,,109.3451,-0.0512,I2_MEGAMALL_AYANI_DH
20PTK0122,,109.3455,-0.0422,BUDI_KARYA_PL
20PTK0124,,109.3459,-0.0362,GAJAHMADA_PTK_PL
20PTK0125,,109.3462,-0.0067,GANG_TRIJAYADUA_PTK_PL
20PTK0126,,109.3467,-0.0509,AYANI_PONTIANAK_EP
20PTK0128,,109.347,0.0221,DSSIANTANHULU_TB
20PTK0129,,109.3474,-0.0791,PRESTIGIO_PL
20PTK0130,,109.3477,-0.044,PENDOPOGUBERNUR_PL
20PTK0131,,109.3483,-0.0121,CITRA_SIANTAN_PL
20PTK0132,,109.3484,-0.0704,PARIT_HAJI_PL
20PTK0133,,109.3487,-0.0409,ABA_ASMI_PL
20PTK0135,,109.3507,-0.0422,KAPUAS_PALACE_EP
20PTK0136,,109.3491,-0.0181,SIANTAN_TENGAH_PL
20PTK0137,,109.3493,-0.0873,BABEL_DARAT2_PL
20PTK0138,,109.3501,-0.0009,TBPARWASALDALAM_TB
20PTK0139,,109.3507,-0.0271,DALAM_BUGIS_MT
20PTK0140,,109.3512,-0.0746,PARIT_HUSIN_MT
20PTK0141,,109.3512,-0.0613,KANTOR_GUBERNUR_PTK_EP
20PTK0142,,109.3529,-0.0492,UNTAN_MT
20PTK0143,,109.3525,-0.0062,PARITPERMATASARI_MT
20PTK0144,,109.3532,-0.0251,TANJUNG_HILIR_TB
20PTK0145,,109.3535,-0.0448,BANSIR_PL
20PTK0146,,109.3545,-0.0374,TANJUNG_RAYA_PL
20PTK0147,,109.3547,-0.0791,NISSAN_AYANI_PL
20PTK0148,,109.355,-0.0094,ABDULRAHMAN_MT
20PTK0149,,109.3553,-0.0148,JALUR_SIANTAN_PL
20PTK0150,,109.3569,-0.0637,TRI_STORE_WS
20PTK0151,,109.356,-0.0586,BABEL_LAUT_PL
20PTK0152,,109.3562,-0.0244,PANGLIMA_AIM_MT
20PTK0153,,109.3562,-0.049,BANSIR_LAUT_PL
20PTK0154,,109.3572,0.0016,OKTOBER_MT
20PTK0155,,109.3573,-0.0309,TANJUNGHILIR_TB
20PTK0156,,109.3588,-0.038,BUNGATJ_TB
20PTK0157,,109.3593,0.0194,SOLAGRA_CM
20PTK0158,,109.36,-0.0557,BLKI1_PL
20PTK0159,,109.3605,-0.0051,SIANTAN_HULU_TB
20PTK0160,,109.3613,-0.0351,TANJUNG_RAYA_PTK_MT
20PTK0161,,109.363,-0.0463,TANJUNG_HARAPAN_PTK_TB
20PTK0162,,109.3625,-0.0169,KESEHATAN_PTK_EP
20PTK0163,,109.3627,0.0061,MTGANG_LAMA_TB
20PTK0164,,109.3627,-0.0088,RUAITV_HS
20PTK0165,,109.3608,-0.0522,BLKI_EP
20PTK0166,,109.3632,-0.0237,PERINTIS_PTK_MT
20PTK0167,,109.3634,-0.0395,BANJAR_SERASAN_PL
20PTK0170,,109.3664,-0.045,ALPOKAT_EP
20PTK0171,,109.3667,-0.05,TANJUNG_HARAPAN_MT
20PTK0172,,109.367,0.0001,PARIT_NANAS_PL
20PTK0173,,109.3678,-0.0276,TANJUNG_HULU_EP
20PTK0174,,109.3687,-0.0413,SAIGON1_TB
20PTK0175,,109.3709,-0.0519,JAYA_BANJAR_SERASAN_PL
20PTK0176,,109.372,-0.0298,UNITANJUNG_HULU_TB
20PTK0177,,109.3725,-0.0162,SELAT_PANJANG_PTK_TB
20PTK0178,,109.374,-0.0255,YAM_SABRAN_MT
20PTK0179,,109.3767,-0.0572,PARIT_MAYOR_TB
20PTK0180,,109.3773,-0.0431,SAIGON_PTK2_PL
20PTK0181,,109.381,-0.0281,SAIGON_PTK1_PL
20PTK0182,,109.3814,-0.048,PADATKARYA_AMBAWANG_GH
20PTK0183,,109.3832,-0.051,KARYA_PARIT_MAYOR_PL
20PTK0184,,109.3454,-0.0691,TBSEPAKAT_PTK_TB
20PTK0185,,109.3316,-0.0017,SIANTAN_HILIR_PL
20PTK0188,,109.2895,-0.0344,PAL_LIMA_TB
20PTK0189,,109.3446,-0.0612,UNTAN_PONTIANAK_TB
20PTK0192,,109.3291,0.0299,TPA_PONTIANAK_PL
20PTK0193,,109.3411,-0.0295,WARKOP_ASIANG_PL
20PTK0194,,109.3374,-0.0401,STAIN_SUPRATMAN_PL
20PTK0196,,109.3542,-0.0677,CASA_PARIS_PL
20PTK0198,,109.35,-0.0549,BUNDARAN_UNTAN_TB
20PTK0199,,109.3761,-0.0079,POLTEKKES_PONTIANAK_PL
20PTK0201,,109.3431,-0.0385,NEO_GAJAHMADA_TB
20PTK0203,,109.3316,-0.0379,RS_BHAYANGKARA_GH
20PTK0204,,109.3091,-0.0198,NEWRAIS_RACHMAN_TB
20PTK0206,,109.3466,-0.053,MB_IN_MERCURE_TEMP
20PTS0001,,111.7414,0.8426,NANGA_KANTUK_MT
20PTS0002,,111.78,0.3441,NANGA_SILAT_PL
20PTS0003,,111.785,0.2921,SIMPANG_SILAT_MT
20PTS0005,,111.9046,1.0487,NANGA_BADAU_PL
20PTS0006,,111.9129,0.2554,BONGKONG_PL
20PTS0007,,111.9251,0.36,PALA_KOTA_PL
20PTS0008,,111.9665,0.5495,SEMITAU_EP
20PTS0009,,111.978,0.4002,SEJIRAM_PL
20PTS0010,,111.9923,0.8989,US_PULAU_MAJANG_BU
20PTS0011,,111.9962,0.4301,KELING_PANGGAU_CM
20PTS0012,,111.9975,0.6174,NANGASUHAID_EP
20PTS0013,,112.1225,0.5998,SELIMBAU_MT
20PTS0014,,112.1899,0.778,RDTO_LANJAK_EP
20PTS0015,,112.2154,1.1185,US_SETULANG_BU
20PTS0016,,112.2259,0.5222,US_SEKUBAH_BU
20PTS0017,,112.2362,0.4488,US_TANI_MAKMUR_BU
20PTS0018,,112.2384,1.0338,LANJAK_EP
20PTS0019,,112.2572,0.3554,LUBUK_ANTU_PL
20PTS0020,,112.275,1.1428,US_PAMTAS_KELAWIK_BU
20PTS0021,,112.2798,0.6569,JONGKONG_EP
20PTS0022,,112.2991,0.2452,US_RIAM_TAPANG_BU
20PTS0023,,112.3071,0.3703,NANGA_TEPUAI_MT
20PTS0024,,112.3098,0.4258,SIMPANG_ADONG_EP
20PTS0025,,112.3665,0.4445,MENENDANG2_PL
20PTS0026,,112.3806,0.6745,US_UJUNG_SAID_BU
20PTS0027,,112.3864,1.2017,US_MENUA_SADAP_BU
20PTS0028,,112.3981,1.0972,BENUA_MARTINUS_MT
20PTS0029,,112.4463,0.3411,US_NANGA_JEMAH_BU
20PTS0030,,112.4787,0.4846,BOYAN_TANJUNG_MT
20PTS0031,,112.5028,0.7751,NANGA_BUNUT_EP
20PTS0032,,112.5572,0.5761,US_NANGA_BOYAN_BU
20PTS0033,,112.5616,0.6504,US_KAMPUNG_BARU_PTS_BU
20PTS0034,,112.5649,1.1219,US_BATU_LINTANG_BU
20PTS0035,,112.5986,0.8283,EMBALOH_EP
20PTS0036,,112.6418,0.9455,US_NANGA_LAUK_BU
20PTS0037,,112.6559,0.5295,NANGA_SURUK_MT
20PTS0038,,112.7027,0.4736,NANGA_SEMANGUT_EP
20PTS0039,,112.797,0.5445,MENTEBAH_EP
20PTS0040,,112.8252,0.8097,BIKA_PL
20PTS0041,,112.884,0.9637,US_NANGA_AWIN_BU
20PTS0042,,112.9068,0.8537,SUNGAI_HULU_MT
20PTS0043,,112.908,0.6856,KALIS_EP
20PTS0044,,112.9204,0.8767,DOGOM_PL
20PTS0045,,112.9236,0.8612,PUTUSSIBAU_EP
20PTS0046,,112.9311,0.8431,KEDAMIN_MT
20PTS0047,,112.9321,0.8247,PUTUSSIBAU_AIRPORT_MT
20PTS0048,,112.9346,0.9543,SIBAU_HULU_PL
20PTS0049,,112.9425,0.913,SIBAU_HILIR_ST
20PTS0050,,113.0095,0.7947,MENENDANG_MT
20PTS0051,,113.263,0.7759,US_DUSUN_NANGA_BALANG_BU
20PTS0052,,113.346,0.8515,US_DUSUN_MATA_LUNAI_BU
20PTS0053,,112.0051,0.6124,NANGA_SUHAID_TANJUNG_MT
20PTS0054,,113.9115,-1.2314,TUMBANG_TARIAK_TB
20PTS0055,,112.84,0.5669,TEKALONG_MT
20PTS0056,,112.9271,0.8849,PUTUSSIBAU_KOTA_PL
20PTS0057,,112.667,0.4758,NANGA_TEMUYUK_MT
20PTS0058,,111.7914,0.343,PERIGI_SILATHILIR_PL
20PTS0060,,111.855,0.3372,SIMPANGSILAT_PL
20PTS0061,,112.4057,0.4838,BUAK_LIMBANG_PL
20PTS0062,,112.3894,0.4525,RIAM_PANJANG_PL
20PTS0063,,112.448,0.4537,TUBANG_JAYA_PL
20PTS0064,,112.4818,0.4997,BTANJUNG_SUNGAI_PL
20PTS0065,,111.9004,1.0458,BADAU_BORDER_PL
20PTS0066,,111.7785,0.2579,MIAU_MERAH_PL
20PTS0067,,112.9276,0.8329,PANGSUMA_AIRPORT_PL
20PTS0070,,112.3251,0.3522,LANDAU_KUMPANG_PL
20PTS0071,,111.9927,0.2438,NANGA_DANGKAN_TB
20PTS0072,,112.8778,0.8423,TELUK_SINDUR_PL
20PTS0073,,112.009,0.6132,KADES_MADANGPERMAI_CM
20PTS0074,,112.6108,0.4656,RIAM_PIYANG_MT
20PTS0075,,111.7749,0.3255,DSPANGERAN_PL
20PTS0076,,112.6655,0.4958,BAKONG_PERMAI_PL
20PTS0077,,112.8837,0.6505,KALIS_RAYA_PL
20PTS0080,,111.9639,0.5721,MARSEDAN_RAYA_TB
20PTS0081,,112.9503,0.8674,MDAHAR_TB
20PTS0084,,111.8041,0.3506,AGROTAMA_KAPUAS_TB
20PTS0085,,111.9652,0.5327,SEMITAU_HILIR_CM
20PTS0086,,112.925,0.8544,MASJIB_BESAR_PUTUSSIBAU_MT
20SAG0002,,109.9431,0.0585,RDTO_TAYAN_AMBAWANG3_EP
20SAG0003,,110.0629,0.1445,SEMONCOL_TB
20SAG0004,,110.0975,0.1391,BATANG_TARANG_MT
20SAG0005,,110.0995,0.0221,SIMPANG_TIGA_TAYAN_EP
20SAG0006,,110.1035,-0.1385,BALAI_SEMADANG_TB
20SAG0007,,110.1124,-0.0328,TAYAN_SAG1_MT
20SAG0008,,110.1206,-0.109,BELUNGAI_DALAM_ST
20SAG0009,,110.1236,0.1466,TEMIANG_MALI_TB
20SAG0010,,110.125,-0.0368,TAYAN_HILIR_MT
20SAG0011,,110.1284,-0.0531,BALAI_BELUNGAI1_MT
20SAG0012,,110.1353,0.1881,TAE_PS
20SAG0013,,110.1367,0.1531,HILIR_EB
20SAG0015,,110.1381,0.3069,SANGGAU_DUA_SAG1_PL
20SAG0016,,110.175,0.2885,RAYA_NGAMBAN_TB
20SAG0017,,110.1776,0.1996,TAYAN_SAG2_EP
20SAG0018,,110.1801,0.3471,JANJANG_EB
20SAG0019,,110.197,-0.0423,TANJUNG_BUNUT_ST
20SAG0020,,110.207,0.2462,PERUAN_DALAM_EB
20SAG0021,,110.2071,0.3165,MANDONG_SAG_EB
20SAG0022,,110.2084,0.2895,BATU_KAMBING_SAG_CM
20SAG0023,,110.2142,-0.0436,BALAI_BELUNGAI_MT
20SAG0024,,110.2377,0.2934,SOSOK_EP
20SAG0025,,110.2545,0.2889,MENYABO_TAYAN_HULU_TB
20SAG0026,,110.2663,0.3896,KEDAKAS1_ST
20SAG0027,,110.2743,0.2798,RAYASOSOK_MENYABO_PL
20SAG0028,,110.2752,0.9428,NEKAN_TB
20SAG0030,,110.2881,-0.1241,MELIAU_SAG1_MT
20SAG0031,,110.2944,0.2729,SIMPANGTANJUNG2G_TB
20SAG0032,,110.3183,0.2983,HINOG_PL
20SAG0033,,110.3217,0.6592,DESA_SUNGAI_ILAI_ST
20SAG0034,,110.3222,0.2614,PARINDU_EP
20SAG0035,,110.3298,-0.3189,US_KUNYIL_BU
20SAG0036,,110.3383,0.59,SEMAYANG_PS
20SAG0037,,110.3387,0.3369,PANDAN_SEMBUATG_PL
20SAG0038,,110.3501,0.3589,NADO_PL
20SAG0039,,110.3511,-0.2963,NT_MELAWI_MAKMUR_GT
20SAG0040,,110.351,0.9813,ENTIKONG_SAG3_PL
20SAG0041,,110.3548,0.3749,SAJAN_EMBERASG_PL
20SAG0042,,110.3552,0.4097,KEDAKAS_PL
20SAG0043,,110.3565,0.4291,BOROG_PL
20SAG0044,,110.3576,0.4931,KOLOMPU_PL
20SAG0045,,110.3593,0.96,ENTIKONG_SAG_MT
20SAG0046,,110.3596,0.9496,SONTASG_PL
20SAG0047,,110.3605,0.0305,MELIAU_SAG2_EP
20SAG0048,,110.3609,0.2255,SUKA_GERUNDI_TB
20SAG0050,,110.3637,0.6694,MUARA_ILAI_EP
20SAG0051,,110.3645,0.4577,KELOMPUG_PL
20SAG0052,,110.3647,0.2462,PALEM_JAYAG_PL
20SAG0053,,110.3686,-0.272,SEI_ALAI_MT
20SAG0054,,110.3698,0.9388,ENTIKONG_SAG2_EP
20SAG0055,,110.3756,0.5273,TANAP_PL
20SAG0056,,110.3756,0.9297,SEMANGETG_PL
20SAG0057,,110.3924,0.7518,PEMUDISG_PL
20SAG0058,,110.393,0.7087,BEDUAI_PL
20SAG0062,,110.3971,0.6063,KUALA_DUA_SAG_PS
20SAG0064,,110.4034,0.8763,BALAI_KARANGAN2_EP
20SAG0065,,110.4038,0.5565,KEMBAYAN_MT
20SAG0066,,110.4073,0.8652,PESINGG_PL
20SAG0067,,110.4127,0.1138,ROAD_TO_MELIAU3_PL
20SAG0068,,110.4159,0.2242,POROS_SUKAMULYA_MT
20SAG0069,,110.4174,0.8428,BALAI_KARANGAN_MT
20SAG0070,,110.4176,-0.2196,PAMPANG2_MT
20SAG0072,,110.4214,0.8074,ENTIKONG_SAG1_MT
20SAG0073,,110.4242,0.82,DESA_KENAMAN_GH
20SAG0074,,110.4375,0.2062,BODOK_MT
20SAG0075,,110.4384,0.8268,BALAI_KARANGAN_EP
20SAG0076,,110.4411,0.2033,BODOKG_TB
20SAG0077,,110.4453,0.8127,DESA_PENGARANG_EP
20SAG0078,,110.4755,0.1693,SUNGAI_CERIA_MT
20SAG0079,,110.5048,0.1415,LAPE_KAPUAS_MT
20SAG0080,,110.5134,0.0223,SUNGAI_BATU_ST
20SAG0081,,110.515,0.1587,SIMPANG_SANJANG_PL
20SAG0082,,110.5295,0.1404,SEI_MAWANG_EP
20SAG0083,,110.5383,0.8255,LUBUK_SEKAYAM_MT
20SAG0084,,110.5389,0.3994,BONTI_MT
20SAG0085,,110.5397,0.115,BUNUT_KAPUAS_PL
20SAG0086,,110.5501,0.1365,BUNUTG_PL
20SAG0087,,110.5647,0.1345,SANGGAU_DUA_SAG2_PL
20SAG0089,,110.5702,0.1235,SEI_SEMUT_TB
20SAG0090,,110.574,-0.0041,ERNA_DJULIAWATI_PL
20SAG0091,,110.5755,0.1184,BERINGIN_SAG_PL
20SAG0092,,110.5789,0.122,JEND_SUDIRMAN_MT
20SAG0093,,110.5828,0.116,PERINTIS_ILIR_KOTA_TB
20SAG0094,,110.5832,0.1215,SANGGAU_SAG2_TB
20SAG0095,,110.5867,0.51,NOYAN_MT
20SAG0096,,110.5903,0.1189,JUANDA_SGU_MT
20SAG0097,,110.5917,0.8159,LUBUK_SABUK_TB
20SAG0098,,110.5928,0.1294,ILIR_KOTA_SAG_PL
20SAG0099,,110.5943,0.1246,SANGGAU1_MT
20SAG0100,,110.6021,0.1287,CEMPAKA_SANGGAU_PL
20SAG0101,,110.5994,0.1393,SENGKUANG_MT
20SAG0102,,110.6031,0.1216,SANGGAU_SAG1_EP
20SAG0103,,110.6072,0.1363,SANGGAU9_PL
20SAG0104,,110.6073,0.1248,TANJUNGSEKAYAM_MT
20SAG0105,,110.6128,0.1219,CERMAI_CM
20SAG0106,,110.6114,0.1289,LALANG_SAG_PL
20SAG0107,,110.6214,0.1196,TUNANG_LUSAN_PL
20SAG0108,,110.6325,0.1116,TANJUNG_SEKAYAM_PL
20SAG0109,,110.6351,0.0207,PENYELADI_TB
20SAG0110,,110.6697,0.0822,RDTO_SEMUNTAI_PENYELADI_MT
20SAG0111,,110.6703,-0.0752,US_RAMBIN_BU
20SAG0112,,110.6747,0.727,US_SEMONGAN_BU
20SAG0113,,110.6956,-0.0191,NANGA_BIANG_MT
20SAG0114,,110.7121,0.0486,INGGIS_PL
20SAG0115,,110.741,0.0669,SEMUNTAI_MT
20SAG0117,,110.764,0.1116,KEDUKUL_EP
20SAG0118,,110.7668,0.1207,KEDUKULG_PL
20SAG0119,,110.7678,0.49,RIRANG_JATI_PL
20SAG0120,,110.7736,0.1395,MUKOK_TB
20SAG0121,,110.7994,0.3061,JROMPET_SMG_PL
20SAG0122,,110.8106,0.2605,ENGKODE_TB
20SAG0123,,110.8136,0.2026,TRIMULYA_MUKOK_MT
20SAG0124,,110.8145,0.1906,TRIMULYAG_PL
20SAG0125,,110.818,0.4746,BALAISEBUT_MT
20SAG0126,,110.8389,0.2165,LAYAK_OMANG_TB
20SAG0127,,110.3948,0.6255,TUNGGAL_BHAKTI_PL
20SAG0128,,110.3612,0.6299,BHAKTI_KEMBAYAN_TB
20SAG0129,,110.3982,0.5836,SEBONGKUH_PL
20SAG0130,,110.5658,-0.0103,BELANGIN_CM
20SAG0131,,110.287,-0.1192,MELOBOK_MT
20SAG0132,,110.7581,0.1173,KEDUKUL_MUKOK_TB
20SAG0133,,110.453,0.2345,PALEM_JAYA_PL
20SAG0134,,110.441,0.3432,RAHAYU_PARINDU_PL
20SAG0135,,110.3948,0.707,KASROMEGO_MT
20SAG0136,,110.6288,0.2777,NT_DESA_KAMBONG_ST
20SAG0137,,110.6924,-0.0318,DESA_BOTUH_LINTANG_ST
20SAG0138,,110.0591,-0.0167,NT_DESA_SEJOTANG_EB
20SAG0139,,110.5588,0.7147,NT_SUNGAI_DANGIN_PK
20SAG0140,,110.3033,0.6041,DESA_TANJUNG_BUNGA_ST
20SAG0142,,110.2451,0.5166,VS_NT_ENGKASAN_PS
20SAG0144,,110.3047,0.7254,NT_DESA_MAWANG_MUDA_PK
20SAG0145,,110.6951,0.2063,NT_DESA_ENTAKAI_PK
20SAG0146,,110.3844,-0.0983,NT_DESA_KUALA_BUAYAN_PS
20SAG0147,,110.5656,0.4028,NT_SAMI_PS
20SAG0148,,110.3686,0.8717,NT_DESA_NEKAN_ST
20SAG0149,,110.0341,0.0859,VS_NT_SEMONCOL_ST
20SAG0150,,110.0675,-0.0552,NT_DESA_BELUNGAI_DALAM_ST
20SAG0151,,110.7402,0.1753,NT_DESA_ENGKODE_ST
20SAG0152,,110.0813,0.0611,VS_NT_CEMPEDAK_ST
20SAG0153,,110.4928,0.679,NT_DESA_EMPOTO_ST
20SAG0154,,110.543,0.7505,NT_NOYAN_ST
20SAG0155,,110.6138,0.3123,VS_NT_BAHTA_ST
20SAG0156,,110.2333,0.4314,NT_DESA_RIYAI_ST
20SAG0157,,109.9788,-0.0359,NT_DESA_TAYAN_HILIR_LALANG_ST
20SAG0158,,110.2028,1.0522,VS_NT_PALA_PASANG_ST
20SAG0159,,109.9533,-0.2504,NT_DESA_PULAU_JAMBU_ST
20SAG0160,,110.4636,0.3714,NT_KAMPUH_ST
20SAG0161,,110.7463,0.2952,NT_DESA_SELAMPUNG_ST
20SAG0162,,110.7199,0.3763,NT_DESA_TERATI_ST
20SAG0163,,110.4459,-0.0977,NT_PENYELIMAU_JAYA_ST
20SAG0164,,110.4666,-0.1624,NT_DESA_TAPANG_DULANG_ST
20SAG0165,,110.2292,-0.1927,VS_NT_BALAI_TINGGI_ST
20SAG0166,,110.2608,-0.3097,VS_NT_BARU_LOMBAK_ST
20SAG0167,,110.3065,-0.1845,NT_DESA_CUPANG_ST
20SAG0168,,110.2318,-0.2815,VS_NT_ENGGADAI_ST
20SAG0169,,110.4708,-0.2284,NT_DESA_KUALA_ROSAN_ST
20SAG0170,,110.312,-0.2439,VS_NT_MELIAU_LALANG_ST
20SAG0171,,110.2674,-0.207,VS_NT_MERANGGAU_ST
20SAG0172,,110.3167,-0.1698,NT_DESA_MUKTI_JAYA_ST
20SAG0173,,110.4855,-0.2636,VS_NT_SUNGAI_KEMBAYAU_ST
20SAG0174,,110.1831,-0.4081,VS_NT_BAGAN_ASAM_TB
20SAG0175,,110.1047,-0.2393,VS_NT_TERAJU_CM
20SAG0177,,110.437,0.359,RAHAYU_MT
20SAG0179,,110.4603,0.2712,MARINGIN_JAYA_MT
20SAG0181,,110.1167,-0.0368,KAWAT_TAYANHILIR_PL
20SAG0182,,110.4254,0.1583,MAJUKARYA_PARINDU_PL
20SAG0183,,110.2921,-0.1069,PTPN_MELIAU_TB
20SAG0184,,110.4045,0.0911,EMBALA_PARINDU_PL
20SAG0185,,110.7232,0.0176,SEMANGGIS_RAYA_PL
20SAG0186,,110.3942,0.2296,PALEMJAYA_POROS_PL
20SAG0187,,110.593,0.0337,SIMPANG_BELANGIN_PL
20SAG0188,,110.1381,-0.0684,ISTANA_JAYA_PL
20SAG0189,,110.4053,0.5682,LINTAS_MALINDO_PL
20SAG0190,,110.2346,0.2834,TAYAN_SOSOK_PL
20SAG0191,,110.2934,-0.1275,MELIAU_HULU_PL
20SAG0194,,110.5593,0.0277,PLTU_SANGGAU_PL
20SAG0195,,110.3052,0.2509,PTPN_PARINDU_TB
20SAG0196,,110.4668,0.7275,KAMPUNG_SETOGOR_PL
20SAG0197,,110.4873,0.2332,SEROSAT_PARINDU_TB
20SAG0198,,110.3381,-0.0945,SUNGAI_MAYAM_TB
20SAG0199,,110.4536,-0.0251,PTPN_RIMBABELIAN_PL
20SAG0200,,110.5889,0.5647,BANTAI_BONTI_PL
20SAG0201,,110.4621,0.7598,SUNGAI_SADONG_PL
20SAG0202,,110.4603,0.7866,KENAMAN_SEKAYAM_PL
20SAG0203,,110.5026,0.3365,SERIBOT_MENSAYU_PL
20SAG0204,,110.3676,-0.1953,HARMUR_MELIAU_MT
20SAG0205,,110.2475,-0.0519,BEGIJAN_SANGGAU_PL
20SAG0206,,110.3838,0.1945,GUNAM_PARINDU_PL
20SAG0208,,110.3738,-0.0359,MELABOK_KAPUAS_PL
20SAG0209,,110.5039,0.2778,KOPAR_DOSAN_PL
20SAG0212,,110.44,0.0624,SEI_GAMBIR_CM
20SAG0213,,110.6026,0.1607,SEI_KOSAK_CM
20SAG0214,,110.3753,-0.1015,KUALA_BUAYAN_CM
20SAG0215,,109.9749,-0.1246,BB_PTKAN_SMELTER_ST
20SBS0001,,108.964,1.1553,MSOHOR_PL
20SBS0002,,108.9642,1.1664,SEBATUAN_TB
20SBS0003,,108.9698,1.0965,PARIT_BARU_MT
20SBS0004,,108.9699,1.1325,SEBANGKAU_MT
20SBS0005,,108.9706,1.1812,PEMANGKAT_SBS2_PL
20SBS0006,,108.971,1.1744,PEMANGKAT_KOTA_SAMBAS_PL
20SBS0007,,108.9729,1.0592,SELAKAU_EP
20SBS0008,,108.9735,1.0535,GGGERAMBANG_SAMBAS_PL
20SBS0009,,108.9792,1.1491,PEMANGKAT_KOTA_SBS_PL
20SBS0010,,108.9812,1.1858,PEMANGKAT_PELABUHAN_MT
20SBS0011,,108.9825,1.0205,GAYUNG_BERSAMBUT_SBS_PL
20SBS0012,,108.9834,1.176,DESA_HARAPAN_SAMBAS_PL
20SBS0013,,108.9864,1.1914,PENJAJAP_PL
20SBS0014,,108.987,1.1712,PEMANGKAT1_MT
20SBS0015,,108.9926,1.1758,PEMANGKAT2_PL
20SBS0017,,109.0134,1.0723,TWI_MENTIBAR_PL
20SBS0018,,109.015,1.0228,SUNGAI_DAUN_EB
20SBS0019,,109.0183,1.1141,SALATIGA_SBS_TB
20SBS0020,,109.0195,1.2646,JAWAI_SBS1_TB
20SBS0021,,109.0279,1.1736,PERAPAKAN_PL
20SBS0023,,109.0438,0.998,LPADISUCIPTO_MT
20SBS0024,,109.0468,1.2399,SEMPERIUK_CM
20SBS0025,,109.0495,1.3168,JAWAI_SBS2_EP
20SBS0026,,109.051,1.1967,TEBAS1_TB
20SBS0027,,109.0575,1.1843,SINGARAYA_PL
20SBS0028,,109.0577,1.0733,SELAKAU_TUA_CM
20SBS0029,,109.0587,1.336,DSTENGAH_GH
20SBS0031,,109.0625,1.1023,PEMANGKAT_SBS1_EP
20SBS0032,,109.064,1.2469,SABARAN_TB
20SBS0033,,109.0665,1.4378,SEI_NILAM_PL
20SBS0034,,109.0681,1.3586,PARIT_SETIA_PL
20SBS0035,,109.0693,1.164,SEPINGGAN_GH
20SBS0036,,109.0698,1.4739,BURUNG_DANAU_TB
20SBS0037,,109.07,1.0999,SERANGGAM2_PL
20SBS0038,,109.07,1.1334,SEBURING_TB
20SBS0039,,109.0707,1.1821,SEMPARUK_MT
20SBS0040,,109.0741,1.3822,PELIMPAAN_PL
20SBS0041,,109.079,1.405,SARANG_USRAT_PL
20SBS0042,,109.0795,1.1429,TRI_KEMBANG_SBS2_GH
20SBS0043,,109.0802,1.4207,SARANG_BURUNG_GH
20SBS0044,,109.0832,1.1876,SEMPARUK_RAYA_ST
20SBS0045,,109.1088,1.1434,MAK_TANGGUK_EB
20SBS0047,,109.1185,1.2101,MENSERE_PL
20SBS0048,,109.1291,1.184,SUNGAI_KELAMBU_MT
20SBS0049,,109.14,1.2268,JALAN_AMANAH_PL
20SBS0050,,109.147,1.1703,PANGKALAN_KONGSIG_PL
20SBS0051,,109.1482,1.2827,MERUBONG_TB
20SBS0052,,109.1489,1.2294,TEBAS_SBS2_PL
20SBS0054,,109.1561,1.2391,TEBAS_SBS1_PL
20SBS0055,,109.1663,1.5888,ARUNG_PARAK_PL
20SBS0056,,109.1708,1.1997,TEBAS_SUNGAI_CM
20SBS0057,,109.1714,1.2509,SEMPALAI_SBS_PL
20SBS0058,,109.1721,1.535,DESA_SEMATA_TB
20SBS0059,,109.1799,1.2672,SEPUK_TANJUNG_PL
20SBS0060,,109.1806,1.6064,PANCUR_PALOH_SBS_PL
20SBS0061,,109.1868,1.3368,SUNGAI_BARU_SBS_PL
20SBS0062,,109.1905,1.5136,SEMATA_MT
20SBS0064,,109.1985,1.3529,SUNGAI_BARU_SBS1_ST
20SBS0065,,109.2032,1.4954,SEKURA1_PL
20SBS0066,,109.2032,1.6219,MATANG_DANAU_MT
20SBS0067,,109.2058,1.56,MULIA_KRAMAT_MT
20SBS0068,,109.2134,1.2804,SEBAWIG_ST
20SBS0069,,109.2144,1.5735,MATANG_SEGANTAR_PL
20SBS0070,,109.2158,1.4731,SEKURA_EP
20SBS0071,,109.218,1.3751,BERLIMANG_SBS_PL
20SBS0072,,109.2182,1.6124,KALIMANTAN_SAMBAS_PL
20SBS0073,,109.2192,1.4178,LELA_EB
20SBS0074,,109.2196,1.2826,SEBAWI_PL
20SBS0075,,109.2206,1.4706,SEKURA2_ST
20SBS0076,,109.2225,1.4327,SUNGAI_KUMPAI_PL
20SBS0077,,109.2242,1.6329,TANAH_HITAM_MT
20SBS0078,,109.2277,1.5413,TANGARAN_SAMBAS_PL
20SBS0079,,109.2297,1.5338,TELUK_KERAMAT_PL
20SBS0080,,109.2339,1.3958,LELA1_PL
20SBS0081,,109.2349,1.4396,SEPADU_SBS1_CM
20SBS0082,,109.2349,1.3525,GAPURA_SBS_PL
20SBS0083,,109.2361,1.4676,SEPADU_SBS2_PL
20SBS0084,,109.245,1.3008,RANTAU_PANJANGG_PL
20SBS0085,,109.2477,1.505,TELUK_KAMBANGG_PL
20SBS0086,,109.2502,1.5582,SAMUSTIDA_EB
20SBS0087,,109.253,1.396,KARTIASA_MT
20SBS0088,,109.2624,1.5161,MEKAR_SEKUNTUM_PL
20SBS0089,,109.272,1.3887,KARTIASA1_PL
20SBS0090,,109.2723,1.3826,DSKARTIASA_GH
20SBS0091,,109.2767,1.3205,SEMANGAU_PL
20SBS0092,,109.2786,1.4782,SEBAGU_SBS_PL
20SBS0093,,109.2838,1.3349,LUMBANG_SBS_PL
20SBS0094,,109.2867,1.6951,MALEK_ST
20SBS0095,,109.2873,1.4199,PENAKALAN_PL
20SBS0096,,109.2898,1.353,RAMBAYAN_SBS_PL
20SBS0097,,109.2952,1.3655,JAGUR_SAMBAS_PL
20SBS0098,,109.298,1.3595,DUSUN_TUNAS_BARU_MT
20SBS0099,,109.3029,1.3441,JAGUR_PL
20SBS0100,,109.3039,1.3627,HOTEL_TERIGAS_PL
20SBS0101,,109.3054,1.7178,NIBUNG_PALOH_MT
20SBS0102,,109.3057,1.3587,SAMBAS_EP
20SBS0103,,109.3082,1.3684,TUMUK_MANGGIS_MT
20SBS0104,,109.3096,1.4744,TRI_KEMBANG_SBS1_CM
20SBS0105,,109.3138,1.3686,SAMBAS2_MT
20SBS0106,,109.3145,1.3582,SAMBAS_3TANJUNG_BUG_MT
20SBS0107,,109.317,1.3633,KERATON_SAMBAS_MT
20SBS0108,,109.3184,1.7406,PALOH_MT
20SBS0109,,109.3193,1.4287,SEJANGKUNG_MT
20SBS0110,,109.3215,1.3664,DALAM_KAUM1_PL
20SBS0111,,109.3221,1.5637,TRI_GADUH_PL
20SBS0112,,109.3298,1.363,PERUM_DALAM_KAUM_PL
20SBS0113,,109.3326,1.7754,SEBUHUH_PALOH_PL
20SBS0114,,109.334,1.3542,SAMBAS11DESA_PENDAWAN_PL
20SBS0115,,109.3453,1.3419,DALAM_KAUM_LUGAK_PL
20SBS0116,,109.3461,1.3806,DALAM_KAUM_MT
20SBS0117,,109.3558,1.5011,RATU_SEPUDAK_PL
20SBS0118,,109.3583,1.8075,SEBUBUS_MT
20SBS0119,,109.3583,1.4013,JIRAK_MT
20SBS0120,,109.3591,1.5369,GALING_TB
20SBS0121,,109.3626,1.2769,LUBUK_DAGANG_GH
20SBS0122,,109.3686,1.8464,US_TEMPAPAN_BU
20SBS0123,,109.3905,1.2677,SABUNG_PL
20SBS0124,,109.3953,1.7916,US_TEMAJUK_BU
20SBS0125,,109.4101,1.4549,SENDOYAN_PL
20SBS0126,,109.4107,1.4103,MEKAR_JAYA_SBS_TB
20SBS0127,,109.4139,1.5655,SIJANG_CM
20SBS0128,,109.4379,1.2544,MUKTI_RAHARJA_PL
20SBS0129,,109.4441,1.4269,PERIGI_LIMUS_CM
20SBS0130,,109.4749,1.1555,SUBAH_SBS_EP
20SBS0131,,109.5069,1.2737,SEI_DEDEN_MT
20SBS0132,,109.5131,1.2408,BUKIT_MULYA_PL
20SBS0134,,109.545,1.1978,SEMPURNAG_PL
20SBS0135,,109.5614,1.2096,SAMPURNA_SBS_MT
20SBS0136,,109.611,1.591,US_KALIAU_BU
20SBS0137,,109.6475,1.6179,SAJINGAN_MT
20SBS0138,,109.1125,1.2669,RAMBAYAN_TEKARANG_MT
20SBS0139,,109.1975,1.4445,SUNGAI_KUMPAI_TB
20SBS0140,,109.0344,1.0827,BENTUNAI_MT
20SBS0141,,109.0041,1.1455,JELUTUNG_PEMANGKAT_PL
20SBS0143,,109.1566,1.1646,BATU_MAKJAGE_MT
20SBS0144,,109.3782,1.5492,SUNGAI_PALAH_GH
20SBS0145,,109.4109,1.586,SAGU_MT
20SBS0146,,109.0268,1.2823,MATANG_SURI_PL
20SBS0147,,109.0435,1.178,GERSIK_SINGARAYA_PL
20SBS0148,,109.1512,1.2172,MESJID_TEBAS_PL
20SBS0149,,109.097,1.2492,SEGARAU_PARIT_PL
20SBS0150,,108.971,1.069,RAYA_SELAKAU_PL
20SBS0151,,109.1722,1.3192,SENGAWANG_TENGAH_PL
20SBS0152,,109.0442,1.1239,SATAP_SALATIGA_PL
20SBS0153,,109.1336,1.1441,SERINDANG_TEBAS_PL
20SBS0154,,109.1571,1.3003,TANJUNG_BULUH_TB
20SBS0155,,109.0983,1.1597,SEPINGGAN_KECIL_PL
20SBS0156,,109.0439,1.3047,DUNGUN_LAUT_PL
20SBS0157,,109.2021,1.5292,SADAYAN_TANGARAN_PL
20SBS0158,,109.0998,1.1951,LAPANGAN_SEMPADUNG_PL
20SBS0159,,109.113,1.293,SEMPADIAN_SAMBAS_PL
20SBS0160,,109.3273,1.5837,LAPANGAN_SAMAK_PL
20SBS0161,,109.0529,1.0879,GELIK_SELAKAU_PL
20SBS0162,,109.0828,1.45,PSBS_SARIMEDAN_PL
20SBS0163,,109.3538,1.4531,SEBURAK_SUNGAI_PL
20SBS0164,,109.3733,1.4034,TENGGULI_SAJAD_PL
20SBS0165,,109.0448,1.1074,PARIT_LINTANG_PL
20SBS0166,,108.979,1.0337,SUNGAI_RUSA_PL
20SBS0167,,109.1652,1.1842,DUNGUN_PERAPAKAN_PL
20SBS0168,,109.2523,1.539,BINAKARYA_SAMUSTIDA_PL
20SBS0169,,108.9828,1.1621,MONUMEN_JELUTUNG_PL
20SBS0170,,109.134,1.267,TEKARANG_NURDIN_PL
20SBS0171,,109.0984,1.1423,SEPINGGAN_BESAR_PL
20SBS0172,,109.1692,1.2242,GOR_SEJIRAM_PL
20SBS0173,,109.2082,1.5491,LAPANGAN_PANDAM_TB
20SBS0174,,109.0878,1.1759,SEMPARUK_SEMBANGKAU_PL
20SBS0175,,109.1422,1.2003,BULUH_ENGGADANG_PL
20SBS0176,,109.0144,1.2395,JAWAI_SELATAN_CM
20SBS0177,,109.2964,1.4964,MENGKYAR_SAMBAS_PL
20SBS0178,,109.126,1.1659,JEMBATAN_SUNGAIKELAMBU_PL
20SBS0179,,109.4628,1.2317,KARABANJAYA_SUBAH_PL
20SBS0181,,109.0764,1.0629,SELAKAU_TIMUR_PL
20SBS0182,,108.944,1.1245,DESA_SEBATUAN_PL
20SBS0183,,109.0418,1.2647,NAFIS_PALAWIJA_PL
20SBS0184,,109.0974,1.3524,PARIT_KAYAR_PL
20SBS0185,,109.146,1.5521,LAPANGAN_NEKRANJAU_PL
20SBS0186,,109.4429,1.3953,SATUATAP_SAJAD_PL
20SBS0188,,109.5992,1.658,SIMPANG_SAJINGAN_TB_PL
20SBS0189,,109.0376,1.027,SUNGAIDAUN_SAMBAS_PL
20SBS0190,,109.1882,1.2928,KADES_SEBANGUN_PL
20SBS0191,,108.9916,1.1074,PARIT_JAWA_PL
20SBS0192,,109.3445,1.7917,SETINGGAK_SAMBAS_PL
20SBS0193,,109.3195,1.3867,POLITEKNIK_SAMBAS_CM
20SBS0194,,109.6741,1.6054,ARUK_BORDER_POST_MT
20SDN0001,,109.7444,-0.9482,MASBANGUN_EP
20SDN0002,,109.776,-1.0006,TELUK_BATANG_SDN2_EP
20SDN0003,,109.7856,-1.0108,TELUK_BATANG_SDN1_MT
20SDN0004,,109.7897,-0.8981,PODO_RUKUN_CM
20SDN0005,,109.8094,-1.0227,SUNGAI_PADUAN_MT
20SDN0006,,109.8245,-1.0516,SIMPANGHILIR_CM
20SDN0007,,109.8285,-0.9151,DESA_SIDOSARI_MT
20SDN0008,,109.8299,-1.0331,DSPADUBANJAR_MT
20SDN0009,,109.8299,-0.8625,SPONTI_JAYA_EP
20SDN0010,,109.8474,-1.0877,PULAU_KUMBANG_KTP_PL
20SDN0011,,109.8831,-1.0981,PMANGKAT1_EP
20SDN0012,,109.9207,-1.1137,NIPAH_KUNING_SDN_PL
20SDN0013,,109.9402,-1.173,HARAPAN_MULIA_MT
20SDN0014,,109.9516,-1.238,SUKADANA_TBG_MT
20SDN0015,,109.9538,-1.137,RANTAU_PANJANG_KTP_CM
20SDN0016,,109.9539,-1.2489,PANTAI_DATOK_ST
20SDN0017,,109.9605,-1.2269,SUKADANA_KOTA_MT
20SDN0018,,109.9607,-1.1024,PASAR_TLK_MELANO_MT
20SDN0019,,109.9658,-1.2414,BUTON_SUKADANA_MT
20SDN0020,,109.9691,-1.2049,SUTRA_KTP_PL
20SDN0021,,109.9742,-1.2315,SUI_BELIUNGAIR_PAUH_PL
20SDN0023,,109.9829,-1.2393,TANJUNG_BELIMBING_PL
20SDN0024,,109.9875,-1.0828,PADU_BANJAR_MT
20SDN0025,,110.0068,-1.1888,BENAWAI_AGUNG_CM
20SDN0026,,110.0125,-1.2789,SEJAHTERA_SDN_PL
20SDN0027,,110.0208,-1.1858,SUKADANA_EP
20SDN0028,,110.0376,-1.0666,BANYU_ABANG_TB
20SDN0029,,110.0683,-1.3606,SIDUK_SDN_MT
20SDN0030,,110.1969,-1.0014,CIPTAUSAHA_PL
20SDN0032,,109.7632,-0.9823,TAMWIS_KELAPAINDAH_PL
20SDN0033,,109.7471,-0.9612,LABUK_ROAD_PL
20SDN0034,,109.7999,-1.0179,ALUR_BANDUNG_PL
20SDN0035,,109.9398,-1.2251,TAMBAK_RAWANG_PL
20SDN0036,,110.048,-1.0702,REMBAYANG_SIMPANGHILIR_PL
20SDN0037,,109.992,-1.1305,PENJALAAN_HILIR_TB
20SDN0038,,109.8874,-0.8744,SUNGAI_SEPETI_TB
20SDN0039,,109.8563,-0.8881,TEGALARUM_SEPONTI_TB
20SDN0040,,109.4611,-1.1063,DUSUN_BESAR_MT
20SDN0041,,109.6831,-1.2115,PELABUHAN_TANJUNGSATAI_MT
20SDN0042,,109.6901,-1.1805,SATAI_LESTARI_CM
20SDN0043,,109.8026,-0.9841,TELUKBATANG_KAYONG_CM
20SDN0044,,109.8175,-0.9404,BANYU_ABANG_CM
20SDN0045,,110.0563,-1.3089,POROS_SUKADANA_CM
20SKU0001,,110.704,-0.4997,NT_BATU_PAHAT_GT
20SKU0002,,110.742,-0.3846,NT_LANDAU_KUMPAI_GT
20SKU0003,,110.7513,-0.31,NT_NANGA_MONGKO_GT
20SKU0004,,110.7558,-0.424,NANGA_MAHAP_MT
20SKU0005,,110.7616,0.0381,SEI_KUNYITG_MT
20SKU0008,,110.7837,-0.0864,CENAYAN_MT
20SKU0009,,110.7846,0.0044,SEMUNTAI_PENITI_EP
20SKU0011,,110.8163,-0.2709,NANGATAMAN_MT
20SKU0014,,110.8439,-0.0157,MUNGGUK_SKU1_MT
20SKU0016,,110.8725,-0.1416,RAWAK_MT
20SKU0017,,110.8769,0.0178,RINGIN_SEKADAU_PL
20SKU0019,,110.8861,0.0211,SUNGAI_RINGIN_TB
20SKU0020,,110.8873,0.0153,PEDALAMAN_ANTAM_TB
20SKU0021,,110.8912,0.0208,SEKADAU_MT
20SKU0023,,110.9066,0.0147,SEKADAU_HILIR_PL
20SKU0025,,110.9206,0.1156,DESA_LANDAU_MT
20SKU0026,,110.9236,-0.005,MUNGGUK_SKU2_EP
20SKU0028,,110.9326,0.1536,TIMPUK_SKU2_EP
20SKU0029,,110.9561,0.0914,LANDAU_KODAH_PL
20SKU0030,,110.9589,-0.0029,KANTOR_BUPATI_SEKADAU_MT
20SKU0031,,110.9621,0.1825,TIMPUK_SEKADAU_PL
20SKU0032,,110.9855,0.2138,TIMPUK_SKU1_EB
20SKU0033,,111.0128,-0.0008,SPLAPIS_PL
20SKU0034,,111.053,0.0011,GONIS_TEKAM_PL
20SKU0035,,111.0588,0.1023,SEI_AYAK_MT
20SKU0037,,111.0775,-0.0773,ENGKERSIK_MT
20SKU0038,,111.0865,-0.0043,TAPANG_SEMADAK_CM
20SKU0039,,111.0922,0.2089,TAPANG_PULAU_MT
20SKU0040,,111.0959,0.2847,NT_KUMPANGBIS_GT
20SKU0041,,111.1206,-0.0008,TAPANG_HILIR_PL
20SKU0042,,111.1772,0.2895,NT_NANGA_ANSAR_GT
20SKU0043,,111.1889,0.1799,BLT_SEKADAU_CM
20SKU0044,,111.1889,0.483,NT_IJUK_GT
20SKU0045,,111.2044,0.4413,BALAI_SEPUAK_EP
20SKU0046,,111.2061,0.2305,KELANSAM_PL
20SKU0047,,111.253,0.1324,BELITANG_MT
20SKU0048,,110.8551,-0.0005,RINGIN_SEKADAU_HILIR_PL
20SKU0049,,110.8127,-0.022,SUNGAI_RINGIN2_TB
20SKU0050,,110.9537,-0.2067,NT_DESA_MONDI_EB
20SKU0051,,110.8301,-0.1834,VS_NT_SEKONAU_MT
20SKU0052,,111.0094,-0.1086,NT_SETAWAR_ST
20SKU0053,,111.036,-0.158,VS_NT_TAPANG_PERODAH_ST
20SKU0054,,110.9217,-0.2238,VS_NT_CUPANG_GADING_ST
20SKU0055,,110.952,-0.2632,VS_NT_NANGA_BIABAN_ST
20SKU0056,,111.0233,-0.3233,VS_NT_SUNSONG_ST
20SKU0057,,110.8299,-0.2334,NT_DESA_RIRANG_JATI_MT
20SKU0058,,110.7716,-0.2721,VS_NT_SENANGAK_ST
20SKU0059,,110.7095,-0.1868,VS_NT_TAPANG_TINGANG_ST
20SKU0060,,111.0501,0.2036,NT_DESA_EMPAJAK_ST
20SKU0061,,110.9758,0.265,VS_NT_MENAWAI_TEKAM_ST
20SKU0062,,111.144,0.5001,NT_BATUK_MULAU_ST
20SKU0063,,111.2219,0.5771,NT_BUKIT_RAMBAT_ST
20SKU0064,,111.1528,0.3576,NT_DESA_KUMPANG_ILONG_ST
20SKU0065,,111.2677,0.57,NT_MENGARET_ST
20SKU0066,,111.1538,0.5461,VS_NT_PAKIT_MULAU_ST
20SKU0067,,111.2382,0.502,NT_TABUK_HULU_ST
20SKU0068,,110.6406,-0.3868,VS_NT_CENAYAN_ST
20SKU0069,,110.7595,-0.4975,NT_DESA_LEMBAH_BERINGIN_ST
20SKU0070,,110.6837,-0.4116,VS_NT_TAMANG_ST
20SKU0071,,110.7356,-0.5019,NT_DESA_TELUK_KEBAU_ST
20SKU0072,,110.6753,-0.5027,VS_NT_TEMBAGA_ST
20SKU0073,,110.8851,-0.2814,VS_NT_MERAGUN_ST
20SKU0074,,110.6973,-0.3805,VS_NT_NANGA_ENGKULUN_ST
20SKU0075,,110.808,-0.3889,NT_DESA_PANTOK_MT
20SKU0076,,110.7635,-0.2334,VS_NT_SUNGAI_LAWAK_ST
20SKU0077,,110.894,0.0327,SEBERANG_KAPUAS_GH
20SKU0079,,111.2379,0.1341,BELITANG_DUA_MT
20SKU0080,,110.983,0.034,SERAJIN_MERAPI_PL
20SKU0081,,111.0725,0.1104,BELITANG_HILIR_PL
20SKU0082,,111.1672,0.2406,PADAK_BELITANG_PL
20SKU0083,,110.898,0.017,MUNGGUK_SEKADAU_PL
20SKU0084,,110.89,-0.0027,RADIO_DERMAGA_SEKADAU_PL
20SKU0085,,111.2325,0.1641,HARISMAN_BELITANGDUA_PL
20SKU0086,,110.7613,-0.4791,KADES_LEMBAHBERINGIN_PL
20SKU0087,,111.1107,0.1933,BELITANG_HILIR2_PL
20SKU0088,,111.0187,0.0589,SERARAS_CM
20SKU0089,,111.0653,0.0733,PELABUHAN_SUNGAIASAM_EB
20SKU0091,,110.8978,0.023,TANJUNG_SEKADAU_PL
20SKU0092,,110.9097,0.0067,KADES_MUNGGUK_PL
20SKW0001,,108.8844,0.8414,PASIR_PANJANG_SKW_TB
20SKW0002,,108.9138,0.8335,SINGKAWANG_SELATAN_ST
20SKW0003,,108.9166,0.8238,MARHABAN_PL
20SKW0004,,108.9247,0.8526,GNBESI_PL
20SKW0005,,108.9335,0.8685,SEDAU_SKW1_EP
20SKW0006,,108.9472,0.8525,KALIASIN_SKW_PL
20SKW0007,,108.9516,0.8774,SEDAU_SINGKAWANG_PL
20SKW0008,,108.9611,0.8431,PERTANIAN_PAKUNAM_ST
20SKW0009,,108.961,0.8919,GGSEJATI_SEDAU_TB
20SKW0010,,108.9634,0.8725,SEDAU_SKW2_TB
20SKW0011,,108.9642,0.8939,SINGKAWANG_7PASIRAN_MT
20SKW0012,,108.9694,0.8984,IN_GRANDMALLSINGKAWANG_MC
20SKW0013,,108.9712,0.9044,TANI_SINGKAWANG_PL
20SKW0014,,108.9735,0.9154,SINGKAWANG_KOTA_TB
20SKW0015,,108.9737,0.8993,ALIANYANG_PL
20SKW0016,,108.9742,0.8952,SINGKAWANG_TANGGUI_PL
20SKW0017,,108.9747,0.8487,SIJANGKUNG_CM
20SKW0018,,108.9794,0.7831,PANGMILANG_CM
20SKW0019,,108.9794,0.915,KUALA_PL
20SKW0020,,108.9795,0.9097,GANG_NYIUR_PL
20SKW0021,,108.9799,0.9016,DIPONEGORO_SINGKAWANG_PL
20SKW0022,,108.9813,0.8913,GNMERAPI_PL
20SKW0023,,108.9813,0.9055,SWADAYA_PASIRAN_SKW_MT
20SKW0024,,108.9816,0.8966,GUNUNG_SENUJUH_MT
20SKW0025,,108.9821,0.9279,SUNGAI_WIE_MT
20SKW0026,,108.9823,0.9442,SUNGAI_GARAM_HILIR_PL
20SKW0027,,108.9828,0.9361,SUNGAI_GARAM_ST
20SKW0028,,108.9828,0.8887,PASIRAN_TB
20SKW0029,,108.9838,0.9189,SINGKAWANG3_ALIANYANG_MT
20SKW0030,,108.9849,0.9628,SUNGAI_RASAU_TB
20SKW0031,,108.9857,0.9247,HARAPAN_SKW_PL
20SKW0032,,108.9858,0.912,SINGKAWANG_PL
20SKW0033,,108.9863,0.8247,PAMILANG_MT
20SKW0034,,108.9881,0.8959,PASIRAN_SINGKAWANG_PL
20SKW0035,,108.987,0.9302,SUNGAI_WEI_PL
20SKW0036,,108.9879,0.9824,SETAPUK_BESAR_EP
20SKW0038,,108.9891,0.9053,NIAGA_PL
20SKW0039,,108.9898,0.9113,TAMAN_BURUNG_PL
20SKW0040,,108.9901,0.9186,MELATI_SINGKAWANG_PL
20SKW0041,,108.9924,0.9272,CENDRAWASIH_SKW_PL
20SKW0042,,108.9929,0.8859,SIJANGKUNG_SINGKAWANG_TB
20SKW0043,,108.9934,0.8994,NATUNA_MT
20SKW0044,,108.9935,0.8626,SKW_BOUGENVILLE_MT
20SKW0045,,108.9936,0.9052,ROBAN_SKW_PL
20SKW0046,,108.9937,0.9146,URAY_DAHLAN_SKW_MT
20SKW0047,,108.9964,0.9103,CONDONG_PTK_EP
20SKW0048,,108.9968,0.9252,SINGKAWANG1_TB
20SKW0049,,108.9983,0.9193,SEKIP_LAMA_PL
20SKW0050,,108.9995,0.9138,CENGKEH_MT
20SKW0051,,109.0019,0.9307,KARTINI_SKW_MT
20SKW0052,,109.0032,0.8982,BUKITROBAN2_MT
20SKW0053,,109.0039,0.9033,CEMPAKA_SKW_PL
20SKW0054,,109.0041,0.9262,DESA_SEKIP_LAMA_ST
20SKW0055,,109.007,0.9091,JLSIAGA_PL
20SKW0056,,109.0105,0.8991,PAHLAWAN_PL
20SKW0057,,109.0111,0.9389,SEKIP_SKW_PL
20SKW0058,,109.0114,0.9062,ROBAN_MT
20SKW0059,,109.0113,0.9163,IBRAHIM_ROBAN_PL
20SKW0060,,109.0167,0.9266,DESA_ROBAN_ST
20SKW0061,,109.0188,0.9544,SUNGAI_BULAN_SKW_MT
20SKW0062,,109.0186,0.8073,SAGATANI_MT
20SKW0063,,109.0249,0.8814,PAJINTAN_SINGKAWANG_PL
20SKW0064,,109.033,0.981,SEMELAGI_BESAR_MT
20SKW0065,,109.04,0.8771,PAJINTAN_MT
20SKW0066,,109.0639,0.8773,NYARUMKOP_MT
20SKW0067,,109.0976,0.8661,BAGAK_SAHWA_PL
20SKW0068,,109.1259,0.901,SELUANG_MT
20SKW0069,,108.9899,0.8992,NATUNA_GNSENUJUH2_MT
20SKW0070,,108.9912,0.8777,SAGATANI_SINGKAWANG_TB
20SKW0071,,109.1513,0.9415,MAYASOPA_MT
20SKW0072,,108.889,0.8541,MB_SKW_PASIR_PANJANG
20SKW0073,,108.9706,0.8996,MB_SKW_GENHAPPY_GRANDMALL
20SRY0001,,109.1505,-0.3141,TELUK_PEKEDAI_MT
20SRY0002,,109.1521,-0.3194,TELUKPAKEDAI_MT
20SRY0003,,109.161,-0.4155,SERUAT_PS
20SRY0004,,109.1794,-0.0587,BRISUNGAIKAKAP_PL
20SRY0005,,109.1838,-0.3798,SEPAKAT_BARU_TB
20SRY0006,,109.1942,-0.0564,SUNGAI_KAKAP_EP
20SRY0008,,109.196,0.0086,SUNGAI_KUPAH_TB
20SRY0009,,109.1966,-0.4556,SERUAT_DUA_TB
20SRY0010,,109.1982,-0.2662,MADURA_MT
20SRY0011,,109.2083,-0.3993,NT_SUNGAI_SELAMAT_MT
20SRY0012,,109.2241,-0.0111,TPI_MT
20SRY0013,,109.2248,-0.0542,KAKAP_KELADI_PL
20SRY0014,,109.2251,-0.0874,KALIMAS_SRY_TB
20SRY0015,,109.2376,-0.009,SUNGAI_RENGAS_SRY_PL
20SRY0016,,109.2387,-0.3744,SUNGAI_BEMBAN_TB
20SRY0017,,109.2429,-0.0664,RDTO_KAKAP_PL
20SRY0018,,109.2434,-0.1241,PUNGGUR_PTK_MT
20SRY0019,,109.2457,-0.2631,RASAU_JAYA_II_MPW_MT
20SRY0020,,109.2464,-0.1262,SUNGAI_KAKAP1_ST
20SRY0021,,109.2474,-0.1784,PARIT_BERKAT_MT
20SRY0022,,109.2561,-0.0616,TIGANS_PAL_MPW_PL
20SRY0023,,109.2564,-0.5895,DABUNG_SRY1_EP
20SRY0024,,109.2624,-0.0047,NIPAH_KUNING_MT
20SRY0025,,109.2626,-0.6963,PADANG_TIKAR_EP
20SRY0027,,109.2837,-0.1,PUNGGUR_KECIL_IB
20SRY0028,,109.285,-0.0068,PRAMUKA_SRY_PL
20SRY0029,,109.2858,-0.2694,BINTANG_MAS_MT
20SRY0030,,109.2865,-0.0016,SUNGAI_RENGAS2_TB
20SRY0031,,109.2956,-0.0589,MPW145_SPLIT_WIDYA_PERMAI_TB
20SRY0032,,109.2984,-0.0711,PERDAMAIAN_PTK_PL
20SRY0034,,109.3021,-0.0661,PAL_SRY_ST
20SRY0035,,109.3025,-0.076,PERDAMAIAN_SRY_MT
20SRY0036,,109.3032,-0.2824,DESA_PARIT_MT
20SRY0037,,109.3415,-0.4396,AIR_PUTIH_SRY_TB
20SRY0039,,109.3522,-0.1009,BERINGIN_SUNGAIRAYA_PL
20SRY0040,,109.3533,-0.2936,SUNGAI_PINANG_SRY_MT
20SRY0041,,109.3563,-0.2453,RASAU_JAYA_TIGA_PL
20SRY0042,,109.3569,-0.0878,PARIT_LAMBAU_PL
20SRY0044,,109.3578,-0.2695,RASAU_JAYA_KUBU_RAYA_TB
20SRY0045,,109.3586,-0.0751,SUNGAI_RAYA_SRY2_PL
20SRY0046,,109.3614,-0.2634,PELABUHAN_RASAU_ST
20SRY0047,,109.3624,-0.0692,PERUM_PARIS_MPW_TB
20SRY0048,,109.3626,-0.0983,PARITH_MUKSIN_PL
20SRY0049,,109.363,-0.0936,PARITMUKHSIN_MT
20SRY0050,,109.3639,-0.0745,AYANI_SRY_CM
20SRY0051,,109.3647,-0.0647,SEIRAYA_TENGAH_MT
20SRY0052,,109.3662,-0.0623,RSU_SOEDARSO_EP
20SRY0053,,109.3677,-0.0797,BUNDARAN_TRANS_CM
20SRY0054,,109.3669,-0.0873,KUBU_RAYA_PL
20SRY0055,,109.3682,-0.0769,I2_TRANSMARTKUBURAYA_TB
20SRY0056,,109.371,-0.2524,RASAU_JAYA1_PL
20SRY0057,,109.3711,-0.0715,BAPPEDA_TB
20SRY0058,,109.3702,-0.0685,GUBERNURANDENZIBANG_MT
20SRY0059,,109.3717,-0.2484,RASAU_JAYA_EP
20SRY0060,,109.3718,-0.0359,SEI_DURIAN_SRY_TB
20SRY0061,,109.3755,-0.0323,TANI_MT
20SRY0062,,109.3762,-0.0864,SUNGAI_RAYA_SRY1_EP
20SRY0063,,109.3783,-0.0742,SUNGAIRY_PL
20SRY0064,,109.379,-0.0941,PARIT_SEMBEN_PL
20SRY0066,,109.3791,-0.0797,TARUNA_SUNGAIRAYA_MPW_PL
20SRY0067,,109.3806,-0.4901,KUBU_PTK_EP
20SRY0068,,109.381,-0.0628,KAMPUNG_KAPUR_SRY2_PL
20SRY0069,,109.3814,-0.0368,MANDALAM_DURIAN_TB
20SRY0070,,109.3817,-0.2324,SULTAN_RASAU_JAYA_PL
20SRY0071,,109.3844,-0.1024,ROAD_SEIRAYA_AIRPORT_TB
20SRY0072,,109.3853,-0.1229,TELUK_KAPUAS2_PL
20SRY0073,,109.3856,0.0201,PUNGGUR_BESAR_MT
20SRY0074,,109.3858,-0.0918,GGSWASTAPTK_MT
20SRY0075,,109.3864,-0.0289,SUNGAI_AMBAWANG_SRY1_PL
20SRY0076,,109.3874,-0.1094,AHMAD_YANI_ROAD_PL
20SRY0077,,109.3875,-0.0834,PASAR_SEI_RAYA_INFIL_ST
20SRY0078,,109.3901,-0.0702,DENZIBANG_MT
20SRY0079,,109.3906,-0.1014,GANG_CENDANA_MT
20SRY0080,,109.3916,-0.2065,RDTO_RASAU_JAYA_EP
20SRY0081,,109.3921,-0.2649,RASAU_JAYA_SATU_PL
20SRY0082,,109.3923,-0.0572,DABUNG_SRY2_TB
20SRY0083,,109.3928,-0.0934,TELUK_MULUS_PL
20SRY0084,,109.3933,-0.0323,SEI_AMBAWANG_MT
20SRY0085,,109.3936,-0.0965,ARANG_LIMBUNG2_TB
20SRY0086,,109.3936,-0.1647,GALUNG_LIMBUNG_MPW_PL
20SRY0087,,109.3939,-0.1462,ARANG_LIMBUNG_RAYA_MT
20SRY0088,,109.3951,-0.1111,ARANG_LIMBUNG1_PL
20SRY0089,,109.3977,-0.1184,ARTERI_SUPADIO_TB
20SRY0090,,109.3979,-0.3958,PINANG_DALAM_MT
20SRY0091,,109.3979,-0.1054,PERUM_TELUK_MULUS_MT
20SRY0092,,109.401,-0.124,TELUK_KAPUAS3_PL
20SRY0093,,109.4018,-0.0798,KAMPUNG_KAPUR_SRY1_MT
20SRY0094,,109.4031,-0.1004,KOM_BTN_TELUK_MULUS_TB
20SRY0095,,109.4031,-0.109,PARIT_BUGIS_MT
20SRY0096,,109.4045,-0.1455,AIRPORT_SUPADIO_HS
20SRY0097,,109.4053,-0.1884,KERAMAT_SRY_MT
20SRY0098,,109.4061,-0.0874,KAPUR_IF
20SRY0099,,109.4063,-0.1029,ARANG_LIMBUNG_MT
20SRY0100,,109.4096,-0.136,LIMBUNG_SRY_PL
20SRY0101,,109.4096,-0.1191,TELUK_KAPUAS1_MT
20SRY0102,,109.41,-0.1413,AIRPORT_PONTIANAK_EP
20SRY0103,,109.4101,-0.1256,ARANG_LIMBUNG3_TB
20SRY0104,,109.4103,-0.1138,TRIDHARMA_PL
20SRY0105,,109.4125,-0.1498,TEBANG_KACANG_PL
20SRY0107,,109.4141,-0.0364,PARIT_AIM_AMBAWANG_PL
20SRY0108,,109.4171,-0.1545,SIMP_RASAU_TB
20SRY0109,,109.4199,-0.1631,RASAU_KUALA_DUA_MPW_MT
20SRY0110,,109.4201,-0.0186,PENITI_LUAR_MPW_MT
20SRY0111,,109.4236,-0.1554,SUNGAI_SELAMAT_MPW_PL
20SRY0112,,109.4317,-0.0987,MADU_SARI_PL
20SRY0113,,109.4358,-0.1741,SEI_KUMPAI_MT
20SRY0114,,109.4375,-0.1368,SUNGAI_AMBANGAH_MT
20SRY0115,,109.4407,-0.035,SUNGAI_AMBAWANG_SRY2_TB
20SRY0116,,109.4436,-0.1874,KUALA_DUA_MPW_TB
20SRY0117,,109.4507,-0.1967,KARYA_PL
20SRY0118,,109.4507,-0.0351,GANG_TERPADU_PL
20SRY0119,,109.4638,-0.0361,KAMPUNG_JAWA_TENGAH_PL
20SRY0120,,109.4679,-0.2154,MEKARSARI_SRY_PL
20SRY0121,,109.4684,0.0995,KUBU_PADI_TB
20SRY0122,,109.479,-0.2428,MEKAR_SARI_SRY_PL
20SRY0123,,109.4902,-0.047,KOREK_TB
20SRY0124,,109.5147,-0.227,DSTEBANGKACANG_MT
20SRY0125,,109.5351,-0.0939,DSSIMPANGKANAN_MT
20SRY0126,,109.5371,-0.7434,BATU_AMPAR_PTK_MT
20SRY0127,,109.5403,-0.0402,DESA_KOREK_EP
20SRY0128,,109.5586,-0.453,RADAK_TB
20SRY0129,,109.5659,-0.7298,TELUK_AIR_EP
20SRY0130,,109.5674,-0.1269,LINGGA_MT
20SRY0131,,109.5681,-0.2967,DRM_RASAU_PL
20SRY0132,,109.61,-0.0302,AMBWNG_PTK_EP
20SRY0133,,109.6272,-0.3841,TERENTANG_SRY_EP
20SRY0134,,109.6953,-0.0151,PENEMPAT_EP
20SRY0135,,109.7931,-0.0633,NT_TELUK_BAKUNG_GT
20SRY0136,,109.7994,0.0108,NT_SUNGAI_MALAYA_GT
20SRY0137,,109.8585,-0.2681,PULAU_LIMBUNG_TB
20SRY0138,,109.3498,-0.4768,OLAK_OLAK_KUBU_TB
20SRY0139,,109.4127,-0.4678,TELUK_NANGKA_TB
20SRY0140,,109.2998,-0.1426,PUNGGUR_KECIL_KAKAP_MT
20SRY0141,,109.1954,-0.0055,JERUJU_BESAR_CM
20SRY0142,,109.3998,-0.0373,SUNGAI_AMBAWANG_KUALA_CM
20SRY0143,,109.5779,-0.3665,NT_DESA_TELUK_BAYUR_MT
20SRY0144,,109.2041,-0.484,NT_DESA_MENGKALANG_EB
20SRY0145,,109.2679,-0.4303,NT_DESA_AMBAWANG_PS
20SRY0146,,109.1432,-0.102,NT_DESA_TANJUNG_SALEH_PS
20SRY0148,,109.8375,-0.8202,NT_DESA_MUARA_TIGA_PS
20SRY0149,,109.7564,-0.841,NT_DESA_SUNGAI_KERAWANG_ST
20SRY0150,,109.4321,0.1152,NT_KUBU_PADI_PL
20SRY0151,,109.2481,-0.7411,NT_DESA_TASIK_MALAYA_PL
20SRY0152,,109.8915,-0.1784,NT_GUNUNG_TAMANG_PL
20SRY0153,,109.6046,-0.3373,NT_DESA_KALIBANDUNG_PL
20SRY0154,,109.7657,-0.2707,NT_DESA_MUARA_BARU_PL
20SRY0155,,109.1879,-0.5588,NT_DESA_SUNGAI_NIBUNG_PL
20SRY0156,,109.635,-0.4113,DESA_SUNGAI_RADAK_SATU_PL
20SRY0157,,109.4235,-0.059,DESA_DURIAN_TB
20SRY0158,,109.5599,-0.0366,KOREK_MT
20SRY0159,,109.5423,-0.7517,BATU_AMPAR2_MT
20SRY0162,,109.4067,-0.0646,KOMPLEK_KOTARAYA_PL
20SRY0163,,109.2497,-0.0079,BUDUT_RENGAS_PL
20SRY0164,,109.4206,-0.1052,GALANGAN_TONICO_PL
20SRY0165,,109.4495,-0.0077,KUALAMANDOR_MEGATIM_PL
20SRY0166,,109.3007,-0.1003,KARYA_SYUKRI_PL
20SRY0167,,109.4137,-0.0917,MEKARBARU_REGENCY_PL
20SRY0168,,109.6548,-0.3824,TERENTANG_SUNGAIRADAK_PL
20SRY0169,,109.3905,-0.0191,MEGATIMUR_ESTATE_CM
20SRY0170,,109.2082,-0.0084,JERUJU_LAUT_PL
20SRY0171,,109.3775,-0.1309,ARWANA_INDAH_PL
20SRY0172,,109.553,-0.1334,BENGKAREK_AMBAWANG_PL
20SRY0173,,109.2726,0.0029,STASIUN_PSDKP_PONTIANAK_PL
20SRY0174,,109.1886,-0.0256,SUNGAI_ITIK_PL
20SRY0175,,109.4212,-0.1295,SUNGAI_RAYA_PL
20SRY0176,,109.2128,-0.0625,DUSUN_CENDERAWASIH_PL
20SRY0177,,109.5395,-0.0592,SUNGAI_JAWA_AMBAWANG_PL
20SRY0178,,109.2271,-0.0419,PARIT_KELADI_PL
20SRY0179,,109.5841,-0.296,CIPTA_TUMBUH_PL
20SRY0180,,109.4578,-0.2071,BAKTI_SUCI_PL
20SRY0181,,109.2246,-0.0661,PERMATA_ALAM_PL
20SRY0182,,109.4451,-0.1441,TELUK_KUMPAI_PL
20SRY0183,,109.4019,-0.0304,PERUM_GRANDANDIKA_PL
20SRY0184,,109.2847,-0.0747,PERINTIS_ASRI_TB
20SRY0185,,109.3895,-0.0757,FASTRATA_SEBERANG_PL
20SRY0186,,109.5168,-0.0532,BIPANG_AMBAWANG_PL
20SRY0187,,109.4152,-0.0732,FAJAR_ASRI_PL
20SRY0188,,109.3152,-0.4206,KUBU_AIRPUTIH_PL
20SRY0189,,109.2011,-0.0999,JEMBATAN_PUNGGURKALIMAS_PL
20SRY0190,,109.5046,-0.1229,KADES_PUGUK_PL
20SRY0191,,109.2585,-0.0328,GARDUINDUK_CENDANA_PL
20SRY0192,,109.4289,-0.0391,BARUNIA_RESIDENCE_PL
20SRY0193,,109.2752,-0.0528,SUNGAI_KAKAP_PL
20SRY0194,,109.3904,-0.4693,KADES_TELUKNANGKA_PL
20SRY0195,,109.3891,-0.4369,GELORA_JANGKANGDUA_PL
20SRY0196,,109.2609,-0.0795,ELITRA_PERMAI_PL
20SRY0197,,109.5456,-0.2696,KADES_PERMATAJAYA_PL
20SRY0198,,109.585,-0.0395,DSLINGGA_PL
20SRY0199,,109.4182,-0.494,KADES_SUNGAITERUS_PL
20SRY0200,,109.3579,-0.5182,DERMAGA_MELATI_PL
20SRY0201,,109.3737,-0.1814,OBYEK_LAUT_PL
20SRY0202,,109.4927,-0.0264,DERMAGA_KUALAMANDOR_PL
20SRY0203,,109.4419,-0.3818,JANGKANG_SATU_TB_PL
20SRY0204,,109.2323,-0.1072,KALIMAS_SUNGAIKAKAP_PL
20SRY0205,,109.4781,-0.1953,PARIT_SENGKONG_PL
20SRY0206,,109.3975,-0.2991,BABUSALAM_RASAUJAYA_PL
20SRY0207,,109.2505,-0.217,PARIT_SARIM_PL
20SRY0208,,109.2152,-0.2536,KADES_SUNGAINIPAH_PL
20SRY0209,,109.331,-0.4686,KADES_PELITAJAYA_PL
20SRY0210,,109.3724,-0.2165,RASAUJAYA_UMUM_PL
20SRY0211,,109.2889,-0.2998,KADES_ARUSDERAS_PL
20SRY0212,,109.5433,-0.2127,MIS_DARUSSAADAH_PL
20SRY0213,,109.5015,0.1025,KADES_RETOK_PL
20SRY0214,,109.0853,-0.2131,DSSEPUK_LAUT_MT
20SRY0215,,109.4694,-0.7928,BANGUNHARJO_BATUAMPAR_MT
20SRY0216,,109.2736,-0.8496,PUSTU_AMBARAWA_MT
20SRY0217,,109.4924,0.0051,KADES_KUALAMANDOR_PL
20SRY0218,,109.4796,-0.0782,AGRO_AMBAWANGASRI_PL
20SRY0219,,109.174,-0.0059,JERUJU_BESAR_PL
20SRY0220,,109.4941,-0.2264,PELABUHAN_PARIT_PL
20SRY0221,,109.4446,0.0979,NURUL_ULUM_PL
20SRY0222,,109.2819,-0.4053,SUNGAI_BEMBAM_TB
20SRY0223,,109.4461,-0.1642,POSKES_TEBANGKACANG_PL
20SRY0224,,109.2874,-0.5566,TRANS_DABONG_PL
20SRY0226,,109.4515,-0.3369,PELABUHAN_JANGKANG_PL
20SRY0227,,109.5757,-0.3133,KADES_SUKULANTING_PL
20SRY0228,,109.1212,-0.4454,PANTAI_PALOH_PL
20SRY0229,,109.2616,-0.2543,KADES_PEMATANGTUJUH_PL
20SRY0230,,109.2729,-0.0118,KENCANA_RESIDENCE_PL
20SRY0231,,109.2825,-0.0619,KARYA_AGUNG_CM
20SRY0232,,109.4206,-0.7539,SUKAMAJU_BATUAMPAR_TB
20SRY0233,,109.2721,-0.6813,PLTD_PADANG_TIKAR_CM
20SRY0234,,109.4929,-0.8174,SIMPANG_TELUK_NIBUNG_CM
20SRY0236,,109.253,-0.791,KADES_SUNGAI_BESAR_CM
20SRY0237,,109.1971,-0.0763,KANAL_PUNGGUR_CM
20SRY0238,,109.2593,-0.0175,CENDANA_ASRI_CM
20SRY0239,,109.2703,-0.1332,TUGU_LANGSAT_CM
20SRY0240,,109.2613,-0.7146,PADANGTIKAR_SPLIT_CM
20SRY0241,,109.4971,-0.7857,PEMATANG_RAIYAGARDEN_PL
20SRY0242,,109.4063,-0.2485,PATOK_RASAU_JAYA_CM
20SRY0243,,109.3543,-0.0965,PONDOK_SRIKANDI_ST
20SRY0244,,109.6082,-0.4495,LAPANGAN_RADAKBARU_TB
20SRY0245,,109.4004,-0.0723,NUANSA_ALAMRESIDENCE_PL
20SRY0256,,109.4039,-0.1435,I2_SUPADIO_INT_AIRPORT_AP
20STA0001,,111.1341,0.0888,KENYAUK1_GH
20STA0003,,111.1562,-0.132,SKPH_SP3_BEDAYAN_TB
20STA0004,,111.1619,-0.0533,BLUH_KUNING_EP
20STA0005,,111.1701,-0.0193,MANIS_SEPAUK_STA_PL
20STA0006,,111.1811,0.001,MANIS_RAYA_EP
20STA0008,,111.2082,0.0629,NANGA_SEPAUK_MT
20STA0009,,111.2198,0.0152,LENGKENAT_STA_PL
20STA0010,,111.2234,-0.1187,TAWANG_SARI_EB
20STA0011,,111.2313,0.0951,TEMIANG_KAPUAS_CM
20STA0012,,111.238,0.0083,LENGKENAT_EP
20STA0013,,111.2508,-0.0006,GERNIS_JAYAG_PL
20STA0014,,111.293,-0.0199,TEMPUNAK_EP
20STA0015,,111.3061,-0.0788,SKPC_SP3_PAOH_TB
20STA0016,,111.337,0.3283,FINANTARA_MT
20STA0018,,111.3489,-0.0331,SUKATANIG_PL
20STA0019,,111.3594,0.021,BALAI_HARAPAN_STA_PL
20STA0020,,111.365,-0.033,SUKAJAYA_STA_MT
20STA0021,,111.3948,0.0458,SURYA_STA_EP
20STA0023,,111.4175,-0.0395,SUKA_JAYA_PL
20STA0024,,111.4437,-0.2494,SP4_KPI_LEBAK_UBAH_TB
20STA0025,,111.4487,-0.0257,SIMPANG3_MT
20STA0026,,111.4499,-0.1386,MERARAI_DUA_EB
20STA0027,,111.4532,-0.1139,MERARAI_EP
20STA0028,,111.4549,0.0205,SINTANG_STA1_PL
20STA0030,,111.4675,-0.1901,SULAMRAYA_TB
20STA0031,,111.4676,0.0861,MASUKA2_SINTANG_TB
20STA0032,,111.4678,-0.0323,SABANG_SURAI_PL
20STA0033,,111.4681,0.0392,BTN_CIPTA_MANDIRI_MT
20STA0034,,111.4742,0.0742,KAPUAS_KANAN_HULU_PL
20STA0035,,111.4743,0.0517,BTN_SINTANG_PL
20STA0036,,111.4762,0.0675,TRANSITO1_MT
20STA0037,,111.4748,0.0862,KAPUAS_KANAN_HILIR_PL
20STA0038,,111.4784,0.0792,TERMINAL_SINTANG_EP
20STA0040,,111.4796,0.0826,MASUKA_HILIR_MT
20STA0041,,111.4799,0.0594,MTHARYONOSINTANG_MT
20STA0042,,111.4803,0.0719,SINTANG2_MT
20STA0043,,111.4822,0.2029,MENSIKU_PL
20STA0044,,111.4821,-0.141,PEREMBANG_EB
20STA0045,,111.4837,-0.0842,KAJANG_BARU_PL
20STA0046,,111.4863,0.0617,LINTAS_MELAWI_MT
20STA0047,,111.4866,0.0857,KAPUAS_KIRI_HILIR_PL
20STA0048,,111.4888,0.0569,LADANG_PL
20STA0049,,111.489,0.0704,LADANG_SINTANG_PL
20STA0050,,111.4938,0.071,SINTANG1_MT
20STA0052,,111.4946,0.0835,PGRN_KUNING_TB
20STA0054,,111.498,0.0721,SINTANG_KOTA_EP
20STA0055,,111.5019,0.0798,BIDARA_MURAH_MT
20STA0056,,111.5024,0.0642,TRANS_SINTANG2_TB
20STA0057,,111.5036,0.0867,SINTANG_STA2_MT
20STA0058,,111.5056,0.0769,HUTAN_WISATA_SINTANG_MT
20STA0059,,111.512,0.0623,TRANS_SINTANG1_PL
20STA0060,,111.5146,0.0665,BANING_KOTA_PL
20STA0062,,111.5163,0.6862,MERAKAI_EP
20STA0064,,111.5184,0.1029,KAPUAS_KIRI_PL
20STA0065,,111.5191,-0.1162,KAJANG_BARU_TEBELIAN_STA_PL
20STA0066,,111.521,0.0685,RRI_SINTANG_MT
20STA0067,,111.524,-0.155,NOBAL_MT
20STA0068,,111.5246,0.0754,BANINGSINTANG2_MT
20STA0069,,111.5263,-0.103,BANCOH_EP
20STA0070,,111.5326,-0.1792,TEBELIAN_PL
20STA0071,,111.5346,0.0804,TANJUNG_PURI_PL
20STA0072,,111.5348,-0.2099,BONET_LAMA_PL
20STA0073,,111.5576,0.0854,JEROJA_EP
20STA0075,,111.6137,0.359,SINTANGDUA_EP
20STA0077,,111.642,0.0563,BUKIT_KELAM_EP
20STA0078,,111.6441,-0.0072,NANGAJETAK_PL
20STA0079,,111.6529,-0.0612,NANGA_DEDAI_EP
20STA0082,,111.9225,-0.1112,NANGAMAU_EP
20STA0083,,112.0811,-0.1486,NANGA_TEBIDAH_MT
20STA0084,,112.4327,-0.3336,NANGA_SERAWAI_MT
20STA0085,,111.92,-0.104,MEKAR_MANDIRI_CM
20STA0086,,111.4936,0.0629,SIMPANG_LIMA_BANING_PL
20STA0087,,111.1998,0.0703,NANGA_SEPAUK_CM
20STA0088,,111.4771,0.0353,MERTI_GUNA_CM
20STA0089,,111.4633,-0.1117,BALAI_AGUNG_CM
20STA0090,,111.5171,-0.0753,GURUNG_KEMPADIK_MT
20STA0091,,111.218,-0.0931,TEMAWANG_MUNTAI_PL
20STA0092,,111.2739,-0.061,MAIT_HILIR_PL
20STA0093,,111.0894,-0.2651,NT_DESA_NANGA_PEMBUBUH_TB
20STA0094,,111.5225,0.692,MERAKAI_ILIM_PL
20STA0095,,111.443,-0.2362,LEBAKUBAH_KUARI_PL
20STA0096,,111.4597,-0.1923,SDK_ESTATE_PL
20STA0097,,111.5198,-0.2098,BONLAM_PL
20STA0098,,111.4121,-0.1585,PSR_KENYABURBARU_PL
20STA0099,,111.4425,-0.1063,SUNGAI_TEBELIAN_PL
20STA0100,,111.5514,-0.222,LAMAN_BUKIT_PL
20STA0101,,111.2791,-0.1095,MANGKURAT_BARU_TB
20STA0102,,111.3043,-0.1227,TINUM_BARU_PL
20STA0103,,111.4837,0.1754,DAK_JAYA_PL
20STA0105,,111.4741,0.0579,PERUM_TANARA_PL
20STA0107,,111.2128,0.0568,TANJUNGRIA_SEPAUK_PL
20STA0108,,111.1305,-0.2702,TEMANANG_SEPAUK_PL
20STA0109,,111.5451,0.0268,TERTUNG_SINTANG_PL
20STA0110,,111.4977,0.0587,STADION_BANING_PL
20STA0112,,111.2645,-0.1621,SEMUNTAI_SEPAUK_PL
20STA0113,,112.437,-0.3288,BUKITRAYA_BAKA_PL
20STA0114,,111.4342,-0.2868,MELAYANG_SARI_PL
20STA0115,,111.6312,0.0048,MASJID_NURUSSALAM_TB
20STA0116,,111.5902,-0.0105,MUNGGUK_BANTOK_PL
20STA0117,,111.5392,-0.0729,GURUNG_KEPANDIK_PL
20STA0118,,111.451,0.0916,MENGKURAI_SINTANG_PL
20STA0119,,112.087,-0.1429,KAYAN_HULU_PL
20STA0120,,111.6291,-0.1008,LAPANGAN_GANDIS_TB
20STA0121,,111.3546,0.1777,TELAGA_SATU_PL
20STA0122,,111.4304,0.2027,BINJAI_HILIR_TB
20STA0123,,111.2987,-0.1601,TEMPUNAK_SINTANG_PL
20STA0124,,111.6037,-0.0582,KEDERAS_HULU_PL
20STA0125,,111.7417,0.0609,SINTANG_PUTUSSIBAU_PL
20STA0126,,111.6702,0.0142,PENGKADAN_BARU_PL
20STA0127,,111.3479,0.1497,TEMPUNAK_KELANSAM_PL
20STA0128,,111.6803,0.0494,DESA_TAUK_PL
20STA0129,,111.3982,0.2441,KADES_SUNGAIRISAP_PL
20STA0130,,111.3967,0.2044,TELAGA_DUA_PL
20STA0131,,111.6688,0.0863,MERPAK_PERMAI_PL
20STA0132,,111.8279,0.0824,EMPARU_DEDAI_MT
20STA0133,,111.7289,0.1574,LAPANGAN_SUNGAIMARAM_PL
20STA0134,,111.7581,0.1051,KADES_BENINGPANJANG_PL
20STA0135,,111.4318,0.0778,PELABUHAN_SUNGAIRINGIN_CM
20STA0139,,111.5618,-0.1666,KADES_BAYAMULYA_PL
20STA0140,,111.3692,-0.1044,KADES_REPAKSARI_PL
20STA0141,,111.3273,-0.2346,LAPANGAN_MELIMBUK_PL
20STA0142,,111.3703,0.0475,TEMPUNAK_MT
20STA0143,,111.4838,0.0805,DERMAGA_SUNGAIDURIAN_MT
20STA0144,,111.1767,-0.0691,SIRANG_SETAMBANG_CM
20STA0146,,111.4862,0.0378,DANAU_GUCI_SINTANG_PL
21BNT0003,,114.8476,-1.7153,BUNTOK_MT
21BNT0004,,114.8487,-2.2157,MANGKATIP_MT
21BNT0005,,114.8529,-1.9139,BABAI_EP
21BNT0006,,114.8711,-1.5115,PENDANG_TB
21BNT0007,,114.8939,-2.0401,BANGKUANG_MT
21BNT0008,,114.914,-2.4492,JENAMAS_TB
21BNT0010,,115.0616,-1.542,TMBAKANILAN_TB
21BNT0011,,115.1294,-1.3511,NT_RAMPAMEA_GT
21BNT0012,,115.1492,-1.4002,GRINGSING_BNT_EP
21BNT0013,,115.1503,-1.6342,UGANGSAYU_MT
21BNT0014,,115.1584,-1.4547,NT_TAMPARAK_LAYUNG_GT
21BNT0015,,115.161,-1.5341,PATAS_PLK_MT
21BNT0017,,115.2603,-1.3581,BATU_RAYA_EP
21BNT0018,,114.8316,-1.7362,HILIR_SPER_MT
21BNT0019,,114.842,-1.6294,PENDA_ASAM_TB
21BNT0020,,114.9203,-1.6981,SABABILAH_MT
21BNT0021,,115.1813,-1.6246,WAYUN_TB
21BNT0022,,114.9062,-2.1831,NT_DESA_LEHAI_PS
21BNT0023,,115.0032,-1.6077,NT_DESA_TELANG_ANDRAU_PS
21BNT0024,,115.0099,-1.4315,NT_DANAU_BAMBURE_PS
21BNT0025,,114.9726,-1.4346,VS_NT_HINGAN_PS
21BNT0026,,115.0184,-1.3458,VS_NT_HULU_TAMPANG_PS
21BNT0027,,115.0964,-1.4511,NT_TAMPARAK_PS
21BNT0028,,114.9494,-1.5591,NT_SUNGAI_TELANG_PS
21BNT0029,,114.9753,-1.5679,NT_DESA_BARUANG_PS
21BNT0030,,115.209,-1.4915,NT_BINTANG_ARA_PS
21BNT0031,,115.26,-1.4106,NT_DESA_MALUNGAI_RAYA_PS
21BNT0032,,115.1779,-1.499,NT_DESA_PATAS_II_PS
21BNT0033,,114.804,-1.7795,BARU_PARARAPAK_CM
21BNT0034,,114.7799,-1.8071,TELUK_TELAGA_PL
21BNT0036,,114.8358,-1.7224,HILIR_SEPER_PL
21BNT0038,,114.8705,-1.7106,BUNTOK_SOETTA_PL
21BNT0039,,114.907,-2.0299,BANGKUANG_MASJID_MT
21BNT0040,,114.8431,-1.7341,KALADAN_BUNTOK_CM
21BNT0043,,114.8734,-2.4665,RANTAU_BAHUANG_CM
21BNT0044,,114.8309,-1.7552,JELAPAT_HILIR_TB
21BNT0045,,114.8111,-1.6394,JEMBATAN_KALAHIEN_PL
21BNT0046,,114.8686,-2.1348,DAMPARAN_DSNHILIR_PL
21BNT0048,,114.9075,-1.6862,TUGU_MELAWEN_CM
21KKN0001,,113.3829,-1.3524,TUMBANG_TALAKEN_MT
21KKN0004,,113.57,-1.2852,TUMBANG_JUTUH_MT
21KKN0005,,113.7184,-1.0649,TEWAH_MT
21KKN0008,,113.8553,-1.1286,TAMPANG_TUMBANG_PL
21KKN0009,,113.8624,-1.1046,KUALA_KURUN_EP
21KKN0017,,113.9141,-1.3833,TUMBANG_EMPAS_PL
21KKN0018,,113.9233,-1.4652,TEWAI_BARU_MT
21KKN0019,,113.9043,-1.4974,SEPANG_KOTA_MT
21KKN0020,,113.9132,-1.5109,SEPANG_GUNUNGMAS_MT
21KKN0021,,113.919,-1.5555,PEMATANG_LIMAU_PL
21KKN0022,,113.5695,-1.2969,JAKATAN_RAYA_PL
21KKN0023,,113.3197,-1.2747,NT_TUMBANG_SAMUI_PS
21KKN0024,,113.3162,-1.2162,NT_DESA_LUWUK_TUKAU_PS
21KKN0025,,113.3203,-1.3023,NT_DESA_PUTAT_DUREI_PS
21KKN0026,,113.3244,-1.1621,NT_DESA_TEHANG_PS
21KKN0027,,113.3282,-1.3452,NT_DESA_TUMBANG_MANTUHE_PS
21KKN0028,,113.32,-1.2466,NT_DESA_TUMBANG_OROI_PS
21KKN0029,,113.3772,-1.4507,NT_DESA_BANGUN_SARI_PS
21KKN0030,,113.3457,-1.3545,NT_DESA_GUHUNG_PS
21KKN0031,,113.3896,-1.3212,NT_DESA_TANGKI_DAHUYAN_PS
21KKN0032,,113.5617,-1.2584,NT_DESA_LINAU_PS
21KKN0036,,113.7269,-1.0528,TEWAH2_MT
21KKN0037,,113.868,-1.0931,KURUN_MT
21KKN0038,,113.9269,-1.2922,DAHIAN_TAMBUK_PL
21KKN0039,,113.7298,-1.032,TAKIM_TEWAH_PL
21KKN0040,,113.9186,-1.355,KAMPURI_TB
21KKP0001,,114.0592,-0.7823,US_SEI_PINANG_KKP_BU
21KKP0002,,114.153,-0.8119,US_JAKATAN_PARI_BU
21KKP0004,,114.2323,-3.2553,TERUSAN_KARYA_MT
21KKP0006,,114.2561,-3.2126,TERUSAN_RAYA_PL
21KKP0007,,114.3025,-2.9492,BASARANG_MT
21KKP0008,,114.3064,-3.2899,LUPUK_DALAM_MT
21KKP0009,,114.3087,-2.7932,ANJIR_KALAMPAN_TB
21KKP0010,,114.3104,-1.5888,US_MUROI_RAYA_BU
21KKP0011,,114.3455,-2.9674,PULAU_TELU_TB
21KKP0013,,114.3517,-2.8221,MANDOMAI_TB
21KKP0014,,114.3569,-3.0828,PULAU_KUPANG_MT
21KKP0015,,114.3717,-3.0018,SMABABUSSALAM_KKP_PL
21KKP0016,,114.3729,-2.9049,LINTAS_MANDOMAI_SEI_KAYU_PL
21KKP0017,,114.3767,-3.1475,SEIJANGKIT_MT
21KKP0018,,114.3815,-3.0058,PATIH_RUMBIH_KAPUAS_PL
21KKP0019,,114.3838,-3.0144,KAPUAS_CM
21KKP0020,,114.3855,-2.9989,SELAT_DALAM_PL
21KKP0021,,114.3881,-3.0202,SELAT_HILIR_PL
21KKP0022,,114.3887,-3.0121,KUALA_KAPUAS_EP
21KKP0023,,114.3889,-2.971,JEPANG_SELAT_PL
21KKP0024,,114.3899,-3.0246,SETAJI_SELAT_HILIR_PL
21KKP0025,,114.392,-3.018,SUNGAI_BAKAR_TB
21KKP0026,,114.393,-3.0022,MI_ALFAMART_CILIK_RIWUT_PK
21KKP0028,,114.3952,-3.2387,TAMBAN_JAYA_MT
21KKP0029,,114.3925,-2.6736,GRAHA_INTIJAYA_EP
21KKP0030,,114.3957,-3.0047,JLCILIK_RIWUT_PL
21KKP0031,,114.3976,-2.9871,PEMUDA_KAPUAS_PL
21KKP0032,,114.4023,-3.0165,HAMPATUNGKAPUAS_HILIR_PL
21KKP0033,,114.4028,-3.1719,WARNASARI_KKP_EP
21KKP0034,,114.4049,-3.198,SIDOREJO_TAMBAN_TB
21KKP0035,,114.4078,-3.0409,TRANS_KALIMANTAN_ANJIR_MAMBULAU_PL
21KKP0036,,114.4078,-2.9821,SELAT_HULU_CM
21KKP0037,,114.41,-3.0096,KAPUASSEBERANG_BARIMBA_PL
21KKP0038,,114.4185,-2.9703,HAMPATUNG_SELAT_HULU_PL
21KKP0039,,114.4203,-2.9624,JLN_PEMUDA_PL
21KKP0040,,114.4275,-2.9911,SEIPASAH_PL
21KKP0042,,114.4407,-3.0799,ANJIR_SERAPAT_MT
21KKP0043,,114.4451,-2.7007,SEIDUSUN_MT
21KKP0044,,114.4514,-2.936,TELUK_PALINGET_MT
21KKP0046,,114.4729,-3.1147,KAPUAS_TIMUR_KKP_CM
21KKP0047,,114.4744,-2.9617,SAKA_BATUR_PL
21KKP0048,,114.4824,-2.8912,SEI_TATAS_EP
21KKP0050,,114.4966,-2.5023,MANTANGAI_HILIR_PL
21KKP0051,,114.5232,-2.8466,PALINGKAU_TB
21KKP0053,,114.5519,-2.8243,TAJEPAN_MT
21KKP0054,,114.5713,-2.8035,MAMPAI_MT
21KKP0055,,114.601,-2.6568,DADAHUP_EP
21KKP0057,,114.7865,-2.6553,US_PALANGKAU_BARU_BU
21KKP0058,,114.23,-1.201,US_DANDANG_KKP_MT
21KKP0059,,114.2433,-3.3492,SIMPANG_BUNGA_TANJUNG_MT
21KKP0060,,114.4367,-2.7883,SAKA_TAMIANG_TB
21KKP0061,,114.3944,-2.792,MANDOMAI_PANTAI_MT
21KKP0062,,114.671,-2.675,BENTUK_JAYA_PL
21KKP0063,,114.5265,-2.8415,PALINGKAU_BARU_PL
21KKP0064,,114.4915,-2.8992,SEITATAS_HILIR_MT
21KKP0065,,114.3512,-2.9983,BASARANG2_MT
21KKP0066,,114.466,-2.608,LAMUNTI_PERMAI_MT
21KKP0067,,114.7316,-2.6026,DESA_KAHURIPAN_PERMAI_PS
21KKP0068,,114.5148,-2.628,WARGA_MULYA_MT
21KKP0069,,114.3768,-3.1832,WARNA_SARI_TB
21KKP0070,,114.381,-3.0299,MURUNG_KERAMAT_MT
21KKP0071,,114.2828,-2.9275,BATU_NINDAN_MT
21KKP0072,,114.439,-2.667,MANUSUP_HILIR_MT
21KKP0073,,114.3679,-2.9836,MALUEN_PL
21KKP0074,,114.4866,-2.4497,KALUMPANG_KKP_PL
21KKP0075,,114.4603,-3.1,ANJIR_SERAPAT_PL
21KKP0076,,114.425,-3.0614,ANJIR_MAMBULAU_MT
21KKP0077,,114.356,-2.9587,PANGKALAN_SARI_MT
21KKP0078,,114.5068,-2.8659,PEMUDA_PALAMBANG_PL
21KKP0079,,114.4565,-2.9212,TMP_KENCANA2_PL
21KKP0080,,114.5124,-2.8871,HANDIWUNG_PULAUPETAK_PL
21KKP0081,,114.3941,-3.0308,MAMBULAU_KAPUASHILIR_PL
21KKP0082,,114.4516,-3.0904,SERAPAT_BARAT_CM
21KKP0083,,114.4832,-3.1164,BUMITAMBUN_BUNGAI_PL
21KKP0084,,114.3807,-2.9912,PULAU_TELO_PL
21KKP0085,,114.407,-3.2556,TAMBAN_MAKMUR_PL
21KKP0086,,114.4967,-2.7962,KAPUAS_MURUNG_CM
21KKP0087,,114.3474,-3.2628,SEI_BAKUT_TB
21KKP0089,,114.3267,-3.3041,LUPAK_TIMUR_TB
21KKP0090,,114.3224,-2.9688,TANAH_BASARANG_PL
21KKP0091,,114.3687,-3.0672,PUSKESMAS_PULAUKUPANG_PL
21KKP0092,,114.5954,-2.8134,KADES_MUARADADAHUP_PL
21KKP0093,,114.319,-3.2752,KADES_LUPAK_DALAM_PL
21KKP0094,,114.3926,-2.627,TARANTANG_MANTANGAI_PL
21KKP0095,,114.5065,-2.5749,KALADAN_JAYA_PL
21KKP0096,,114.3246,-3.3569,SUNGAI_TERAS_TB
21KKP0097,,114.3224,-2.929,BUNGA_JAYA_TB
21KKP0098,,114.3502,-3.1068,KADES_SEIJANGKIT_CM
21KKP0100,,114.38,-3.2201,BANDA_RAYA_CM
21KKP0101,,114.6352,-2.7056,DESA_HARAPANBARU_CM
21KKP0102,,114.4387,-2.9467,KADES_TELUK_PALINGET_CM
21KKP0103,,114.2415,-3.2324,KADES_TERUSANKARYA_CM
21KKP0104,,114.4921,-2.5174,PASAR_MANTANGAI_TB
21KPA0002,,112.0634,-2.2205,DERANGGA_AG
21KPA0003,,112.0663,-2.2661,SUKAMANDANG_TRANSG_MT
21KPA0004,,112.0675,-2.2598,AMINJAYA_PL
21KPA0005,,112.0821,-2.0833,RINGIN_AGUNG_MT
21KPA0006,,112.0857,-2.1669,TERAWAN_PL
21KPA0007,,112.1053,-2.4943,SERUYAN_ST
21KPA0008,,112.1154,-2.3746,SINAR_MAS_KPA_EP
21KPA0009,,112.119,-1.9299,RANTAU_PULUT_TB
21KPA0010,,112.1293,-2.494,PEMBUANG_HULU_MT
21KPA0011,,112.1466,-2.4102,ASAMBARU_MT
21KPA0012,,112.1583,-2.2716,DESA_SANDUL_KPA_PL
21KPA0013,,112.1876,-2.0503,SUKAMANDANG_KRIDATAMA_TB
21KPA0014,,112.1904,-2.3965,PASAR_ASAMBARU_PL
21KPA0015,,112.2192,-2.3966,MUSIRAWAS_MT
21KPA0016,,112.2194,-2.2581,TANJUNG_RANGAS_SERUYAN_PL
21KPA0017,,112.2308,-2.4714,SUMUR_PANDANWANGI_ST
21KPA0018,,112.241,-2.4335,BASECAMP_MUSIRAWAS_ST
21KPA0019,,112.2703,-2.8639,TELAGA_PULANG_MT
21KPA0020,,112.2759,-2.3712,RUNGAU_SUDIRMAN_MT
21KPA0021,,112.2995,-2.3458,BINASAWIT_MT
21KPA0022,,112.3274,-2.3463,BINA_SAWIT_MT
21KPA0023,,112.3761,-2.5816,ARGO_INDOMAS_MT
21KPA0024,,112.3791,-2.7358,ISAT_SEMBULUH_MT
21KPA0026,,112.3929,-2.3772,JLSUDIRMAN_SALUNUK_MT
21KPA0027,,112.4356,-2.6113,TABIKU_TB
21KPA0029,,112.447,-2.4755,SIMPANG_4_SEIBABI_PL
21KPA0030,,112.4566,-2.6303,HAMPANGIN_PL
21KPA0031,,112.4919,-2.761,BAUNG_HILIR_TB
21KPA0033,,112.5436,-3.4065,DERAWA_PL
21KPA0034,,112.5458,-3.3887,KUALAPEMBUANGDUA_MT
21KPA0035,,112.5521,-3.3984,KUALA_PEMBUANG_EP
21KPA0036,,112.553,-3.3732,KUALAPEMBUANGSATU_MT
21KPA0037,,112.5585,-3.3628,KUALA_PEMBUANG_CITY2_MT
21KPA0038,,112.596,-3.342,KARTIKA_BAKTI_MT
21KPA0039,,112.6855,-3.3571,SUNGAI_BAKAU_MT
21KPA0040,,112.0467,-2.1876,SUKA_MAKMUR_TB
21KPA0041,,112.5062,-2.724,BAUNG_TB
21KPA0042,,112.3914,-2.5867,TERAWAN_SEMBULUH_CM
21KPA0043,,112.5844,-3.3651,PEMATANGPJG_KAMBAT_ST
21KPA0045,,112.1463,-2.444,DERANGGA_TB
21KPA0046,,112.5499,-3.3849,KUALAPEMBUANGKOTA_PL
21KPA0047,,112.1798,-2.353,TANJUNG_PARING_PL
21KPA0048,,112.5654,-3.2919,BANGUN_HARJA_PL
21KPA0049,,112.4269,-2.6191,DANAU_SEMBULUH_CM
21KPA0050,,112.2407,-2.2113,TANGAR_ESTATE_PL
21KPA0051,,112.3551,-2.6145,LANPASA_SERUYAN_TB
21KPA0052,,112.3156,-2.3266,RUNGAU_ESTATE_TB
21KPA0053,,112.5529,-3.3413,PEMATANG_LIMAU_TB
21KPA0054,,112.3592,-2.4219,BASP_ESTATE_TB
21KPA0055,,112.0804,-2.2956,SUKAMADANG_ESTATE_TB
21KPA0059,,112.4529,-3.2111,BATOE_HIRANG_TB
21KPA0060,,112.4985,-3.2191,MEKARINDAH_SERUYAN_TB
21KPA0062,,112.5597,-3.4151,PELABUHAN_KUALAPEMBUANG_TB
21KPA0063,,112.4501,-2.4168,TELADAN_BARU_CM
21KSN0001,,112.9477,-1.5294,MIRAH_KALANAMAN_TB
21KSN0003,,113.0761,-1.4286,NAPU_SAHUR_TB
21KSN0004,,113.0907,-1.3314,TUMBANG_MANGKETAI_PL
21KSN0005,,113.0953,-1.3162,TUMBANG_MANGGO_MT
21KSN0006,,113.0963,-1.4551,TUMBANG_SAMBA_KSN2_MT
21KSN0007,,113.1,-1.4474,BAKUMPAISAMBA_MT
21KSN0010,,113.1372,-1.7092,TUMBANG_SAMBA_KSN1_EP
21KSN0011,,113.1989,-1.9257,HAMPALIT_KSN1_TB
21KSN0012,,113.2258,-1.6101,BELAWANMULYA_MT
21KSN0013,,113.2632,-1.9047,HAMPALIT_KSN2_TB
21KSN0014,,113.2647,-1.684,BUNTUT_BALI_AG
21KSN0015,,113.2718,-2.9926,MENDAWAI_KATINGAN_TB
21KSN0016,,113.2753,-1.7593,TUMBANG_TARUSAN_PS
21KSN0017,,113.2872,-3.0839,KATINGAN_EP
21KSN0018,,113.2869,-1.7695,PENDAHARA_PL
21KSN0019,,113.29,-1.8961,IPKKERENG_BARAT_PL
21KSN0020,,113.2934,-1.8881,KATINGAN_GUNUNG_MAS_TB
21KSN0021,,113.2936,-1.8938,KATINGAN_HILIR_MT
21KSN0022,,113.2976,-1.8979,KARENGPANGI_MT
21KSN0023,,113.3023,-1.8937,KERENGTELANGKAH_MT
21KSN0024,,113.312,-1.7771,TARUSAN_DANUM_TB
21KSN0025,,113.3146,-1.8889,BANUTKALANAMAN_MT
21KSN0026,,113.318,-1.8802,KATINGAN_HILIR3_TB
21KSN0027,,113.3327,-3.1622,NT_PAGATAN_HULU_GH
21KSN0028,,113.3369,-3.2705,PEGATAN_KATINGAN_TB
21KSN0029,,113.3548,-1.9047,TUMBANG_LITING_TB
21KSN0030,,113.3778,-1.9209,KATINGAN1_TB
21KSN0031,,113.3856,-1.9122,KASONGAN_PALANGKA_EP
21KSN0032,,113.3866,-1.8989,KASONGANLAMA_KSN_PL
21KSN0033,,113.392,-1.9137,KATINGAN_HILIR1_TB
21KSN0034,,113.3966,-1.8893,KATINGAN_KASONGAN_TB
21KSN0035,,113.4154,-1.888,GUNUNG_MAS_KALIMANTAN_TB
21KSN0036,,113.4183,-1.87,PEMDA_KATINGAN_TB
21KSN0037,,113.4232,-1.8792,KATINGAN_HILIR2_TB
21KSN0038,,113.4302,-1.9792,PANGKOH_TB
21KSN0039,,113.4497,-2.0744,HIANG_BANA_AG
21KSN0041,,113.5035,-1.8887,KM70_PALANGKARAYA_TB
21KSN0042,,113.4814,-2.2028,ASEM_KUMBANG_MT
21KSN0043,,113.1099,-1.4724,TELOK_CM
21KSN0044,,113.0458,-1.4262,BATU_BADINDING_PS
21KSN0045,,112.9821,-1.4202,NT_DESA_TUMBANG_KALEMEI_PS
21KSN0046,,113.4079,-2.0227,DESA_TUMBANG_PANGGO_PS
21KSN0047,,113.4672,-2.0349,NT_DESA_HANDIWUNG_CM
21KSN0049,,113.0168,-1.4246,NT_DESA_RANTAU_ASEM_MT
21KSN0050,,113.1367,-1.5129,NT_DESA_TUMBANG_LAHANG_PS
21KSN0051,,112.8736,-1.4393,VS_NT_TUMBANG_MARAK_TB
21KSN0052,,112.8485,-1.3336,VS_NT_TUMBANG_HANGEI_PS
21KSN0053,,113.0835,-1.252,VS_NT_KULUK_HABUHUS_PS
21KSN0054,,113.2486,-1.6436,NT_TUMBANG_BANJANG_PS
21KSN0055,,113.0593,-1.2296,VS_NT_TUMBANG_PANGKA_PS
21KSN0056,,113.0601,-1.2047,VS_NT_TUMBANG_ATEI_PS
21KSN0057,,113.1232,-1.2611,VS_NT_DAYA_MANUNGGAL_PS
21KSN0058,,113.3371,-2.5683,VS_NT_GALINGGANG_PS
21KSN0059,,113.3063,-2.4732,VS_NT_TAMPELAS_PS
21KSN0060,,113.3296,-2.4217,VS_NT_TELAGA_PS
21KSN0061,,113.322,-3.1378,NT_DESA_BUMI_SUBUR_PS
21KSN0062,,113.2746,-3.0558,NT_DESA_KAMPUNG_BARU_PS
21KSN0063,,113.3114,-3.1949,NT_DESA_KAMPUNG_TENGAH_PS
21KSN0064,,113.2742,-3.0325,NT_DESA_SETIA_MULIA_PS
21KSN0065,,113.3187,-3.1066,NT_DESA_SINGAM_RAYA_PS
21KSN0066,,113.5402,-3.083,VS_NT_SUNGAI_KAKI_PS
21KSN0067,,112.7871,-1.2923,VS_NT_TUMBANG_PARIYEI_PS
21KSN0068,,113.2727,-2.8431,NT_DESA_PERIGI_PS
21KSN0069,,112.9808,-1.0223,VS_NT_TUMBANG_JALA_PS
21KSN0070,,113.4986,-2.1513,NT_TALINGKE_PS
21KSN0071,,113.3533,-2.6624,NT_TUMBANG_BULAN_PS
21KSN0072,,113.1003,-1.434,GNMAS_KATINGAN_TB
21KSN0074,,113.3561,-3.2061,KATINGAN_KUALA_CM
21KSN0075,,113.2492,-1.6748,PULAU_MALAN_PL
21KSN0076,,113.1422,-1.7246,KARYA_UNGGANG_PL
21KSN0077,,113.0978,-1.3877,RANTAU_BANGKIANG_TB
21KSN0078,,113.3086,-1.8124,TEWANG_RANGAS_TB
21MTW0001,,114.6318,-0.82,PURUK_CAHU_MTW_EP
21MTW0002,,114.8221,-1.3227,MONTALAT_MT
21MTW0003,,114.8267,-1.0108,LEMO_MTW_PL
21MTW0005,,114.8911,-0.9591,MUARA_TEWEH_EP
21MTW0006,,114.892,-0.7464,BENAO_EP
21MTW0008,,114.8987,-1.3237,NT_MONTALLAT_GH
21MTW0009,,114.901,-0.9242,MERONG_PL
21MTW0010,,114.9017,-0.9839,TRINSING_TB
21MTW0011,,114.9064,-0.9499,MELAYU_MUARATEWEH_PL
21MTW0012,,114.9072,-0.9583,PASAR_M_TEWEH_EP
21MTW0013,,114.9293,-0.8727,LAHEI_MT
21MTW0014,,114.953,-1.1342,BUTONG_EP
21MTW0015,,114.971,-1.0276,HAJAK_MT
21MTW0017,,115.1189,-1.2559,KANDUI_EP
21MTW0020,,114.8938,-0.7436,BENAO_HULU_TB
21MTW0021,,114.8626,-1.0635,BINTANG_NINGGI_PL
21MTW0022,,115.0888,-1.0786,SIKUI_PL
21MTW0023,,115.6041,-1.1369,LAMPEONG_MT
21MTW0024,,115.3688,-0.9918,BENANGIN_PL
21MTW0025,,115.2191,-0.9046,VS_NT_LIANG_BUAH_PS
21MTW0026,,114.9339,-0.9319,NT_DESA_MALAWAKEN_PS
21MTW0027,,114.9826,-1.1433,NT_DESA_PANDRAN_RAYA_PS
21MTW0028,,114.6689,-0.9345,VS_NT_DATAI_NIRUI_PS
21MTW0029,,115.1183,-0.5426,VS_NT_HARAGANDANG_PS
21MTW0030,,114.8361,-0.8349,NIHAN_HILIR_MT
21MTW0031,,114.8987,-0.9505,MELAYU_MT
21MTW0032,,114.8954,-0.9765,JINGAH_PL
21MTW0033,,114.8939,-0.9662,LANJAS_PL
21MTW0034,,114.8964,-0.9412,WIRAPRAJA_MTEWEH_TV
21MTW0035,,114.8854,-0.9411,LANDASAN_BERINGIN_PL
21MTW0036,,114.9044,-0.7578,PAPAR_PUJUNG_PL
21MTW0037,,114.9401,-0.9303,MELAWAKEN_TEWEH_PL
21MTW0038,,114.9027,-0.968,SWAKARYA_JINGAH_PL
21MTW0039,,114.8896,-0.9284,MARGORUKUN_TEWEH_PL
21MTW0041,,114.9635,-1.1517,PADRAN_PERMAI_PL
21MTW0043,,114.899,-1.038,PASAR_TRAHEAN_CM
21MTW0044,,114.7028,-0.8946,RIMBA_SARI_TB
21MTW0046,,114.8504,-0.9523,KADES_PENDREH_PL
21MTW0048,,114.9305,-1.0355,BANDARA_MSIDIK_ST
21NIK0001,,111.3607,-2.1218,KUDANGAN_TB
21NIK0002,,111.4197,-2.1533,BUMI_AGUNG_NIK_LS
21NIK0003,,111.4237,-2.191,LAMANDAU_TB
21NIK0005,,111.4482,-2.1849,NANGA_BULIK_PL
21NIK0007,,111.4673,-2.1838,RANGKAP_TB
21NIK0008,,111.47,-2.2884,BATU_KOTAM_TB
21NIK0009,,111.4768,-2.2105,NANGA_BULIK_CITY2_TB
21NIK0010,,111.4787,-2.0308,BRUTA_EP
21NIK0011,,111.4849,-1.8978,DESA_SIDOMULYO_EP
21NIK0012,,111.5076,-2.2083,MELATA_PL
21NIK0013,,111.5212,-2.237,PURWAREJA_GH
21NIK0014,,111.5422,-2.0882,BASE_CAMP_PERIGI_EP
21NIK0016,,111.5429,-2.2565,SEMATU_PL
21NIK0017,,111.5526,-2.1968,SEMATA_RAYA_AG
21NIK0019,,111.5811,-2.0539,SIMPANG_PARIGI_EP
21NIK0020,,111.6329,-1.9867,NANUAH_AG
21NIK0022,,111.6464,-2.1233,BUKIT_HARUM_CM
21NIK0023,,111.6489,-2.0633,KORINDO_NIK1_MT
21NIK0024,,111.6734,-2.0955,SUMBER_JAYA_NIK_GH
21NIK0025,,111.707,-2.0615,KORINDO_NIK2_EP
21NIK0026,,111.4336,-2.1794,NANGA_PAMALONTIAN_PL
21NIK0027,,111.461,-2.2037,KUJAN_BULIK_MT
21NIK0028,,111.5675,-2.2538,RIMBA_JAYA_CM
21NIK0029,,111.3328,-1.8817,NT_DESA_SAMU_JAYA_GH
21NIK0030,,111.4179,-1.7901,VS_NT_BAYAT_MT
21NIK0031,,111.4123,-1.926,NT_DESA_SUNGAI_BULUH_PL
21NIK0032,,111.6543,-1.8307,NT_BATU_TUNGGAL_PL
21NIK0033,,111.6255,-1.8436,NT_MERAMBANG_PL
21NIK0034,,111.5226,-1.8598,NT_PEDONGATAN_PL
21NIK0035,,111.5726,-1.9576,VS_NT_SUNGKUP_PL
21NIK0036,,111.5955,-1.8741,NT_DESA_TOKA_PL
21NIK0037,,111.5247,-2.0495,NT_DESA_NANGA_PAMALONTIAN_PL
21NIK0038,,111.382,-1.9312,NT_BAKONSU_PL
21NIK0039,,111.3618,-1.8959,NT_SEKOBAN_PL
21NIK0040,,111.4238,-1.9956,NT_TAMIANG_PL
21NIK0041,,111.3122,-1.8912,VS_NT_TAPIN_BINI_PL
21NIK0042,,111.7487,-1.9537,VS_NT_BATU_AMPAR_PL
21NIK0043,,111.7043,-1.999,VS_NT_TOPALAN_PL
21NIK0044,,111.6752,-1.7902,NT_NANGA_KEMUJAN_PL
21NIK0045,,111.3927,-2.1483,SMBRMULYA_LAMANDAU_TB
21NIK0046,,111.4528,-2.1835,BATANGGUI_BULIK_PL
21NIK0047,,111.4343,-2.1887,BATU_BATANGGUI_PL
21NIK0048,,111.545,-1.8419,BB_SSMS_NANGAKIU_PL
21NIK0050,,111.6347,-2.0775,MENTHOBI_RAYA_PL
21NIK0051,,111.5876,-2.2297,KADES_RIMBAJAYA_TB
21NIK0052,,111.5556,-2.2853,SEMATU_JAYA_TB
21NIK0053,,111.509,-1.9074,DSSUKAMAJU_SAMPIT_TB
21NIK0054,,111.5971,-2.089,DSBUKIT_MAKMUR_TB
21NIK0055,,111.6621,-2.0331,MUKTI_MANUNGGAL_TB
21PBU0001,,111.3055,-2.3687,DESA_SAGU_MT
21PBU0002,,111.307,-2.4488,TEMPAYUNG_LS
21PBU0003,,111.3171,-2.5855,BABUAL_EP
21PBU0004,,111.3355,-2.4401,DESPOT_PL
21PBU0005,,111.3737,-2.3901,KTWR_HULU_MT
21PBU0006,,111.4359,-2.4819,KOTAWARINGIN_LAMA_MT
21PBU0007,,111.4526,-2.8756,DESA_TANJUNG_PUTRI_MT
21PBU0008,,111.4826,-2.9376,NT_SEBUAI_GH
21PBU0009,,111.54,-2.9976,NT_KERAYA_GH
21PBU0010,,111.5574,-2.7417,KUMPAI_BATU_EP
21PBU0011,,111.5656,-3.0019,TELUK_BOGAM_PL
21PBU0012,,111.5789,-2.7834,KUBU_KUMAI_PL
21PBU0014,,111.6133,-2.7023,SIDOREJO_PBU_MT
21PBU0015,,111.6173,-2.7499,PASIR_PANJANG1_CM
21PBU0016,,111.6214,-2.683,SEROJA_PBU_EP
21PBU0017,,111.6218,-2.6964,KUMAI_HULU_MT
21PBU0018,,111.6224,-2.6928,NEWPKLBUN_TB
21PBU0019,,111.6256,-2.6856,SEROJAMENDAWAI_MT
21PBU0020,,111.6271,-2.6951,KASAN_REJO_CM
21PBU0021,,111.6279,-2.7256,JLAM_RAFIFI_MT
21PBU0022,,111.6288,-2.6879,PANGKALANBUNCENTRUM_MT
21PBU0023,,111.6308,-2.7011,NEWSEBAMBAN_TB
21PBU0024,,111.632,-2.6933,PANGKALAN_BUN3_TB
21PBU0025,,111.6323,-2.6862,JLMERPATI_PBU_MT
21PBU0026,,111.6326,-2.7057,RUNGAU_RAYA_MT
21PBU0027,,111.634,-2.6786,PANGKALAN_BUN_MT
21PBU0028,,111.6347,-2.347,SULUNG_EP
21PBU0029,,111.6359,-2.7073,SAMARI_ARUT_MT
21PBU0030,,111.6362,-2.6724,ARUT_SELATAN_TB
21PBU0031,,111.6374,-2.6984,DELIMA_PBU_MT
21PBU0032,,111.6379,-2.735,PINANG_MERAH_PBU_TB
21PBU0033,,111.6404,-2.6821,PANKALAN_BUN_INFILL_PL
21PBU0034,,111.6411,-2.6874,ACHMAD_BADIR_CM
21PBU0035,,111.6424,-2.7197,CEMARA_PERMAI_PL
21PBU0036,,111.6424,-2.7006,JALAN_DAHLIA_EP
21PBU0037,,111.6436,-2.7091,JLPEMUDA_PBU_MT
21PBU0038,,111.6438,-2.7057,ISKANDAR_PBU_MT
21PBU0039,,111.6438,-2.6911,MI_MAIDBADIR_MT
21PBU0040,,111.6444,-2.7158,PASIR_PANJANG2_PL
21PBU0041,,111.6452,-2.6745,NATAIARAHAN_CM
21PBU0042,,111.6457,-2.6844,MAID_BADIR_MT
21PBU0043,,111.6467,-2.6947,MADUREJO_MT
21PBU0044,,111.6475,-2.67,NEWSITEPANGKALANBUN1_TB
21PBU0045,,111.6499,-2.7139,MADUREJO_PANGKALAN_BUN_PL
21PBU0046,,111.65,-2.6666,BARU_PBU_PL
21PBU0047,,111.6505,-2.7043,MADUREJO_PBU_TB
21PBU0048,,111.6511,-2.6855,NANGA_MUA_PBU_PL
21PBU0049,,111.6524,-2.6759,PAMBULINAN_PL
21PBU0051,,111.655,-2.7287,PASIR_PANJANG_PBU_PBU2_PL
21PBU0052,,111.6597,-2.6565,PASIR_PANJANG_PBU_PBU1_PL
21PBU0053,,111.6605,-2.667,ARU_CM
21PBU0054,,111.6665,-2.6691,PELINGKAU_EP
21PBU0055,,111.6677,-2.7346,BATU_BELAMAAN_MT
21PBU0057,,111.6799,-2.5012,UMPANG_PL
21PBU0058,,111.6865,-2.669,AMIN_JAYA_MT
21PBU0059,,111.689,-2.4982,MEDANGSARI_MT
21PBU0060,,111.6921,-2.7476,POROS_KUMAI_PBU_TB
21PBU0061,,111.6956,-2.8589,PANTAI_KUBU_MT
21PBU0062,,111.7006,-2.7552,KUMAIKAPITAN_MT
21PBU0063,,111.7029,-2.6443,BUNDARAN_PANGKALAN_LIMA_MT
21PBU0064,,111.7069,-2.755,PELABUHAN_KUMAI_EP
21PBU0066,,111.7111,-2.6707,NATAI_RAYA_PBU_MT
21PBU0067,,111.7113,-2.7261,SUNGAI_TENDANG1_MT
21PBU0068,,111.7156,-2.7321,SUNGAI_TENDANG_MT
21PBU0069,,111.7165,-2.7172,PELABUHANKUMAI_TB
21PBU0070,,111.7176,-2.7435,KUMAI_HILIR_CM
21PBU0071,,111.7182,-2.7479,SUNGAIKAPITAN_PBU_MT
21PBU0072,,111.7199,-2.6039,PURBASARI_ST
21PBU0073,,111.722,-2.7347,CANDI_CM
21PBU0074,,111.7234,-2.7451,PELKUMAI_TB
21PBU0075,,111.7257,-2.4608,DESA_JKNKIS_MT
21PBU0076,,111.7269,-2.7381,PELABUHAN_KUMAI2_TB
21PBU0077,,111.7295,-2.734,MARUNDAU_PL
21PBU0078,,111.7314,-2.4936,PUNDUSENJAYA_EP
21PBU0079,,111.733,-2.5992,PANGKALAN_LADA_PL
21PBU0080,,111.7353,-2.5817,SUMBER_AGUNG_PBU_PL
21PBU0081,,111.7417,-2.5312,SUNGAI_MELAWEN_MT
21PBU0082,,111.745,-2.5608,SP5_S_RANGIT_PL
21PBU0083,,111.7462,-2.6214,BUMI_HARJO_MT
21PBU0084,,111.7481,-2.7667,KUMAI_SEBERANG_MT
21PBU0085,,111.7545,-2.5876,SUNGAI_RANGIT_PBU_ST
21PBU0086,,111.7567,-2.564,SEI_MELAWEN_PL
21PBU0087,,111.7572,-2.6431,PANGKALAN_SATU_CM
21PBU0088,,111.7628,-2.477,PANDU_SANJAYA_MT
21PBU0089,,111.7756,-2.5131,LADA_JAYA_MT
21PBU0090,,111.7805,-2.4691,PANDU_SANJAYA_PBU_PL
21PBU0091,,111.7856,-2.422,ASTRA_AGRO_PBU_PL
21PBU0092,,111.8338,-2.4882,PANGKALAN_DEWA_PBU_PL
21PBU0093,,111.8361,-2.4515,PANGKALAN_TIGA_PL
21PBU0094,,111.8422,-2.2325,CAMPPELITA_PTKORINDO_TB
21PBU0095,,111.8682,-2.3744,SUNGAI_KUNING_TB
21PBU0096,,111.8711,-2.402,DESA_DUA_PIR_TB
21PBU0097,,111.8746,-2.5332,PKLBANTENG_AMIN_PL
21PBU0098,,111.8768,-2.4931,PKL_BANTENG_CM
21PBU0099,,111.897,-2.541,NATAI_BARU_PL
21PBU0100,,111.8987,-2.4788,PANGKALAN_BANTENG_PBU_MT
21PBU0101,,111.9037,-2.3704,KEBUN_AGUNG_PBU_PL
21PBU0102,,111.9053,-2.2583,CAMP_PTPBNA_TB
21PBU0103,,111.9106,-2.446,SUDIRMAN_PKLBTG_MT
21PBU0104,,111.9183,-2.397,ARGA_MULYA_PL
21PBU0105,,111.9187,-2.4668,NATAI_KERBAU_EP
21PBU0106,,111.9209,-2.4587,KARANGMULYA_PBU_CM
21PBU0107,,111.9259,-2.189,KECAMATAN_PANGKUT_EP
21PBU0108,,111.9539,-2.3617,ARGAMULYA_BANTENG_EP
21PBU0109,,111.9742,-2.4465,DESA_AMIN_JAYA_EP
21PBU0110,,112.0289,-2.4547,WANA_SAWIT_EP
21PBU0111,,111.5789,-2.7314,MENDAWAI_ARUTSEL_MT
21PBU0112,,111.8657,-2.5673,MULYA_JADI_TB
21PBU0113,,111.7829,-2.2381,NT_UMPANG_PK
21PBU0114,,111.8203,-3.3097,VS_NT_SUNGAI_CABANG_PL
21PBU0115,,111.8049,-2.9745,NT_DESA_TELUK_PULAI_PL
21PBU0116,,111.9515,-2.0517,VS_NT_KERABU_PL
21PBU0117,,111.8914,-1.8862,VS_NT_PANAHAN_PL
21PBU0118,,111.9299,-1.9793,VS_NT_PANDAU_PL
21PBU0119,,111.9506,-2.0252,VS_NT_PENYOMBAAN_PL
21PBU0120,,111.897,-1.9274,VS_NT_RIAM_PL
21PBU0121,,112.0116,-1.9933,VS_NT_SAMBI_PL
21PBU0122,,111.4529,-2.3802,NT_DESA_RUNGUN_MT
21PBU0123,,111.5092,-2.9667,NT_SABUAI_TIMUR_PL
21PBU0124,,111.7111,-2.3597,DESA_RUNTU_TB
21PBU0129,,111.723,-2.6153,SEIRANGIT_PURBASARI_PL
21PBU0131,,111.6244,-2.675,ANTASARIMENDAWAI_PL
21PBU0132,,111.3774,-2.3187,IPUHBANGUNJAYA_KOTBAR_TB
21PBU0133,,111.7947,-2.6308,PELABUHAN_BUMIHARJO_PL
21PBU0134,,111.7048,-2.8518,KUMAI_KUTBAR_PL
21PBU0135,,111.6534,-2.6496,GUSTI_AHMAD_YUSUF_PL
21PBU0136,,113.2093,-1.9341,TELANGKAH_RIWUT_PL
21PBU0137,,112.9411,-2.5042,BUMIRAYA_BAAMANG_TB
21PBU0138,,112.9639,-2.2581,LUWUK_RANGGANG_PL
21PBU0139,,112.9643,-2.5806,HMARSYAD_KETAPANG_PL
21PBU0140,,112.8989,-2.5455,PERUM_GRIYAASRI_HARMONI_TB
21PBU0141,,112.8026,-2.0206,PARENGGEAN_KOTA_CM
21PBU0142,,112.9087,-2.7594,GARDUINDUK_BAGENDANG_PL
21PBU0143,,112.9409,-2.6947,PELANGSIAAN_BAPEANG_PL
21PBU0144,,112.9706,-2.1945,PATAI_LUMUT_PL
21PBU0145,,112.8733,-2.3542,CAMBA_KOTABESI_PL
21PBU0146,,112.9519,-2.8145,PULAU_HANAUT_PL
21PBU0147,,111.9047,-2.4901,KARANGMULYA_BANTENG_PL
21PBU0148,,111.9532,-2.4396,SUNGAI_PARIT_TB
21PBU0149,,111.6698,-2.7058,ISKANDAR_AIRPORT_CM
21PBU0150,,111.6754,-2.7815,PLTU_KUMAI_TB
21PBU0151,,111.6858,-2.6064,NATAI_BARU_TB
21PBU0152,,111.3523,-2.361,BGA_SUKAMAKMUR_MT
21PBU0154,,111.7109,-2.5097,KADIPI_ATAS_TB
21PBU0155,,111.5844,-2.9894,KADES_SUNGAIBAKAU_TB
21PBU0159,,111.8637,-2.5941,PANGKALAN_BANTENG_CM
21PLK0001,,113.6686,-1.9453,TANGKILING_PLK1_MT
21PLK0002,,113.7579,-1.9761,TANGKILING_PLK2_PL
21PLK0003,,113.7603,-2.0024,BANTURUNG_EP
21PLK0004,,113.7664,-2.0596,TANGKILING_TRANS_TB
21PLK0005,,113.796,-2.1183,TJILIK_RIWUT_KM17_PL
21PLK0006,,113.8275,-2.1432,TJILIK_RIWUT_KM12_ST
21PLK0007,,113.8449,-2.161,MAHIR_MAHAR_BUKTUNGK_PL
21PLK0008,,113.8511,-2.1821,MAHIR_MAHAR_JEKAN_RAYA_PL
21PLK0009,,113.8602,-2.1709,PAL8_EP
21PLK0010,,113.8629,-2.1878,HIU_PUTIH_PL
21PLK0011,,113.8655,-2.1763,PALANGKA_PL
21PLK0012,,113.8664,-2.1715,HIUPUTIH_JEKAN_RAYA_MT
21PLK0013,,113.8671,-2.2166,SIMPEI_PALANGKAK_PL
21PLK0014,,113.8689,-2.1801,PALANGKARAYAK_PL
21PLK0015,,113.8694,-2.1852,KDI_MM_JL_PIRANHA_INDUK_CM
21PLK0016,,113.8705,-2.2517,LINGKAR_MAHIRMAHAR_KM65_PL
21PLK0017,,113.871,-2.192,BADAKBUKIT_TUNGGAL_PL
21PLK0018,,113.871,-2.167,HIDAYATULLAH_DANAURANGAS_TB
21PLK0019,,113.8751,-2.1737,TJILIK_RIWUT_KM6_ST
21PLK0020,,113.8761,-2.1828,PERUMAHAN_LESTARI_PL
21PLK0021,,113.8761,-2.2046,PASAR_BESAR_PLK_PL
21PLK0022,,113.8773,-2.1884,BUKIT_TUNGGAL_JEKAN_RAYA_MT
21PLK0023,,113.881,-2.1819,RAJAWALI_PLK_TB
21PLK0024,,113.8824,-2.2371,JLGOBOS_MT
21PLK0025,,113.8835,-2.2269,MENTENG2_TB
21PLK0026,,113.8835,-2.1971,TINGANG2_TB
21PLK0027,,113.8843,-2.1903,MANJUHANK_PL
21PLK0028,,113.885,-2.2055,BUKITINDAH_TB
21PLK0029,,113.8929,-2.2313,GEORGE_OBOS_UJUNG_EP
21PLK0030,,113.8875,-2.1857,BUKIT_TUNGGAL_MT
21PLK0031,,113.8892,-2.1809,MUTIARABUKITTUNGGAL_PL
21PLK0032,,113.8896,-2.2437,GANGOBOS14_TB
21PLK0033,,113.8896,-2.2086,BUKIT_HINDU_MT
21PLK0034,,113.8911,-2.2001,TINGANG1_PL
21PLK0036,,113.8945,-2.2043,GARUDA_INDUK_PL
21PLK0037,,113.895,-2.1919,ANTANG_PALANGKA_PL
21PLK0038,,113.8952,-2.1999,BELIANG_TB
21PLK0039,,113.8964,-2.2235,GARU_MENTENG_PL
21PLK0040,,113.8971,-2.2295,OBOS_MENTENG_MT
21PLK0041,,113.8975,-2.2124,KOETIN_PALANGKA_PL
21PLK0042,,113.8977,-2.1855,CILIK_RIWUT_MT
21PLK0043,,113.8984,-2.2076,BATU_SULI_PL
21PLK0044,,113.8988,-2.2023,BUKIT_RAYA_TPP_TB
21PLK0045,,113.8995,-2.2175,MENTENG1_PL
21PLK0046,,113.9018,-2.1982,TINGANGANTANG_MT
21PLK0047,,113.9028,-2.2328,MENTENG18_TB
21PLK0048,,113.9028,-2.194,KINIBALU_CM
21PLK0049,,113.9034,-2.2078,JEKAN_RAYA_ST
21PLK0050,,113.9052,-2.2508,MENTENG_JEKAN_PLK_TB
21PLK0051,,113.9055,-2.2236,RADEN_SALEHK_PL
21PLK0052,,113.9059,-2.1991,RIMBA_HARAPANSAKTI_PL
21PLK0053,,113.906,-2.2139,IN_MEGATOP_MC
21PLK0055,,113.9067,-2.2139,YOS_SUDRSO_MT
21PLK0056,,113.907,-2.2279,MENTENG_PLK_PL
21PLK0057,,113.9078,-2.2899,BANGKIRAI_SEBANGAU_PLK_TB
21PLK0058,,113.9094,-2.1935,KAUTSARMOTOR_PALANGKARAYA_PL
21PLK0059,,113.9104,-2.2065,ADD_BUANA_MT
21PLK0060,,113.9107,-2.2121,TVRI_PLKRAYA_TI
21PLK0061,,113.9113,-2.1993,PASAR_KAHAYAN_EP
21PLK0062,,113.9115,-2.233,MENTENG_JEKAN_RAYA_PL
21PLK0063,,113.913,-2.2212,MENTENG_PALANGKA_PL
21PLK0064,,113.9137,-2.274,TEMBOKBERLIN_PL
21PLK0065,,113.9139,-2.2146,MHTHAMRIN_PLGKARAYA_MT
21PLK0066,,113.9144,-2.1965,MENDAWAI_PL
21PLK0067,,113.9151,-2.2068,IN_PALMA2_ST
21PLK0068,,113.9151,-2.2067,PALMA1_ST
21PLK0069,,113.9155,-2.2287,TEMANGGUNG_PLK_MT
21PLK0070,,113.9157,-2.202,MAHAKAM_PALANGKA_PL
21PLK0071,,113.917,-2.2676,KALIBATA_I_MENTENG_PL
21PLK0072,,113.9178,-2.2107,AQUARIUSIMAN_BONJOL_PL
21PLK0073,,113.9183,-2.2856,KERENG_BANGKIRAI_CM
21PLK0074,,113.9186,-2.2605,TAMPUNG_PENYANG_MENTENG_MT
21PLK0075,,113.9188,-2.2252,MILONO_PLK1_MT
21PLK0076,,113.9188,-2.2446,RTA_MILONO_PLK1_CM
21PLK0077,,113.9189,-2.2538,RTA_MILONO_KM5_ST
21PLK0078,,113.9193,-2.2024,SPARMANPALANGKA_PL
21PLK0079,,113.9201,-2.2779,RTA_MILONO_PLK2_PL
21PLK0080,,113.9186,-2.2362,MILONO_PLK_PL
21PLK0081,,113.9201,-2.2184,TRANSGUBERNUR_MT
21PLK0082,,113.9213,-2.2106,RUKO_AYANI_PLK_EP
21PLK0083,,113.9223,-2.2309,PAHANDUTK_PL
21PLK0084,,113.9257,-2.2267,URIA_JAYA_MT
21PLK0085,,113.9257,-2.2164,DIPONEGORO_PAHANDUT_PL
21PLK0086,,113.9267,-2.2501,LANGKAIK_PL
21PLK0087,,113.9277,-2.2216,PCPR_EP
21PLK0088,,113.9281,-2.2631,LANGKAI1_CM
21PLK0089,,113.9297,-2.2329,PADURAN_SABANGAU_CM
21PLK0090,,113.9305,-2.238,WBB_PALANGKARAYA_TB
21PLK0091,,113.9309,-2.2084,TELKOMYANI_MT
21PLK0092,,113.931,-2.2271,LANGKAI2_MT
21PLK0093,,113.9323,-2.2016,PAHANDUT_SEBERANGK_PL
21PLK0094,,113.9314,-2.219,DIPONEGORO_PLK_MT
21PLK0095,,113.9349,-2.2346,AKASIA_PAHANDUT_MT
21PLK0096,,113.9376,-2.2192,MI_KERUINGPAHANDUT_MT
21PLK0097,,113.9377,-2.2086,IN_KOMPLEKPERTOKOANCITRA1_MC
21PLK0098,,113.9379,-2.2247,PANARUNG1_MT
21PLK0099,,113.9383,-2.2079,PASAR_SENTRAL_EP
21PLK0100,,113.9386,-2.2322,PANARUNG_UJUNG_MT
21PLK0101,,113.9395,-2.2053,PAHANDUTHOTEL_MINA_PL
21PLK0103,,113.943,-2.2385,RAMIN_PANARUNG_PL
21PLK0104,,113.9435,-2.2059,PAHANDUT_PLGKARAYA_PL
21PLK0105,,113.9488,-2.221,MERANG_PANARUNG_MT
21PLK0106,,113.9569,-2.2429,PANARUNG_PAHANDUT_CM
21PLK0107,,113.9579,-2.2348,BANGARIS_MT
21PLK0108,,113.9717,-2.2399,BANGARIS_PAHANDUT_PL
21PLK0109,,113.975,-2.2774,PANARUNG_MT
21PLK0110,,113.978,-2.2469,SMPN_PALANGKARAYAK_PL
21PLK0111,,114.0102,-2.2795,BERENG_BENGKEL_MT
21PLK0113,,113.9419,-2.1732,TUMBANG_RUNGAN_TB
21PLK0114,,113.7595,-1.9863,TJILIKRIWUT_PALANGKA_PL
21PLK0115,,113.9487,-2.2592,CASADOVA_PL
21PLK0117,,113.8426,-2.1482,NEWJEKAN_RAYA_ED
21PLK0119,,113.9347,-2.2659,GRAHA_BUMIASRI_TB
21PLK0121,,113.8716,-2.2424,GOBOS_MENTENG_PL
21PPS0001,,113.944,-2.0853,BUKIT_RAWI_TB
21PPS0003,,114.0961,-3.2386,BAHAUR_MT
21PPS0008,,114.1265,-2.3771,TUMBANG_NUSA_PL
21PPS0010,,114.1538,-3.062,PANGKOH_HILIR_TB
21PPS0011,,114.1554,-2.9611,MALIKU_BARU_PL
21PPS0012,,114.1614,-2.886,PANGKUH_EP
21PPS0013,,114.185,-3.0212,BADIRIH_MT
21PPS0014,,114.1899,-2.528,JABIREN_TB
21PPS0015,,114.1928,-2.4836,PILANG_PPS_MT
21PPS0016,,114.1945,-2.5416,JABIREN_RAYA_PL
21PPS0019,,114.2161,-3.0541,TAHAI_BARU_MT
21PPS0020,,114.2448,-2.808,MANTAREN_SATU_MT
21PPS0021,,114.2581,-2.7511,PULANGPISAU_MT
21PPS0022,,114.2762,-2.6812,DESA_GOHONG_TB
21PPS0023,,114.2854,-2.7647,PULANG_PISAU_MT
21PPS0024,,114.2951,-2.6756,TRANS_KALIMANTAN_GOHONG_PL
21PPS0025,,114.1043,-3.2158,BAHAUR_HILIR_CM
21PPS0026,,114.0405,-3.2927,PAPUYU_PL
21PPS0027,,114.199,-3.1478,BELANTI_SIAM_MT
21PPS0028,,114.2087,-2.8508,MINTIN_CM
21PPS0029,,114.1065,-3.0904,TALIO_MUARA_PL
21PPS0030,,114.0988,-3.0021,KANTAN_DALAM_CM
21PPS0031,,114.1347,-2.9283,GARANTUNG_CM
21PPS0032,,114.1178,-2.9653,GANDANG_CM
21PPS0033,,114.1154,-2.8749,NT_DESA_KANAMIT_BARAT_PS
21PPS0034,,114.262,-2.7406,BERENG_TB
21PPS0035,,113.9534,-1.7747,PASAR_LAWANGURU_PL
21PPS0036,,114.1009,-3.2262,BAHAUR_TENGAH_PL
21PPS0037,,113.9546,-1.8616,PARAHANGAN_KAHAYAN_PL
21PPS0038,,113.9649,-1.8254,BERENGRAMBANG_KAHAYAN_PL
21PPS0039,,114.189,-2.9539,BB_SSMS_KANAMIT_PL
21PPS0040,,114.157,-2.9154,KANAMITJAYA_MALIKU_PL
21PPS0041,,114.1996,-2.8131,PLTU_PULANGPISAU_CM
21PPS0042,,114.27,-2.7798,TRANS_PULANGPISAU_PL
21PPS0043,,113.9442,-1.6685,PAHAWAN_PULANGPISAU_PL
21PPS0044,,113.9529,-1.9878,SIMPANG_KURUN_PL
21PPS0045,,114.3114,-2.7564,KADES_HANJAKMAJU_PL
21PPS0046,,114.1087,-3.0481,KADES_MULYASARI_PL
21PPS0047,,114.1249,-3.0973,TALIO_HULU_CM
21PPS0048,,114.1072,-2.925,KADES_SIDODAI_PANGKOH_PL
21PPS0049,,113.9253,-1.6189,BANAMA_TINGGANG_PL
21PPS0050,,114.1248,-3.1601,DESA_DANDANGBAHAUR_TB
21PPS0051,,114.1114,-3.188,KAHAYAN_KUALA_CM
21PPS0052,,113.9539,-1.9355,DESA_PAMARUNAN_CM
21PRC0001,,114.0534,-0.0123,US_SUPANG_BU
21PRC0002,,114.2957,-0.6972,TUMBANG_LAUNG_EP
21PRC0003,,114.4456,-0.6753,AIRPORT_INDOMURO_EP
21PRC0004,,114.5158,-0.6269,KUNOT_MT
21PRC0005,,114.541,-0.7074,MUARA_UNTU_TB
21PRC0006,,114.5642,-0.6437,KMPLEK_RSUD_TB
21PRC0007,,114.5693,-0.6203,PURUK_CAHU_PRC_PL
21PRC0008,,114.7331,-0.6024,MUARALAUNG_EP
21PRC0009,,114.8058,-0.6304,BHP_BILITON_MT
21PRC0010,,114.2738,-0.6166,NT_DESA_BARATU_PS
21PRC0011,,114.2581,-0.6537,NT_DESA_JUKING_SOPAN_PS
21PRC0012,,114.2837,-0.6648,NT_DESA_MUARA_BABUAT_PS
21PRC0013,,114.2314,-0.7234,NT_DESA_SUNGAI_BATANG_PS
21PRC0014,,114.176,-0.7266,NT_DESA_SUNGAI_GULA_PS
21PRC0015,,114.2895,-0.7935,VS_NT_TUMBANG_SALIO_PS
21PRC0016,,114.4365,-0.5811,NT_DESA_KALANG_KALUH_PS
21PRC0017,,114.5071,-0.5244,VS_NT_SARIPOI_PS
21PRC0018,,114.5749,-0.6339,BERIWIT_MURUNG_PL
21PRC0019,,114.5777,-0.6532,ISLAMICCENTER_PRUKCAHU_TB
21PRC0020,,114.8062,-0.6221,PELABUHAN_SIMPULAN_TB
21PRC0021,,114.8062,-0.6221,MUARA_TUHUP_TB
21PRC0022,,114.5521,-0.6257,SMK_PURUKCAHU_PL
21PRC0023,,114.4556,-0.707,KADES_MANGKAHUI_TB
21PRC0024,,114.5837,-0.6785,KADES_BAHITOM_CM
21PRC0025,,114.6007,-0.6264,KADES_JUKINGPANJANG_MT
21PRC0027,,114.3593,-0.7352,MUARA_BAKANON_TB
21PRC0028,,114.5946,-0.6603,BUMI_KASTURI_CM
21PRC0029,,114.5798,-0.6099,PURUKCAHU_SEBERANG_CM
21SMA0001,,110.7388,-2.9866,KECAMATAN_KUALA_JELAI_MT
21SMA0002,,111.1313,-2.2129,SEMBIKUAN_PL
21SMA0003,,111.1666,-2.7174,SUNGAI_CABANG_MT
21SMA0004,,111.1681,-2.7238,SUKAMARA_MT
21SMA0005,,111.1682,-2.2915,BANGUNJAYA_SUKAMARA_PL
21SMA0006,,111.1752,-2.7079,PADANG_SUKAMARA_TB
21SMA0007,,111.1774,-2.9934,DESA_SUNGAI_CABANG_BARAT_TB
21SMA0008,,111.1802,-2.7647,NATAI_SEDAWAK_GH
21SMA0010,,111.1879,-2.3432,SEKUNINGAN_BARU_GH
21SMA0011,,111.2398,-2.5272,SUKARAJA_SMA_LS
21SMA0012,,111.2574,-2.637,SUNGAI_RANGIT_SUKAMARA_EP
21SMA0013,,111.2117,-2.3482,BUKIT_SUNGKAI_TB
21SMA0014,,111.1628,-2.3299,NT_BALAI_RIAM_PL
21SMA0015,,111.0992,-2.2434,NT_DESA_NIBUNG_TERJUN_PL
21SMA0016,,111.1501,-2.4071,VS_NT_DESA_JIHING_PL
21SMA0017,,111.1786,-2.699,PADANG_MSALEH_MT
21SMA0018,,111.1881,-2.3011,BALAI_RIAM_CM
21SMA0019,,111.2227,-2.2683,AJANG_MT
21SMA0020,,111.1665,-2.7484,PERMATA_SUKMAPARK_CM
21SMA0021,,111.1783,-2.2588,NATAI_KONDANG_TB
21SMA0022,,111.2382,-2.3161,LUPU_PERUCA_TB
21SMA0023,,111.2501,-2.3914,PANGKALAN_MUNTAI_TB
21SPT0002,,112.4631,-2.4029,SIMPANG_SEBABI_MT
21SPT0004,,112.4918,-2.0488,TANGKA_ROBAH_PL
21SPT0005,,112.4972,-2.413,KAWAN_BATU_MT
21SPT0006,,112.5005,-2.5465,SIMPANG_BUNGKAL_EP
21SPT0007,,112.5091,-1.9662,KUALAKUAYAN_EP
21SPT0008,,112.5111,-2.5929,PONDOK_DAMAR_SPT1_EP
21SPT0010,,112.5159,-2.1897,TANGAR_KM28_MT
21SPT0011,,112.5469,-1.906,TJJARIANGAU_PL
21SPT0012,,112.551,-1.8189,SANGAI_EP
21SPT0013,,112.5526,-2.5903,PONDOK_DAMAR_SPT2_PL
21SPT0014,,112.5644,-2.4157,SEIBABI_MT
21SPT0015,,112.6013,-1.7603,TUMBANG_MANGKUP_PS
21SPT0016,,112.605,-2.5313,SUDIRMAN_BAMANG_PL
21SPT0017,,112.6066,-1.7671,AGUNG_MULYA_PL
21SPT0018,,112.616,-2.0,MAMKIN_KM15_MT
21SPT0019,,112.6256,-1.771,ANTANG_KALANG_SPT2_TB
21SPT0020,,112.6259,-1.8052,TANJUNG_HARAPAN_SPT_TB
21SPT0021,,112.6323,-2.5997,NANGKA_BARU_MT
21SPT0022,,112.6418,-2.5084,TANAHPUTIH_EP
21SPT0023,,112.6452,-1.4949,ANTANG_KALANG_SPT1_MT
21SPT0024,,112.6563,-1.8048,BUKIT_MAKMUR_SPT_PL
21SPT0025,,112.6577,-1.699,LUWUK_KUWAN_PL
21SPT0026,,112.6598,-1.7505,WONOSARI_SPT_PL
21SPT0027,,112.6651,-1.895,BUANA_MSTKA_MT
21SPT0028,,112.6744,-2.0286,IPKSAMPIT_MT
21SPT0029,,112.6749,-2.1907,TANGARSAWIT_TSA_MT
21SPT0030,,112.6862,-1.6522,LONG_FAER_TB
21SPT0031,,112.6966,-1.5427,GUNUNG_MAKMUR_SPT_CM
21SPT0032,,112.716,-1.9427,PRIMACOM_MT
21SPT0034,,112.7416,-2.4343,WENGGA_METROPOL_PL
21SPT0035,,112.7466,-2.1035,KABUAU_PARENGGEAN_MT
21SPT0037,,112.7601,-2.4904,SAMPIT_PANGKALANBUN_MT
21SPT0039,,112.7692,-1.999,RAYA_PARENGGEAN_PL
21SPT0040,,112.7984,-2.0244,PARENGGEAN_EP
21SPT0042,,112.8066,-2.0151,POROSPARENGGEAN_MT
21SPT0043,,112.8355,-2.4483,PENYANG_TLW_GH
21SPT0044,,112.8487,-1.9998,BAJARAU_GH
21SPT0045,,112.8558,-1.6517,TANJUNG_JORONG_PL
21SPT0046,,112.8575,-1.9258,JATI_WARINGIN_CM
21SPT0047,,112.8583,-1.8874,POROS_BARUNANG_MT
21SPT0048,,112.86,-2.4913,BAAMANG_TENGAH_SPT2_MT
21SPT0049,,112.8604,-1.9773,DESA_KARANG_SARI_EP
21SPT0051,,112.8761,-2.5103,PENYANG_MT
21SPT0052,,112.877,-2.5297,KM7_PANGKALAN_BUN_MT
21SPT0053,,112.881,-2.5465,KABUAU_SPT_PL
21SPT0054,,112.8852,-2.5346,PASIR_PUTIH_SPT1_MT
21SPT0055,,112.8899,-2.3976,TUMBANG_SEPAYA_PL
21SPT0056,,112.8914,-2.7445,BAGENDANG_HULU_MT
21SPT0057,,112.8932,-2.3685,RUBUNG_BUYUNG_MT
21SPT0058,,112.8936,-2.536,MENTAWABARUHULU_MT
21SPT0059,,112.8938,-2.7142,MAKMUR_MENTAYA_PL
21SPT0060,,112.9045,-2.7483,BAGENDANG_EP
21SPT0061,,112.9046,-2.0396,HUTAN_WARU_TB
21SPT0062,,112.9125,-2.5338,KM2SUDIRMANSAMPIT_TB
21SPT0064,,112.9209,-2.7953,BAGENDANG_GARUDA_PL
21SPT0065,,112.922,-2.5349,KUALA_KUAYAN_PL
21SPT0066,,112.9232,-3.0617,DESA_LEMPUYANG_PL
21SPT0068,,112.9255,-3.2319,UJUNG_PANDARAN_MT
21SPT0069,,112.9267,-2.0984,BUKIT_RAYA_SPT_ST
21SPT0070,,112.9279,-2.8228,BASIRIH_HULU_GH
21SPT0071,,112.9301,-1.686,TUMBANG_KOLING_TB
21SPT0072,,112.9313,-2.7103,BAPEANG_CM
21SPT0073,,112.9331,-2.5351,PLAZA_BORNEO_CITY_SAMPIT_CM
21SPT0074,,112.9333,-2.5132,BAAMANG_TENGAH_SPT1_IF
21SPT0075,,112.9353,-2.5305,SAWAHAN_SPT_MT
21SPT0076,,112.9365,-2.5416,HYPERMART_SAMPIT_TB
21SPT0077,,112.9371,-2.5242,MI_BATU_PIRUS_TB
21SPT0078,,112.9386,-2.5541,KAMP_PADATKARYA_MT
21SPT0079,,112.9392,-2.5482,KUALA_KUAYAN_SPT_TB
21SPT0080,,112.9397,-2.5362,MENTAWA_BARU1_CM
21SPT0081,,112.9398,-2.5203,WENGGA_PL
21SPT0082,,112.9401,-2.5285,SAWAHAN_TB
21SPT0083,,112.9404,-2.5631,DESA_BUKIT_INDAH_PL
21SPT0084,,112.9408,-2.5142,PELANGSIAN_MT
21SPT0085,,112.9426,-2.5516,MENTAWA_BARU2_MT
21SPT0086,,112.9433,-2.5432,WAHANA_AGROTAMA_MAKMUR_PERKASA_TB
21SPT0087,,112.9438,-2.5209,STADION_SPT_TB
21SPT0088,,112.9443,-2.5474,MENTAWA_BARU_HILIR_MT
21SPT0089,,112.9449,-2.5296,BAAMANG_2_JL_KARTINI_MT
21SPT0090,,112.9467,-2.5607,KETAPANG_SPT2_TB
21SPT0091,,112.9469,-2.6223,SAMPIT_BAGENDANG_TB
21SPT0092,,112.9481,-2.5548,BORNEO_EKA_SAWIT_TANGGUH_TB
21SPT0093,,112.9486,-2.5133,BERNANG_BARAT_MT
21SPT0094,,112.949,-2.5485,MI_MENTAWA_SAMPIT_MT
21SPT0095,,112.9501,-2.5366,SAMPIT_WARINGIN_TB
21SPT0096,,112.9513,-2.569,KM8_SAMUDA_MT
21SPT0097,,112.9514,-2.5422,SAMPIT_SPT_EP
21SPT0098,,112.9516,-2.5574,RIMBA_SAWIT_TB
21SPT0099,,112.9516,-2.5198,JLARJUNO_PL
21SPT0100,,112.9524,-2.5303,MENTAYA_HULU_SPT_MT
21SPT0101,,112.953,-2.5254,KOTAWARINGIN_SERUYAN_TB
21SPT0102,,112.9533,-2.5722,BAWAK_TUNAS_SAWIT_BELUM_TB
21SPT0103,,112.9534,-2.6117,NEWMENTAYA_TB
21SPT0104,,112.9541,-2.516,SAMPIT_SERUYAN_TB
21SPT0105,,112.9557,-2.2169,DESA_PATAI_PL
21SPT0106,,112.9546,-2.5479,SUPRAPTO_MENTAWA_MT
21SPT0107,,112.955,-2.5334,SIRATHAL_MUSTAQIM_MT
21SPT0108,,112.9557,-2.6502,ARSYAD_BAPEANG_PL
21SPT0109,,112.9562,-2.5422,MENTAWA_BARU_TB
21SPT0111,,112.9565,-2.5545,JLDELIMA_KETAPANG_MT
21SPT0112,,112.9567,-2.5371,KOTAWARINGIN_KALIMANTAN_TB
21SPT0113,,112.9581,-2.5068,NEWSTADIONSPT_TB
21SPT0114,,112.9583,-2.3891,BAJARUM_EB
21SPT0115,,112.9589,-2.5262,SERUYAN_KALIMANTAN_TB
21SPT0116,,112.9595,-2.5331,BAAMANG_HILIR_TB
21SPT0117,,112.9601,-2.5214,PGRI_BAAMANG_TB
21SPT0118,,112.9618,-2.5476,PAHIRANGAN_TB
21SPT0119,,112.9619,-3.0025,LAMPUYANG_CM
21SPT0120,,112.962,-2.5587,PTWINDU_NABATINDO2_PL
21SPT0121,,112.9625,-2.5538,KETAPANG_SPT_MT
21SPT0122,,112.963,-2.5132,TUMBANG_BOLOI_MT
21SPT0123,,112.9631,-2.8325,JAYA_KELAPA_PL
21SPT0124,,112.9633,-2.5289,GRAHA_INDOSAWIT_TB
21SPT0125,,112.9636,-2.5429,PASAR_MENTAYA_EP
21SPT0126,,112.9641,-2.535,PONDOK_DAMAR1_PL
21SPT0127,,112.9642,-2.844,SAMUDA1_MT
21SPT0128,,112.9658,-2.1375,CEMPAGA_SPT_EP
21SPT0129,,112.9667,-2.8107,SAMUDA_SEBERANG_PL
21SPT0130,,112.9668,-2.5243,MUCHRAN_ALI_MT
21SPT0131,,112.9668,-2.8433,SAMUDA_MT
21SPT0132,,112.967,-2.5639,GATSU_SAMPIT_MT
21SPT0133,,112.9691,-2.5175,BAAMANG_HULU_MT
21SPT0134,,112.9704,-2.5691,TELAGA_BARU2_TB
21SPT0136,,112.9712,-2.8438,BASIRIH_HILIR_PL
21SPT0137,,112.9726,-2.905,SAMUDA_BESAR_GH
21SPT0139,,112.973,-2.5074,BAAMANG_HULU1_ST
21SPT0140,,112.9731,-2.5121,NEWRAJA_TB
21SPT0141,,112.9746,-2.5379,MUFAKAT_SPT_PL
21SPT0142,,112.9755,-2.5814,TELAGA_BARU1_PL
21SPT0143,,112.976,-2.5049,BAAMANG_MT
21SPT0144,,112.9774,-2.2772,JEMARAS_TB
21SPT0145,,112.9805,-2.0493,PELANTARAN_PL
21SPT0146,,112.9805,-2.4001,KOTA_BESI_EP
21SPT0147,,112.9842,-2.5959,BATANGKANG_PL
21SPT0148,,112.9845,-2.8386,HANAU_RUNGAU_MT
21SPT0149,,112.9877,-2.9332,PAREBOK_GH
21SPT0150,,112.9937,-2.3942,BARUNANG_MIRI_SPT_PL
21SPT0151,,112.994,-2.3509,LUWUK_BUNTER_MT
21SPT0152,,112.9984,-2.9624,DESA_BESAWANG_PL
21SPT0153,,113.0051,-3.1617,MENTAYA_HILIR_UTARA_PL
21SPT0154,,113.0068,-2.2979,MULYA_BARAT_PL
21SPT0155,,113.0086,-2.1361,SUDAN_TB
21SPT0156,,113.0116,-2.4849,TANAHMAS_BMG_TB
21SPT0157,,113.0127,-2.3257,CEMPAKA_MULIA_TB
21SPT0158,,113.0183,-2.0034,WARINGIN_AGUNG_CM
21SPT0159,,113.0288,-2.3927,PTWINDU_NABATINDO1_PL
21SPT0160,,113.0332,-2.001,RUBUNG_BUYUNG_CEMPAGA_TB
21SPT0162,,113.056,-1.9757,TUMBANG_SAPIRI_PL
21SPT0163,,113.0561,-2.4752,BATUAH_SPT_TB
21SPT0164,,113.059,-2.4084,KENYALA_ST
21SPT0165,,113.061,-1.9912,NABATINDO_LESTARI_TB
21SPT0166,,113.0627,-2.4241,DESA_TERANTANG_MT
21SPT0167,,113.0832,-2.0164,PANTAIHARAPAN_TB
21SPT0168,,113.1064,-1.822,BISMA_DARAMA_TB
21SPT0169,,113.1278,-1.9416,PUNDU_EP
21SPT0171,,113.1819,-1.9264,SIMPANGSAMBA_MT
21SPT0172,,113.1612,-1.9308,PUNDU_CM
21SPT0173,,112.7607,-2.0973,KABUAU_PARENGGEAN_CM
21SPT0174,,112.873,-1.9833,KARANG_TUNGGAL_CM
21SPT0175,,112.7399,-1.9536,SARI_HARAPAN_CM
21SPT0176,,112.92,-2.3861,KANDAN_CM
21SPT0177,,112.973,-2.6171,BANGKUANG_MAKMUR_CM
21SPT0178,,113.0462,-2.9432,BAPINANG_HILIR_TB
21SPT0183,,112.5541,-1.7788,NT_DESA_TUMBANG_MANGKUP_PL
21SPT0184,,112.6339,-1.7395,NT_DESA_LUWUK_KOWAN_PL
21SPT0185,,112.6163,-1.6509,NT_TUMBANG_SEPAYANG_PL
21SPT0186,,112.4641,-1.8805,NT_DESA_TUMBANG_KAMINTING_PL
21SPT0187,,112.365,-1.7745,VS_NT_TUMBANG_GETAS_PL
21SPT0188,,112.4427,-1.7275,VS_NT_TUMBANG_BATU_PL
21SPT0189,,112.4899,-1.6802,VS_NT_BATU_AGUNG_PL
21SPT0190,,112.5078,-1.6371,VS_NT_TRI_BUANA_PL
21SPT0191,,112.6749,-1.6124,NT_DESA_GUNUNG_MAKMUR_PL
21SPT0192,,112.5729,-1.711,DESA_TUMBANG_BAJANEI_PL
21SPT0193,,112.6462,-1.4341,VS_NT_KULUK_TELAWANG_PL
21SPT0194,,112.6058,-1.4913,NT_DESA_TUMBANG_MANYA_PL
21SPT0195,,113.0968,-3.0394,NT_SATIRUK_PL
21SPT0196,,113.0704,-2.9883,DESA_SERAMBUT_PL
21SPT0197,,112.3671,-1.4851,VS_NT_RANTAU_SAWANG_PL
21SPT0198,,112.514,-1.4742,NT_DESA_TUMBANG_PUAN_PL
21SPT0199,,112.3919,-1.7709,NT_TUMBANG_SAPIA
21SPT0201,,112.6553,-2.4966,PENYANG_CM
21SPT0203,,112.4658,-2.395,SMAKMUR_TELAWANG_PL
21SPT0207,,112.9166,-1.8266,TASK_ESTATE_PL
21SPT0209,,112.8546,-1.9431,SMAKMUR_PARENGGEAN_PL
21SPT0210,,112.786,-1.9801,TUGUMUDA_PARENGGEAN_PL
21SPT0211,,112.7464,-1.9912,PARENGGEAN_PARENGGEAN_PL
21SPT0212,,112.4911,-2.543,SIMPANG_BAAMANG_PL
21SPT0213,,112.6653,-1.8654,BUANA_MUSTIKA_PL
21SPT0216,,112.9593,-2.4997,HAJIASAN_AIRPORT_PL
21SPT0217,,112.7814,-2.0162,JLRAYAPARENGGEAN_PL
21SPT0218,,112.9428,-2.8481,BASIRIH_HILIR_PL_PL
21SPT0219,,112.9968,-2.8918,POSTNI_SAMUDA_PL
21SPT0220,,112.9616,-2.8854,MENTAYA_HILIR_TB
21SPT0222,,112.869,-2.7369,KADES_BAGENDANGTENGAH_PL
21SPT0223,,112.9134,-2.7271,PELABUHAN_BAGENDANG_TB
21SPT0224,,112.6949,-1.7447,TUALAN_WONOSARI_TB
21SPT0225,,112.9942,-2.8603,PELABUHAN_HANDILMAWAR_TB
21SPT0226,,112.8853,-1.9113,BARINGIN_TUNGGALJAYA_TB
21SPT0227,,112.9935,-2.5399,SIMPANG_METAYA_TB
21SPT0228,,112.7505,-2.218,BUKIT_BANUAS_TB
21SPT0231,,112.9499,-2.7905,PELABUHAN_HANAUT_TB
21SPT0233,,113.0971,-1.947,SIMPANG_SELUNCING_TB
21SPT0235,,112.9522,-2.6744,JEGLONGAN_SEWU_CM
21SPT0236,,112.5493,-1.8295,KADES_TUMBANG_SANGAI_CM
21SPT0239,,112.6385,-1.8212,NEWTELAGA_ANTANG_PL
21TML0001,,114.9477,-2.2293,TELANG_BARU_EP
21TML0002,,115.0331,-1.819,BAMBULUNG_TB
21TML0004,,115.1137,-1.9369,TAMPA_EP
21TML0005,,115.1352,-2.0379,JAWETEN_TB
21TML0006,,115.1486,-1.8021,AMPAH_PL
21TML0007,,115.1665,-2.113,TAMIYANG_LAYANG_MT
21TML0008,,115.184,-2.2174,PAMA_PASAR_PANAS_EP
21TML0009,,115.1814,-1.7311,TRANSMIGRASI_SIBUNG_PL
21TML0012,,115.2434,-1.9794,HAYAPING_MT
21TML0013,,115.2439,-1.9567,NT_BIWAN_GH
21TML0014,,115.3236,-2.0581,BENTOT_TB
21TML0016,,115.2113,-2.1529,JAAR_DUSUNTIM_PL
21TML0017,,115.0755,-1.981,DAYU_KARUSEN_TB
21TML0018,,115.2519,-2.0569,NT_MATARAH_MT
21TML0020,,115.2211,-2.0349,NT_DESA_BANGKIRAYEN_PS
21TML0021,,115.2731,-2.0108,NT_DESA_TANGKAN_PS
21TML0022,,115.2848,-1.9869,NT_DESA_PIANGGU_PS
21TML0023,,115.2096,-1.7937,DESA_NETAMPIN_PS
21TML0024,,115.1982,-1.6959,NT_DESA_MALINTUT_PS
21TML0025,,115.2987,-1.9527,NT_DESA_APAR_BATU_PS
21TML0026,,115.1489,-1.7901,AMPAH_PATAS_PL
21TML0027,,115.1201,-1.8028,PUTAI_TB
21TML0028,,115.1826,-2.1242,AYANI_TAMIYANG_PL
21TML0029,,115.1499,-1.7791,AMPAH_KOTA_PL
21TML0030,,115.164,-1.8136,TVRI_AMPAH_PL
21TML0031,,115.1328,-1.9163,KACAM_PAKU_CM
21TML0032,,115.142,-2.0862,SIMPANG_TAMIYANGLAYANG_TB
21TML0033,,115.169,-1.7915,MURUNG_BAKI_CM
22BPP0002,,116.7995,-1.1746,KARIANGAU_BPP_PL
22BPP0003,,116.8106,-1.2799,KMP_PRTMNA_EP
22BPP0004,,116.8117,-1.2265,BARU_ULU_PL
22BPP0005,,116.8124,-1.2286,BARU_ULU1_PL
22BPP0006,,116.8153,-1.2333,SUPRAPTO_TB
22BPP0007,,116.8151,-1.2736,PERTAMINA_ST
22BPP0008,,116.8161,-1.2231,KAMPUNG_BARU_UJUNG_EP
22BPP0009,,116.8178,-1.227,BARU_TENGAH_BPP2_TB
22BPP0010,,116.8184,-1.2767,HOTEL_BINTANG_TB
22BPP0011,,116.8195,-1.2743,PERAPATAN_PL
22BPP0012,,116.8196,-1.2023,KARIANGAU_EP
22BPP0013,,116.8211,-1.2329,ASKITBARUILIR_MT
22BPP0014,,116.8219,-1.262,PERTAMINA_BPP_TM
22BPP0015,,116.8233,-1.2719,PRAPATAN_DALAM_MT
22BPP0016,,116.8237,-1.2289,GUNUNG_SATU_PL
22BPP0017,,116.8239,-1.2377,PANDANSARI_PL
22BPP0018,,116.8241,-1.2342,IN_PLAZAKEBONSAYUR1_MC
22BPP0019,,116.8256,-1.2323,KEBUN_SAYUR_EP
22BPP0021,,116.826,-1.2188,BATU_BUTOK_PL
22BPP0022,,116.8281,-1.2717,TJPURA_BPP_PL
22BPP0023,,116.8286,-1.2247,MARGO_MULYO_TB
22BPP0024,,116.8297,-1.2599,PRAPATAN_DALAMGN_PANCUR_XL
22BPP0026,,116.8303,-1.2507,JLMINYAK_EP
22BPP0027,,116.8306,-1.2767,GEDUNG_BRI_ST
22BPP0028,,116.8308,-1.2299,JLSTRAAT_PL
22BPP0029,,116.8313,-1.2388,BARU_ILIR_IF
22BPP0030,,116.8323,-1.2339,KOMPLEK_PERTAMINA_TB
22BPP0031,,116.8328,-1.2689,MI_TELAGA_SARI_MT
22BPP0032,,116.8331,-1.1974,SLTNHASANUDIN_KARIANGAU_PL
22BPP0033,,116.8337,-1.2599,BALIKPAPAN_PL
22BPP0034,,116.8335,-1.2758,HOTEL_MEGA_LESTARI_MT
22BPP0036,,116.8347,-1.2241,TELINDUNG_MT
22BPP0037,,116.8348,-1.2466,PATRA_DHARMA_CM
22BPP0038,,116.835,-1.2414,IN_RAPAK_PLAZA_MC
22BPP0039,,116.8343,-1.2523,KARANGBUGIS_CM
22BPP0040,,116.8356,-1.2413,RAPAKPLAZA_MT
22BPP0041,,116.8362,-1.2575,KARANG_JATI_BPP_TB
22BPP0042,,116.8362,-1.2725,MILONO_BPP_MT
22BPP0043,,116.8364,-1.2202,STTELINDUNG_ST
22BPP0044,,116.8376,-1.2141,VILLA_BATUAMPAR_PL
22BPP0045,,116.8377,-1.2691,JLAYANI_BPP_PL
22BPP0046,,116.8383,-1.248,RAMBUTAN_BPP_EP
22BPP0047,,116.8383,-1.233,INPRES_BALIKPAPAN_PL
22BPP0048,,116.8382,-1.2632,GUNUNGSARI_ILIR_PL
22BPP0049,,116.8385,-1.2778,IN_BALIKPAPANPLAZA_DH
22BPP0050,,116.8386,-1.1838,KARTINI_KARIANGAU_ST
22BPP0051,,116.8391,-1.2759,MENARA_BAHTERA_EP
22BPP0052,,116.8395,-1.2572,SUCOFINDO_BPP_EP
22BPP0053,,116.8404,-1.2368,SOEKARNO_HATTA_KM2_MT
22BPP0054,,116.8404,-1.2759,IN_MALL_BTC_MC
22BPP0055,,116.841,-1.2271,MUARA_RAPAK_PL
22BPP0056,,116.8413,-1.2725,GUNUNG_SARI_HILIR_PL
22BPP0057,,116.8414,-1.2238,PADAT_KARYA_PL
22BPP0058,,116.8415,-1.2404,JLSENAYAN_PL
22BPP0059,,116.8415,-1.2781,BALCONY_MALL_KN
22BPP0061,,116.8419,-1.2665,BUKIT_SION_EP
22BPP0062,,116.8424,-1.218,STAWSYAHRANI_ST
22BPP0063,,116.8427,-1.2531,BONTO_BULAENG_SUMBEREJO_PL
22BPP0064,,116.8428,-1.2558,SUMBER_REJO_BPP_BPP1_TB
22BPP0065,,116.8429,-1.2125,SOMBER_BPP_MT
22BPP0066,,116.8435,-1.2746,MI_BLORAKLANDASANILIR_CM
22BPP0067,,116.8437,-1.2699,GUNUNG_MALANG_MT
22BPP0068,,116.8444,-1.2457,KARANGREJO_BPP_TB
22BPP0069,,116.8451,-1.2233,RUKO_RCPP_EP
22BPP0070,,116.8453,-1.235,GUNUNG_SAMARINDA_PL
22BPP0071,,116.8454,-1.2767,IN_GRANDSUDIRMANBALIKPAPAN_ST
22BPP0072,,116.8455,-1.2721,GUNUNG_MALANG1_PL
22BPP0073,,116.8461,-1.2674,SUTOYO_BPP_TB
22BPP0074,,116.8463,-1.2756,JENDSUDIRMAN_KLANDASAN_CM
22BPP0075,,116.8464,-1.174,SULTAN_HASANUDINKARIANGAU_PL
22BPP0076,,116.8465,-1.2608,GUNUNG_GUNTUR_MT
22BPP0077,,116.8471,-1.2275,WONOREJO_BPP_PL
22BPP0078,,116.8475,-1.2491,SUMBER_REJO_BPP_BPP2_PL
22BPP0079,,116.8485,-1.231,GNSTELING_MT
22BPP0080,,116.8485,-1.2571,SIMPANG_GUNTUR_MT
22BPP0081,,116.8511,-1.1952,GRAHA_INDAH_BPP_EP
22BPP0082,,116.8507,-1.216,LKMD_BATU_AMPAR_MT
22BPP0083,,116.8509,-1.2671,NUANSA_INDAH_PL
22BPP0084,,116.8514,-1.162,KOMATSU_ST
22BPP0085,,116.8515,-1.2708,MARKONI_EP
22BPP0086,,116.8512,-1.2419,SUMBER_REJO_BPP1_PL
22BPP0087,,116.8515,-1.2538,JLGUNTUR_DAMAI_PL
22BPP0088,,116.8522,-1.2239,PERUM_BATU_AMPAR_ST
22BPP0090,,116.8525,-1.2032,GRAHA_INDAH_MT
22BPP0091,,116.8528,-1.1833,GUDANG_KARIANGAU_MT
22BPP0092,,116.8533,-1.2351,STRAAT_3_BALIKPAPAN_MT
22BPP0093,,116.8537,-1.2074,GGSARTIKA_BTAMPAR_TB
22BPP0094,,116.8545,-1.2176,COLOCATIONSHARINGMGWBYNSN_MT
22BPP0095,,116.8555,-1.2108,SANGGAR_BUANA_MT
22BPP0096,,116.855,-1.269,MARKONI_TENGAH_TB
22BPP0097,,116.8562,-1.1946,PROJAKAL_AMPAR_BPP_PL
22BPP0098,,116.8562,-1.2304,STRAAT_WONOREJO_BPP_PL
22BPP0099,,116.8567,-1.2222,AMPAR_LESTARI_PL
22BPP0100,,116.8574,-1.2603,PDAM_BLPP_TB
22BPP0101,,116.8583,-1.248,JOKOTOLE4_BPP_PL
22BPP0102,,116.8582,-1.2399,PERUM_PL
22BPP0103,,116.8582,-1.2272,BAMPR_LESTARI_PL
22BPP0104,,116.8589,-1.2662,MANUNGGAL_BPP_PL
22BPP0106,,116.859,-1.2731,I2_BLPSUPER_BLOCK_KN
22BPP0107,,116.8568,-1.2742,IN_PENTACITYBPPSB_MC
22BPP0108,,116.8604,-1.27,PUPUK_MT
22BPP0109,,116.8604,-1.2063,ANUGERAH_BATU_AMPAR_AG
22BPP0110,,116.8608,-1.2541,TNR_LEBANANPOI_PL
22BPP0112,,116.8615,-1.2205,RINGROAD_EP
22BPP0113,,116.8615,-1.2121,LESTARI_BALIKPAPAN_CM
22BPP0114,,116.8622,-1.2493,MI_KOMPLEKBCD_MT
22BPP0115,,116.8623,-1.2441,FANTASY_JUNCTION_PL
22BPP0116,,116.8626,-1.2337,KUTAI_HILL_PS
22BPP0117,,116.8634,-1.259,BELLER_DAMAI_TB
22BPP0118,,116.8639,-1.2663,PUPUK_BARU_EP
22BPP0119,,116.864,-1.2038,PROJAKALKM5_PL
22BPP0120,,116.8642,-1.2739,LAPAS_CM
22BPP0121,,116.8644,-1.2294,KAMPUNG_TIMUR_PL
22BPP0122,,116.8648,-1.2234,MTHARYONO1_PL
22BPP0123,,116.8657,-1.1993,BATU_AMPAR1_TB
22BPP0124,,116.866,-1.1888,PERUM_TAMAN_SARI_TB
22BPP0125,,116.8671,-1.2565,KTR_DIVRE_MT
22BPP0126,,116.8673,-1.2485,AGUNG_TUNGGAL_MT
22BPP0127,,116.8694,-1.2036,GRIYA_PRIMA_LESTARI_TB
22BPP0128,,116.8705,-1.2525,I2_SILOAMHOSPITALBALIKPAPAN_MC
22BPP0129,,116.8706,-1.2736,DAMAIBAHAGIA_PL
22BPP0130,,116.871,-1.2325,PERUM_WIKA_TB
22BPP0131,,116.871,-1.2442,HARYONO_BPP_EP
22BPP0133,,116.8712,-1.2095,KRNGJOANG_BALIKPAPANTMR_TB
22BPP0135,,116.8719,-1.2421,KANTOR_PAJAK_PL
22BPP0136,,116.8719,-1.2581,BDI_EP
22BPP0137,,116.8721,-1.2262,RSUD_KANUJOSO_DJATIWIBOWO_PL
22BPP0138,,116.8754,-1.2535,PERUM_BDI_MT
22BPP0139,,116.8754,-1.2642,GNBAHAGIA_PL
22BPP0140,,116.8754,-1.2356,BPN_SPORT_CENTER_MT
22BPP0141,,116.8753,-1.2292,SYARIFUDIN_YOES_PL
22BPP0142,,116.8758,-1.2402,LOTTE_BALIKPAPAN_BN
22BPP0143,,116.8759,-1.2726,JLMARSMA_R_ISWAHYUDI_PL
22BPP0144,,116.8762,-1.1486,KARANG_JOANG_BPP2_IB
22BPP0145,,116.8766,-1.2489,MI_HARYONODALAM_MT
22BPP0146,,116.8775,-1.2019,BATU_AMPABATU_AMPAR_KM7_PL
22BPP0147,,116.8784,-1.1102,GRAHA_INDAH_KARJOA_IB
22BPP0148,,116.8785,-1.2673,MARSMA_ISWAHYUDI_BPP_TB
22BPP0149,,116.8793,-1.2614,PASAR_BUTON_TB
22BPP0150,,116.8796,-1.1381,KM18_BALIKPAPAN_MT
22BPP0151,,116.8794,-1.1814,WADUK_MANGGAR_EP
22BPP0152,,116.8797,-1.2226,SPGRTAMA2_TB
22BPP0153,,116.8786,-1.2416,RUHUI_RAHAYU_BPP_IF
22BPP0154,,116.8802,-1.1681,SUKARNO_HATTA_KM3_PL
22BPP0155,,116.8806,-1.2469,MALIOBORO_BALIKPAPAN_CM
22BPP0156,,116.8811,-1.1492,GIRI_REJO_TB
22BPP0157,,116.8812,-1.2055,BATU_AMPAR_PL
22BPP0158,,116.8817,-1.2514,KARTINI_RESIDENCE_ST
22BPP0159,,116.8821,-1.1929,FATH_BALIKPAPANHANDI_TB
22BPP0160,,116.8836,-1.2629,POKA_BPP_MT
22BPP0161,,116.8848,-1.1888,KARANG_JOANG_BPP_ST
22BPP0162,,116.885,-1.2278,SEPINGGAN_BARU_MT
22BPP0163,,116.8862,-1.2443,PERUM_KORPRI_MT
22BPP0164,,116.8881,-1.2364,KOMPLEK_PGRI_PL
22BPP0165,,116.8904,-1.2616,RUKO_ISWAHYUDI_EP
22BPP0166,,116.8925,-1.2291,MI_STREGENCYKINTAMANI_ST
22BPP0167,,116.8927,-1.2431,MI_BSCC_BALIKPAPAN_ST
22BPP0168,,116.8939,-1.239,WLS_MUKTI_PL
22BPP0169,,116.8942,-1.2234,PERUMAHAN_REGENCY_ST
22BPP0170,,116.8944,-1.1876,TEPO40_BPP_PL
22BPP0171,,116.8945,-1.2607,SEPINGGAN_BPP_PL
22BPP0172,,116.895,-1.2496,GEREJA_BETHANY_ST
22BPP0173,,116.8963,-1.1526,GIRI_REJO1_MT
22BPP0175,,116.8983,-1.2525,SYARIFUDDIN_YOS_MT
22BPP0176,,116.9004,-1.2615,SEPINGGAN_INTL_AIRP2_AT
22BPP0177,,116.899,-1.2251,BALIKPAPAN_REGENCY_CM
22BPP0178,,116.8991,-1.1738,KARANG_JOANG_BPP1_CM
22BPP0179,,116.8991,-1.24,SWADAYA_BPP_IF
22BPP0180,,116.8989,-1.2581,AIRPORT_SEPINGGAN_TB
22BPP0181,,116.9005,-1.2611,IN_SEPINGGAN_INTL_AIRP_AT
22BPP0182,,116.9007,-1.0993,KM20BP_SMD_EP
22BPP0183,,116.9013,-1.2442,RSS_SEPINGGAN_EP
22BPP0184,,116.9012,-1.2379,SWADAYA_ISEPINGGAN_MT
22BPP0185,,116.904,-1.2531,JLSEPINGGAN_BARU_PL
22BPP0186,,116.9053,-1.2418,MI_SEPINGGANBARU38_MT
22BPP0187,,116.9069,-1.2217,TRANS_MANGAR_BPP_MT
22BPP0188,,116.9074,-1.249,TAMAN_SEPINGGAN_CM
22BPP0189,,116.9078,-1.2452,ANGKASA_PANDU_SIWI_TB
22BPP0190,,116.9087,-1.2593,HOTEL_YAYANG_ST
22BPP0191,,116.9106,-1.2526,SIPINGGAN_EP
22BPP0192,,116.9114,-1.2574,MARSMA_ISWAHYUDI_PL
22BPP0193,,116.9167,-1.2538,SLAMET_RIYADI_MT
22BPP0194,,116.9169,-1.2373,KOTA_HIJAU_BPN_PL
22BPP0195,,116.9174,-1.2444,PERUM_HER_MANDIRI2_TB
22BPP0196,,116.9174,-1.2573,MANGGAR1_CM
22BPP0197,,116.9192,-1.2508,GANG_ARUNA_CM
22BPP0198,,116.9231,-1.2407,PUNCAK_TELAGA_MAS_CM
22BPP0199,,116.9254,-1.2528,DAKSA_TB
22BPP0200,,116.9272,-1.2348,PEMUDA_DALAM_BPP_TB
22BPP0201,,116.9315,-1.2406,MANGGAR_TIM_ST
22BPP0202,,116.9319,-1.2497,GGAMAL_MT
22BPP0203,,116.9342,-1.2277,MASJID_ASY_SYAHRUL_ADZIM_CM
22BPP0204,,116.9348,-1.2453,BATAKAN1_PL
22BPP0205,,116.9386,-1.2351,BATAKAN_PL
22BPP0206,,116.9386,-1.2461,MI_MULAWARMAN_MANGGAR_MT
22BPP0207,,116.9406,-1.2399,PJHI_BATAKAN_MT
22BPP0209,,116.9461,-1.2235,MANGGAR_ASRI_MT
22BPP0210,,116.9464,-1.2352,MANGGARBALIKPAPAN_TIMUR_PL
22BPP0211,,116.9478,-1.2281,MANGGAR_SARI_BPP_TB
22BPP0212,,116.9515,-1.2362,MANGGAR2_TB
22BPP0213,,116.953,-1.2259,TAMAN_INTAN_GRIYA_TB
22BPP0214,,116.9551,-1.2325,ANUGERAH_MANGGAR_AG
22BPP0215,,116.9621,-1.2258,MANGGAR_EP
22BPP0216,,116.9636,-1.2216,BAROKAH_MANGGAR_TB
22BPP0217,,116.9639,-1.204,MANGGAR_BARU_TB
22BPP0218,,116.968,-1.2179,MANGGAR_BPP_PL
22BPP0219,,116.9684,-1.2116,MANGGARBARU_MT
22BPP0220,,116.9685,-1.2237,LUMBALUMBA_MT
22BPP0221,,116.9767,-1.2135,JMB_MANGGAR_MT
22BPP0222,,116.9814,-1.2033,LAMARU_TB
22BPP0223,,116.9816,-1.2065,MULAWARMANBALIKPAPANTIMUR_TB
22BPP0224,,116.983,-1.1998,MULAWARMAN_BPP_CM
22BPP0225,,116.9878,-1.195,LAMARU_MULAWARWAN_AG
22BPP0226,,116.994,-1.1878,LEMARU_CM
22BPP0227,,116.9942,-1.197,MI_HIDAYATULLAH_MT
22BPP0228,,116.9963,-1.1347,GUNUNG_TEMBAK_MT
22BPP0229,,116.9982,-1.1432,TETIP_BINJAI_PL
22BPP0230,,116.9986,-1.1734,TARITIP_ST
22BPP0231,,117.0067,-1.1561,SALOK_APILAUT_SEMBOJA_TB
22BPP0233,,116.8344,-1.2643,MARTADINATA_BPP_PL
22BPP0234,,116.8639,-1.2369,GUNUNGSAMARINDA_TB
22BPP0236,,116.8663,-1.1807,PERUM_GRIYAASRI_PL
22BPP0238,,116.9004,-1.1928,BALSAM_KM6_TB
22BPP0239,,116.8931,-1.1968,STT_MIGAS_TB
22BPP0240,,116.8628,-1.1513,KAMPUS_ITK_TB
22BPP0241,,116.9449,-1.2079,LEMARU_KOTABPP_TB
22BPP0242,,116.7876,-1.2106,TANJUNGBATU_KARIANGAU_TB
22BPP0243,,116.8058,-1.2735,PELABUHAN_SEMAYANG_TB
22BPP0244,,116.9067,-1.2319,MUKMIN_FAISAL_PL
22BPP0245,,116.8258,-1.2783,RUKO_PANTAIMAS_PL
22BPP0250,,116.7888,-1.1215,MB_TOLL_CL3B_13
22BPP0251,,116.8075,-1.1599,MB_TOLL_CL3A_14
22BPP0252,,116.8883,-1.2496,SLB_BALIKPAPAN_ED
22BPP0253,,116.8924,-1.106,MENTARI_VILLAGE_PL
22BPP0258,,116.8869,-1.2117,PDAM_BALIKPAPAN_PL
22BPP0261,,116.8171,-1.2378,SMP25_BPP_EB
22BPP0263,,116.8728,-1.1966,PESONA_BUKIT_BATUAH_TB
22BPP0264,,116.8388,-1.2783,I2_PLAZABALIKPAPAN_MC
22BTG0001,,117.4452,0.049,SUMOHARJO_PS
22BTG0002,,117.4487,0.1413,TJGLAUT_KOTABONTANG_PL
22BTG0003,,117.4494,0.1357,TELIHAN_TB
22BTG0004,,117.451,0.1269,LNG_BONTANG_EP
22BTG0005,,117.4542,0.1361,GUNUNG_TELIHAN_TB
22BTG0006,,117.4545,0.1395,GNTELIHAN_BTG_TB
22BTG0007,,117.455,0.1488,PERUM_PKT_TM
22BTG0008,,117.4554,0.1318,KANAAN1_PL
22BTG0009,,117.459,0.0703,JAMRUD_MT
22BTG0010,,117.4596,0.0835,BONTANG_SLTN_PS
22BTG0011,,117.4599,0.1372,KANAAN2_TB
22BTG0012,,117.4603,0.168,ARIFRAHMAN_COMBAT_HOP_TB
22BTG0013,,117.4624,0.1406,I2_BONTANGPLAZA_MC
22BTG0015,,117.4656,0.1377,SMA_BONTANG2_TB
22BTG0016,,117.4672,0.0755,BEREBAS_PANTAI_TB
22BTG0017,,117.4681,0.1674,LOK_TUAN_PL
22BTG0018,,117.4684,0.1323,GUNUNG_ELAI1_TB
22BTG0019,,117.4685,0.1237,TONDANOBTG_TB
22BTG0020,,117.4689,0.1398,PKT_BONTANG1_TB
22BTG0021,,117.4715,0.15,TANJUNG_LAUT_INDAH_CM
22BTG0022,,117.4721,0.1287,SATIMPO_PL
22BTG0023,,117.4729,0.1438,PKT_NURI_BTG_TB
22BTG0024,,117.4733,0.1891,ERA_BANGUN_GUNTUNG_EB
22BTG0025,,117.474,0.1723,PKT_BONTANG_EP
22BTG0027,,117.4745,0.1956,GUNTUNG_BONTANG_PL
22BTG0028,,117.4757,0.1676,LOK_TUAN_BONTANG_UTARA_EB
22BTG0029,,117.4771,0.1322,CUMI_BREBA_TB
22BTG0030,,117.478,0.1147,BERBAS_MT
22BTG0032,,117.479,0.1361,BONTANG_CITY_EP
22BTG0033,,117.4791,0.1278,SMA_BONTANG1_PL
22BTG0034,,117.4805,0.1698,LESTARI_LOK_TUAN_TB
22BTG0035,,117.4821,0.1195,TANJUNG_LAUT_PL
22BTG0036,,117.4822,0.1122,BREBAS_PANTAI_CM
22BTG0037,,117.4842,0.1274,DEPOT_API_API_TB
22BTG0038,,117.4852,0.1674,PELABUHAN_BONTANG_MT
22BTG0039,,117.4855,0.1233,TBKRPUANG_TB
22BTG0040,,117.4858,0.1098,ANTASARI_BTG_MT
22BTG0041,,117.487,0.1188,PASARBREBA2_TB
22BTG0042,,117.4871,0.1323,API_API_TB
22BTG0043,,117.4887,0.145,GUNUNG_ELAI_PL
22BTG0044,,117.49,0.1246,MASJID_BUKIT_INDAH_TV
22BTG0045,,117.4903,0.1371,BONTANGUTARA_CM
22BTG0046,,117.4915,0.1274,GUNUNG_SARI_BONTANG_MT
22BTG0047,,117.4937,0.1172,SAMRATULANGI_BTG_TB
22BTG0048,,117.4953,0.1223,RAWA_INDAH_BTG_PL
22BTG0049,,117.4958,0.1147,BONTANG_LAUT_MT
22BTG0050,,117.4972,0.1399,CUTNYAKDIEN_TBG_TB
22BTG0051,,117.4993,0.1329,BONTANG_KUALA_EP
22BTG0052,,117.5,0.1262,STADION_BONTANG_TB
22BTG0053,,117.5078,0.1357,FLORES_BTG_TB
22BTG0054,,117.5163,0.139,BONTANG_KUALA_LAUT_TB
22BTG0055,,117.4658,0.0152,IMM_PORT_TB
22BTG0056,,117.461,0.1113,KOMPLEK_BADAKNGL_PL
22MHU0001,,114.1218,0.7962,US_LIRUNG_LAHUNG_BU
22MHU0002,,114.2762,0.7648,US_TIONG_OHANG_BU
22MHU0004,,114.536,0.8051,US_LONG_LUNUK_BU
22MHU0005,,114.6668,0.875,US_NAHA_ARU_BU
22MHU0006,,115.0151,0.7624,US_BATOQ_KELO_BU
22MHU0007,,115.0854,0.1435,US_NYARIBUNGAN_BU
22MHU0009,,115.4883,0.3306,US_TRI_PARIQ_MAKMUR_BU
22MHU0010,,115.518,0.165,US_SUNGAI_GIHAM_BU
22PPU0001,,116.4,-1.5346,GUNUNG_MULIA_CM
22PPU0002,,116.4103,-1.5333,GUNUNG_MAKMUR_PPU_MT
22PPU0003,,116.4192,-1.5155,MAKMUR_BABULU_PL
22PPU0004,,116.4299,-1.5028,BABULU_DARAT_MT
22PPU0005,,116.4464,-1.5206,SRI_RAHARJA_MT
22PPU0006,,116.4581,-1.5002,BABULU_ST
22PPU0007,,116.4622,-1.5394,GUNUNG_INTAN_MT
22PPU0008,,116.4746,-1.3959,APIAPI_PENAJAM_EP
22PPU0009,,116.4789,-1.5454,SEBAKUNGJAYA_CM
22PPU0010,,116.479,-1.4871,LABANGKA_BABULU_CM
22PPU0011,,116.4953,-1.4686,DESA_LABANGKA_ST
22PPU0012,,116.5824,-1.4205,SESULU_PL
22PPU0013,,116.5878,-1.4172,LABANGKA_MT
22PPU0014,,116.5888,-1.3554,PABRIK_SAWIT_WARU_EP
22PPU0015,,116.6103,-1.3776,BANGUN_MULYA_PL
22PPU0016,,116.6131,-1.1939,SOTEK_PL
22PPU0017,,116.6175,-1.3899,WARU_BPP_EP
22PPU0018,,116.6367,-1.1233,RIKO_GH
22PPU0019,,116.6389,-1.2282,MUAN_CM
22PPU0020,,116.6625,-1.0447,SIMPANG_4_ITCI_TB
22PPU0021,,116.6624,-1.3415,GIRIPURWA1_MT
22PPU0022,,116.6669,-1.3545,PETUNG1_PL
22PPU0023,,116.6702,-1.3323,GIRIPURWA_PL
22PPU0024,,116.6723,-1.3495,PETUNG_EP
22PPU0025,,116.6776,-1.3643,SIDOREJO_PPU_CM
22PPU0026,,116.679,-1.3451,SIMPANG_PETUNG_PL
22PPU0027,,116.688,-1.0895,ITCI_DONGHWA_EP
22PPU0028,,116.6903,-1.3392,GIRIMUKTI_PPU_CM
22PPU0029,,116.6974,-1.3313,LAWELAWEKM14_PL
22PPU0030,,116.6997,-1.3712,SALOLOANG_TB
22PPU0031,,116.7303,-1.3053,KTRBUPATI_PENAJAMNIPAH_TB
22PPU0032,,116.7319,-1.3533,LAWE_LAWE_MT
22PPU0033,,116.7386,-0.9505,SEPAKU_TB
22PPU0034,,116.7409,-1.2989,PENAJAM_NIPAH_PL
22PPU0035,,116.7424,-1.2877,NENANG_PENAJAM_PPU_PL
22PPU0036,,116.7435,-1.176,MB_INNE_DONG_HWA_MT
22PPU0037,,116.7489,-1.3152,SUNGAI_PARIT_PL
22PPU0038,,116.749,-1.2777,KUAPENAJAM_PPU_CM
22PPU0039,,116.7528,-1.3237,MANUNGGAL_SUNGAI_PARIT_PL
22PPU0040,,116.7567,-1.2718,LEMARU_KOTA_BALIKPAPAN_CM
22PPU0041,,116.7619,-1.1865,JENEBORA_TB
22PPU0042,,116.7619,-1.2639,PANAJAM_EP
22PPU0043,,116.7628,-0.9065,SEPAKU_BPP_EP
22PPU0044,,116.7683,-1.2569,PENAJAM_PL
22PPU0045,,116.771,-1.2445,PENAJAM_PASER_UTARA_MT
22PPU0046,,116.7723,-1.2473,PELABUHAN_PENAJAM_MT
22PPU0047,,116.7793,-0.9076,SUKA_RAJA_SEPAKU_CM
22PPU0048,,116.8117,-0.9689,WONOSARI_SEPAKU_MT
22PPU0049,,116.8156,-0.9128,SEPAKU_DUA_TB
22PPU0050,,116.8585,-0.9167,SEMOI2_PL
22PPU0051,,116.892,-0.9483,SEMOI_MT
22PPU0052,,116.379,-1.5,NT_DESA_RINTIK_PS
22PPU0053,,116.5969,-1.407,SESULU_GONREZ_MT
22PPU0054,,116.7139,-0.9722,IKN_SIMPANG_MT
22PPU0057,,116.6487,-1.3692,PETUNG_PENAJAM_PL
22PPU0058,,116.4371,-1.5073,BABULU_DARAT_PL
22PPU0059,,116.3906,-1.5212,GNNGMAKMUR_BABULU_TB
22PPU0060,,116.4727,-1.5685,DSRAWAMULIA_BABULU_PL
22PPU0061,,116.6964,-1.3523,GIRIMUKTI_PENAJAM_PL
22PPU0062,,116.7112,-1.3797,DSSALALOANG_PENAJAM_PL
22PPU0063,,116.617,-1.2059,SIMPANG_LUMINTU_PL
22PPU0064,,116.6132,-1.1833,SEPAN_PENAJAM_PL
22PPU0065,,116.6753,-1.0853,BINUANG_PENAJAM_PL
22PPU0066,,116.6938,-1.0991,MARIDAN_PENAJAM_PL
22PPU0067,,116.7912,-0.8587,KARANG_JINAWI_PL
22PPU0068,,116.7631,-0.9174,LAPANGAN_TARUNA_SEPAKU_PL
22PPU0070,,116.7048,-0.9455,KOM_ADD1_MT
22PPU0073,,116.6915,-0.9739,KOM_ADD4_MT
22PPU0076,,116.5189,-1.5225,BABULU_LAUT_PL
22PPU0087,,116.7144,-0.9494,MB_HUNIANPKRJA2
22PPU0088,,116.7197,-0.9614,MB_POLRESIKN
22PPU0090,,116.6996,-0.9519,MB_PASPAMPRES
22PPU0094,,116.6747,-0.9814,BB_MB_TCPSSI_IKN
22PPU0095,,116.7479,-1.1587,PANTAI_LANGO_MT
22PPU0096,,116.9008,-0.9252,KADES_SUKOMULYO_PL
22PPU0097,,116.7515,-0.9306,IKN_BUKITRAYA_MT
22PPU0103,,116.6686,-1.1419,MB_TOLL_CL5B_10
22PPU0106,,116.7096,-0.9696,I2_HOTELNUSANTARA_MC
22PPU0108,,116.6792,-1.0228,MAINROAD_PEMALUAN1_MT
22PPU0109,,116.7245,-1.1438,PULAU_BALANG_PENDEK_CM
22PPU0111,,116.7969,-0.9094,AGRO_SUKARAJA_SEPAKU_PL
22PPU0112,,116.8368,-0.9156,BENDUNGAN_SEMOI_PL
22PPU0113,,116.7381,-0.9594,SMP27_SEPAKU_PL
22PPU0115,,116.8486,-0.9416,PASAR_ARGOMULYOSPK_PL
22PPU0117,,116.4553,-1.5679,PASAR_SRIRAJA_MT
22PPU0119,,116.5099,-1.4595,LABANGKA_ESTATE_PL
22PPU0120,,116.5469,-1.4432,DESA_APIAPI_ED
22PPU0121,,116.3999,-1.4979,HOLILUDDIN_BABULU_PL
22PPU0122,,116.6572,-1.2715,KMS_GATE_PL
22PPU0123,,116.6613,-1.3984,PANTAI_CORONG_PL
22PPU0124,,116.6391,-1.2811,MARIANGO_ESTATE_PL
22PPU0125,,116.6181,-1.2927,KMS_MAE_ESTATE_PL
22PPU0126,,116.6823,-1.265,KMS_PNE_ESTATE_PL
22PPU0127,,116.6356,-1.3852,PONPES_THORIQUL_HUDA_CM
22PPU0128,,116.639,-1.0853,IKN_MAINROAD_6B_MT
22PPU0129,,116.5782,-1.3905,GUNUNG_BATU_SESULU_CM
22PPU0131,,116.7106,-0.9516,BTSH_IKN36_MT
22PPU0132,,116.6997,-0.9589,BTSH_IKN63_MT
22PPU0134,,116.6967,-0.963,BTSH_IKN20_MT
22PPU0178,,116.696,-0.9653,MB_IOH_UNTUK_NUSANTARABARU
22PPU1708,,116.7014,-0.9582,MB_IOH_UNTUK_GARUDAMERDEKA
22SAA0001,,116.6221,0.3105,NT_SENYIUR_GH
22SAA0002,,116.6654,0.6106,NT_MUARADUN_GT
22SAA0003,,116.6747,0.4355,MUARA_ANCALONG_MT
22SAA0004,,116.7161,0.448,MUARA_ULU_PL
22SAA0005,,116.7323,0.4577,BENUA_BARU_PL
22SAA0006,,116.7877,0.5263,BATU_BALAI_PL
22SAA0007,,116.8038,0.8509,DESA_MARAH_HALOQ_MT
22SAA0008,,116.8162,1.0445,NEHESLIAH_PL
22SAA0009,,116.833,0.6756,BATU_TIMBAU_MT
22SAA0010,,116.8578,1.0486,DABEQ_ST
22SAA0011,,116.8773,1.065,MUARA_WAHAU_EP
22SAA0012,,116.8906,1.0791,MALOY_PL
22SAA0013,,116.8982,1.0936,MARGA_MULIA_JAYA_PL
22SAA0014,,116.9173,1.0938,MARGA_MULIA_ST
22SAA0015,,116.9344,1.1189,KONGBENG_SAA1_EP
22SAA0016,,116.9476,1.1875,MIAU_BARU_ST
22SAA0019,,117.2813,0.6163,AMPAR_MUKTI_JAYA_PL
22SAA0020,,117.303,0.1553,PAMA_INDOMINCO_EP
22SAA0021,,117.3043,0.5949,RANTAU_PULUNG_EP
22SAA0022,,117.368,0.0574,DESA_KM17DANAU_REDAN_PL
22SAA0023,,117.3864,0.0931,SUKADAMAI_SAA_EP
22SAA0024,,117.4104,0.117,BONTANGSUKA_RAHMAT_PL
22SAA0025,,117.4154,0.1283,PKT_NURI_SAA_PS
22SAA0026,,117.4276,0.1425,SP3_BONTANG_SAMARINDA_MT
22SAA0028,,117.428,0.1078,KM5_SOEKARNOHATTA_PL
22SAA0029,,117.4385,0.1663,SATIMPO_KOTA_TB
22SAA0030,,117.4475,0.2082,KM14_BT_SANGATTA_EP
22SAA0031,,117.4669,0.1828,TELUKPANDAN_TB
22SAA0032,,117.4675,0.1757,GUNTUNG_CM
22SAA0033,,117.4721,0.2347,MARTADINATA_PANDAN_PS
22SAA0034,,117.4815,0.2606,KM26_BONTANG_SANGATTA_EP
22SAA0035,,117.4834,0.448,KM7_SANGATTA_BONTANG_EP
22SAA0036,,117.487,0.5314,KABO_JAYA_EP
22SAA0037,,117.4976,0.5247,SWARGA_BARA_PS
22SAA0038,,117.5039,0.5329,KARYA_BAKTI_SAA_TB
22SAA0039,,117.5086,0.4998,SANGATTA_SELATAN_PS
22SAA0040,,117.5136,0.3928,KM13_BONTANG_SANGATTA_EP
22SAA0041,,117.5171,0.5311,SANGATA_MT
22SAA0042,,117.5237,0.5234,TELUK_LINGGA_MT
22SAA0043,,117.526,0.5328,SANGATTA_EP
22SAA0044,,117.5276,0.4877,SINGA_GEWEH_TB
22SAA0045,,117.5288,0.4948,PERUM_WIKA_SAA_PL
22SAA0046,,117.5295,0.5402,SINGA_GEMBARA_CM
22SAA0047,,117.5296,0.5059,TERMINAL_BARU_SANGATA_MT
22SAA0048,,117.5302,0.5317,SANGATA_SAA_CM
22SAA0049,,117.5318,0.5215,SANGATTA5_KABAO_MT
22SAA0050,,117.533,0.4929,SANGATTA_LAMA_EP
22SAA0051,,117.5338,0.4813,PENGADAN_MT
22SAA0052,,117.5342,0.4986,SANGATA_UTARA_PL
22SAA0053,,117.5372,0.5071,PENGADAN_KRG_SAA_PL
22SAA0054,,117.5377,0.4909,TANJUNG_BARA1_TB
22SAA0055,,117.5382,0.5154,KPCTJ_BARA_EP
22SAA0056,,117.5417,0.7116,NT_TEPIAN_LANGSAT_GH
22SAA0057,,117.5422,0.5174,GGCENDRAWASIH_SANGATA_MT
22SAA0058,,117.5428,0.4848,RANTAUPJNG_MT
22SAA0059,,117.5458,0.4959,KARANGAN_SAA_PL
22SAA0060,,117.5508,0.5131,KONGBENG_SAA2_PL
22SAA0061,,117.5584,0.7559,SEPASO_ST
22SAA0062,,117.5641,0.5331,TELUK_LINGGA_SANGUT_PL
22SAA0063,,117.5734,0.7405,SEPASO_SELATAN_TB
22SAA0064,,117.5805,0.7502,BENGALON_SAA1_EP
22SAA0065,,117.5992,0.7454,KERAITAN_PS
22SAA0066,,117.6041,0.5175,BUKIT_PELANGI_SAA_PL
22SAA0067,,117.6048,0.5308,TANJUNG_BARA_TM
22SAA0068,,117.6212,0.6101,BENGALON_SAA2_EP
22SAA0069,,117.6338,0.7977,DARMAHENWA_MT
22SAA0070,,117.5484,0.4773,SEMPAYAU_MT
22SAA0071,,117.845,0.9221,GUNUNG_DAYAK_PL
22SAA0072,,117.855,1.0438,BUMI_RAPAK_EP
22SAA0073,,117.8834,1.1953,PELAWAN_EP
22SAA0074,,117.9003,0.9012,KALIORANG_EP
22SAA0076,,117.9827,0.9886,SANGKULIRANG_MT
22SAA0077,,118.2038,0.8927,SUSUK_EP
22SAA0078,,116.8977,0.6781,VS_NT_BENO_HARAPAN_PL
22SAA0079,,117.5659,0.8341,VS_NT_KERAITAN_PL
22SAA0080,,117.4849,0.7922,VS_NT_TEBANGAN_LEMBAK_PL
22SAA0081,,116.6287,0.7288,NT_DESA_LONG_BENTUQ_PL
22SAA0082,,117.7477,1.3629,VS_NT_MUKTI_LESTARI_PL
22SAA0083,,117.7228,1.0758,NT_BUKIT_PERMATA_TB
22SAA0084,,117.8565,1.1009,NT_DESA_BUMI_ETAM_MT
22SAA0085,,117.8007,1.0651,NT_DESA_MATA_AIR_PL
22SAA0086,,116.6444,0.6706,NT_DESA_MELAN_PL
22SAA0087,,116.6963,0.6651,NT_DESA_SIKA_MAKMUR_PL
22SAA0088,,116.7345,0.5551,NT_TANAH_ABANG_PL
22SAA0089,,116.6398,0.6343,DESA_GEMAR_BARU_PL
22SAA0090,,118.1981,0.8789,NT_DESA_SUSUK_LUAR_PL
22SAA0091,,117.9989,1.1003,NT_DESA_MANDU_DALAM_PL
22SAA0092,,117.9886,1.0636,NT_DESA_MANDU_PANTAI_SEJAHTERA_PL
22SAA0093,,118.1205,0.9008,NT_DESA_PERUPUK_PL
22SAA0094,,117.9015,1.2166,NT_DESA_TEPIAN_TERAP_PL
22SAA0095,,116.8648,0.8821,NT_DESA_JUK_AYAQ_PL
22SAA0096,,116.8171,0.7597,NT_LONG_NORAN_PL
22SAA0097,,117.2846,0.2202,MB_HPU_MINING
22SAA0100,,117.8354,0.8957,BUKIT_MAKMUR_CM
22SAA0101,,117.2896,0.7137,TEPIAN_BARU_PL
22SAA0102,,116.6828,0.4265,KELINJAU_ULU_PL
22SAA0103,,117.8659,0.8745,HARAPAN_KALIORANG_PL
22SAA0104,,117.2687,0.6536,KEBUNAGUNG_RPULUNG_CM
22SAA0105,,117.2611,0.6826,TEPIAN_MAKMUR_PL
22SAA0106,,117.2826,0.5747,RANTAU_MAKMUR_PL
22SAA0107,,116.8591,1.104,MARGA_MULIA_PL
22SAA0108,,117.5425,0.4572,MUARA_GABUS_PL
22SAA0109,,116.9417,1.0161,JAKLUAY_PLASMA_CM
22SAA0110,,116.9685,1.0872,KONGBENG_SUKAMAJU_TB
22SAA0111,,117.5553,0.7462,BENGALON_MULAWARMAN_PL
22SAA0113,,117.5103,0.5385,KPC_SANGATTA_PL
22SAA0115,,116.9051,1.0431,KARYABAKTI_SRIPANTUN_TB
22SAA0117,,117.5726,0.5132,SANGATTA_UTARA_CM
22SAA0118,,117.8483,1.0191,KADES_BUMIJAYA_PL
22SAA0120,,117.8545,1.0771,DARULULUM_KAUBUN_PL
22SAA0121,,116.8545,0.9395,GKIRANTAU_PANJANG_PL
22SAA0122,,116.9555,1.0615,PS_DSSIDOMULYO
22SAA0123,,116.6912,0.6367,SEGOY_MAKMUR_MT
22SAA0124,,116.652,0.7944,BB_GRIYAPRAJA_ITHACHA
22SAA0125,,117.8734,0.84,BORNEO_PERSADA_PL
22SAA0126,,117.863,1.1816,PELABUHAN_GM_PL
22SAA0127,,117.8021,0.9047,SIMPANG_FAIRCO_TB_PL
22SAA0128,,117.8837,1.0001,KAUBUN_BANGAU_MT
22SAA0129,,116.7038,0.4134,DESA_NGAYAU_MT
22SAA0131,,116.7103,0.5789,LONG_MESANGAT_PL
22SAA0133,,116.9892,1.0591,KOMBENG_ESTATE_PL
22SAA0134,,117.5113,0.4635,KELULUT_SANGATA_PL
22SAA0135,,117.8418,0.875,LAPANGAN_KALIORANG_MT
22SAA0137,,117.7789,1.08,MATAAIR_KAUBUN_MT
22SAA0138,,116.5599,0.8169,PERPUS_BUSANG_CM
22SAA0139,,117.7565,1.2509,KADES_PENGADAN_CM
22SAA0141,,117.851,1.0009,NEWILYA_ULUMUDDIN_PL
22SDW0001,,115.4475,-0.0806,TUTUNG_KUTAI_MT
22SDW0004,,115.6303,-0.1435,LINGGANG_BINGUNG_SDW2_PL
22SDW0005,,115.6438,-0.0826,LONGIRAM_PL
22SDW0006,,115.6706,-0.2832,MENCIMAI_MT
22SDW0007,,115.679,-0.2391,SIMPANG_RAYA_TB
22SDW0009,,115.702,-0.2275,BARONG_TONGKOK_MT
22SDW0011,,115.7169,-0.192,LINGGANG_BINGUNG_SDW1_EP
22SDW0012,,115.7546,-0.2793,SEKOLAQ_DARAT_PL
22SDW0013,,115.7585,-0.4679,MUARA_LAWA_EP
22SDW0014,,115.7976,-0.2337,MELAK_ULU_MT
22SDW0015,,115.809,-0.2354,MELAK_EP
22SDW0016,,115.8248,-0.2319,MELAK2_ULU_TB
22SDW0017,,115.9979,-0.5054,GUNUNG_BAYAN_SDW2_PL
22SDW0018,,116.0235,-0.5781,GUNUNG_BAYAN_SDW1_EP
22SDW0019,,116.0528,-0.3261,MUARA_PAHU_EP
22SDW0020,,116.1382,-0.5163,TANJUNG_ISUY_EP
22SDW0022,,116.2453,-0.7529,RESAK_EP
22SDW0023,,116.3073,-0.7016,JAMBUK_MT
22SDW0024,,115.6291,-0.0157,LONG_IRAM_KOTA_ST
22SDW0025,,115.6451,-0.1475,BANGUN_SARI_LINGGANG_ST
22SDW0026,,115.5691,-0.282,TERAJUK_TB
22SDW0027,,115.6877,-0.2452,SIMPANG_TONGKOK_MT
22SDW0028,,116.1767,-0.7488,NT_MUARA_SIRAM_PL
22SDW0029,,115.5623,-0.5454,VS_NT_BERMAI_PL
22SDW0030,,115.5915,-0.3918,NT_DESA_KELIAN_PL
22SDW0031,,115.5289,0.0161,VS_NT_KELIAN_LUAR_PL
22SDW0032,,116.0121,-0.2353,NT_DESA_ABIT_PL
22SDW0033,,115.8868,-0.1702,NT_DESA_GUNUNG_RAMPAH_MT
22SDW0034,,115.7741,-0.0721,NT_DESA_LINGGANG_MARIMUN_PL
22SDW0035,,115.9831,-0.2932,NT_DESA_TANJUNG_PAGAR_PL
22SDW0036,,116.0862,-0.3393,NT_DESA_TEPIAN_ULAQ_PL
22SDW0037,,115.3461,-0.2341,VS_NT_INTU_LINGAU_PL
22SDW0038,,115.4121,-0.1369,VS_NT_LAKAN_BILEM_PL
22SDW0039,,115.8618,-0.6513,VS_NT_BETUNG_PL
22SDW0040,,115.9336,-0.6277,VS_NT_KENYANYAN_PL
22SDW0041,,115.8728,-0.7025,VS_NT_KIAQ_PL
22SDW0042,,115.884,-0.5694,NT_MUARA_KELAWIT_PL
22SDW0043,,115.93,-0.4776,NT_DESA_TANAH_MEA_MT
22SDW0044,,115.9492,-0.4526,NT_DESA_TEBISAQ_PL
22SDW0045,,115.5256,-0.0476,NT_DESA_KELIAN_DALAM_PL
22SDW0046,,115.6795,-0.2722,REJO_BASUKI_MT
22SDW0050,,115.7084,-0.2431,SEKOLAQ_SUMBERSARI_MT
22SDW0051,,115.6899,-0.2254,GAJAHMADA_TONGKOK_PL
22SDW0052,,115.6452,-0.0687,TERING_LAMA_PL
22SDW0053,,115.6019,-0.1472,BIGUNG_PURWODADI_PL
22SDW0054,,116.2978,-0.5602,MUARA_KEDANG_PL
22SDW0055,,115.6906,0.0007,BB_PETROSEA_PORT_TB
22SDW0056,,115.7093,0.0587,BB_PETROSEA_TOS_TB
22SDW0057,,115.7286,0.1371,BB_PETROSEA_CAMP_TB
22SDW0058,,115.7268,0.146,BB_PETROSEA_PITCEP_TB
22SDW0059,,115.6441,0.0868,BB_PETROSEA_KSOFFICE_TB
22SDW0060,,115.6113,0.1201,BB_PETROSEA_VIEWKS_TB
22SDW0062,,115.7452,-0.1679,GELEO_BARU_TB
22SDW0063,,115.6376,-0.2058,BARONG_TONGKOK_TB
22SDW0064,,115.7311,-0.2622,NGENYANASA_TB
22SDW0065,,115.703,-0.3309,KAMPUNG_KEY_PL
22SDW0066,,115.7038,-0.3667,JENGAN_DAMAI_TB
22SDW0067,,115.6204,-0.1709,LINGGANG_MAPAN_TB
22SDW0068,,115.6827,-0.1721,JUAQ_ASA_MT
22SDW0069,,115.7824,-0.2121,LAPANGAN_SENDAWAR_PL
22SDW0070,,115.774,-0.3025,KADES_KAMPUNGEMPAS_PL
22SDW0071,,115.6004,-0.059,MUARA_MUJAN_MT
22SDW0072,,115.6125,0.0183,LONG_DALIQ_MT
22SDW0073,,115.9256,-0.2534,KAMPUNG_TONDOH_MT
22SDW0074,,116.1838,-0.4989,TANJUNG_JAN_MT
22SDW0075,,115.7379,-0.2124,BANDARA_MELALANMELAK_PL
22SDW0076,,116.0931,-0.5752,JEMPANG_MUARANAYAN_PL
22SDW0077,,115.9142,-0.5355,SILUQ_MUHUR_PL
22SDW0078,,116.2255,-0.3902,PENYINGGAHAN_CM
22SDW0079,,115.5718,-0.1428,LINGGANG_MALEPEHBARU_PL
22SDW0080,,115.5991,-0.2767,PEPAS_EHANG_PL
22SDW0081,,115.8543,-0.2927,LAPANGAN_MUARABUNYUT_PL
22SDW0082,,115.6446,-0.1192,LINGGANG_MENCELEW_TB
22SDW0084,,115.7677,-0.7118,BENTIAN_BESAR_DWDM_TB
22SDW0085,,115.6968,-0.4505,DAMAI_KOTA_TB
22SDW0086,,116.237,-0.6579,KADES_PENAWAI_CM
22SDW0087,,116.1816,-0.7021,KADES_RASAK_CM
22SMR0001,,117.0684,-0.5539,LOABUAH_FLAMBOYAN_MT
22SMR0002,,117.0756,-0.5647,EKONOMI_LOA_BUAH_PL
22SMR0003,,117.0784,-0.5577,LOA_BUAH1_ST
22SMR0004,,117.0806,-0.5263,GGSARPANI_SMR_ST
22SMR0005,,117.0814,-0.4933,SAID_PUSAKA_TB
22SMR0006,,117.0858,-0.5372,MENAMANG_KANAN_CM
22SMR0007,,117.0865,-0.5304,LOA_BAKUNG_SMR1_PL
22SMR0008,,117.0879,-0.5554,LOA_BUAH_PS
22SMR0009,,117.0887,-0.5474,LOA_JANAN_SMR_PL
22SMR0010,,117.0894,-0.5689,SIMPANG_TIGA_SMR_TB
22SMR0011,,117.0919,-0.5093,LOA_BAKUNG1_TB
22SMR0012,,117.0923,-0.4979,HANDIL_BAKTI_TB
22SMR0013,,117.0925,-0.5286,PERUM_LOABAKUNG_EP
22SMR0014,,117.0928,-0.519,LOA_BAKUNG_SMR2_TB
22SMR0015,,117.0962,-0.5054,PERUM_PLN_SMR_ST
22SMR0016,,117.0966,-0.5756,SWADAYALOAJANAN_MT
22SMR0017,,117.0969,-0.5723,TANI_AMAN_TB
22SMR0018,,117.0987,-0.5866,TANIAMAN_PL
22SMR0019,,117.0989,-0.4905,LOK_BAHU_ST
22SMR0020,,117.0991,-0.5417,PABRIKCIPTOMANGUN_MT
22SMR0021,,117.1011,-0.4968,DPRD_SAMARINDA_MT
22SMR0022,,117.1022,-0.492,POLEWALI_LOK_BAHU_MT
22SMR0023,,117.1051,-0.5431,POLYTECHNIC_TB
22SMR0024,,117.1072,-0.512,RAWA_INDAH_EP
22SMR0025,,117.1076,-0.4964,KARANG_PACI_PL
22SMR0026,,117.1088,-0.5024,LOK_BAHU1_CM
22SMR0027,,117.1092,-0.4906,JLSENDAWAR_PL
22SMR0028,,117.1098,-0.5275,SAMARINDA8_TB
22SMR0029,,117.1101,-0.5215,GANG_PUSAKA_ST
22SMR0030,,117.1113,-0.5724,LOA_HUI_PL
22SMR0031,,117.1115,-0.4636,PERUMAHAN_GN_PINANG_TB
22SMR0032,,117.1116,-0.4503,SAMARINDA_ULU_MT
22SMR0033,,117.1133,-0.5136,KARANGASAM_PL
22SMR0034,,117.1134,-0.5571,SENGKOTEK_PL
22SMR0035,,117.1134,-0.4967,MOH_SAID_PL
22SMR0036,,117.1135,-0.5078,KARANG_ANYAR_SMR_PL
22SMR0037,,117.1136,-0.4583,GANG_KENANGASWANDI_TB
22SMR0038,,117.1145,-0.5256,GRIYA_TEPIAN_LESTARI_MT
22SMR0039,,117.1155,-0.4937,JLTEUKU_UMAR_SAMARINDA_PL
22SMR0040,,117.1156,-0.5001,KARANG_ANYAR_SMR2_PL
22SMR0041,,117.1157,-0.5258,IN_BIGMALLSAMARINDA_MC
22SMR0042,,117.116,-0.5429,GUNUNG_LIPAN_MT
22SMR0043,,117.1195,-0.5052,BATUA_PLN_MG1_TB
22SMR0044,,117.1191,-0.482,PERUM_GRAHAINDAH_PL
22SMR0045,,117.1193,-0.5343,SMR_SEBRANG_STO_MT
22SMR0046,,117.1212,-0.4647,ATTAUFIK_PINANG_SMR_PS
22SMR0047,,117.122,-0.5502,HARAPAN_BARU_ILIR_ST
22SMR0049,,117.1221,-0.4978,CENDANA_SMR_TB
22SMR0050,,117.1228,-0.5021,ISLAMIC_CTR_MT
22SMR0051,,117.1232,-0.4861,AIRPUTIH_AIRHITAM_EP
22SMR0052,,117.1238,-0.4731,AIRPUTIH_TB
22SMR0053,,117.1238,-0.5191,JEMBATAN_MAHAKAM_MT
22SMR0054,,117.1239,-0.5407,SARIJAYA_KUTAI_PL
22SMR0055,,117.1236,-0.4948,TELUK_LERONGANTASARI_PL
22SMR0056,,117.1245,-0.4782,AIR_PUTIH_SMR_PL
22SMR0057,,117.1253,-0.5314,CIPTO_MANGUNKUSUMO_TB
22SMR0058,,117.1272,-0.4746,PANDAN_ARUM_EP
22SMR0059,,117.1274,-0.5144,KELEDANG_TB
22SMR0060,,117.128,-0.4817,SURYANATA_TB
22SMR0061,,117.1291,-0.5272,SERUNI_KELEDANG_TB
22SMR0062,,117.1295,-0.4981,TELUK_LERONG_PS
22SMR0063,,117.1302,-0.4878,WIJAYA_KUSUMA_MT
22SMR0064,,117.1319,-0.4658,ANANG_HASYIM_TB
22SMR0065,,117.1319,-0.5105,BUNG_TOMO_PL
22SMR0066,,117.1319,-0.4931,AIR_HITAM2_TB
22SMR0067,,117.1325,-0.5374,HARUN_NAFSI_SMR_PL
22SMR0068,,117.1331,-0.4731,KADRI_OENING_CM
22SMR0069,,117.1348,-0.4996,SUDIRMAN_SMR_MT
22SMR0070,,117.1353,-0.582,STADION_PALARAN_TB
22SMR0071,,117.1356,-0.4863,WIRATAMASIDODADI_PL
22SMR0072,,117.1358,-0.4924,JLSITI_AISYAHTELUK_LERONG_PL
22SMR0073,,117.137,-0.5294,POLTEK2_TB
22SMR0074,,117.1361,-0.5094,JLBUNG_TOMO_PL
22SMR0075,,117.1373,-0.4597,PERUMAHAN_RATINDO_TB
22SMR0076,,117.1381,-0.4718,PDANWANGI4_TB
22SMR0077,,117.1391,-0.4547,PANDAN_WANGI_EP
22SMR0078,,117.1397,-0.4968,BUKIT_BARISAN_SMR_MT
22SMR0079,,117.1402,-0.4762,SIDODADI_SMR_CM
22SMR0080,,117.1415,-0.5206,RAPAK_DALAM_PL
22SMR0081,,117.1416,-0.4855,KEL_SIDODADI_TB
22SMR0082,,117.1417,-0.4811,POLTEKES_MT
22SMR0083,,117.1421,-0.4933,DADI_MULYA1_MT
22SMR0084,,117.1423,-0.4608,SEMPAJA_PRM_MT
22SMR0086,,117.1422,-0.4891,LAMIN_INDAH_MT
22SMR0087,,117.1431,-0.5103,SAMARINDA_SEBERANG_MT
22SMR0088,,117.1432,-0.5102,BAQABSCSAMARINDA_PL
22SMR0089,,117.1434,-0.4999,BUGISCOLORADO_PL
22SMR0091,,117.1446,-0.4524,APARTEMENT_PANDAN_WANGI_MT
22SMR0092,,117.1455,-0.4909,PLAZA_MULIA_MC
22SMR0094,,117.1457,-0.4781,YAMINDR_SUTOMO_PL
22SMR0095,,117.1458,-0.5254,RAPAKDALAM_SMR_PL
22SMR0096,,117.1458,-0.4315,BATU_BESAUNG_TB
22SMR0097,,117.1461,-0.4865,DADI_MULYA_GH
22SMR0098,,117.146,-0.4642,GUNUNG_KELUA_TB
22SMR0099,,117.1466,-0.5014,MALL_MESRA_MT
22SMR0100,,117.1469,-0.5629,SIMPANG_PASIR_MT
22SMR0101,,117.1475,-0.4748,IN_MALL_LEMBUSWANA_DH
22SMR0102,,117.1474,-0.448,AWSYAHRANIE4_TB
22SMR0103,,117.1474,-0.5359,PALARAN_EP
22SMR0104,,117.1476,-0.4723,RRI_SAMARINDA_TM
22SMR0105,,117.1436,-0.5155,MSPENGHULU_TB
22SMR0106,,117.1479,-0.4359,SIMPANG_YASBI_PS
22SMR0107,,117.1482,-0.4764,IN_GRAND_VICTORIA_DH
22SMR0108,,117.1482,-0.4764,GRAND_VICTORIA_EP
22SMR0109,,117.1489,-0.4989,BUMISENYUR_MT
22SMR0110,,117.1493,-0.4406,BATU_CERMIN_PL
22SMR0111,,117.1493,-0.4835,I2_PUSAT_GROSIR_SEGIRI_KN
22SMR0112,,117.1494,-0.4678,SUTOMO_2KAMPUS_UNMUL_MT
22SMR0113,,117.1501,-0.4955,PEMKOTSAMARINDA_PL
22SMR0114,,117.1502,-0.5274,KARYA_BAKTI_SMR_MT
22SMR0115,,117.1511,-0.5219,MASJID_AL_IKHLAS_PL
22SMR0116,,117.1512,-0.4608,WAHID_HASYIM_SMR_PL
22SMR0117,,117.1518,-0.4483,SEMPAJAAW_SYAHRANI_MT
22SMR0118,,117.1519,-0.4536,SEMPAJA_GANG_PINANG_MT
22SMR0119,,117.1525,-0.4752,RUHUI_RHY_BELATUK_MT
22SMR0120,,117.1527,-0.4893,BANDARA_SMR_TB
22SMR0121,,117.1528,-0.5177,BRIMOBMW_SEC_TB
22SMR0122,,117.1531,-0.4385,BENGKURING1_CM
22SMR0123,,117.1536,-0.4856,TANTINA_PL
22SMR0124,,117.1545,-0.5034,CENTRAL_PLAZA_EP
22SMR0125,,117.1547,-0.5473,TRIKORA_TB
22SMR0126,,117.1548,-0.4782,RUKO_CENDRAWASIH_EP
22SMR0127,,117.1548,-0.5036,I2_SAMARINDACENTRALPLAZA_DH
22SMR0128,,117.1549,-0.445,ANTASARI_SMR_TB
22SMR0129,,117.1552,-0.4651,PRAMUKA_SMR_PL
22SMR0130,,117.1553,-0.4686,UTSURAPATI_TB
22SMR0131,,117.1556,-0.4944,SMK4_SMD_TB
22SMR0132,,117.1561,-0.4583,UNMUL_EP
22SMR0133,,117.1563,-0.5072,PELABUHAN_SAMARINDA_ST
22SMR0134,,117.1573,-0.4323,BENGKURING_EP
22SMR0135,,117.1578,-0.4937,ABDUL_MUTALIB_MT
22SMR0136,,117.1581,-0.4975,RADIO_TOWERMAHAKAM_HS
22SMR0137,,117.1581,-0.4865,KENARI_SMR_TB
22SMR0138,,117.1589,-0.4737,SURYA_TEMINDUNG_MT
22SMR0139,,117.1585,-0.49,TEMINDUNGPERMAI_MT
22SMR0140,,117.1587,-0.5261,SUNGAI_KAPIH_MT
22SMR0141,,117.1591,-0.4415,BUMI_SEMPAJA2_TB
22SMR0142,,117.1591,-0.464,SEMPAJA_SELATAN_MT
22SMR0143,,117.1596,-0.4236,PADAT_KARYA_SMR_TB
22SMR0144,,117.1606,-0.4937,AHMADDAHLANSAMARINDA_PL
22SMR0145,,117.1617,-0.4513,SEMPAJA8_TB
22SMR0146,,117.162,-0.4851,SGPDALAM_TB
22SMR0147,,117.1627,-0.5226,MI_PERINTIS_ALIMUDDIN_MT
22SMR0148,,117.1629,-0.5684,DESA_LOA_HUI_ST
22SMR0149,,117.1636,-0.4895,SUNGAI_PINANG_SMR_MT
22SMR0150,,117.1642,-0.4745,ELANG_PINANG_TB
22SMR0151,,117.1643,-0.5281,JEMBATAN_MAHKOTA_MT
22SMR0152,,117.1647,-0.4265,BENGKURING_RAYA_TB
22SMR0153,,117.1648,-0.5152,SELILI_TB
22SMR0154,,117.1653,-0.4773,RUKO_MITRAMAS_PL
22SMR0155,,117.1657,-0.4863,SUNGAI_PINANG_DALAM_PL
22SMR0156,,117.1662,-0.4691,JLPEMUDA_PL
22SMR0157,,117.1664,-0.5084,SAMBUTAN_PELITA_MT
22SMR0158,,117.1668,-0.4535,BUMI_SEMPAJA1_MT
22SMR0159,,117.1668,-0.4817,SEIPINANG4_TB
22SMR0160,,117.1668,-0.5597,RAWA_MKMR_PL
22SMR0161,,117.1676,-0.4055,SEMPAJA_UTARA_TB
22SMR0162,,117.1676,-0.5325,SUNGAI_KAPIH_SAMARINDA_ILIR_PL
22SMR0163,,117.1699,-0.4208,SEI_PINANG_DALAM2_TB
22SMR0164,,117.1707,-0.4743,SENTOSADALAM_MT
22SMR0165,,117.1713,-0.485,GERILYA_SYAFAT_MT
22SMR0166,,117.1716,-0.5251,SEJATI_KAPIH_MT
22SMR0167,,117.1717,-0.4664,PANJAITAN_SUNGAIPINANG_MT
22SMR0168,,117.1718,-0.4938,SIDODAMAI_MT
22SMR0169,,117.1726,-0.4534,GNLINGGAI_SEMPAJA_TB
22SMR0170,,117.173,-0.5062,JLPELITA3_SMR_PL
22SMR0171,,117.1739,-0.4467,GGBINA_BARU_ST
22SMR0172,,117.1742,-0.5681,JLRAHAYU_PALARAN_CM
22SMR0173,,117.1755,-0.4599,SENTOSA_SMR_EP
22SMR0174,,117.1756,-0.3926,SEMPAJA_BAYUR_TB
22SMR0175,,117.1757,-0.5822,PEDINGIN_KUTAI_PL
22SMR0176,,117.176,-0.435,GUNUNG_LINGAI_TB
22SMR0177,,117.1769,-0.4845,TEMINDUNG_SAMARINDA_EP
22SMR0179,,117.1771,-0.4743,SGPINANGDALAM_SMR_PL
22SMR0180,,117.1779,-0.5712,RAWA_MAKMUR_SMR_TB
22SMR0181,,117.179,-0.5128,JOHARI_SAMBUTAN_MT
22SMR0182,,117.1808,-0.4662,PANJAITAN_TEMIDUNG_PL
22SMR0183,,117.1817,-0.5735,AMPERA_MAKMUR_MT
22SMR0184,,117.1821,-0.4626,DAMANHURISMR_PL
22SMR0185,,117.1821,-0.5418,SEIKAPIHSMD_TB
22SMR0186,,117.1823,-0.4176,LEMPAKE_BABAH_ST
22SMR0187,,117.1837,-0.5038,SAMBUTAN_ASRI_PL
22SMR0188,,117.1856,-0.5142,SAMBUTAN_SMR2_PL
22SMR0189,,117.1868,-0.494,SAMBUTAN_MUGIREJO_PL
22SMR0190,,117.188,-0.4724,REMPAGA_PL
22SMR0191,,117.1885,-0.4837,MUGIREJO1_PL
22SMR0192,,117.1893,-0.458,SEMPAJA1_TB
22SMR0193,,117.1894,-0.4362,LEMPAKE_JAYA_TB
22SMR0194,,117.1898,-0.4689,REMPANGA_SMR_PL
22SMR0195,,117.1902,-0.4778,MUGIREJO_SMR1_MT
22SMR0196,,117.1908,-0.4521,LEMPAKE_EP
22SMR0197,,117.1911,-0.5506,SEILAIS_MT
22SMR0198,,117.1921,-0.4448,LEMPAKE1_MT
22SMR0199,,117.1961,-0.5795,RTSANGA_EP
22SMR0200,,117.1966,-0.4194,WADUK_BENANGA_TB
22SMR0201,,117.1972,-0.4751,MUGIREJO_SMR2_PL
22SMR0203,,117.1998,-0.5717,BUKUANI_TB
22SMR0204,,117.2011,-0.4589,TALANG_SARI_MT
22SMR0205,,117.2012,-0.5772,PELBUKUANGGREMAJA_PL
22SMR0206,,117.2036,-0.4462,SAMARINDASMR_PL
22SMR0207,,117.2053,-0.5112,SAMBUTAN_SMR1_TB
22SMR0208,,117.2062,-0.5218,SAMBUTAN_ROAD_MT
22SMR0209,,117.2099,-0.4688,ASSA_AADAH_PL
22SMR0210,,117.2117,-0.5825,BUKUAN_SMR_PL
22SMR0211,,117.2164,-0.4367,TANAH_MERAH_SMR_SMR2_ST
22SMR0212,,117.2219,-0.5329,MAKROMAN1_PL
22SMR0213,,117.2229,-0.4253,TANAH_MERAH_SMR_SMR1_EP
22SMR0214,,117.2241,-0.5614,SEMPAJA2_TB
22SMR0215,,117.2281,-0.6519,SANGA_SANGA_PL
22SMR0216,,117.2285,-0.5375,BUMI_SAMBUTAN_MT
22SMR0217,,117.2296,-0.586,MULAWARMAN_BUKUAN_PL
22SMR0218,,117.2309,-0.6594,BANTUAS_PALARAN_SMR_ST
22SMR0219,,117.2376,-0.516,MAKROMAN_MT
22SMR0220,,117.2436,-0.3987,JLPOROS_SMR_CM
22SMR0221,,117.2506,-0.3964,MUARABADAK_SMR_CM
22SMR0222,,117.251,-0.6265,SANGA_LOEIS_PL
22SMR0223,,117.2594,-0.393,SNSIRING_CM
22SMR0224,,117.2677,-0.3636,SEI_SIRING_EP
22SMR0225,,117.233,-0.5624,SINDANG_SARI_MT
22SMR0226,,117.0813,-0.5082,LOK_BAHU_BANTUAS_TB
22SMR0227,,117.2105,-0.6483,BANTUAS_PALARAN_PL
22SMR0229,,117.2,-0.3875,LEMPAKE_TEPIAN_PL
22SMR0230,,117.1763,-0.6709,BALSAM_KM76_CM
22SMR0232,,117.1151,-0.527,IN_MB_FUGO_HOTEL_MC
22SMR0234,,117.202,-0.4369,ALAM_INDAH_KOREM_MT
22TGT0001,,115.8145,-1.6747,MUARAKOMAM_EP
22TGT0003,,115.8297,-1.738,NT_BUSUI_GH
22TGT0005,,115.8858,-1.8295,BATUSOPANG_TB
22TGT0006,,115.9114,-1.8208,BATU_KAJANG_TGT_EP
22TGT0007,,115.9216,-1.8344,SUNGAI_TERIK_MT
22TGT0008,,115.9347,-1.8783,LEGAI_MT
22TGT0009,,115.9358,-1.9293,RTMUARA_SAMU_EP
22TGT0010,,115.9376,-2.0192,MUSER_EP
22TGT0011,,115.9487,-1.836,TERIK_BATU_SOPANG_MT
22TGT0012,,115.9579,-1.998,SUWETO_PL
22TGT0013,,116.0092,-1.8218,BATUTKAJANG_EP
22TGT0014,,116.0338,-2.2932,KERANG_DAYO_PL
22TGT0015,,116.0502,-2.269,KARANG_TGT_TB
22TGT0016,,116.0555,-1.8459,JLPROPINSI_KUARO_PL
22TGT0017,,116.0583,-1.794,PADANG_JAYA_TGT_MT
22TGT0018,,116.0775,-1.746,PONDONG_BARU_MT
22TGT0019,,116.0791,-2.2241,BATU_ENGAU_TB
22TGT0020,,116.0826,-1.8771,LOLO_TB
22TGT0021,,116.085,-1.8219,SIMPANG_KUARO_PL
22TGT0022,,116.0969,-1.835,KLEMPANG_SARI_MT
22TGT0023,,116.1071,-2.1592,PETANGIS_EP
22TGT0024,,116.1099,-1.7801,RANGAN_LUAR_PL
22TGT0025,,116.1217,-1.8703,KELUANG_LOLO_PL
22TGT0026,,116.1239,-1.9307,BEKOSO_PL
22TGT0027,,116.136,-1.7164,MODANG_TB
22TGT0028,,116.1444,-1.6669,SAMUNTAI_PASIR_TB
22TGT0029,,116.1564,-1.8531,JANJUK_TB
22TGT0030,,116.1575,-1.5441,KERTA_BAKTI_TGT_CM
22TGT0032,,116.165,-1.9322,LONGPINANG_TB
22TGT0033,,116.165,-1.6049,LONGIKIS_MT
22TGT0034,,116.1762,-1.8858,TERMINAL_TANAH_GROGOT_MT
22TGT0035,,116.1884,-1.9263,TANAH_PERIUK_ST
22TGT0036,,116.1912,-1.5954,BOSTER_LONG_IKIS_MT
22TGT0037,,116.1916,-1.8771,JLRIDWAN_SUWIDI_PL
22TGT0038,,116.1921,-1.9941,SP2_TB
22TGT0039,,116.1925,-1.9047,BUMI_PASIR_TB
22TGT0040,,116.1933,-1.8952,BUEN_GROGOT_CM
22TGT0041,,116.1946,-1.9158,RUKUN_GROGOT_PL
22TGT0042,,116.1978,-1.5644,KAYUNGAU_TB
22TGT0043,,116.2002,-1.6297,TAJUR_LONG_IKIS_MT
22TGT0044,,116.203,-1.9042,TANAH_GROGOT_MT
22TGT0045,,116.2068,-1.5866,SIMPANG_PAIT_CM
22TGT0046,,116.2073,-1.8762,JLYONE_ST
22TGT0047,,116.211,-1.95,PASIR_BELENGKONG_MT
22TGT0048,,116.2188,-1.8501,DESA_JONE_ST
22TGT0049,,116.2236,-1.9374,PEPARA_PL
22TGT0050,,116.2337,-1.8482,PADANG_PENGRAPAT_PL
22TGT0051,,116.2421,-1.5466,TAJER_MULYA_MT
22TGT0052,,116.2445,-1.8089,PELABUHAN_PONDONG_ST
22TGT0053,,116.2448,-1.6168,KRAYAN_TB
22TGT0054,,116.2456,-1.8435,PDG_PNGRAPAT_TB
22TGT0055,,116.2512,-1.5635,JMPARING_PL
22TGT0056,,116.2532,-1.9955,SULIRANBARU_MT
22TGT0057,,116.2639,-1.6012,KRAYAN_SENTOSA_MT
22TGT0058,,116.2829,-1.4549,MENDIK_MAKMUR_ST
22TGT0059,,116.3074,-1.4475,DESA_MENDIK_TB
22TGT0060,,116.3078,-1.9739,LABUAN_BARU_TB
22TGT0061,,116.3098,-1.6702,MUARA_ADANG_MT
22TGT0062,,116.3197,-1.5203,LONGKALI_MT
22TGT0063,,116.3217,-1.4638,BENTE_TUALAN_PL
22TGT0064,,116.3673,-1.4993,DESA_LONGKALI_ST
22TGT0065,,116.4278,-1.5683,SEBAKUNG_TIGA_MT
22TGT0066,,116.109,-2.1009,NT_DESA_PETANGIS_PS
22TGT0067,,115.9861,-2.1434,VS_NT_TEBRU_PASER_DAMAI_PS
22TGT0068,,115.7635,-1.6203,VS_NT_BINANGON_PS
22TGT0069,,115.8643,-1.5329,VS_NT_LONG_SAYO_PS
22TGT0070,,115.8122,-1.6196,NT_MUARA_KUARO_PS
22TGT0071,,115.7553,-1.6659,NT_DESA_SELERONG_MT
22TGT0072,,115.9222,-2.0829,NT_DESA_LIBUR_DINDING_PS
22TGT0073,,115.9929,-1.9543,NT_LUAN_PS
22TGT0074,,115.9178,-2.1445,NT_RANTAU_ATAS_PS
22TGT0075,,116.0669,-1.9517,NT_DESA_LEMPESU_MT
22TGT0076,,116.1755,-1.8752,TEPIAN_BATANG_PL
22TGT0077,,116.0984,-1.7711,KENDAROM_MT
22TGT0079,,116.3939,-1.8714,MUARA_PASIR_PS
22TGT0080,,116.1765,-1.6,PAIT_TB
22TGT0081,,116.0875,-1.7986,KUARO_TB
22TGT0082,,115.826,-1.7053,BATU_BUTOK_MT
22TGT0083,,116.1041,-1.9322,BEKOSO_MT
22TGT0084,,116.1248,-2.2622,TAMPAKAN_MT
22TGT0085,,116.2189,-1.7756,PASIRMAYANG_KUARO_PL
22TGT0086,,116.4346,-1.5803,SEBAKUNG_LONGKALI_PL
22TGT0087,,116.1558,-1.5883,LONGIKIS_PASER_PL
22TGT0088,,116.2059,-1.8984,JONE_GROGOT_PL
22TGT0089,,116.1839,-1.9012,ROADTANAH_GROGOT_PL
22TGT0090,,115.9041,-1.8238,PETROSEA_KIDECO_PL
22TGT0091,,115.9287,-1.8339,SEREKUTAN_BATUSOPANG_PL
22TGT0092,,116.1876,-1.9118,SINGA_MAULANA_PL
22TGT0093,,116.2037,-1.9311,SIMPANG_KARIM_PL
22TGT0094,,116.5104,-1.5882,TELAKE_LONGKALI_PL
22TGT0095,,115.9176,-1.8227,KENANGAN_BATUKAJANG_PL
22TGT0096,,116.1737,-1.8517,KUARO_JANJU_CM
22TGT0097,,116.1325,-1.7645,KUARO_MULAWARMAN_PL
22TGT0098,,116.2826,-1.5507,PUTANG_GROGOT_PL
22TGT0099,,116.3355,-1.9979,PASAR_LABUHANLAMA_PL
22TGT0100,,116.1622,-2.281,BATU_ENGAU_PL
22TGT0101,,116.391,-2.0599,PELABUHAN_LORI_MT
22TGT0102,,116.2255,-2.0239,KADES_SENIUNGJAYA_MT
22TGT0103,,116.152,-1.6303,WATERBOOM_KEGANANGAN_PL
22TGT0104,,116.2592,-1.5814,KADES_KRAYANJAYA_MT
22TGT0105,,116.1417,-1.5605,KADES_SEKUROUJAYA_PL
22TGT0106,,116.1438,-1.6905,SADENLEY_MT
22TGT0107,,116.1432,-2.0178,SUATANG_BELENGKONG_PL
22TGT0109,,116.5106,-1.6189,NURULKHAIR_TELAKE_PL
22TGT0110,,116.3894,-2.3187,KADES_SEGENDANG_MT
22TGT0111,,116.2708,-1.4274,KADES_MENDIKKARYA_CM
22TGT0112,,116.2066,-1.9059,PASAR_SENAKEN_PL
22TGT0113,,116.2002,-1.9205,KANDILO_BAHARI_PL
22TNR0002,,117.1139,2.1836,KEC_SEGAH_MT
22TNR0004,,117.305,2.0579,LEBANAN_EP
22TNR0005,,117.3186,2.0058,TUMBIT_BERAU_MT
22TNR0006,,117.3846,2.0828,KALIMARAU_EP
22TNR0007,,117.426,2.1581,TELUK_BAYUR_TARAKAN_EP
22TNR0008,,117.433,2.0498,BERAU_COAL_EP
22TNR0009,,117.4509,2.1662,RINDING_MT
22TNR0012,,117.4844,2.1385,GUNUNG_PANJANG_IB
22TNR0014,,117.4939,2.2275,PASAR_BERAU1_EP
22TNR0015,,117.5021,2.1427,JALAN_MURJANI_EP
22TNR0016,,117.5086,2.161,PASAR_BERAU_EP
22TNR0017,,117.5646,2.1631,DESA_BANGUN_TB
22TNR0018,,117.5982,2.2146,LATI_MT
22TNR0019,,117.6223,2.0184,SUARAN_TB
22TNR0020,,117.6793,2.2061,MARANCANG_ILIR_TB
22TNR0021,,117.8672,1.811,TELINGSYNGDUA_EP
22TNR0022,,117.9166,2.2083,TANJUNG_BATU_TNR_MT
22TNR0023,,117.979,1.7572,TABALAR_EP
22TNR0024,,118.0298,1.6688,LEMPAKE_BIATAN_MT
22TNR0025,,118.0906,2.2792,TANJUNG_BATU_BPP_PL
22TNR0026,,118.1746,1.6092,TALISAYAN_MT
22TNR0028,,118.0507,1.5639,NT_BIATAN_ULU_PL
22TNR0029,,117.9263,1.6404,VS_NT_BUKIT_MAKMUR_JAYA_PL
22TNR0030,,118.0556,1.6643,NT_DESA_KARANGAN_PL
22TNR0031,,117.4671,2.2037,NT_DESA_BIRANG_PL
22TNR0032,,117.4529,2.1067,NT_RANTAU_PANJANG_MT
22TNR0033,,117.0848,2.0348,NT_DESA_BATU_RAJANG_PL
22TNR0034,,117.2,2.0878,NT_DESA_BUKIT_MAKMUR_PL
22TNR0035,,117.803,1.8778,VS_NT_BUYUNG_BUYUNG_PL
22TNR0036,,117.9607,1.714,VS_NT_TABALAR_HARAPAN_MAJU_PL
22TNR0037,,117.8552,1.7676,VS_NT_TABALAR_ULU_PL
22TNR0038,,118.0877,1.5589,NT_DESA_SUMBER_MULYA_PL
22TNR0039,,117.8213,1.8537,NT_SEMURUT_PL
22TNR0040,,117.4938,2.1434,TANJUNG_REDEB_TB
22TNR0041,,117.4579,2.159,SUNGAI_BEDUNGUN_TB
22TNR0042,,117.5452,2.143,SAMBALIUNG_TB
22TNR0043,,117.4859,2.126,GUNUNG_PANJANG_MT
22TNR0044,,117.49,2.1599,TANJUNG_REDEB_ANTASARI_MT
22TNR0045,,117.499,2.1834,GUNUNG_TABUR_TB
22TNR0046,,117.6021,2.1854,GURIMBANG_MT
22TNR0047,,117.4189,2.1394,TELUK_BAYUR_PL
22TNR0048,,117.4415,2.1641,RINDING_TLKBAYUR_TB
22TNR0049,,117.4739,2.1668,MANUNGGAL_BERAU_CM
22TNR0050,,117.5214,2.1568,TRANSPOROS_PL
22TNR0051,,117.3024,2.0633,LABANAN_MAKMUR_TB
22TNR0052,,118.2459,2.2855,YAPDERAWAN_PL
22TNR0053,,117.4354,2.1532,BANDARA_KALIMARAU_PL
22TNR0054,,117.1095,2.1486,HARAPANJAYA_BERAU_PL
22TNR0055,,117.6568,2.2418,BENDUNGAN_MELATIJAYA_PL
22TNR0056,,117.4721,2.1488,INHUTANI_SAMBARATA_PL
22TNR0058,,118.293,1.4796,KARCAM_CAMPURSARI_MT
22TNR0060,,118.1903,1.5869,LAPANGAN_TALISAYAN_TB
22TNR0061,,118.2459,1.4997,BUMI_JAYA_PL
22TNR0063,,117.9916,1.7062,BIANTAN_BAPINANG_CM
22TNR0064,,117.5377,2.1764,KAMPUS_SAMBURAKAT_TB
22TNR0065,,117.4886,2.1501,PELABUHAN_TERATAIBARU_TB
22TNR0066,,117.5066,2.1526,TAMAN_CENDANA_BERAU_MT
22TNR0068,,117.5073,2.1308,NEWKARANGMULYO_BERAU_ST
22TNR0069,,117.4989,2.1712,SAMBALIUNG_TB
22TNR0070,,117.4952,2.1343,GRANDFORTUNE_GOLF_TB
22TRG0002,,116.1665,0.2862,LONG_BELEH_PS
22TRG0003,,116.3633,-0.0131,KENOHAN_MT
22TRG0004,,116.3771,0.138,KEMBANGJANGGUT_MT
22TRG0005,,116.402,-0.3548,MUARA_MUNTAI_EP
22TRG0006,,116.4078,0.1082,KELEKAT_PL
22TRG0007,,116.4891,-0.3171,MUARA_WIS_EP
22TRG0008,,116.529,-0.4444,LEBAK_CILONG_MT
22TRG0009,,116.5762,-0.24,KBG_JANGGUT_TRG_PL
22TRG0010,,116.5848,-0.2706,KOTA_BANGUN_ULU_MT
22TRG0011,,116.593,-0.2642,KOTA_BANGUN_TRG_EP
22TRG0012,,116.5945,-0.2727,KOTA_BANGUN_HULU_PL
22TRG0013,,116.5987,-0.2243,LIANG_ILIR_PL
22TRG0014,,116.6387,-0.1316,NT_MUARA_SIRAN_GH
22TRG0016,,116.677,-0.2629,SUMBER_SARI_PS
22TRG0018,,116.7251,-0.1475,MUARA_KAMAN1_ST
22TRG0020,,116.7351,-0.1464,MUARA_KAMAN_EP
22TRG0021,,116.7669,-0.401,KOTABANGUN_EP
22TRG0022,,116.7785,-0.0679,TUNJUNGAN_TRG_PL
22TRG0023,,116.7934,-0.5639,JONGGON_TRG2_TB
22TRG0024,,116.7997,-0.2792,BENUA_PUHUN_MT
22TRG0025,,116.8045,-0.2412,RANTAU_HAMPANG_EP
22TRG0026,,116.8066,-0.3234,SELERONG_MT
22TRG0027,,116.8327,-0.294,TERATAK_KAMAN_MT
22TRG0028,,116.8333,-0.4979,JONGGON_TRG1_TB
22TRG0029,,116.8375,-0.3264,SENONI_MT
22TRG0030,,116.8626,-0.4465,RDTO_KOTABANGUN_PL
22TRG0031,,116.9049,-0.1775,SP4_MT
22TRG0032,,116.9141,-0.1509,SIDO_MUKTI_KAMAN_MT
22TRG0033,,116.9165,-1.0847,KARYA_SEMBOJA_PL
22TRG0034,,116.9354,-1.0751,KARYA_MERDEKAKM8_PL
22TRG0035,,116.937,-1.0644,BUKIT_TRG_EP
22TRG0037,,116.9453,-0.3957,MALUHU2_TB
22TRG0040,,116.9522,-0.1538,SEBULUH_DARAT_PL
22TRG0041,,116.9579,-0.4371,LAMIN_TELIHN_MT
22TRG0042,,116.9591,-0.4277,BARONGTONGKOK2_MT
22TRG0043,,116.96,-0.4679,JAHAB_EP
22TRG0044,,116.9602,-1.0181,KARYAMERDEKA_CM
22TRG0045,,116.9617,-0.4149,MALUHU_TB
22TRG0046,,116.9647,-0.4306,LPMANGKURAJA_MT
22TRG0047,,116.9664,-0.1631,MANUNGGAL_DAYA_TRG_ST
22TRG0048,,116.9669,-0.4157,MALUHU_KUKAR_TB
22TRG0049,,116.9721,-0.4176,GNSEDAYU_LOAIPUH_TB
22TRG0050,,116.9721,-0.4295,GNBELAH_IPOH_TB
22TRG0051,,116.9738,-0.9968,BALIKPAPANKM36_PL
22TRG0052,,116.9747,-0.4249,TENGGARONG1_MT
22TRG0053,,116.9761,-0.4094,JLANGGANA_PL
22TRG0054,,116.977,-0.4214,JAHAB_KUTAI_PL
22TRG0055,,116.9772,-0.3135,SIDO_MUKTI_TRG_PL
22TRG0056,,116.9774,-0.3947,RONDONG5_PL
22TRG0057,,116.978,-0.1691,SUMBER_SARI_TRG_TB
22TRG0058,,116.9786,-0.9969,KM38_BALIKPAPAN_MT
22TRG0059,,116.9791,-0.4184,LOAIPUH_STP_ST
22TRG0060,,116.9791,-0.4397,PESUT_DALAM_PL
22TRG0061,,116.9799,-0.4149,STADION_KUKAR_TB
22TRG0062,,116.982,-0.977,SEI_MERDEKA_PL
22TRG0064,,116.9826,-0.4099,TRITUNGGAL_SENTRABUANA_PL
22TRG0065,,116.983,-0.4284,TENGGARONG_TRG2_EP
22TRG0066,,116.983,-0.2855,DESA_SEBULU_ULU_TB
22TRG0067,,116.9837,-0.4416,GNMENYAPA_KUKAR_TB
22TRG0068,,116.9839,-1.1002,SELOK_API_EP
22TRG0069,,116.9842,-0.3897,MANGKURAWANG_TB
22TRG0070,,116.9847,-0.4189,MELAYU_PL
22TRG0071,,116.985,-0.4123,MASJID_TENGGARONG_MT
22TRG0072,,116.985,-0.4048,SUKARAME_PANJI_TRG_PL
22TRG0073,,116.9852,-0.1219,CAMP_SEBULU_SMG_EP
22TRG0074,,116.9856,-0.5458,JEMBAYAN_TGH_MT
22TRG0075,,116.9872,-0.3954,KAMPUNG_BARU_TRG_EP
22TRG0076,,116.9889,-0.4235,TENGGARONG2_MT
22TRG0077,,116.9891,-0.4151,TENGGARONG_STO_MT
22TRG0078,,116.9894,-0.3869,TENGGARONG_KOTA_MT
22TRG0079,,116.9899,-0.4192,MELAYU_KUKAR_TB
22TRG0080,,116.99,-0.2801,SEBULUH_EP
22TRG0081,,116.9903,-0.4086,GANGMAWAR_SUKARAME_PL
22TRG0082,,116.9904,-0.4323,BUKIT_LAYANG_ST
22TRG0083,,116.9904,-0.46,MUARA_KARANG_PL
22TRG0084,,116.9922,-0.4456,BUKITBIRU_MT
22TRG0085,,116.9933,-0.3793,LOA_PARI_MT
22TRG0086,,116.994,-0.4277,TEPIAN_TENGGARONG2_PL
22TRG0087,,116.9947,-0.4387,JLPATIN_TIMBAU_TB
22TRG0088,,116.9957,-0.434,TEPIAN_TENGGARONG1_PL
22TRG0089,,116.9966,-0.4589,BUKIT_BIRU_TB
22TRG0090,,116.997,-0.4452,TAMAN_KOTA_KUKAR_TB
22TRG0091,,116.9972,-0.4505,BELIDA_BUKIT_BIRU_MT
22TRG0092,,116.9982,-0.5057,TERATAK_MT
22TRG0093,,116.9996,-0.3554,LOA_TEBU3_TB
22TRG0094,,116.9985,-1.0693,AMBRWNGDRT_PL
22TRG0095,,117.0029,-0.4182,PERJIWA_CM
22TRG0096,,117.004,-0.4561,MI_TIMBAU_TB
22TRG0097,,117.0078,-0.9409,BUKIT_SEMBOJA_PL
22TRG0098,,117.0078,-0.4668,LOAKULU_TIGA_MT
22TRG0099,,117.0079,-0.4436,JEMBATAN_KUKAR_PL
22TRG0100,,117.009,-0.4339,KUTAI_KMALA_EP
22TRG0101,,117.009,-0.2716,SEBULU_ILIR_ST
22TRG0102,,117.0096,-0.3498,LOA_TEBU1_MT
22TRG0104,,117.0127,-0.9194,KM45_BALIKPAPAN_PL
22TRG0105,,117.013,-0.4751,LOA_KULU_MT
22TRG0106,,117.0158,-0.5784,JEMBAYAN_CM
22TRG0107,,117.0167,-0.5572,LAWANG_JEMBAYAN_CM
22TRG0108,,117.0179,-0.3479,LOA_TEBU2_ST
22TRG0109,,117.0193,-0.4886,REMPANGA_TRG_PL
22TRG0110,,117.0202,-0.5124,SIDODADI_TRG_PL
22TRG0111,,117.0207,-0.5183,LOAKULU_EP
22TRG0112,,117.0208,-0.5289,JAWABARU_MT
22TRG0113,,117.0233,-0.5468,JEMBAYAN1_PL
22TRG0114,,117.0311,-0.4349,TOL_TENGGARONG_PL
22TRG0115,,117.034,-0.5981,BAKUNGAN_JANAN_PL
22TRG0116,,117.034,-0.5403,JEMBAYAN_LOAKULU_TB
22TRG0117,,117.0436,-1.0095,SAMBOJA_MT
22TRG0118,,117.0444,-0.5933,BAKUNGAN_EP
22TRG0119,,117.0518,-0.7545,KM80_BALIKPAPAN_EP
22TRG0120,,117.0578,-0.5796,LOA_DURI_ULU_CM
22TRG0121,,117.0591,-0.2099,GIRI_AGUNG_TRG_PL
22TRG0122,,117.0599,-1.0227,KARYA_JAYAWONOTIRTO_PL
22TRG0123,,117.0808,-0.3269,EMBALUT_TB
22TRG0124,,117.064,-0.3091,DSSEPARIMUARA_MT
22TRG0125,,117.0642,-0.5941,LOA_DURI_PL
22TRG0126,,117.066,-0.4305,BUKIT_RAYA_TRG_MT
22TRG0127,,117.0713,-0.733,LOA_JANAN_PL
22TRG0128,,117.0726,-1.0208,SAMBOJA_KUALA_ST
22TRG0129,,117.0746,-0.4131,SABINTULUNG_TB
22TRG0131,,117.0831,-0.6184,SARI_MULYA_TRG_CM
22TRG0132,,117.0849,-0.5816,SIMPANG3_LOAJANAN_EP
22TRG0133,,117.0858,-1.0127,RAYON_SAMBOJA_PL
22TRG0134,,117.088,-0.5824,LOAJANANULU_MT
22TRG0135,,117.0925,-0.6005,KM5_LOAJANAN_EP
22TRG0136,,117.0928,-0.5799,PURWAJA_TB
22TRG0137,,117.0932,-0.5839,LOAJANANGARUDA_MT
22TRG0138,,117.0938,-0.4217,TENGGARONG_TRG1_EP
22TRG0139,,117.095,-0.7106,BATUABATUAH_PL
22TRG0140,,117.0961,-0.6189,PURWAJAYA_TB
22TRG0141,,117.097,-0.7024,KM20_LOAJANAN_MT
22TRG0142,,117.1003,-0.6348,LOAJANANKM10_PL
22TRG0144,,117.1042,-1.0226,HANDIL_BANGUN_TB
22TRG0145,,117.1046,-0.638,KM10_SAMARINDA_MT
22TRG0146,,117.1055,-0.3193,KERTA_BUANA_PL
22TRG0147,,117.1093,-0.3568,BANGUN_REJO_TRG_TB
22TRG0148,,117.1066,-0.2544,SEPARI_EP
22TRG0149,,117.1099,-0.3759,TENGGARONG_TRG3_MT
22TRG0150,,117.1123,-0.6755,BATUAH_TRG_PL
22TRG0151,,117.1132,-0.38,TELUK_DALAM_TRG_ST
22TRG0152,,117.1134,-0.3726,MANUNGGALJAYA_PL
22TRG0153,,117.1133,-0.271,DESA_BUKIT_PARIAMAN_PL
22TRG0154,,117.114,-1.0216,KUALA_BPP_MT
22TRG0155,,117.1192,-0.6264,TANIBHAKTI_MT
22TRG0156,,117.1219,-0.334,KITADIN_EP
22TRG0157,,117.1221,-0.2658,BUKIT_PARIAMAN_PL
22TRG0158,,117.123,-0.7303,BANTUAS_TB
22TRG0159,,117.1251,-1.0084,PANTAI_PEMEDAS_ST
22TRG0161,,117.1301,-0.2441,BUANA_JAYA_MT
22TRG0162,,117.1519,-0.9758,SENIPAH_EP
22TRG0163,,117.1628,-0.9585,SANIPAH_ST
22TRG0164,,117.1945,-0.931,SUNGAI_SEMBILANG_MT
22TRG0165,,117.204,-0.8983,HANDIL_BARU_MT
22TRG0166,,117.2083,-0.8736,MOH_HATTAMUARA_JAWA_PL
22TRG0167,,117.2176,-0.8576,MAJA_TENGAH_MT
22TRG0168,,117.2212,-0.8471,HANDIL_MUARAJAWA_PL
22TRG0169,,117.2264,-0.6772,PENDINGIN1_PL
22TRG0170,,117.2265,-0.8375,MUARA_JAWA_PESISIR_ST
22TRG0171,,117.2301,-0.7866,DONDANG_PL
22TRG0172,,117.2305,-0.832,MUARA_JAWA_PL
22TRG0173,,117.2324,-0.7816,DONDANG_HANDIL_ATAS_TB
22TRG0174,,117.2334,-0.8259,HANDIL1_PL
22TRG0175,,117.2347,-0.8182,JAWA_ULU_PL
22TRG0176,,117.2369,-0.6542,SANGASANGA2_TB
22TRG0177,,117.2401,-0.6436,SANGA_DALAM_PL
22TRG0178,,117.2412,-0.8272,HANDIL_EP
22TRG0179,,117.2472,-0.8372,DELTA_HANDIL_TOTAL_MT
22TRG0180,,117.2472,-0.8283,HANDIL2_MT
22TRG0181,,117.263,-0.2998,DESA_BADAK_MEKAR_PL
22TRG0182,,117.2637,-0.5715,ANGGANA_EP
22TRG0183,,117.2649,-0.2453,KM52SUKADAMAI_PL
22TRG0184,,117.2694,-0.6631,PENDINGIN_PS
22TRG0185,,117.2752,-0.5755,MAHAKAM_ANGANA_MT
22TRG0186,,117.2761,-0.5451,BERINGIN_ST
22TRG0187,,117.2813,-0.6017,SANGA_SANGA_MUARA_PL
22TRG0188,,117.2815,-0.5718,CENDANA_ANGGANA_MT
22TRG0189,,117.2928,-0.6312,SANGASANGA_PL
22TRG0190,,117.2952,-0.3198,SIMPANG_BADAK_MT
22TRG0191,,117.3117,-0.2024,PRANGAT_BARU_EP
22TRG0192,,117.3145,-0.5654,KUTAI_TB
22TRG0193,,117.3314,-0.1433,PRANGAT_EP
22TRG0194,,117.3381,-0.1086,DESA_MAKARTI_PL
22TRG0195,,117.3607,-0.0402,GUNUNGMENANGIS_PL
22TRG0196,,117.3614,0.0129,KM24_BTG_SMD_MT
22TRG0197,,117.3833,-0.3335,BATU_BATU_TRG_CM
22TRG0198,,117.3959,-0.0956,KM7_MARANGKAYU_PL
22TRG0199,,117.4086,-0.1498,BUNGA_PUTIH_PL
22TRG0200,,117.4174,-0.1441,BUNGAPUTIH_PL
22TRG0201,,117.4202,-0.2089,SAMBERA_BARU_PS
22TRG0202,,117.4203,-0.3254,VICO_PERINTIS_EP
22TRG0203,,117.4205,-0.4026,SALIKI_MR_BADAK_ST
22TRG0204,,117.4222,-0.374,KOJO_BADAK_PL
22TRG0205,,117.4317,-0.1118,MARANG_KAYU_EP
22TRG0206,,117.4319,-0.3276,VICO_TIMUR_TB
22TRG0207,,117.4343,-0.3506,MUARA_BADAK_MT
22TRG0209,,117.4381,-0.346,MUARABADAK_TRG_PL
22TRG0211,,117.4459,-0.3361,OUTER_VICO_STP_ST
22TRG0212,,117.4465,-0.072,SEMANGKO_PL
22TRG0213,,117.4778,-0.0392,SANTAN_TENGAH_TB
22TRG0214,,117.4827,0.0079,SANTAN_ILIR_MT
22TRG0215,,117.4862,-0.0583,KERSIK_TB
22TRG0216,,116.6946,-0.36,SUKABUMI_KOTABANGUN_MT
22TRG0217,,116.9482,-0.3369,RAPAK_LAMBUR_CM
22TRG0219,,116.9291,-0.1616,NT_DESA_CIPARI_MAKMUR_EB
22TRG0220,,116.971,0.0212,DESA_PUAN_CEPAK_PL
22TRG0221,,117.5915,-0.78,NT_SEPATIN_MT
22TRG0222,,116.2568,0.0212,VS_NT_LAMIN_PULUT_PL
22TRG0223,,116.222,0.0324,NT_LAMIN_TELIHAN_MT
22TRG0224,,116.3698,0.0261,NT_DESA_TELUK_BINGKAI_PL
22TRG0225,,116.4516,-0.125,NT_TELUK_MUDA_PL
22TRG0226,,116.4147,-0.097,NT_DESA_TUANA_TUHA_PL
22TRG0227,,116.4146,-0.1372,NT_DESA_TUBUHAN_PL
22TRG0228,,116.6973,-0.4109,NT_BENUA_BARU_PL
22TRG0229,,116.8673,-0.1917,NT_BUNGA_JADI_PL
22TRG0230,,116.4182,-0.5307,NT_PERIAN_MT
22TRG0231,,116.1922,-0.1106,NT_ENGGELAM_PL
22TRG0232,,116.8873,-0.6119,VS_NT_DESA_LUNG_ANAI_PL
22TRG0234,,116.5368,-0.4012,KOTA_BANGUN3_MT
22TRG0235,,116.3903,-0.3593,MUARA_MUNTAI_ULU_MT
22TRG0236,,116.888,-0.5982,SUNGAI_PAYANG_MT
22TRG0237,,116.8802,-0.1914,BUNGA_JADI_MT
22TRG0238,,117.109,-0.3495,BANGUN_REJO_MT
22TRG0239,,116.4315,-0.5095,MUARA_LEKA_MT
22TRG0240,,117.0726,-0.5988,LOA_DURI_ILIR_MT
22TRG0241,,117.008,-0.1778,SUMBER_SARI_MT
22TRG0242,,116.291,-0.4168,JANTUR_MT
22TRG0243,,116.7599,-0.621,JONGGON_DESA_TB
22TRG0244,,116.8766,-0.3372,TANJUNG_HARAPAN_MT
22TRG0246,,117.4523,-0.0876,SEMANGKO_CHEVRON_ST
22TRG0248,,116.9586,-1.0413,BALSAM_KM27_PL
22TRG0249,,117.0095,-1.0479,MARGOMULYO_SAMBOJA_PL
22TRG0250,,117.0221,-1.0191,SUNGAI_SELUANG_TB
22TRG0251,,117.0569,-0.9766,DSBUKITRAYA_SAMBOJA_PL
22TRG0252,,117.1003,-0.3093,TENGGARONG_SEBERANG_PL
22TRG0253,,117.0749,-0.2246,SUKAMAJU_SMPGBIRAWA_PL
22TRG0254,,117.1441,-0.1852,DSMULAWARMAN_PL
22TRG0255,,117.1012,-0.3995,KARANGTUNGGAL_KUTKAR_PL
22TRG0256,,116.7299,-0.3948,SARINADI_KTBANGUN_PL
22TRG0257,,116.5652,-0.374,KOTABANGUN_POROS_TB
22TRG0258,,117.3802,-0.5515,HANDIL_TERUSAN_PL
22TRG0261,,117.411,-0.3331,MUARA_BADAK_PL
22TRG0262,,117.2515,-0.8136,TEPIAN_LANGSAT_CM
22TRG0263,,117.2451,-0.5652,POROS_ANGGANA_PL
22TRG0264,,117.396,-0.326,POMBENSIN_MUARABADAK_PL
22TRG0265,,117.3907,-0.3495,SAWIT_UNGGUL_ESTATE_TB
22TRG0266,,117.0223,-0.299,SEGIHAN_SEBULU_PL
22TRG0267,,116.7882,-0.5933,PASAR_JONGGON_PL
22TRG0268,,116.8557,-0.5075,POROS_JONGGON_PL
22TRG0269,,117.2878,-0.6592,DERMAGA_PENDINGIN_CM
22TRG0270,,116.3946,0.1231,HAMBAU_KUTKER_TB
22TRG0272,,117.0236,-1.12,SALOK_APILAUT_PL
22TRG0273,,117.0697,-0.9515,KADES_BERINGINAGUNG_PL
22TRG0274,,116.8928,-0.4579,LOAIPUH_DARAT_PL
22TRG0275,,116.0565,0.3894,RITANBARU_TABANG_PL
22TRG0276,,116.4257,-0.0244,LAPANGAN_TUANATUHA_PL
22TRG0278,,117.1904,-0.8484,MUARAJAWA_KUTKER_TB
22TRG0279,,116.4275,0.0747,GENTING_TANAH_PL
22TRG0280,,117.4404,-0.3094,PANTAI_LONGBEACH_PL
22TRG0281,,116.9382,-1.0463,YONKAV13_BALIKPAPAN_PL
22TRG0283,,116.2652,-0.7405,BONGAN_KUTBAR_PL
22TRG0284,,117.0542,-0.5419,PANCARAN_SHIPYARD_PL
22TRG0285,,116.9933,-0.4801,BUKITBIRU_TENGGARONG_PL
22TRG0286,,117.2807,-0.762,KADES_MUARAKEMBANG_PL
22TRG0290,,117.0459,-0.3022,BB_PORT_PAMABAYA
22TRG0291,,117.0579,-0.2825,BB_HAULING_PAMABAYA_ST
22TRG0292,,117.1016,-0.2182,BB_OFFICE_PAMABAYA
22TRG0293,,117.1542,-0.2094,BB_OCR234_PAMABAYA
22TRG0294,,117.1581,-0.1268,BB_ADDOCR302_PAMABAYA
22TRG0295,,117.1719,-0.1848,BB_WORKSHOP_PAMABAYA
22TRG0296,,117.1728,-0.145,BB_OCRPIT302_PAMABAYA
22TRG0299,,116.1956,0.2623,KEMBANG_JANGGUT_MT
22TRG0300,,116.5741,-0.2556,KADES_BANGUNILIR_MT
22TRG0301,,117.054,-0.3931,KADES_TANJUNGBATU_TB
22TRG0302,,116.9794,-1.113,SALOK_APIDARAT_MT
22TRG0303,,116.9546,-1.0853,TANI_BAKTI_PL
22TRG0304,,117.4751,-0.0097,SANTAN_TENGAH_CM
22TRG0305,,116.7332,-0.3686,PUSKESMAS_LULAQ_CM
22TRG0306,,117.0687,-0.6198,LOA_DURI_ILIR_CM
22TRG0307,,116.9407,-0.4623,BUDIDUTA_AGRIMAKMUR_CM
23AMT0001,,115.106,-2.4678,DANAU_PANGGANG_MT
23AMT0002,,115.1175,-2.5032,SUNGAI_LUANG_HULU_PL
23AMT0003,,115.1323,-2.4561,DESA_BARU_AMT_PL
23AMT0004,,115.1387,-2.5385,BABIRIK_PL
23AMT0005,,115.1559,-2.458,MANARUP_HULU_MT
23AMT0006,,115.1688,-2.5113,SUNGAI_DURAIT_HULU_PL
23AMT0007,,115.1706,-2.533,DURAIT_TENGAH_PL
23AMT0008,,115.1826,-2.497,HAMBUKU_RAYA_TB
23AMT0009,,115.189,-2.4367,AMUNTAI_TENGAH_PL
23AMT0010,,115.1974,-2.4493,GALAGAH_HULU_PL
23AMT0011,,115.1987,-2.48,BANYU_TAJUN_HILIR_AMT_PL
23AMT0012,,115.2104,-2.4583,PANDULANGAN_MT
23AMT0013,,115.2104,-2.4194,BANYU_HERANGAMUNTAI_PL
23AMT0014,,115.2138,-2.4678,ALABIO_MT
23AMT0015,,115.2162,-2.4123,AMUNTAI_SELATAN_PL
23AMT0016,,115.2239,-2.4567,DATU_KUNING_PL
23AMT0017,,115.2273,-2.4023,SUNGAI_BARING_PL
23AMT0018,,115.2303,-2.5017,TAPUS_DALAM_MT
23AMT0019,,115.2306,-2.4218,TELAGA_SILABA_TB
23AMT0020,,115.2313,-2.4513,RANTAWAN_MT
23AMT0021,,115.2386,-2.4427,KEBUN_SARI1_CM
23AMT0022,,115.2388,-2.3723,SAPAWE_KERAMAT_TB
23AMT0023,,115.2402,-2.4083,NEGARA_DIPA_PL
23AMT0024,,115.2411,-2.4361,KOTA_RAJA_CM
23AMT0025,,115.2429,-2.4146,SEI_MALANG_KN
23AMT0027,,115.2457,-2.4237,AMUNTAI_POI_PL
23AMT0028,,115.246,-2.4044,PALIMBANGAN_PL
23AMT0029,,115.246,-2.4285,KEBUN_SARI_ST
23AMT0030,,115.2495,-2.4171,SUNGAI_MALANG_AMUNTAI_MT
23AMT0031,,115.2536,-2.4244,AMUNTAI_EP
23AMT0032,,115.2539,-2.413,AMUNTAI2_MT
23AMT0033,,115.2543,-2.4189,AMUNTAI_KOTA_ST
23AMT0034,,115.2587,-2.4135,KUDANGAN_REP1_PL
23AMT0035,,115.2598,-2.4242,MAJI_ANTASARI_TB
23AMT0036,,115.2638,-2.3985,AMUNTAI_UTARA_PL
23AMT0037,,115.2738,-2.3887,TURAK_TB
23AMT0038,,115.2809,-2.389,TELUK_DAUN_ST
23AMT0039,,115.2886,-2.4197,LOK_BANGKAI_PL
23AMT0040,,115.3158,-2.4085,BANJANG_PL
23AMT0041,,115.2682,-2.4185,LOK_BANGKAI_MT
23AMT0042,,115.3016,-2.412,PELAJUNGANSARI_PL
23AMT0043,,115.2147,-2.443,AMUNTAI_SLTN_PL
23AMT0044,,114.8732,-2.5286,PAMINGGIR_PL
23AMT0045,,115.235,-2.4808,TAPUS_UTARA_CM
23AMT0046,,115.299,-2.3712,MUARABARUH_AMUNTAI_TB
23AMT0047,,115.2143,-2.4819,ALABIO_BABIRIK_CM
23AMT0048,,115.2635,-2.3673,PASAR_PANAKAN_EB_PL
23BBR0001,,114.7019,-3.4559,LIANG_ANGGANG_BBR_TB
23BBR0002,,114.7049,-3.4713,LANDASAN_ULIN_SELATAN_TB
23BBR0003,,114.7091,-3.4465,AIRPORT_BANJARMASIN_EP
23BBR0004,,114.7229,-3.4444,BANJAR_LANDASULIN_PL
23BBR0005,,114.7282,-3.4306,LANDASAN_ULIN_BARAT_IF
23BBR0006,,114.7286,-3.4152,UMMU_HAFI_TB
23BBR0007,,114.732,-3.4426,CENDANA_ASRI_IF
23BBR0008,,114.7349,-3.4509,PERAMUAN_ULIN_TB
23BBR0009,,114.7374,-3.4237,LAND_ULIN_BARAT_PL
23BBR0010,,114.7386,-3.4564,GRIYA_ULIN_PERMAI_IF
23BBR0011,,114.7391,-3.4456,WBB_BANJARMASIN_TB
23BBR0012,,114.744,-3.4173,LIANG_ANGGANG_BBR2_TB
23BBR0013,,114.7464,-3.4494,GARUDA_ULIN_TB
23BBR0014,,114.7465,-3.4333,ANGKASA_RAYA_PERUMAHAN_TB
23BBR0015,,114.7492,-3.4434,MI_LANDASAN_ULIN2_PK
23BBR0016,,114.7518,-3.4256,LAND_ULIN_UTARA_TB
23BBR0018,,114.763,-3.4532,LANDASAN_TIMUR_TB
23BBR0019,,114.7635,-3.4499,LANDASAN_ULIN1_CM
23BBR0020,,114.7636,-3.4265,GOLF_ULIN_TB
23BBR0021,,114.7638,-3.4382,I2_BANDARA_SYAMSUDINNOOR_AT
23BBR0022,,114.7686,-3.4564,SEI_SALAKLANDASAN_ULIN_PL
23BBR0023,,114.7718,-3.4635,GRIYA_UTAMA_TRIKORA_IF
23BBR0024,,114.7749,-3.4545,LANDASAN_ULIN_UTARA_PL
23BBR0025,,114.78,-3.4506,ASRAMAHAJISYAMSUDIN_MT
23BBR0026,,114.7815,-3.4397,SUNGAI_BULUH_TB
23BBR0027,,114.7837,-3.4608,TRIKORA_GUNMANG_TB
23BBR0028,,114.7865,-3.4811,INA_GUNMANG_MT
23BBR0029,,114.7892,-3.4709,SMPN8_BJR_TB
23BBR0030,,114.79,-3.4391,SAPTA_MARGA_TB
23BBR0031,,114.7913,-3.4481,GUNTUNG_PAYUNG1_MT
23BBR0032,,114.7921,-3.4549,GUNTUNGMANGGIS1_TB
23BBR0033,,114.7948,-3.4084,SYAMSUDIN_NOOR_TB
23BBR0034,,114.797,-3.4324,PONDOK_BANJARBARU_TB
23BBR0035,,114.7993,-3.4161,GUNTUNG_PAYUNG_TB
23BBR0036,,114.8003,-3.45,GUNTUNG_MANGGIS_MT
23BBR0037,,114.8014,-3.4669,WENGGA_TRIKORA_PL
23BBR0038,,114.8016,-3.4948,CEMPAKA_BANJARBARU_TB
23BBR0039,,114.8052,-3.4436,LOKTABATUTARA_BBR_TB
23BBR0040,,114.8053,-3.4337,KBN_KARET_IF
23BBR0041,,114.8073,-3.4496,GANG_MERPATI_TB
23BBR0042,,114.8075,-3.4546,LOKTABAT_LANDASAN_ULIN_EP
23BBR0043,,114.8103,-3.479,BANJARBARU_GUNMANG_MT
23BBR0044,,114.8119,-3.4209,CINDAI_ALUS_PL
23BBR0045,,114.8115,-3.4606,GUNTUNGMANGGIS_PL
23BBR0046,,114.812,-3.4313,LOKTABATSELATAN_PL
23BBR0047,,114.8139,-3.4256,CITRA_PERSADA_ASRI_MT
23BBR0048,,114.815,-3.4398,BINAPERMATA_MT
23BBR0049,,114.8167,-3.5154,BANGKAL_BJR_CM
23BBR0050,,114.8162,-3.4468,LOKTABAT_BBR_EP
23BBR0051,,114.8172,-3.4344,BALITAN2_GRIYAUTAMA_PL
23BBR0052,,114.8217,-3.4257,BORNEO_TABAT_TB
23BBR0053,,114.8218,-3.4342,KOMP_WALI_KOTA_MT
23BBR0054,,114.8221,-3.4414,INDRAGIRI_GUNTUNG_TB
23BBR0055,,114.8224,-3.473,PALAM_TIMUR_MT
23BBR0056,,114.8225,-3.4573,AMBULUNG_BJB_MT
23BBR0057,,114.8275,-3.4479,MI_JLAMANAH_BANJARBARU_MT
23BBR0058,,114.8284,-3.5006,BANGKAL_CEMPAKA_PL
23BBR0059,,114.8289,-3.4536,KEMUNING_BBR1_PL
23BBR0060,,114.8301,-3.4268,PINUS_MT
23BBR0061,,114.83,-3.4861,PALAM_ST
23BBR0062,,114.8308,-3.4452,MINGGU_RAYA_MT
23BBR0063,,114.8311,-3.434,JLKECIPIR_CM
23BBR0064,,114.8314,-3.4618,PERTAMINA_WARUKINTANTA_TB
23BBR0065,,114.8327,-3.4576,PSR_BANJARBARU_MT
23BBR0066,,114.8346,-3.4395,PANGLIMA_BATUR_MT
23BBR0068,,114.8382,-3.4324,SDG_BARANGAMACO3_MT
23BBR0069,,114.8396,-3.453,WIDYA_TB
23BBR0070,,114.8407,-3.448,UNLAM_SUNGAI_BESAR_MT
23BBR0071,,114.8425,-3.4384,BANJAR_BARU_EP
23BBR0072,,114.8437,-3.4619,KOMP_BANUAPERMAI_TB
23BBR0074,,114.8465,-3.4257,LOKTABAT_UTARA_IF
23BBR0075,,114.8467,-3.4482,JLKENANGA_BANJARBARU_TB
23BBR0076,,114.8473,-3.4544,RATU_ELOK_CM
23BBR0077,,114.8473,-3.4356,MARTAPURA_BBR_PL
23BBR0078,,114.8492,-3.4961,CEMPAKA_BJM_MT
23BBR0079,,114.8492,-3.4394,IN_MALL_BANJARBARU_Q_MALL_MC
23BBR0080,,114.8497,-3.4455,KEHUTANAN_TB
23BBR0081,,114.8509,-3.4854,BANGKAL_BBR_PL
23BBR0082,,114.8526,-3.4596,KEMUNING_BBR_TB
23BBR0083,,114.8529,-3.4696,CEMPAKA_BBR_PL
23BBR0084,,114.8531,-3.4386,SUNGAI_PARING_TB
23BBR0085,,114.8532,-3.4324,MAN_ST
23BBR0086,,114.854,-3.4274,MI_ALFAMART_GUNTUNG_ALABAN_PK
23BBR0087,,114.8553,-3.4445,KOREM_ANTASARI_PL
23BBR0088,,114.8573,-3.4344,MI_ALFAPENDIDIKAN_MARTAPURA_PK
23BBR0089,,114.8578,-3.4503,SUNGAI_ULIN_PL
23BBR0090,,114.859,-3.4601,CAHAYA_INSAN_IF
23BBR0091,,114.8602,-3.4342,MENTAOS_TB
23BBR0092,,114.8608,-3.4258,SEKUMPUL_MT
23BBR0093,,114.8621,-3.4429,GUNTUNG_PAIKAT_BBR_TB
23BBR0094,,114.865,-3.4375,ISAT_ARGAMULYA_PL
23BBR0095,,114.8668,-3.4502,BUMI_PERMATA_HIJAU_EP
23BBR0096,,114.867,-3.4302,KAYU_LURUS_MT
23BBR0097,,114.8717,-3.4564,SINAR_BARU_BBR_TB
23BBR0098,,114.8767,-3.4886,CEMPAKA2_BJR_CM
23BBR0099,,114.9223,-3.5547,US_KIRAM_BU
23BBR0100,,114.8635,-3.4792,CEMPAKA_BASUNG_MT
23BBR0101,,114.7084,-3.4233,LANDASAN_ULIN_BARAT_CM
23BBR0102,,114.8764,-3.4408,ARWANA_RESIDENCE_PL
23BBR0103,,114.7545,-3.4524,ULIN_LANDASAN_PL
23BBR0106,,114.8825,-3.5312,DLEGENDA_WISATA_PL
23BBR0107,,114.8312,-3.4399,MB_BANJAR_GENHAPPY_TM
23BBR0108,,114.8932,-3.4552,BATALYON_INFANTERI_BANJAR_ST
23BBR0109,,114.7377,-3.4343,PURNAMA_GOLF_CM
23BJM0001,,114.547,-3.3491,HKSN_PERMAI_PL
23BJM0003,,114.5594,-3.3341,PELABUHAN_BASIRIH_PL
23BJM0004,,114.5583,-3.346,KUIN_KECIL_PL
23BJM0005,,114.5618,-3.325,TRISAKTI_PL
23BJM0006,,114.5642,-3.3185,PLAMBUAN_PL
23BJM0007,,114.5657,-3.3331,AGRARIA1_PL
23BJM0008,,114.5667,-3.3155,QUIN_CERUCUK_PL
23BJM0009,,114.5693,-3.328,AGRARIA_PL
23BJM0010,,114.5693,-3.275,ALALAK_TENGAH_ST
23BJM0011,,114.57,-3.2955,KUIN_EP
23BJM0012,,114.5697,-3.2858,KOMPLEK_DASAMAYA_MT
23BJM0013,,114.5703,-3.3077,PASIR_MAS_MT
23BJM0014,,114.5708,-3.2687,BERANGAS_ALALAK_CM
23BJM0015,,114.571,-3.3198,TELUK_DALAM_MT
23BJM0016,,114.5706,-3.3315,TELAGA_BARU_PL
23BJM0017,,114.5713,-3.3008,SIMPANG3_BELITUNG_PL
23BJM0018,,114.5713,-3.3458,MANTUIL_EP
23BJM0019,,114.5715,-3.3363,SMPN5_PL
23BJM0020,,114.5718,-3.2895,RAWASARI_ALALAK_PL
23BJM0021,,114.5725,-3.3148,PELAMBUAN_PL
23BJM0022,,114.574,-3.3172,KELAYAN_TIMUR_PL
23BJM0023,,114.5741,-3.3033,KUIN_CERUCUK_MT
23BJM0024,,114.5744,-3.271,KOMHER_ALALAKUTR_PL
23BJM0025,,114.575,-3.286,KOMPLEKSHKSN_TB
23BJM0026,,114.5753,-3.2756,ALALAK_UTARA_ST
23BJM0027,,114.5758,-3.3283,WILDANSARI_TB
23BJM0028,,114.576,-3.307,GRAWIRATAMA_KUIN_PL
23BJM0029,,114.5746,-3.3161,KOMPLEK_DPR_BANJARMASIN_TB
23BJM0030,,114.5762,-3.3218,JLMAYJEN_SUTOYO_PL
23BJM0031,,114.5764,-3.299,GGUKHUWAH_TB
23BJM0032,,114.5773,-3.3361,TELUK_TIRAM_MT
23BJM0033,,114.577,-3.2802,HKSN_ALALAK_TB
23BJM0034,,114.5774,-3.342,KELAYEN_SELATAN_PL
23BJM0035,,114.5787,-3.3039,TELUK_DALAM2_TB
23BJM0036,,114.5784,-3.2946,PANGERAN_KUIN_CM
23BJM0037,,114.5786,-3.3108,BITUNG_SELATAN_PL
23BJM0038,,114.5788,-3.3491,BASIRIH_SELATAN_PL
23BJM0039,,114.5793,-3.3569,KELAYANSELATAN_PL
23BJM0040,,114.5804,-3.2855,SIMPANG_GUSTI_MT
23BJM0041,,114.5802,-3.337,BASIRIH_PL
23BJM0042,,114.5824,-3.3287,TELAWANG_PL
23BJM0043,,114.5825,-3.3018,KUIN_SEL_ST
23BJM0044,,114.5831,-3.315,BATU_BENAWA_EP
23BJM0045,,114.5842,-3.309,BELITUNGLAUT_BANJARMASIN_ST
23BJM0046,,114.5846,-3.3206,KOMPLEK_MULAWARMAN_TELUKDALAM_PL
23BJM0047,,114.5849,-3.3059,BELITUNG_UTARA_PL
23BJM0048,,114.5851,-3.3133,BLITUNG_SELATAN_PL
23BJM0049,,114.5864,-3.2947,UNLAM_MT
23BJM0050,,114.5866,-3.2913,SUNAGI_MIAI_PL
23BJM0051,,114.5867,-3.3383,KELAYAN_SELATAN_PL
23BJM0052,,114.5881,-3.3347,ILIR_BANJARMASIN_CM
23BJM0053,,114.5883,-3.3435,GGBERSAMA_TEMBUSMANTUIL_PL
23BJM0054,,114.5887,-3.3106,JORONG_CAFE_BANJARBARU2_TB
23BJM0055,,114.5891,-3.2858,KAYU_TANGI_MT
23BJM0056,,114.5898,-3.301,KAYUTANGITENGAH_CM
23BJM0057,,114.5901,-3.3229,HARYONO_BJM_PL
23BJM0058,,114.59,-3.3257,BPD_BANJARMASIN_EP
23BJM0059,,114.5902,-3.3145,ANTASAN_BESAR_PL
23BJM0060,,114.5904,-3.3071,UNISKA_EP
23BJM0061,,114.5904,-3.3376,GGBARU_KELAYANTGH_MT
23BJM0062,,114.5922,-3.2787,TEMBUS_PERUMNAS_TB
23BJM0063,,114.5927,-3.3414,KELAYAN_BJM1_MT
23BJM0064,,114.5927,-3.3298,KELAYAN_BARAT_PL
23BJM0065,,114.5936,-3.3179,KAPTEN_GADANG_PL
23BJM0066,,114.5938,-3.3509,GERILYA_HIDAYAH_PL
23BJM0067,,114.5946,-3.2991,ANTASAN_KECIL2_PL
23BJM0068,,114.5995,-3.2931,SIMPANG_CEMARA_ST
23BJM0069,,114.5932,-3.3227,METRO_CITY_EP
23BJM0070,,114.5957,-3.2889,ADHYAKSA_RAYA_BJM_PL
23BJM0071,,114.5959,-3.3057,JLMASJID_JAMI_PL
23BJM0072,,114.5969,-3.3142,TAMAN_SIRING_PL
23BJM0073,,114.5966,-3.3434,MURUNG_RAYA_TB
23BJM0074,,114.5978,-3.3614,GERILYA_BANJARMASIN_MT
23BJM0075,,114.5983,-3.3365,KELAYAN_DALAM_PL
23BJM0076,,114.5983,-3.3545,KELAYAN_BJM2_MT
23BJM0077,,114.5987,-3.2987,ANTASAN_KECIL_TIMUR_MT
23BJM0078,,114.5989,-3.3257,KM1_BANJARMASIN_MT
23BJM0079,,114.5989,-3.3284,IN_PSANTASARI_DH
23BJM0080,,114.5992,-3.3292,ANTASARI_CTR_GT
23BJM0081,,114.5993,-3.3111,BUNGA_RAMBAI_PL
23BJM0082,,114.6008,-3.3061,SMA5_BANJAR_CM
23BJM0083,,114.6015,-3.295,ANTASAN_KECIL1_MT
23BJM0084,,114.6015,-3.3246,IN_HOTEL_GOLDEN_TULIP_MC
23BJM0086,,114.6019,-3.318,KAMPUNG_MELAYU_EP
23BJM0087,,114.6019,-3.3407,KELAYAN_MURUNG_TB
23BJM0088,,114.6026,-3.3238,IN_DUTAMALL_TRANSMART_IR
23BJM0089,,114.6027,-3.329,MI_ALFA_PANGERAN_ANTASARI_PK
23BJM0090,,114.6029,-3.322,I2_DUTAMALL_BANJARMASIN_IR
23BJM0092,,114.6035,-3.314,SEI_JINGAH_TB
23BJM0093,,114.6044,-3.2993,SULTAN_ADAM_EP
23BJM0094,,114.6052,-3.3218,KURIPAN_BJM_PL
23BJM0095,,114.6052,-3.3353,PAKANPURAN_PL
23BJM0096,,114.6052,-3.3274,RSSARIMULIA_CM
23BJM0097,,114.6056,-3.3199,PC_GERAI_BANJARMASIN_TM
23BJM0099,,114.6065,-3.2872,KOMPLEK_PERDANAMANDIRI_TB
23BJM0101,,114.6074,-3.3308,KARANG_MEKAR_PL
23BJM0102,,114.6074,-3.3423,PEMURUS_BARU_PL
23BJM0103,,114.6078,-3.3361,PEKAPURAN_RAYA_PL
23BJM0104,,114.6084,-3.2946,JLPURNAMA_PERMAI_TB
23BJM0105,,114.6085,-3.3612,TANJUNG_PAGAR_PL
23BJM0106,,114.6085,-3.3028,JLMUSEUM_PL
23BJM0107,,114.6091,-3.3198,RUKO_VETERAN_EP
23BJM0108,,114.6107,-3.3372,PEKAPURAN_RAYA1_MT
23BJM0109,,114.6112,-3.3065,SUNGAI_BILU_MT
23BJM0110,,114.6119,-3.3457,BANPER_EP
23BJM0111,,114.6118,-3.2972,SUNGAI_ANDAI_CM
23BJM0112,,114.612,-3.3522,PEMURUS_DALAM_PL
23BJM0113,,114.6121,-3.3125,RAUDHATUL_PL
23BJM0114,,114.6122,-3.3271,RAMBAI_PADI_TB
23BJM0115,,114.614,-3.3216,KEBUN_BUNGA_BJM_PL
23BJM0116,,114.6143,-3.3467,PEMURUSDALAM_PL
23BJM0118,,114.6159,-3.3369,IN_HBI_DH
23BJM0119,,114.6156,-3.3374,HBI_EP
23BJM0120,,114.6168,-3.3044,PSTBENUAANYAR_PS
23BJM0121,,114.6168,-3.3285,GATOT_SUBROTO_BJM_PL
23BJM0122,,114.6179,-3.353,JLRAYA_YUDISTIRA_TB
23BJM0123,,114.6203,-3.3428,ANUGRAH_BANJARMASIN_ST
23BJM0124,,114.621,-3.3354,PEMURUS_LUAR_PL
23BJM0125,,114.6214,-3.3558,SEPAKAT_BJM_PL
23BJM0127,,114.6225,-3.3204,VETERAN_BJM_MT
23BJM0129,,114.623,-3.3465,IN_HOTEL_RATTANINN_MC
23BJM0130,,114.6236,-3.3613,PEMURUS_PERMAI_TB
23BJM0131,,114.6248,-3.3493,SIOLATAMA_EP
23BJM0132,,114.6252,-3.3243,PENGAMBANGAN_TB
23BJM0133,,114.6304,-3.3459,COLOCATIONSHARINGMSCBYNSN_PK
23BJM0134,,114.6326,-3.3386,PRAMUKA_BJM_TB
23BJM0135,,114.6336,-3.3328,PRAMUKA_BJM1_MT
23BJM0136,,114.6385,-3.3391,SIMPANG_LIMAU_MT
23BJM0137,,114.6425,-3.3453,KERTAK_HANYAR_BJM_TB
23BJM0138,,114.5651,-3.3516,PONDOK_KELAPA_PL
23BJM0140,,114.6196,-3.3089,BENUA_ANYAR_TB
23BJM0141,,114.6164,-3.2889,SUNGAI_ANDAITMR_TB
23BJM0142,,114.6162,-3.3679,PEMURUS_DALAM_PL
23BJM0144,,114.5368,-3.3577,SARANA_BORNEOINDUSTRI_PL
23BJM0145,,114.5851,-3.3755,PEMANGKIH_LAUTBARU_PL
23BJM0147,,114.6403,-3.3263,ANTASARI_RESIDENCE_TB
23BJM0148,,114.5957,-3.311,SEIBILU_MT
23BLC0001,,115.3754,-3.7982,SUNGAICUKA_TANBU_MT
23BLC0002,,115.3867,-3.7882,MAKMUR_MULIA_EB
23BLC0004,,115.4001,-3.781,KENANGA_BLC_MT
23BLC0005,,115.4019,-3.7745,SUNGAI_DANAU_SATUI_PL
23BLC0006,,115.411,-3.7746,SUNGAI_DANAU_EP
23BLC0007,,115.4533,-3.7588,SATUI_BARAT_PL
23BLC0009,,115.5148,-3.7164,RDTO_BATULICIN_TB
23BLC0010,,115.5163,-3.6753,PURWODADI_BLC_MT
23BLC0012,,115.5572,-3.7265,SUMBER_BARU_ANGSANA_TB
23BLC0014,,115.5833,-3.7088,ANGSANA_PL
23BLC0015,,115.5969,-3.6852,BAYAN_SARI_PL
23BLC0016,,115.6048,-3.711,KARANG_ANGSANA_PL
23BLC0017,,115.6241,-3.7234,KARANG_INDAH_EP
23BLC0018,,115.6273,-3.7532,BUNATI_MT
23BLC0019,,115.6438,-3.6923,BANJAR_SARI_ANGSANA_MT
23BLC0020,,115.6678,-3.682,SEBAMBAN_BARU_PL
23BLC0021,,115.6696,-3.63,TRI_MARTANI_PL
23BLC0022,,115.6903,-3.4243,TELUK_KEPAYANG_TB
23BLC0024,,115.6977,-3.4707,WARINGIN_TUNGGAL_TB
23BLC0025,,115.6993,-3.54,MUSTIKA_KURANJI_TB
23BLC0026,,115.702,-3.6062,BATU_MERANTI_MT
23BLC0027,,115.712,-3.7017,SUMBER_SARI_DWIMAR_PL
23BLC0028,,115.7193,-3.6557,SEBAMBAM_EP
23BLC0030,,115.7637,-3.244,MANTEWE_ST
23BLC0031,,115.764,-3.6483,MARGA_MULYA_BLC_PL
23BLC0032,,115.7753,-3.4816,LASUNG_EP
23BLC0033,,115.7762,-3.4384,WONOREJO_KUSHUL_MT
23BLC0034,,115.7796,-3.537,KARANG_MULYA_KUSHUL_PL
23BLC0035,,115.7965,-3.2507,SAMPANAHAN_EP
23BLC0036,,115.8058,-3.6479,SEI_LOBAN_EP
23BLC0037,,115.8166,-3.6395,SUNGAI_LOBAN_PL
23BLC0038,,115.8236,-3.3973,DESA_MT
23BLC0039,,115.8429,-3.6267,SARI_MULYA_BLC_CM
23BLC0041,,115.8572,-3.2939,SEPAKAT_MANTEWE_TB
23BLC0042,,115.8805,-3.6181,BERINGIN_BLC_PL
23BLC0044,,115.9042,-3.2951,MADU_RETNO_TB
23BLC0045,,115.9043,-3.3967,KARANG_BINTANG_MT
23BLC0046,,115.9217,-3.6097,BATUAH_KUSHIL_MT
23BLC0047,,115.9256,-3.6053,PAGATAN_EP
23BLC0048,,115.9279,-3.3396,BLOKA_EP
23BLC0049,,115.9336,-3.6095,TUJUH_FEBRUARI_MT
23BLC0051,,115.9471,-3.3635,SARI_GADUNG_CM
23BLC0052,,115.9545,-3.6098,MUARA_PAGATAN_TB
23BLC0053,,115.9577,-3.5602,RANTAU_PANJANG_BLC_PL
23BLC0054,,115.9637,-3.4818,PEMDA_TANAH_BUMBU_PL
23BLC0055,,115.9648,-3.5228,SEPUNGGUR_BLC_TB
23BLC0056,,115.9651,-3.3819,TRANSMIGRASI_BATULICIN_CM
23BLC0057,,115.9663,-3.5467,RANTAU_PANJANG_HILIR_ST
23BLC0058,,115.9775,-3.394,SARIGADUNG_MT
23BLC0059,,115.9777,-3.4046,BATULICIN_EP
23BLC0060,,115.9795,-3.5108,SEGUMBANG1_PL
23BLC0061,,115.9862,-3.4158,KERSIK_PUTIH1_PL
23BLC0062,,115.9867,-3.4069,SUMBER_ARUM_EB
23BLC0063,,115.9869,-3.4205,KARANGHANYAR_TB
23BLC0064,,115.9892,-3.5027,SEGUMBANG_CM
23BLC0065,,115.9938,-3.4202,MULAWARMAN2GG_AMANDIT_MT
23BLC0066,,115.9991,-3.424,RAYA_PESANTREN_TB
23BLC0067,,116.0027,-3.48,KERSIK_PUTIH_PL
23BLC0068,,116.0019,-3.4592,BATU_LICIN1_PL
23BLC0069,,116.0015,-3.4477,BATU_LICIN_EP
23BLC0070,,116.0024,-3.4082,AIRPORT_BATULICIN_PL
23BLC0071,,116.0034,-3.4256,KOTA_BTLICIN_PL
23BLC0072,,116.005,-3.2943,SUNGAI_DUA_MT
23BLC0073,,116.0091,-3.4153,MULAWARMAN_BLC_MT
23BLC0074,,116.0106,-3.3755,GUNUNGBESAR_BATULICIN_PL
23BLC0075,,116.0138,-3.402,KODECO_BATU_LICIN_MT
23BLC0076,,116.0168,-3.3928,GUNUNG_BESAR_PL
23BLC0077,,115.6951,-3.5085,GIRI_MULYA_PL
23BLC0078,,115.8496,-3.3757,PEMATANG_ULIN_MT
23BLC0079,,115.8839,-3.325,MAJU_SEJAHTERA_MT
23BLC0080,,115.4773,-3.7495,ALKAUSAR_PL
23BLC0081,,115.5289,-3.6991,SEKAPUK_SATUI_CM
23BLC0082,,115.7211,-3.5659,INDRA_LOKA_JAYA_PL
23BLC0083,,115.9339,-3.6049,KOTA_PAGATAN_TB
23BLC0084,,115.4072,-3.7046,NT_DESA_JOMBANG_PS
23BLC0085,,115.4995,-3.6102,DESA_SUMBER_ARUM_PS
23BLC0086,,115.7093,-3.4259,NT_GUNTUNG_PK
23BLC0087,,115.6338,-3.4452,NT_DESA_MANGKALAPI_PL
23BLC0088,,115.8098,-3.267,BULU_REJO_TB
23BLC0089,,116.0032,-3.4369,SEJAHTERA_PL
23BLC0090,,115.7584,-3.2606,SUKA_DAMAI2_PS
23BLC0091,,116.0042,-3.3545,GUNUNGBESAR_MT
23BLC0092,,115.6839,-3.6812,SEBAMBAN_LAMA_MT
23BLC0093,,115.5732,-3.7061,ANGSANA_MT
23BLC0094,,115.6353,-3.7016,BANJAR_SARI_BLC_TB
23BLC0095,,115.394,-3.7937,MAKMUR_MULIA_TB
23BLC0096,,115.7916,-3.2239,DUKUH_REJO_TB
23BLC0097,,115.7527,-3.6375,KACAM_SUNGAI_LOBAN_PL
23BLC0098,,115.7785,-3.5809,SARI_UTAMA_PL
23BLC0099,,115.889,-3.2733,SARIMULYA_MANTEWE_TB
23BLC0100,,115.5695,-3.6797,PURWODADI_BATULICIN_PL
23BLC0101,,115.4915,-3.7379,TAMBANG_MNP_PL
23BLC0102,,115.5009,-3.7045,WONOREJO_SATUI_PL
23BLC0103,,115.802,-3.4951,PASAR_MANUNTUNG_TB
23BLC0105,,115.4213,-3.7626,GUNUNG_BUYAN_CM
23BLC0106,,115.6901,-3.6556,DESA_KERTABUANA_CM
23BRI0001,,115.2327,-2.5632,SUNGAI_BULUH_BRI_PL
23BRI0002,,115.2889,-2.6176,LABUANAMAS_UTARA_TB
23BRI0003,,115.3232,-2.6781,SIMPANG4_BARIKIN_CM
23BRI0004,,115.3252,-2.6003,BANUA_KUPANG_PL
23BRI0005,,115.3295,-2.6476,PANTAI_HAMBAWANG_EP
23BRI0006,,115.3362,-2.5744,MAHANG_TB
23BRI0008,,115.3486,-2.6927,HARUYAN_PL
23BRI0009,,115.3537,-2.6072,LABUANAMAS_SLT_PL
23BRI0010,,115.3551,-2.5465,BANUA_BATUNG_CM
23BRI0011,,115.3577,-2.7061,PENGAMBAU_HULU_PL
23BRI0012,,115.3607,-2.6472,BATANG_BAHALANG_PL
23BRI0013,,115.361,-2.5936,BUKAT_PL
23BRI0014,,115.3638,-2.5711,PANDAWAN_KN
23BRI0015,,115.3663,-2.5927,BARABAI6KOMP_BAWA_MT
23BRI0016,,115.3726,-2.5891,BARABAI_EP
23BRI0017,,115.374,-2.6183,GUHA_MT
23BRI0018,,115.3753,-2.6361,MURUNG_TAAL_CM
23BRI0019,,115.377,-2.5887,BARABAIBARAT_MT
23BRI0020,,115.3833,-2.5878,BARABAI_SLT_PL
23BRI0021,,115.3839,-2.5829,BARABAI1_CM
23BRI0022,,115.3866,-2.5543,AYUANG_TB
23BRI0023,,115.3962,-2.5741,DESA_MANDINGIN_PL
23BRI0024,,115.3969,-2.5999,DESA_GAMBAH_KN
23BRI0025,,115.3971,-2.5682,MANDINGIN_PL
23BRI0026,,115.4037,-2.4856,TELANG_ALAI_UTARA_PL
23BRI0028,,115.4084,-2.4656,HAUR_GADING_MT
23BRI0029,,115.409,-2.5182,ILUNG_TB
23BRI0030,,115.4141,-2.621,PAGAT_MT
23BRI0031,,115.4201,-2.5521,AYUANG2_PL
23BRI0033,,115.4445,-2.6047,DESA_KAHAKAN_MT
23BRI0034,,115.4477,-2.549,BIRAYANG_MT
23BRI0035,,115.4533,-2.6074,KALI_BARU_BRI_ST
23BRI0036,,115.4562,-2.6387,HANTAKAN_TB
23BRI0037,,115.473,-2.6308,ALAT_PS
23BRI0038,,115.4837,-2.6051,LAYUH_MT
23BRI0039,,115.4856,-2.4895,LIMPASU_PL
23BRI0041,,115.5298,-2.5266,BATANG_ALAI_TIMUR_PL
23BRI0042,,115.5044,-2.4691,KABANG_MT
23BRI0043,,115.4056,-2.5075,MUARA_RINTIS_MT
23BRI0044,,115.3439,-2.5334,HILIR_BANUA_MT
23BRI0045,,115.4391,-2.5752,PAYA_MT
23BRI0046,,115.3706,-2.6736,NT_DESA_MANGUNANG_SEBERANG_MT
23BRI0047,,115.4381,-2.6687,NT_DESA_PASTING_PK
23BRI0048,,115.3838,-2.7062,NT_DESA_SUNGAI_HARANG_PL
23BRI0049,,115.4676,-2.6901,VS_NT_HARUYAN_DAYAK_PL
23BRI0050,,115.4341,-2.7333,VS_NT_KINDINGAN_PL
23BRI0051,,115.5358,-2.6492,VS_NT_DATAR_AJAB_PL
23BRI0052,,115.5269,-2.6098,VS_NT_HINAS_KANAN_PL
23BRI0053,,115.5734,-2.6152,VS_NT_HINAS_KIRI_PL
23BRI0054,,115.5617,-2.5226,VS_NT_NATEH_PL
23BRI0055,,115.5425,-2.5792,NT_TANDILANG_PL
23BRI0056,,115.4503,-2.5149,NT_KARAU_PL
23BRI0059,,115.2629,-2.6391,VS_NT_DESA_PARUMAHAN_PL
23BRI0060,,115.2583,-2.5834,BINJAI_PIRUA_MT
23BRI0061,,115.4643,-2.547,RANGAS_MT
23BRI0062,,115.3086,-2.633,KADUNDUNG_MT
23BRI0063,,115.3857,-2.5674,BANUA_JINGAH_PL
23BRI0064,,115.3519,-2.5815,BANUA_ASAM_PS
23BRI0065,,115.3171,-2.5808,MAHANG_MATANG_MT
23BRI0066,,115.343,-2.6687,TELUK_MESJID_MT
23BRI0067,,115.4237,-2.6305,PAGAT_BENAWA_ST
23BRI0068,,115.4049,-2.5926,ALUAN_BESAR_PL
23BRI0069,,115.3663,-2.5568,BANUABATUNG_SIMPANG_PL
23BRI0070,,115.3814,-2.5146,SUMANGGI_SEBERANG_TB
23BRI0072,,115.3035,-2.673,PANGGANG_MARAK2_TB
23BRI0073,,115.4817,-2.509,ABUNG_LIMPASU_PL
23BRI0074,,115.4213,-2.5854,PAYABESAR_BENAWA_PL
23BRI0075,,115.4967,-2.5422,KADES_LABUHAN_PL
23BRI0076,,115.3879,-2.6305,PANTAI_BATUNG_PL
23BRI0077,,115.458,-2.5727,KADES_CUKANLIPAI_CM
23BRI0078,,115.223,-2.628,KADES_TABAT_MT
23BRI0079,,115.271,-2.6098,TUNGKUP_PEMANGKIH_TB
23BRI0081,,115.3373,-2.6354,LABUAN_AMAS_CM
23BRI0082,,115.3599,-2.6792,KADES_SUNGAI_JARANIH_CM
23BRI0083,,115.3132,-2.5322,KADES_SETIAP_CM
23BRI0084,,115.2954,-2.6556,MAHANG_BARU_TB
23BRI0085,,115.4381,-2.5405,KADES_LIMBAR_CM
23BRI0086,,115.3284,-2.5548,KADES_WALATUNG_CM
23BRI0087,,115.429,-2.5305,SIMPANG_HAPINGIN_CM
23BRI0088,,115.3888,-2.5315,KADES_AWANGBARU_CM
23KBA0001,,115.9582,-2.5192,SEI_DURIAN_KBA_MT
23KBA0003,,115.9767,-3.1133,KELUMPANG_HILIR_PL
23KBA0004,,115.9833,-3.1808,SERONGGA_EP
23KBA0005,,115.9834,-3.0532,CANTUNG_EP
23KBA0006,,115.9854,-3.1922,TEGALREJO_KELHIL_MT
23KBA0007,,116.0004,-3.1528,PONDOK_LABU_KBA_TB
23KBA0010,,116.0358,-3.5871,SUNGAI_PASIR_TB
23KBA0011,,116.0458,-3.0946,KELUMPANG_SELATAN_PL
23KBA0012,,116.0503,-4.022,LONTAR_KBA_PL
23KBA0013,,116.0512,-4.0497,TELUK_TAMIANG_MT
23KBA0014,,116.0519,-3.1786,MANDALA_BTLICIN_ST
23KBA0015,,116.0536,-3.4773,PEL_TANJUNG_SERDANG_MT
23KBA0016,,116.055,-2.9264,BANGKALAN_MELAYU_TB
23KBA0017,,116.0634,-3.9755,LONTAR_BJM_MT
23KBA0018,,116.0677,-3.9813,LONTAR_TIMUR_MT
23KBA0020,,116.0692,-3.7897,SEMARAS_MT
23KBA0021,,116.0732,-3.8516,SEPAGAR_PL
23KBA0022,,116.0736,-2.8158,BUNGKUKAN_TB
23KBA0023,,116.076,-3.4599,TANJUNG_SERDANG_PL
23KBA0024,,116.0991,-3.2729,TARJUN_EP
23KBA0025,,116.1058,-3.0668,SANGKING_BARU_TB
23KBA0026,,116.1345,-3.1317,PANTAI_PL
23KBA0027,,116.1455,-3.3683,PANTAI_BARU_PL
23KBA0028,,116.1622,-2.511,MANUNGGUL_LAMA_PL
23KBA0029,,116.1759,-3.2897,TERMINAL_KOTA_BARU_EP
23KBA0030,,116.1849,-3.3314,SEBELIMBINGAN_TB
23KBA0031,,116.185,-2.6621,LAHAN1_TB
23KBA0032,,116.1908,-3.2768,SUNGAI_TAIB_PL
23KBA0034,,116.2057,-3.2609,SEMAYAP_KOTABARU_KN
23KBA0035,,116.212,-2.8623,SENAKIN_BJM_EP
23KBA0036,,116.2134,-3.2493,PERUMNAS_KOTABARU_TB
23KBA0037,,116.214,-3.4422,BETUNG_KBA_TB
23KBA0038,,116.2213,-3.2456,KOTABARU_BJM_EP
23KBA0039,,116.2245,-3.2402,BATUAH_KBA_TB
23KBA0040,,116.2252,-2.9051,NT_SEMBILANG_KBA_PL
23KBA0041,,116.2309,-3.2478,SMAGARUDA_KOTABARU_MT
23KBA0042,,116.2348,-3.3854,BERANGAS_KBA_PL
23KBA0043,,116.2409,-3.2325,BRANGAS_MT
23KBA0045,,116.2705,-3.257,TANJUNG_PEMANCINGAN_MT
23KBA0047,,116.407,-3.414,SUNGAIBALI_EP
23KBA0048,,116.191,-3.983,TANJUNG_LALAK_UTARA_MT
23KBA0049,,116.2984,-2.6237,GUNUNG_BATU_BESAR_MT
23KBA0050,,115.971,-3.0942,SIDOMULYO_KELUMPANG_MT
23KBA0051,,116.0178,-3.1981,SERONGGA_KELUMPANG_MT
23KBA0052,,116.0109,-2.3386,MARGA_JAYA_MT
23KBA0053,,116.0236,-3.7133,NT_SEMISIR_PS
23KBA0054,,116.2657,-3.2889,VS_NT_GEDAMBAAN_PL
23KBA0055,,116.2241,-3.4166,NT_LANGKANG_LAMA_PL
23KBA0056,,116.2641,-2.9481,VS_NT_TANAH_RATA_PL
23KBA0057,,115.9969,-2.6483,MINING_ONE_QUINFA_PL
23KBA0059,,116.3283,-2.3736,BINTURUNG_MT
23KBA0062,,116.2691,-3.2274,SARANG_TIUNG_PL
23KBA0064,,116.1854,-2.7407,TANJUNG_SARI_KBA_MT
23KBA0065,,116.0391,-2.6965,MINING2_QINFA_PL
23KBA0066,,116.1701,-3.2989,RS_STAGEN_PL
23KBA0067,,116.301,-3.911,PULAU_LAUTSELATAN_PL
23KBA0068,,116.0968,-4.0516,TANJUNG_SUNGKAI_CM
23KBA0069,,116.4081,-2.5826,SAMALANTAKAN_CM
23KBA0070,,116.3474,-2.7547,SUKADANA_KOTABARU_TB
23KBA0071,,116.1849,-3.1192,BUMIASIH_KOTABARU_TB
23KBA0072,,116.2538,-2.3874,BAKAU_ESTATE_PL
23KBA0073,,116.0757,-2.795,KELUMPANG_BARAT_PL
23KBA0074,,115.9784,-3.0343,PLN_CANTUNG_PL
23KBA0075,,116.1886,-2.6374,PASAR_SAMPANAHAN_PL
23KBA0076,,116.3439,-2.8864,KALUMPANG_UTARA_PL
23KBA0077,,116.2311,-3.0043,TANJUNGBATU_PL
23KBA0080,,115.9969,-3.1178,PELAJAU_BARU_CM
23KBA0081,,116.2339,-3.2314,SUAR_GNGBELINGKAR_PL
23KBA0082,,116.2231,-3.2499,SALOKAYANG_DIRBAGAYU_PL
23KGN0002,,115.0743,-2.6298,PAKAPURAN_KECIL_PL
23KGN0003,,115.0876,-2.6369,PARIGI_DAHA_KGN_PL
23KGN0004,,115.1028,-2.6025,KENANGA_KGN_PL
23KGN0005,,115.1055,-2.6229,STNEGARA_UTARA_ST
23KGN0006,,115.1059,-2.6345,NEGARA_BJM_PL
23KGN0007,,115.1181,-2.5784,HAMAYUNG_PL
23KGN0008,,115.1189,-2.6326,PIHANIN_RAYA_PL
23KGN0009,,115.1791,-2.821,DESA_SIMPUR_PL
23KGN0010,,115.2092,-2.8165,SIMPUR_PL
23KGN0012,,115.2218,-2.7907,ULIN_SIMPUR_PL
23KGN0013,,115.2245,-2.7194,BANGKAU_MT
23KGN0014,,115.2301,-2.8289,DESA_SARANG_HALANG_MT
23KGN0016,,115.2408,-2.8633,ROAD_RANTAU_PL
23KGN0017,,115.2414,-2.8042,JOHANSYAH_BAYUR_PL
23KGN0018,,115.247,-2.7849,BARIANG_PL
23KGN0019,,115.2516,-2.8328,SUNGAIRAYA_UTARA_PL
23KGN0020,,115.2579,-2.8086,HAMALAU_KANDANGAN_PL
23KGN0021,,115.2581,-2.7864,KANDANGAN13_PL
23KGN0022,,115.2606,-2.7946,TIBUNG_RAYA_PL
23KGN0023,,115.2612,-2.7575,GAMBAH_DALAM_PL
23KGN0024,,115.2616,-2.79,TIBUNG_RAYA1_PL
23KGN0025,,115.2619,-2.7839,PARINCAHAN_MT
23KGN0026,,115.2629,-2.7767,PAHLAWAN_KDG_PL
23KGN0027,,115.2632,-2.7728,KSTUBUN_KANDANGAN_MT
23KGN0028,,115.2668,-2.781,HULU_SUNGAI_EP
23KGN0029,,115.2669,-2.7763,GANGKAMBOJA_KGN_MT
23KGN0030,,115.268,-2.7919,TELUK_PINANG_PL
23KGN0031,,115.2688,-2.803,BARUH_KAMBANGBILUI_PL
23KGN0032,,115.2705,-2.8285,SUNGAIRAYA_JEMBATANMERAH_PL
23KGN0033,,115.2707,-2.7839,KANDANGAN_KOTA_KGN2_PL
23KGN0034,,115.275,-2.7635,GAMBAH_LUAR_PL
23KGN0035,,115.2766,-2.7859,JAWA_MUKA_MT
23KGN0036,,115.2804,-2.7431,BAKARUNG_KGN_PL
23KGN0037,,115.2809,-2.79,KANDANGAN_KOTA_KGN1_MT
23KGN0038,,115.2819,-2.7748,JAMBU_HILIR_PL
23KGN0040,,115.2884,-2.7921,KARANG_JAWA_PL
23KGN0041,,115.2897,-2.7322,ANGKINANG1_PL
23KGN0042,,115.2962,-2.7214,ANGKINANG_PL
23KGN0043,,115.3005,-2.8203,MANDAPAI_PL
23KGN0044,,115.3103,-2.7058,BAMBAN_MT
23KGN0045,,115.3351,-2.7358,MANDALA_LANGSAT_ST
23KGN0046,,115.3641,-2.7863,HAMAKTIMUR_MT
23KGN0047,,115.4304,-2.7934,LKSDO_SATU_EP
23KGN0048,,115.4905,-2.7954,LOKSADO_EP
23KGN0049,,115.2134,-2.8364,BARU_SUNGAI_RAYA_TB
23KGN0050,,115.3102,-2.8608,NT_BATULAKI_PL
23KGN0051,,115.4139,-2.8582,VS_NT_MALINAU_PL
23KGN0052,,115.4012,-2.8183,VS_NT_PANGGUNGAN_PL
23KGN0053,,115.1622,-2.8232,TAMBINGKAR_MT
23KGN0054,,115.253,-2.7473,MAHULUNG_KIRI_PL
23KGN0055,,115.2371,-2.7675,AMAWANGKIRI_KANDANGAN_PL
23KGN0056,,115.2668,-2.7149,TAWIA_ANGKINANG_CM
23KGN0057,,115.3211,-2.7216,KAMAT_ANGKINANG_CM
23KGN0058,,115.2841,-2.8592,DESA_MALUTU_TB
23KGN0059,,115.3159,-2.7624,TANAYUNG_AMBUTUN_PL
23KGN0060,,115.2868,-2.8092,JEMBATANMERAH_JAMBUHULU_CM
23MRB0001,,114.4261,-3.2795,MEKAR_SARI_MRB_PL
23MRB0002,,114.4776,-3.3317,TAMBAN_EP
23MRB0003,,114.4828,-3.3336,PURWOSARI_MRB_PL
23MRB0004,,114.4852,-3.1309,ANJIR_PASAR_LAMA_IB
23MRB0005,,114.4868,-3.4107,TABUNGANEN_KECIL_PL
23MRB0006,,114.4945,-3.1417,ANJIR_PASAR_EP
23MRB0007,,114.5044,-3.1507,HANDIL_TURA_PL
23MRB0009,,114.5203,-3.2711,ANYIR_SUBARJO_PL
23MRB0010,,114.5237,-3.1734,BERINGIN_JAYA_PL
23MRB0011,,114.5293,-3.2158,ANJIR_SERAPAT_MUARA_CM
23MRB0012,,114.5299,-2.9903,SUMBER_RAHAYU_MRB_MT
23MRB0013,,114.5404,-3.2652,KUIN_SEBERANG_EP
23MRB0014,,114.545,-3.1971,ANJIR_MUARA_MT
23MRB0015,,114.5546,-3.1015,GANDARIA_MRB_PL
23MRB0016,,114.5693,-3.2196,SERAPAT_PL
23MRB0017,,114.5697,-3.255,BERANGAS_MRB_PL
23MRB0018,,114.5717,-3.2644,BERANGAS_BATOLA_PL
23MRB0019,,114.5788,-3.236,BERANGAS_BARAT_KN
23MRB0020,,114.5804,-3.2658,BERANGAS_TIMUR_PL
23MRB0021,,114.5926,-3.0271,KOLAM_MAKMUR_PL
23MRB0022,,114.5949,-3.0436,TAMBA_JAYA_MT
23MRB0023,,114.5989,-3.275,TRANSKALIMANTAN_CM
23MRB0024,,114.6012,-3.1143,BELAWANG_MT
23MRB0025,,114.604,-3.2661,PPHANDIL_BAKTI_TB
23MRB0026,,114.6069,-3.2732,HANDIL_BAKTI_MRB2_TB
23MRB0027,,114.6084,-3.2575,KEMUNING_HANDIL_MRB_PL
23MRB0028,,114.6094,-3.2688,SHUHAIB_ARRUMY_PL
23MRB0030,,114.6139,-3.2466,HANDIL_ALALAK_PL
23MRB0031,,114.6167,-3.2422,HANDIL_BAKTI_MRB1_PL
23MRB0032,,114.6186,-3.2013,BERINGIN_ALALAK_CM
23MRB0033,,114.6231,-3.265,KERUWING_INDAH_PL
23MRB0034,,114.6274,-3.0343,BELAWANG_KIRI_PL
23MRB0035,,114.649,-3.1527,KARYA_TANI_MRB_PL
23MRB0037,,114.6631,-3.1814,MANDASTANA_MT
23MRB0038,,114.6724,-3.1072,DANDA_JAYA_PL
23MRB0039,,114.6732,-3.2065,TABING_RIMBAH_PL
23MRB0040,,114.6848,-3.0261,BARAMBAI_MT
23MRB0041,,114.6894,-3.1392,DANDA_RANBAD_AG
23MRB0042,,114.6942,-2.8796,ANTAR_RAYA_TB
23MRB0043,,114.6951,-3.0225,PENDALAMAN_PL
23MRB0044,,114.6965,-2.8939,ANTAR_BARU_PL
23MRB0045,,114.707,-3.0755,RUMPIYANG_PL
23MRB0046,,114.7125,-3.0632,SUNGAI_GAMPA_PL
23MRB0047,,114.7436,-2.9794,ASDI_SURYADI_PL
23MRB0048,,114.7564,-2.9766,TELUK_HAUR_MRB_ST
23MRB0049,,114.7649,-2.9816,MARABAHAN_MRB1_MT
23MRB0050,,114.7719,-2.9876,MARABAHAN_MRB2_PL
23MRB0051,,114.7734,-2.9751,LEPASAN_PL
23MRB0052,,114.6106,-3.2791,HANDIL_BAKTI_ALALAK_ST
23MRB0053,,114.5128,-3.3396,TAMBAN_MUARA_MT
23MRB0054,,114.6613,-2.9849,BARAMBAI_KOLAM_KIRI_MT
23MRB0055,,114.5915,-3.122,BINAAN_BARU_MT
23MRB0056,,114.6674,-3.2296,PUNTIK_LUAR_MT
23MRB0057,,114.7481,-3.0028,BADANDAN_MT
23MRB0058,,114.4052,-3.4214,TANGGUL_REJO_MT
23MRB0059,,114.6372,-2.8097,TABUKAN_RAYA_MT
23MRB0060,,114.4515,-3.4226,TABUNGANEN_PERUMUS_TB
23MRB0061,,114.7598,-3.035,SEI_TUNJANG_MT
23MRB0062,,114.7946,-2.9977,BATIK_TB
23MRB0063,,114.6633,-3.0636,SUNGAI_KALI_TB
23MRB0064,,114.6219,-3.0573,KOLAM_KIRI_MT
23MRB0066,,114.7925,-2.6784,KABUAU_CM
23MRB0067,,114.6191,-3.2732,SEMANGAT_DALAM_PL
23MRB0068,,114.6369,-3.272,TERANTANG_PL
23MRB0069,,114.5397,-3.2301,BERANGAS_BARAT_PL
23MRB0070,,114.4991,-3.3372,TAMBAN_BANGUN_PL
23MRB0071,,114.476,-3.4242,TABUNGANEN_TENGAH_PL
23MRB0072,,114.4855,-3.4332,SUNGAI_TELANKECIL_PL
23MRB0073,,114.5316,-3.3361,TAMBANKECIL_SHIPYARD_PL
23MRB0074,,114.5994,-3.2526,GRAND_PURNAMA_TB
23MRB0075,,114.5436,-3.2177,MARABAHAN_BARU_PL
23MRB0076,,114.4443,-3.3103,SEKATA_BARU_PL
23MRB0077,,114.7693,-3.1759,JEJANGKIT_PASAR_PL
23MRB0078,,114.7805,-3.0116,SUCOFINDO_BANTUIL_PL
23MRB0079,,114.5412,-3.2916,TINGGIRAN_BARU_PL
23MRB0080,,114.5476,-3.0465,WANARAYA_CM
23MRB0082,,114.5851,-3.1836,BELANDEAN_MUARA_TB
23MRB0083,,114.63,-3.1468,KADES_KARANGBUAH_TB
23MRB0084,,114.625,-3.2248,PUNTIK_LUAR_TB
23MRB0085,,114.6271,-3.0117,PASAR_KOLAMKANAN_TB
23MRB0086,,114.7305,-3.0582,KADES_SIMPANGARJA_TB
23MRB0087,,114.7083,-2.9866,BARAMBAI_KOLAM_MT
23MRB0088,,114.5154,-3.289,KADES_TINGGIRANTENGAH_TB
23MRB0089,,114.6787,-2.8618,KADES_ANTARJAYA_TB
23MRB0090,,114.7442,-2.7317,KADES_MUARAPULAU_CM
23MRB0091,,114.4834,-3.3679,TAMBAN_MUARABARU_CM
23MRB0092,,114.5966,-3.2296,GLOBAL_ISLAMIC_SCHOOL_CM
23MRB0093,,114.7515,-2.9672,ULU_BENTENG_MT
23MTP0001,,114.5218,-3.4134,ALUHALUH_BESAR_MT
23MTP0002,,114.5236,-3.4555,TANIPAH_BANJAR_MT
23MTP0003,,114.5371,-3.4687,ALUH_ALUH_MT
23MTP0004,,114.5748,-3.3928,MEKARSARI_BJR_TB
23MTP0005,,114.5982,-3.39,LINGKAR_SELATAN_MT
23MTP0006,,114.5991,-3.433,TAMBAK_SIRANG_BARU_PL
23MTP0007,,114.6113,-3.3775,BELBAR_PANDAN_SARI_PL
23MTP0008,,114.6268,-3.3578,MI_PEMURUSDLM_MT
23MTP0009,,114.6292,-3.4328,SIMPANG4_MALINTANG_CM
23MTP0010,,114.6302,-3.3523,MERGASARI_HANYAR_BJM_PL
23MTP0012,,114.6345,-3.3168,SUNGAI_LULUT_MT
23MTP0013,,114.6379,-3.3664,KOMPLEK_MANARAP_IF
23MTP0014,,114.6383,-3.3501,TATAH_BELAYUNG_BARU_PL
23MTP0015,,114.6387,-3.3183,SUNGAI_LULUT1_PL
23MTP0016,,114.6388,-3.3589,KOMPLEX_PALAPAN_INDAH_MT
23MTP0017,,114.6392,-3.304,SUNGAI_BAKUNG_BANJAR_PL
23MTP0018,,114.6319,-3.3595,AYANI_KM8_MT
23MTP0019,,114.6433,-3.3608,MANARAP_TENGAH_PL
23MTP0020,,114.646,-3.3188,MARTAPURA_LAMA1_MT
23MTP0021,,114.6473,-3.3765,KM10_AYANI_MT
23MTP0022,,114.6485,-3.418,MALINTANG_BARU1_PL
23MTP0023,,114.6493,-3.3601,SIMPANG_HANYARP_MT
23MTP0024,,114.6504,-3.3803,KERTAK_HANYAR_KM0_PL
23MTP0025,,114.654,-3.3908,IN_ASTONBANUA_HOTEL_MC
23MTP0026,,114.6548,-3.3193,MARTAPURA_LAMA_CM
23MTP0027,,114.6564,-3.3911,AYANI_KM11_CM
23MTP0028,,114.6567,-3.3599,MI_HOTELMERCUREBJM_MT
23MTP0029,,114.6625,-3.3929,GAMBUT_PASAR_MT
23MTP0030,,114.6628,-3.3981,GAMBUT_KM3_PL
23MTP0031,,114.6643,-3.3611,MANARAP_LAMA_TB
23MTP0032,,114.6658,-3.4029,GAMBUT1_MT
23MTP0033,,114.6663,-3.2901,LOK_BAINTAN_MT
23MTP0034,,114.6681,-3.3212,GUDANG_HIRANG_PL
23MTP0035,,114.6711,-3.4044,GAMBUT_PL
23MTP0036,,114.6765,-3.4035,PAMAJATAN_DAYAKARYA_MT
23MTP0037,,114.6784,-3.3225,SUNGAI_LULUT2_MT
23MTP0038,,114.6789,-3.4198,MALINTANG_BARU_CM
23MTP0039,,114.6824,-3.3916,GAMBUT_BARAT_PL
23MTP0040,,114.686,-3.4289,LIANG_ANGGANG_MTP_PL
23MTP0041,,114.687,-3.2944,SUNGAI_PINANG_LAMA_PL
23MTP0042,,114.6898,-3.3752,PEMATANG_PANJANG_CM
23MTP0043,,114.6926,-3.36,PEMATANG_PANJANG1_PL
23MTP0044,,114.6936,-3.3504,MANARAP_BARU_BJR_CM
23MTP0045,,114.694,-3.4497,LIANG_ANGGANG1_MT
23MTP0046,,114.6954,-3.4372,CITRA_GRHA_PL
23MTP0047,,114.6993,-3.4459,LINGKARSELATAN_BJR_TB
23MTP0048,,114.7021,-3.3245,SUNGAI_TABUK1_CM
23MTP0049,,114.7095,-3.3264,SUNGAI_TABUK_EP
23MTP0050,,114.7363,-3.3331,PEJAMBUAN_BJR_PL
23MTP0051,,114.7754,-3.3234,SEI_RANGAS_CM
23MTP0052,,114.8177,-3.4176,LOKTABAT_UTARA_MTP_PL
23MTP0053,,114.8211,-3.4067,SUNGAI_SIPAI1_PL
23MTP0054,,114.8226,-3.362,SUNGAI_BATANG_MTP_MT
23MTP0055,,114.8292,-3.4223,LOKTABAT_MTP_PL
23MTP0056,,114.8363,-3.3761,AKAR_BARU_PL
23MTP0057,,114.8387,-3.3926,PAKAUMAN_ST
23MTP0058,,114.8389,-3.3837,MARTAPURA_TIMUR_ST
23MTP0059,,114.842,-3.4,PEKAUMAN_ULU_PL
23MTP0060,,114.8443,-3.4184,KERATON_MARTAPURA_MT
23MTP0061,,114.8447,-3.4134,PASAR_MARTAPURA_PL
23MTP0062,,114.8445,-3.4064,MARTAPURA_MTP1_PL
23MTP0063,,114.849,-3.4182,PINUS_MERAH_TB
23MTP0064,,114.8496,-3.4009,MI_CINDAI_ALUS_MTP_IF
23MTP0065,,114.8505,-3.4119,SULTANADAM_TB
23MTP0066,,114.8505,-3.4043,KUBAH_MTP_TB
23MTP0067,,114.8509,-3.3675,KERAMAT_MTP_PL
23MTP0068,,114.8514,-3.4236,MI_ALFAMART_SEKUMPUL_PK
23MTP0069,,114.8544,-3.4086,CEMPAKA_MARTAPURA_PL
23MTP0070,,114.8549,-3.3704,PEKAUMAN_DALAM_CM
23MTP0071,,114.8556,-3.4238,SUNGAI_SIPAI_TB
23MTP0072,,114.8574,-3.418,MARTAPURA_UTARA_PL
23MTP0073,,114.8597,-3.4033,MARTAPURA_MTP_EP
23MTP0074,,114.8658,-3.3627,KELAMPAIAN_ILIR_PL
23MTP0075,,114.8666,-3.4063,TUNGGULIRANG_HULU_INFILL_PL
23MTP0076,,114.8673,-3.4173,LUTFIA_TUNGGAL_MT
23MTP0077,,114.8675,-3.4242,PINTU_AIR_TB
23MTP0078,,114.868,-3.0999,PALMINA_TB
23MTP0079,,114.8711,-3.3945,JAWA_MARTAPURA_PL
23MTP0080,,114.8711,-3.3566,DESA_KELAMPAIAN_MT
23MTP0081,,114.8719,-3.4308,SUNGAIULI_BANJARBINCAU_PL
23MTP0082,,114.873,-3.4345,INDRASARI_MARTAPURA_TB
23MTP0083,,114.8784,-3.3706,TAMBAK_ANYAR_ILIR_PL
23MTP0084,,114.8788,-3.3871,TAMBAK_ANYAR_ULU_MT
23MTP0085,,114.881,-3.4236,KOMP_BINCAU_PL
23MTP0086,,114.8823,-3.4162,JLSEKUMPUL_ST
23MTP0087,,114.8832,-3.4353,BINCAU_PL
23MTP0088,,114.8979,-3.3766,ASTAMBUL_PL
23MTP0089,,114.9041,-3.4207,LABUAN_TABU_PL
23MTP0090,,114.9122,-3.3749,JATI_BARU_PL
23MTP0091,,114.918,-3.3609,ASTAMBULPASARJATI_MT
23MTP0092,,114.9249,-3.4344,PANDAK_DAUN_ST
23MTP0093,,114.9277,-3.4733,MANDI_ANGIN_MTP_MT
23MTP0094,,114.9343,-3.3526,DANAU_SALAK1_PL
23MTP0095,,114.936,-3.4939,PSMINGGU_NOR_PL
23MTP0096,,114.9489,-3.339,AYANIK55_MT
23MTP0097,,114.9471,-3.4573,SUNGAI_ALANG_PL
23MTP0098,,114.9551,-3.3303,DANAU_SALAK_MT
23MTP0099,,114.9583,-3.4664,PADANGPANJANG_MT
23MTP0100,,114.9725,-3.4886,AWANG_BANGKAL_MT
23MTP0101,,114.974,-3.4366,PENYAMBARAN_BJR_CM
23MTP0102,,114.9748,-3.327,AYANIK60_MT
23MTP0103,,114.9949,-3.3243,SIMPANG3_MATARAMAN_PL
23MTP0104,,115.0153,-3.2968,SIMPANG_EMPAT_MTP_EP
23MTP0105,,115.0285,-3.274,SIMPANG_EMPAT_MTP1_TB
23MTP0106,,115.0475,-3.2459,MATARAMAN_MT
23MTP0107,,115.0529,-3.2913,PENGARON_MT
23MTP0108,,115.0575,-3.2071,BATU_BALIAN_PL
23MTP0109,,115.0649,-3.1959,SUNGKAI_MT
23MTP0110,,115.067,-3.1919,SUNGKAIBARUSIMPANGEMPAT_PL
23MTP0111,,115.0901,-3.2714,NEWGUNUNG_BATU_EP
23MTP0112,,115.0904,-3.2978,KECAMATAN_PENGARON_TB
23MTP0114,,115.1579,-3.4236,US_RANTAU_BALAI_BU
23MTP0115,,115.2077,-3.0716,RANTAU_BUJUR_TB
23MTP0116,,115.2216,-3.2054,RANTAU_NANGKA_ST
23MTP0117,,115.468,-2.9986,US_PARAMASAN_BAWAH_BU
23MTP0118,,115.5474,-2.911,US_PARAMASAN_ATAS_BU
23MTP0119,,115.222,-3.1004,NT_DESA_TELAGA_BARU_PS
23MTP0120,,114.943,-3.2742,NT_DESA_PEMATANG_DANAU_PK
23MTP0121,,115.169,-3.3003,NT_DESA_ALIMUKIM_PL
23MTP0122,,115.2082,-3.2157,NT_DESA_PANYIURAN_MT
23MTP0123,,115.1897,-3.2565,NT_DESA_ANTARAKU_TB
23MTP0124,,115.2535,-3.1845,DESA_RANTAU_BAKULA_PL
23MTP0125,,115.3182,-3.1485,VS_NT_BELIMBING_LAMA_PL
23MTP0126,,115.2493,-3.2828,DESA_SUMBER_BARU_PL
23MTP0127,,115.2771,-3.2715,NT_SUMBER_HARAPAN_PL
23MTP0128,,115.2516,-3.3418,VS_NT_HAKIM_MAKMUR_PL
23MTP0129,,115.1253,-3.5244,VS_NT_BENUA_RIAM_PL
23MTP0130,,115.1438,-3.4443,VS_NT_RANTAU_BALAI_PL
23MTP0131,,115.3644,-3.1128,VS_NT_ANGKIPIH_PL
23MTP0132,,115.2516,-3.045,VS_NT_RAMPAH_PL
23MTP0133,,115.055,-3.2203,BATU_BALIAN_AYANI_MT
23MTP0135,,114.768,-3.3022,ANTASAN_SUTUN_MT
23MTP0136,,115.1538,-3.2455,SUNGAI_LURUS_MT
23MTP0137,,115.1149,-3.2591,MANGKAUK_PL
23MTP0138,,114.9701,-3.4136,BI_IH_MT
23MTP0139,,114.5214,-3.5005,LABAT_MUARA_TB
23MTP0140,,114.5758,-3.4987,JAMBU_RAYA_CM
23MTP0141,,114.9207,-3.4229,PANDAK_DAUN_MT
23MTP0143,,114.7268,-3.3152,LOK_BUNTAR_MT
23MTP0144,,114.8949,-3.3561,KALIUKAN_MT
23MTP0145,,115.0741,-3.1832,SUNGKAI_BARU_MT
23MTP0146,,114.9325,-3.3371,SURIAN_BANJAR_MT
23MTP0147,,115.0943,-3.2747,PELURUHAN_BAWAH_PL
23MTP0148,,114.894,-3.3799,BINCAU_MUARA_PL
23MTP0150,,114.7035,-3.3365,KACAM_SUNGAITABUK_PL
23MTP0151,,114.6585,-3.4133,KAYU_BAWANG_PL
23MTP0152,,114.6142,-3.4562,DSMAKMUR_GAMBUT_EB
23MTP0153,,114.6988,-3.3176,PEMAKUAN_STABUK_PL
23MTP0154,,114.6236,-3.4984,PASAR_ARBA_TB
23MTP0155,,114.7051,-3.2945,PEMBANTANAN_SUNGAITABUK_PL
23MTP0156,,114.9639,-3.2482,PASAR_SURIAN_PL
23MTP0157,,115.1422,-3.2859,KADES_ATIIM_PL
23MTP0158,,114.9902,-3.4462,KADES_PULAUNYIUR_PL
23MTP0159,,114.6355,-3.4727,KADES_GUNTUNGPAPUYU_PL
23MTP0160,,114.8053,-3.3437,MARTAPURA_LAMA_IB
23MTP0161,,114.5929,-3.5154,KADES_HANDILPURAI_PL
23MTP0162,,115.0011,-3.2232,CINTAPURI_SUNGKAI_PL
23MTP0163,,115.0181,-3.1847,GARIS_HANYAR_GH
23MTP0164,,114.6353,-3.3869,MASJID_ALABRAR_PL
23MTP0165,,114.91,-3.3902,PINGARAN_ULU_CM
23MTP0166,,114.9757,-3.3745,KADES_GUNUNGULIN_CM
23MTP0167,,115.0236,-3.3185,KADES_SUNGAITABUK_CM
23MTP0168,,114.668,-3.3407,SIRAJUL_MUNIR_CM
23MTP0169,,115.0851,-3.246,KACAM_SAMBUNGMAKMUR_TB
23MTP0170,,114.9434,-3.319,KEBUN_DANAUSALAK_TB
23MTP0171,,115.0031,-3.5148,PLTA_RIAMKANAN_MT
23MTP0172,,114.9018,-3.434,FITRIA_JAYARESIDENCE_CM
23MTP0175,,115.0347,-3.3525,KADES_SEIJATI_CM
23MTP0177,,114.5907,-3.4138,PEMANGKIH_BARU_CM
23MTP0178,,114.6007,-3.3773,NEW_PASAR_BUMIWAHYU_CM
23PLI0002,,114.6114,-3.8758,SKKL_TAKISUNG_EP
23PLI0003,,114.6153,-3.7647,TABANIO_TB
23PLI0004,,114.6194,-3.5917,PADANGLUAS_PLI_TB
23PLI0005,,114.6313,-3.9732,KUALA_TAMBANGAN_TB
23PLI0006,,114.6339,-4.0731,BATAKAN_BJM_MT
23PLI0007,,114.6374,-3.6405,BAWAH_LAYUNG_AG
23PLI0008,,114.6457,-3.8617,SUMBER_MAKMUR_PLI_MT
23PLI0009,,114.6498,-3.9049,TELAGA_LANGSAT_EB
23PLI0010,,114.661,-3.8787,BENUA_TENGAH_TB
23PLI0011,,114.6861,-3.6781,BINGKULU_CM
23PLI0012,,114.6885,-3.8404,BATILAI_AG
23PLI0013,,114.6997,-3.6068,BATI_BATI1_MT
23PLI0014,,114.7028,-3.6426,KAYU_ABANG_TB
23PLI0015,,114.7033,-3.5973,BATI_BATI_PL
23PLI0016,,114.7039,-3.6137,BENUA_RAYA_CM
23PLI0017,,114.7062,-3.602,BATI_BATI_PADANG_CM
23PLI0018,,114.7069,-3.6631,PULAU_SARI_PLI_EP
23PLI0019,,114.7093,-3.721,UJUNG_BATUASMAI_PL
23PLI0020,,114.7105,-3.6093,MELATI_PLI_TB
23PLI0021,,114.7145,-3.9589,RDTO_BTKAN_EP
23PLI0023,,114.7198,-3.5264,LIK_TB
23PLI0024,,114.7241,-3.6878,TAMBANG_ULANG_PL
23PLI0025,,114.7242,-3.5833,UJUNG_BARU_CM
23PLI0026,,114.7251,-3.7442,PIKAHULU_TAPINTENGAH_TB
23PLI0027,,114.73,-3.9769,BATU_TUNGKU_EB
23PLI0028,,114.7355,-3.5539,LNANGGANG_MT
23PLI0029,,114.737,-3.9622,BATU_MULIA_TB
23PLI0030,,114.7442,-3.7078,SUNGAI_JELAI_CM
23PLI0032,,114.7475,-3.8132,KARANG_TARUNA_CM
23PLI0033,,114.7508,-3.7926,BERAMBAN_PELAIHARI_TB
23PLI0034,,114.758,-3.7357,AMBUNGAN_CM
23PLI0035,,114.7615,-3.7491,PANGGUNG_PLI_TB
23PLI0036,,114.7623,-3.8007,PLEIHARI3MAJAKELIN_MT
23PLI0037,,114.767,-3.7996,PUSAKA_PELAIHARI_IB
23PLI0038,,114.7671,-3.9541,SABUHURI_PL
23PLI0039,,114.7683,-3.5456,SAMBANGAN_PLI_CM
23PLI0040,,114.7693,-3.8077,PELAIHARI_TB
23PLI0041,,114.7697,-3.7625,PLEIHARI2_MT
23PLI0042,,114.7707,-3.8034,ANGSAU2_MT
23PLI0043,,114.7731,-3.7991,PLEIHARI_EP
23PLI0044,,114.7751,-3.7952,ANGSAU1_MT
23PLI0045,,114.7767,-3.7893,PLEIHARI1_MT
23PLI0046,,114.7821,-3.7928,ANGSAUI_PL
23PLI0047,,114.7842,-3.8171,SARANG_HALANG_TB
23PLI0048,,114.7869,-3.8059,PLEIHARI4_MT
23PLI0049,,114.7937,-3.7946,BAJUIN_PELAIHARI_KN
23PLI0050,,114.7968,-3.8458,TAMPANG_EP
23PLI0051,,114.8003,-3.5391,BANYU_IRANG_PL
23PLI0052,,114.802,-3.8223,BUMI_JAYA_PLI_TB
23PLI0053,,114.8028,-3.8765,SUMBER_MULIA_PLI_CM
23PLI0054,,114.8094,-3.5511,BANYU_HIRANG_TB
23PLI0055,,114.8095,-3.5896,KAIT_KAIT_BARU_TB
23PLI0056,,114.81,-3.9089,TAJAU_PECAH_PL
23PLI0057,,114.814,-3.7826,TEBING_SIRING_KN
23PLI0058,,114.817,-3.807,GALAM_BAJUIN_CM
23PLI0059,,114.8299,-3.8881,TAJAU_MULIA_CM
23PLI0060,,114.8371,-3.9256,JILATAN_TANAHLAUT_MT
23PLI0061,,114.8386,-3.5688,BENTOK_DARAT_MT
23PLI0065,,114.9211,-3.9639,JORONG_EP
23PLI0066,,114.9664,-3.9703,ASAM_ASAM2_MT
23PLI0067,,115.0103,-3.9835,SWARANGAN_TB
23PLI0068,,115.0207,-3.9662,KARANG_REJO_PL
23PLI0069,,115.0658,-3.9328,ASAM_JAYA_PL
23PLI0070,,115.0938,-3.8981,ASAM_ASAM_JORONG_TB
23PLI0071,,115.1005,-3.9153,SUNGAI_BARU_PLI_PL
23PLI0072,,115.1017,-3.8947,ASAM_ASAM_EP
23PLI0074,,115.1274,-3.7514,SALAMANI_PL
23PLI0075,,115.1425,-3.7161,RIAM_ADUNGANI_PL
23PLI0076,,115.1553,-3.8854,SUNGAI_BARUI_PL
23PLI0077,,115.1619,-3.892,PANDANSARI_PLI_PL
23PLI0078,,115.175,-3.8893,PANDANSARI_KINTAP_MT
23PLI0079,,115.1918,-3.9307,MB_PELABUHAN_BATUBARA_MT
23PLI0080,,115.1993,-3.7351,PAMA_KINTAP_ST
23PLI0081,,115.2049,-3.8724,KINTAPURA_PL
23PLI0082,,115.2093,-3.8672,KINTAP_EP
23PLI0083,,115.2231,-3.8571,PASIR_PUTIH_KINTAPI_PL
23PLI0084,,115.2653,-3.9026,MUARA_KINTAP_MT
23PLI0085,,115.2861,-3.8447,SUNGAICUKA_TALA_MT
23PLI0086,,115.3354,-3.8389,MUARA_KNTAP_PL
23PLI0087,,115.3369,-3.8595,KENANGA_KINTAP_MT
23PLI0088,,115.3475,-3.8228,SUNGAI_CUKA_KINTAP_MT
23PLI0089,,114.7197,-3.823,TELAGA_TAKISUNG_TB
23PLI0090,,114.8664,-3.9137,DURIAN_BUNGKUK_TB
23PLI0091,,114.9078,-3.9184,AMBAWANG_MT
23PLI0092,,115.1151,-3.9697,MUARA_ASAM_CM
23PLI0093,,114.7452,-3.5797,NUSA_INDAH_BATI_TB
23PLI0094,,114.6071,-3.8043,PAGATAN_BESAR_MT
23PLI0095,,114.594,-3.5833,SUNGAI_RASAU_MT
23PLI0096,,114.7979,-3.9988,SABUHUR_MT
23PLI0097,,114.6788,-4.0076,BATU_TUNGKU2_EB
23PLI0098,,114.6602,-3.8538,BANUA_TENGAH_TB
23PLI0099,,114.6301,-3.8899,TAKISUNG_TB
23PLI0100,,114.762,-3.805,PELAIHARI2_TB
23PLI0101,,114.7997,-3.6068,KAIT_KAIT_MT
23PLI0102,,114.7623,-3.8148,KARANG_TARUNA_PL
23PLI0103,,114.8635,-3.724,TANJUNG_BAJUIN_TB
23PLI0104,,114.6301,-3.5377,HANDIL_BABIRIK_MT
23PLI0105,,115.2361,-3.8498,KINTAP_KECIL_MT
23PLI0106,,114.8229,-3.7764,BAJUIN_TB
23PLI0107,,115.293,-3.8664,KEBUN_RAYA_TB
23PLI0108,,114.7259,-3.9041,SUNGAI_RIAM_TB
23PLI0109,,114.9333,-3.9798,JORONG2_MT
23PLI0110,,114.778,-3.8102,SARANG_HALANG_ST
23PLI0111,,114.8145,-3.7953,TIRTA_JAYA_TB
23PLI0112,,114.759,-3.7638,PLEHARI3_TB
23PLI0113,,114.9756,-3.981,KARANG_REJO_MT
23PLI0115,,114.8779,-3.9755,ALUR_MT
23PLI0116,,114.8161,-3.8864,GUNUNG_MAS2_MT
23PLI0117,,114.6256,-3.674,BAWAH_LAYUNG_TB
23PLI0118,,115.3474,-3.8128,SUNGAICUKA_RMSARINDAY_PL
23PLI0120,,114.6294,-4.086,BATAKAN_PANTAI_PL
23PLI0122,,114.6782,-4.057,DSKANDANGAN_LAMA_PL
23PLI0123,,115.3637,-3.8317,KAMPUNGBALI_NAUKINTAP_TB
23PLI0124,,114.9279,-3.9218,BATALANG_TANAHLAUT_CM
23PLI0125,,114.819,-3.8567,GUNUNGMELATI_BATUAMPAR_CM
23PLI0126,,114.7749,-3.768,PADANGRAYA_PELAIHARI_PL
23PLI0127,,114.9114,-3.8982,PASAR_DAMIT_PL
23PLI0128,,114.6307,-3.5642,KACAM_BUMIMAKMUR_PL
23PLI0129,,115.3164,-3.8319,SUMBERJAYA_TANAHLAUT_PL
23PLI0130,,114.6818,-3.8203,PENAMPAAN_TAKISUNG_CM
23PLI0131,,115.2148,-3.8424,GMK_TIMUR_CM
23PLI0132,,114.7331,-3.5685,ISTANA_SATWA_BORNEO_CM
23PLI0133,,115.2588,-3.8481,BB_MB_DARMAHENWA_KINTAP
23PLI0134,,115.1397,-3.8765,BB_MB_DARMAHENWA_ASAMASAM
23PRI0001,,115.3296,-2.3904,MATANG_LURUS_PRI_PL
23PRI0002,,115.3769,-2.3369,LAMPIHONG_EP
23PRI0003,,115.4211,-2.331,LOK_HAMAWANG_MT
23PRI0004,,115.4215,-2.4263,BATU_MANDI_EP
23PRI0005,,115.4324,-2.4081,ALDIN_BATU_MANDI_MT
23PRI0006,,115.4499,-2.3951,MANTIMIN_PL
23PRI0007,,115.4604,-2.3393,TERMINAL_PARINGIN_PL
23PRI0008,,115.4619,-2.3315,PARINGIN_PRI1_EP
23PRI0009,,115.463,-2.3783,DPRD_BALANGAN_EP
23PRI0010,,115.4691,-2.3572,PARINGIN_PRI2_TB
23PRI0011,,115.4716,-2.3049,PARINGIN_KOTA_MT
23PRI0012,,115.4778,-2.2636,RDTO_PARINGIN_TANJUNG_TB
23PRI0015,,115.5328,-2.4261,AWAYAN_TB
23PRI0018,,115.5406,-2.2944,MARAMIS_TB
23PRI0020,,115.6409,-2.2329,BATA_PL
23PRI0021,,115.6585,-2.2647,HALONG_TB
23PRI0022,,115.5037,-2.3767,BATU_PIRING_PL
23PRI0023,,115.4934,-2.3211,PARINGIN_TIMUR_PL
23PRI0024,,115.6029,-2.2561,TELUK_BAYUR_BALANGAN_PL
23PRI0025,,115.5331,-2.3762,PUDAK_PL
23PRI0026,,115.5394,-2.4446,SUNGAI_PUMPUNG_CM
23PRI0027,,112.4492,-2.4411,SELUNUK_TB
23PRI0028,,115.58,-2.3908,NT_DESA_TUNDAKAN_PK
23PRI0029,,115.6109,-2.2389,NT_DESA_BATA_PL
23PRI0030,,115.5869,-2.2332,NT_SUMBER_REJEKI_PL
23PRI0031,,115.6604,-2.1914,VS_NT_PUYUN_PL
23PRI0032,,115.6283,-2.187,NT_DESA_GUNUNG_RIUT_PL
23PRI0033,,115.5483,-2.3843,NT_DESA_SIKONTAN_PL
23PRI0034,,115.5675,-2.3987,NT_DESA_AMBAKIANG_PL
23PRI0035,,115.6194,-2.4386,VS_NT_MAYANAU_PL
23PRI0036,,115.5984,-2.4637,VS_NT_AUH_PL
23PRI0037,,115.5619,-2.4556,NT_JUUH_PL
23PRI0038,,115.7081,-2.2419,NT_ANIUNGAN_PL
23PRI0039,,115.6263,-2.1661,NT_DESA_LIYU_PL
23PRI0040,,115.6608,-2.2247,NT_DESA_SUMBER_AGUNG_PL
23PRI0041,,115.5802,-2.2672,MUNGKUR_UYAM_MT
23PRI0042,,115.4768,-2.332,PARINGIN_TIMUR_ST
23PRI0043,,115.625,-2.2215,PASARMIHU_JUAI_PL
23PRI0044,,115.635,-2.257,PANYAMBARAN_BARUH_PL
23PRI0045,,115.5262,-2.2949,LAMIDABAWAH_PARINGIN_PL
23PRI0046,,115.582,-2.3556,TAWAHAN_JUAI_PL
23PRI0047,,115.6801,-2.312,MANTUYAN_HALONG_PL
23PRI0048,,115.392,-2.3101,LAJAR_LAMPIHONG_PL
23PRI0049,,115.668,-2.2438,HAUWAI_BALANGAN_PL
23PRI0050,,115.387,-2.3275,SUNGAI_AWANG_PL
23PRI0051,,115.4589,-2.4415,PELAJAU_MUNJUNG_PL
23PRI0052,,115.529,-2.4064,AWAYAN_HLIR_PL
23PRI0053,,115.412,-2.3762,LINSIR_MANGKURAT_MT
23PRI0054,,115.5963,-2.4475,LAPANGAN_SUNGSUM_CM
23PRI0055,,115.3568,-2.3636,AIR_TADIHAU_CM
23PRI0056,,115.4689,-2.4602,KADES_KARUH_CM
23PRI0057,,115.4428,-2.3334,MTSN_BALANGAN_CM
23PRI0058,,115.516,-2.4403,PUMPUNG_MERAH_CM
23PRI0059,,115.4567,-2.3319,KAMPUNGBARU_PARINGIN_PL
23RTA0001,,114.8347,-2.9572,KALADAN_MT
23RTA0003,,114.8866,-2.9509,SUNGAI_PUTTING_EP
23RTA0006,,114.937,-2.8813,MARGASARI_RTA_EP
23RTA0008,,115.03,-2.8658,SUNGAI_RUTAS_HULU_TB
23RTA0009,,115.067,-3.1212,BINUANGBINUANG_PL
23RTA0010,,115.0778,-3.1387,PUALAM_SARI_CM
23RTA0011,,115.0779,-3.1733,TUNGKAP_BINUANG_CM
23RTA0012,,115.0796,-2.9346,PANDAKAN_PL
23RTA0013,,115.0846,-3.1056,PULAU_PINANG_RTA_EP
23RTA0015,,115.0877,-3.1604,BINUANG_TAPIN_ST
23RTA0016,,115.0925,-3.1568,BINUANG_RTA_MT
23RTA0017,,115.0989,-3.0813,PINANG_UTARA_PL
23RTA0018,,115.0995,-3.1582,AYANI_PURA_PL
23RTA0019,,115.1023,-2.9552,KARANGAN_HULU_PL
23RTA0020,,115.1122,-2.9887,CEMPAKA_TAPIN_TB
23RTA0021,,115.1176,-3.0541,TAPIN_SELATAN_CM
23RTA0022,,115.1244,-2.9207,PAULPAUL_BAKARANGAN_PL
23RTA0023,,115.1254,-3.0321,SUATO_TATAKAN_CM
23RTA0024,,115.1264,-2.9361,BAKARANGAN_KN
23RTA0025,,115.1293,-3.0023,TAMBARANGAN_PL
23RTA0027,,115.1456,-2.9081,BADAUN_TAPIN_CM
23RTA0028,,115.1457,-2.9312,RANTAU_KANAN_ST
23RTA0029,,115.1484,-2.9402,KUPANGRANTAU_ST
23RTA0030,,115.1485,-2.9357,KUPANG_TAPIN_PL
23RTA0031,,115.1525,-2.9286,RANTAU_RTA_EP
23RTA0032,,115.1536,-2.9533,TAPIN_UTARA_KN
23RTA0033,,115.1564,-2.9329,RANTAU_RTA1_PL
23RTA0034,,115.1657,-2.9286,RANTAU_KIWA_ST
23RTA0035,,115.1672,-2.9388,RANGDA_MALINGKUNG_PL
23RTA0036,,115.1713,-3.0841,SUATO_LAMA_CM
23RTA0037,,115.1765,-2.9228,PERUM_ASA_KN
23RTA0038,,115.1869,-3.0504,SALAM_BABARIS_MT
23RTA0040,,115.2097,-2.8985,LOKPAIKAT1_ST
23RTA0041,,115.2131,-2.8942,LOKPAIKAT_PL
23RTA0042,,114.8981,-2.8037,TELUK_HAUR_MT
23RTA0043,,114.9357,-2.763,BUAS_BUAS_MT
23RTA0044,,114.8593,-2.9261,SUNGAI_SALAI_HILIR_CM
23RTA0045,,115.0867,-2.9858,SUKARAMAI_TAPIN_TB
23RTA0046,,114.9749,-2.8736,MARAMPIAU_CM
23RTA0047,,115.0825,-3.1496,SERAWI_BINUANG_CM
23RTA0048,,115.3231,-2.9555,VS_NT_PIPITAK_JAYA_PL
23RTA0049,,115.3809,-2.9499,VS_NT_HARAKIT_PL
23RTA0050,,115.4049,-2.9303,VS_NT_BATUNG_PL
23RTA0051,,115.4512,-2.9141,VS_NT_BALAWAIAN_PL
23RTA0052,,115.2899,-2.9741,NT_DESA_BUNIIN_JAYA_PL
23RTA0053,,115.2106,-3.1604,VS_NT_BAGAK_PL
23RTA0054,,115.1404,-2.9799,PURUT_RTA_PS
23RTA0057,,115.018,-2.8588,SUNGAI_RUTAS_MT
23RTA0058,,115.0798,-3.1247,KARANG_PUTIH_CM
23RTA0060,,115.1839,-3.071,SUATO_LAMA_MT
23RTA0061,,115.1867,-3.0434,PANTAI_CABE_PL
23RTA0062,,115.1294,-2.9599,BUNGUR_BARU_TB
23RTA0063,,115.1807,-2.9958,DSSHABAH_BUNGUR_PL
23RTA0064,,115.1488,-3.0968,KAMBANG_LAMA_PL
23RTA0065,,115.1296,-2.9051,KETAPANG_BAKARANGAN_PL
23RTA0066,,115.0981,-2.9371,KEPAYANG_TAPINTENGAH_PL
23RTA0067,,115.0947,-3.1475,BALIPAT_CIRCUIT_PL
23RTA0068,,115.0649,-2.9238,PEMATANG_TAPTEN_PL
23RTA0069,,115.1441,-3.148,SPINANG_BINUANG_PL
23RTA0070,,115.2778,-2.9577,PASAR_SIRANGPITU_PL
23RTA0071,,115.1556,-2.9989,SMK_TAPINSELATAN_PL
23RTA0072,,115.1761,-3.1327,GOA_BATUHAPU_PL
23RTA0073,,115.105,-2.9214,KADES_PARIGIKACIL_CM
23RTA0074,,115.1394,-3.164,KADES_MATANGBATAS_TB
23RTA0075,,114.9114,-2.9428,JEMBATAN_AGM_TB
23RTA0076,,114.9136,-2.8739,KADES_PARIOK_CM
23RTA0077,,115.0017,-2.8523,DERMAGA_PABAUNGAN_CM
23RTA0078,,115.0664,-3.1562,PANTAI_ATAS_BINUANG_CM
23TJL0001,,115.2504,-2.2046,BANUALIMA_MT
23TJL0002,,115.278,-2.32,SUNGAI_ANYAR_ST
23TJL0003,,115.2843,-2.2631,TAKULAT_PL
23TJL0004,,115.2969,-2.3093,SEI_RUKAM_CM
23TJL0005,,115.2979,-2.2928,AMPUKUNG_PL
23TJL0006,,115.298,-2.2741,KELUA_EP
23TJL0007,,115.3092,-2.3184,HALANGAN_CM
23TJL0008,,115.3179,-2.3413,PUGAAN_GUNTUNG_TB
23TJL0009,,115.325,-2.2213,MANTUIL_HARUS_PL
23TJL0010,,115.3284,-2.2454,TANTARINGIN_ST
23TJL0011,,115.3403,-2.1992,PAWARINGAN_KIWA_MT
23TJL0012,,115.3597,-2.1912,PUAIN_KIWA_PL
23TJL0014,,115.3741,-2.205,PUAIN_KANAN_PL
23TJL0015,,115.3743,-2.1632,JANGKUNG_TANJUNG_PL
23TJL0016,,115.3796,-2.1964,TANTA_MT
23TJL0017,,115.3813,-2.1664,TANJUNG_TJL_EP
23TJL0018,,115.3857,-2.1721,SULINGAN_TABALONG_PL
23TJL0019,,115.3875,-2.1519,AGUNG_TABALONG_PL
23TJL0020,,115.3908,-2.1365,MURUNG_PUDAK_MT
23TJL0021,,115.3918,-2.1656,BELIMBING_RAYA_PL
23TJL0022,,115.3958,-2.1876,PEMBATAAN_PL
23TJL0023,,115.3963,-2.1551,MRNG_PUDAK_MT
23TJL0024,,115.3978,-2.1784,PERMATA_INDAH_TABALONG_PL
23TJL0025,,115.3989,-2.1378,MURUNG_PUDAK1_PL
23TJL0026,,115.3992,-2.1644,BATAMAN_INDAH_PL
23TJL0027,,115.4035,-2.1706,PEMBATAAN_MURUNG_PUDAK_MT
23TJL0028,,115.4104,-2.149,BELIMBING_PUDAK_PL
23TJL0029,,115.4134,-2.173,MABUUN_MT
23TJL0031,,115.4183,-2.1778,TABALONG_TANJUNG2_MABUUN_MT
23TJL0032,,115.4195,-2.1729,MABUUN1_MT
23TJL0033,,115.4203,-2.1316,BELIMBING_TABALONG_MT
23TJL0034,,115.4218,-2.1842,HUTAN_DUGUNG_PL
23TJL0035,,115.4238,-2.1668,MABUUN_PUDAK_MT
23TJL0036,,115.4255,-2.1737,SAKA_PERMAI_MABUUN_PL
23TJL0037,,115.4328,-2.1761,JLKESEHATAN_TABALONG_PL
23TJL0039,,115.4377,-2.1849,MABURAI_PUDAK_GH
23TJL0040,,115.4381,-2.0699,DESA_GARUNGGUNG_CM
23TJL0041,,115.4389,-2.1934,HUTAN_MABURAIMURUNG_PUDAK_PL
23TJL0042,,115.4443,-2.2025,MABURAI_EP
23TJL0043,,115.4467,-2.1408,KAPAR_PUDAK_TB
23TJL0044,,115.4494,-2.2192,PADANG_PANJANG_TBL_PL
23TJL0045,,115.455,-2.0441,MAHE_PASAR_ST
23TJL0046,,115.4922,-2.246,WARA_TJL_TM
23TJL0047,,115.5056,-2.0168,HARUAI_TJL2_TB
23TJL0048,,115.5186,-2.0734,HARUAI_TJL1_MT
23TJL0050,,115.5556,-2.103,UPAU_ST
23TJL0051,,115.5632,-2.0426,SERADANG_TABALONG_PL
23TJL0052,,115.5903,-2.004,WIRANG_TB
23TJL0053,,115.6022,-1.8954,MUARA_UYA_MT
23TJL0054,,115.6057,-1.9037,LUMBANG_MUARA_PL
23TJL0056,,115.6249,-1.8469,JARO_TB
23TJL0057,,115.6358,-1.8405,RAWA_JARO_ST
23TJL0058,,115.4142,-2.0882,JUAI_MT
23TJL0059,,115.3687,-2.0768,KAMBITIN_RAYA_PL
23TJL0060,,115.6108,-2.0748,PANGELAK_CM
23TJL0061,,115.5232,-1.9754,HAYUP_MT
23TJL0062,,115.4491,-1.9875,USIH_MT
23TJL0063,,115.5721,-1.9644,KUPANG_NUNDING_TB
23TJL0064,,115.6009,-1.8885,MUARA_UYA_TB
23TJL0065,,115.6476,-1.7751,SOLAN_CM
23TJL0066,,115.3572,-2.216,LUKBAYUR_MT
23TJL0067,,115.5973,-1.9298,PALAPI_MT
23TJL0068,,115.6507,-1.8633,NAMUN_MT
23TJL0069,,115.435,-2.1558,TANJUNGPWR_INDONESIA_PL
23TJL0070,,115.4613,-2.1178,ADARO_WARA_TB
23TJL0071,,115.5412,-2.1186,MASINGAI_PL
23TJL0072,,115.4056,-2.1176,WAYAU_TANJUNG_PL
23TJL0073,,115.2781,-2.3455,SUNGAI_DURIAN_PL
23TJL0074,,115.4488,-2.245,YANI_ADARO_PL
23TJL0075,,115.4511,-2.0599,KITANG_TANJUNG_TB
23TJL0076,,115.2392,-2.1984,TUGUBATAS_PANAS_PL
23TJL0077,,115.2642,-2.2927,PASAR_HABAU_CM
23TJL0078,,115.3136,-2.2575,SUNGAI_BULUH_CM
23TJL0079,,115.2916,-2.3389,BANUA_LAWAS_CM
23TJL0080,,115.6133,-2.0092,MARINDI_HARUAI_PL
23TJL0081,,115.2496,-2.3462,KADES_HAPALAH_PL
23TJL0082,,115.4354,-1.9639,KADES_BINTANGARA_MT
23TJL0083,,115.5982,-1.9567,MANGKUPUN_MT
23TJL0084,,115.4422,-2.0237,KADES_WALING_MT
23TJL0085,,115.6174,-1.8652,KADES_NAMUN_MT
23TJL0086,,115.5594,-2.0066,KADES_BONGKANG_TB
23TJL0087,,115.274,-2.2402,KARANGANPUTIH_KALUA_TB
23TJL0088,,115.4848,-2.0387,KADES_SUPUT_CM
23TJL0089,,115.293,-2.2462,KADES_BINTURU_CM
23TJL0090,,115.5629,-1.9088,KADES_SIMPUNGLAYUNG_CM
23TJL0091,,115.6494,-1.8856,KADES_TERATAU_CM
23TJL0093,,115.4113,-2.162,LINDA_REGENCY_CM
24MLN0001,,114.9599,1.7219,US_LONG_URO_BU
24MLN0002,,115.4033,1.4182,US_LEBUSAN_BU
24MLN0003,,115.4331,1.2975,US_LONG_TOP_BU
24MLN0004,,115.8037,2.772,US_LONG_ULI_BU
24MLN0005,,115.8404,2.8413,US_LONG_TEBULO_BU
24MLN0006,,115.857,2.957,US_LONG_KEMUAT_BU
24MLN0007,,116.0012,2.8336,US_LONG_JALAN_BU
24MLN0008,,116.0632,3.0502,US_LONG_NYAU_BU
24MLN0009,,116.0676,3.2606,US_LONG_TITI_BU
24MLN0010,,116.0887,3.6991,US_SEMAMU_BU
24MLN0011,,116.1082,3.7643,US_LUNG_SULIT_BU
24MLN0012,,116.1122,3.312,US_RIAN_TUBU_BU
24MLN0013,,116.1134,3.1032,US_LONG_RANAU_BU
24MLN0014,,116.1862,4.0344,US_LUNG_KEBINU_BU
24MLN0015,,116.1937,4.0225,US_LUNG_MEKATIP_BU
24MLN0016,,116.2482,3.8293,US_LUNG_SIMAU_BU
24MLN0017,,116.3404,3.0558,US_PUNAN_MIRAU_BU
24MLN0018,,116.4105,2.9652,US_METUT_BU
24MLN0019,,116.5007,3.3119,US_LONG_ADIU_BU
24MLN0020,,116.5142,3.2395,US_BILA_BEKAYUK_BU
24MLN0021,,116.5405,3.3714,US_BATU_KAJANG_MLU_BU
24MLN0022,,116.5567,3.3157,US_PUNAN_GONG_SOLOK_BU
24MLN0023,,116.5979,3.5329,KUALA_LAPANG_MLU_EP
24MLN0025,,116.611,3.576,MALINAU_EP
24MLN0026,,116.6182,3.5522,PULAU_SAPI_MENTARANG_MT
24MLN0028,,116.629,3.5912,PEL_MALINAU_MT
24MLN0029,,116.6496,3.5667,BATU_LINDUNG_MT
24MLN0030,,116.6535,3.4763,SESUA_PL
24MLN0031,,116.6656,3.6331,KLAPIS_MT
24MLN0032,,116.6556,3.408,VS_NT_PUNAN_BENGALUN_PL
24MLN0033,,116.4995,3.3931,VS_NT_PUNAN_SETARAP_PL
24MLN0034,,116.1915,2.856,VS_NT_LONG_LAKE_PL
24MLN0035,,116.3492,3.0607,VS_NT_LONG_RAT_PL
24MLN0036,,116.4554,3.0729,VS_NT_TANJUNG_NANGA_PL
24MLN0037,,116.4435,3.1162,VS_NT_LABAN_NYARIT_CM
24MLN0038,,116.4743,3.1438,VS_NT_LANGAP_PL
24MLN0039,,116.4895,3.4904,VS_NT_SENTABAN_PL
24MLN0040,,116.4936,3.0744,VS_NT_PUNAN_RIAN_PL
24MLN0041,,116.4724,3.165,VS_NT_SENGAYAN_PL
24MLN0042,,116.6856,3.6515,NT_DESA_PUTAT_PL
24MLN0043,,116.7131,3.6889,VS_NT_SERUYUNG_PL
24MLN0044,,116.5154,3.5141,VS_NT_LIDUNG_KEMENCI_PL
24MLN0045,,116.3824,3.5057,VS_NT_MENTARANG_HARAPAN_MAJU_PL
24MLN0047,,116.1405,3.0544,VS_NT_LONG_PADA_PL
24MLN0048,,116.4213,3.0675,VS_NT_HALANGA_PL
24MLN0050,,116.3897,2.9556,VS_NT_NAHAKRAMO_BARU_BU
24MLN0051,,116.6227,3.5845,MALINAUKOTA_PL
24MLN0052,,116.6108,3.5379,MALINAU_HULU_PL
24MLN0053,,116.6102,3.6064,RSUD_MALINAU_PL
24MLN0054,,116.639,3.6211,LAPANGAN_KALIAMOK_CM
24MLN0056,,116.6556,3.5833,PASAR_MALINAU_KOTA_MT
24MLN0057,,116.578,3.5259,PASAR_TANJUNGLAPANG_CM
24MLN0058,,116.515,3.5199,PASAR_KANAAN_CM
24MLN0059,,116.6291,3.5999,GAHARU_MALINAU_MT
24MLN0060,,116.6387,3.5958,PELABUHAN_TENGKAWANG_TB
24NKN0001,,115.8565,3.9584,US_WAYAGUNG_BU
24NKN0002,,116.6886,3.8444,US_PATAL_BU
24NKN0003,,116.7983,3.762,US_PULAU_KERAS_BU
24NKN0004,,116.8723,3.9542,US_BEBANAN_BU
24NKN0005,,116.8928,3.8961,US_DESA_TUJUNG_BU
24NKN0007,,116.926,3.9479,US_MALASU_BARU_BU
24NKN0008,,116.9704,3.9537,US_KUNYIT_BU
24NKN0009,,116.9879,4.148,US_TEMBALANG_NNK_BU
24NKN0010,,116.9963,4.0487,UPT_SEBUKU_EP
24NKN0011,,117.0628,3.8513,ATAP_SEMBAKUNG_MT
24NKN0012,,117.251,3.7004,KUALA_LAPANG_NNK_EP
24NKN0013,,117.6207,4.0898,BINUSAN_TB
24NKN0014,,117.6349,4.1206,RSNUNUKAN_EP
24NKN0015,,117.6375,4.1295,STADION_NNK_MANGKUDULIS_TB
24NKN0016,,117.645,4.1412,TANJUNGNNK_TB
24NKN0017,,117.6458,4.1355,FATAHILLAH_NNK_TB
24NKN0018,,117.6471,4.1392,NUNUKAN_MT
24NKN0019,,117.6486,4.1222,SEIFATIMAH2_PERSEMAIAN_PL
24NKN0020,,117.6498,4.1439,SEI_NYAMUK_TB
24NKN0021,,117.6509,4.1168,NUNUKAN14_PL
24NKN0022,,117.6512,4.1367,KARTININNK_TB
24NKN0023,,117.6538,4.1424,HASANUDINNNK_TB
24NKN0024,,117.6549,4.1369,TVRI_NUNUKAN1_PL
24NKN0025,,117.6556,4.1316,NUNUKAN_TENGAH_CM
24NKN0026,,117.6564,4.1219,BUKIT_ZAITUN_CM
24NKN0028,,117.6596,4.1357,ANTASARI_NUNUKAN_MT
24NKN0029,,117.6617,4.1437,NUNUKAN_TIMUR_TB
24NKN0030,,117.6636,4.1352,HOTEL_FIRDAUS_TB
24NKN0031,,117.6682,4.1427,PELABUHANNNK_TB
24NKN0032,,117.67,4.1395,BAMBANGAN_SELISUN_PL
24NKN0033,,117.6771,4.1232,SELISUN_CM
24NKN0034,,117.6921,4.1084,NUNUKAN_SEL_CM
24NKN0035,,117.7001,4.0798,POLITEHNIK_TB
24NKN0036,,117.7066,4.0939,SEIJEPUN_MT
24NKN0037,,117.71,4.0899,SEDADAP_EP
24NKN0038,,117.7143,4.0834,SEI_JEPUN_CM
24NKN0039,,117.7215,4.0774,BUPATINUNUKAN_MT
24NKN0040,,117.7349,4.0346,TJHARAPAN_NNK_MT
24NKN0041,,117.7362,4.0408,TANJUNG_HARAPAN_NNK_MT
24NKN0042,,117.8121,4.0771,DESASETABU_TB
24NKN0043,,117.867,4.1633,AJI_KUNING_TB
24NKN0044,,117.8807,4.1442,KANTOR_BUPATI_NNK_TB
24NKN0045,,117.8838,4.049,SEINYAMUK_EP
24NKN0046,,117.8995,4.1638,PANCANG_MT
24NKN0047,,117.909,4.1471,SUNGAI_NYAMUK_NNK_EP
24NKN0048,,117.909,4.0929,TANJUNG_ARU_TB
24NKN0049,,117.9121,4.1435,SEY_NYAMUK_MT
24NKN0050,,117.9205,4.1079,TJARU_NNK_PL
24NKN0051,,117.9207,4.0625,SEI_TAIWAN_TB
24NKN0054,,117.7035,4.1526,BAMBANGAN_SEBATIK_PL
24NKN0055,,116.9892,4.0367,DSSANUR_TULIN_PL
24NKN0056,,117.628,4.1088,SEI_FATIMAH_PL
24NKN0057,,116.9736,4.0015,TETABAN_SEBUKU_PL
24NKN0058,,117.757,4.1064,LIANG_BUNYU_PL
24NKN0059,,117.9233,4.1269,DSTGHARAPAN_SEBATIK_PL
24NKN0060,,117.7805,4.0915,DERMAGA_BINALAWAN_CM
24NKN0061,,117.6568,4.1406,NUNUKAN_TVRI_CM
24NKN0062,,116.7405,3.7536,POS_MANSALONG_TB
24NKN0063,,117.8456,4.0504,BELANSIKU_CM
24NKN0064,,117.7402,4.0593,PLTMG_NUNUKAN_TB
24NKN0065,,117.035,4.0008,LAPANGAN_SEBUKURAYA_CM
24NKN0066,,117.7077,3.994,SEILANCANG_CM
24NKN0067,,116.822,3.7907,SEMBAKUNG_ATULAI_TB
24TDP0001,,116.9029,3.6072,TIDUNG_PALA_EP
24TDP0002,,117.0042,3.4751,KAJAU_SESAYAP_MT
24TDP0003,,117.0056,3.5839,SESAYAP_HILIR_MT
24TDP0004,,117.5328,3.6681,TANAH_MERAH_TARAKAN_PL
24TDP0005,,117.1924,3.5415,NT_DESA_BEBATU_MT
24TDP0006,,116.9808,3.4706,NT_DESA_MENDUPO_PL
24TDP0007,,116.8152,3.5706,NT_DESA_KAPUAK_PL
24TDP0008,,116.7393,3.5162,VS_NT_SEPUTUK_PL
24TDP0009,,117.1554,3.6177,NT_DESA_SENGKONG_PL
24TDP0010,,116.9168,3.6057,TIDENGTIMUR_TB
24TDP0011,,116.9494,3.583,KADES_SEBAWANG_PL
24TRK0001,,117.5411,3.4302,JUWATA_PANTAI_PL
24TRK0002,,117.5438,3.3636,BTN_PERSEMAIAN_TB
24TRK0003,,117.5455,3.436,JUATA_LAUT_PL
24TRK0004,,117.546,3.3904,PAJI_ISKANDAR_TB
24TRK0005,,117.5472,3.3577,SWARAYAN_RAYA_TB
24TRK0006,,117.5473,3.409,ROAD_JUATA_PANTAI_PL
24TRK0007,,117.5489,3.3805,JUATA_PERMAI_TB
24TRK0008,,117.552,3.3689,JUWATA_LAUT_EP
24TRK0009,,117.558,3.3673,JUATA_HARAPAN_TB
24TRK0010,,117.5585,3.4383,JUWATA_UJNG_PL
24TRK0011,,117.562,3.3374,AKIBABU_TRK_TB
24TRK0012,,117.563,3.3593,GGTERONG_TARAKAN_TB
24TRK0013,,117.5666,3.3491,AIRPORT_TRK_EP
24TRK0014,,117.5724,3.338,KARANG_ANYAR_PANTAI_PL
24TRK0015,,117.5741,3.3241,RADARTRK_TB
24TRK0016,,117.5743,3.344,PERUMNASLDII_BANGKATRK_MT
24TRK0017,,117.5758,3.3072,GUSHER_MT
24TRK0018,,117.5782,3.3153,MULAWARMAN_TAR_MT
24TRK0019,,117.5792,3.3308,KARANG_ANYAR1_TB
24TRK0020,,117.5793,3.3265,DELIMA2_TB
24TRK0021,,117.5802,3.306,KARANG_REJO_TAR_TB
24TRK0022,,117.5827,3.3303,TARAKAN_KRGANYER_PL
24TRK0023,,117.5839,3.2976,HTL_PADMA_PL
24TRK0024,,117.584,3.3123,KARANGANYAR_TARAKAN_EP
24TRK0025,,117.5838,3.3245,PERUM_TRK_EP
24TRK0026,,117.5846,3.3069,IN_GRAN_TARAKAN_DH
24TRK0027,,117.5846,3.3069,GRAN_TARAKAN_EP
24TRK0028,,117.5854,3.3024,TARAKAN_KOTA_PL
24TRK0029,,117.586,3.3198,GGJATI_TARAKAN_PL
24TRK0030,,117.587,3.2963,PELABUHAN_TARAKAN_PL
24TRK0031,,117.5872,3.3137,KARANG_ANYAR_TARAKAN_PL
24TRK0032,,117.5899,3.3235,KARANG_ANYAR2_TB
24TRK0033,,117.5903,3.3056,BALAYSOUVENIR_TARAKAN_TB
24TRK0034,,117.5908,3.2899,HOTEL_GRAND_TAUFIK_TB
24TRK0035,,117.5917,3.3195,KARANG_ANYAR3_PL
24TRK0036,,117.5944,3.2936,LINGKAS_UJUNG_EP
24TRK0037,,117.5947,3.3134,SEBENGKOK_TARAKAN_PL
24TRK0038,,117.595,3.3049,TVRI_TARAKAN_TI
24TRK0039,,117.5951,3.2986,GANGBELAH_SEBENGKOK_PL
24TRK0040,,117.597,3.2896,KUSUMA_BANGSA_MT
24TRK0041,,117.5986,3.2934,DINASTY_TAR_TB
24TRK0042,,117.5988,3.2851,GUNUNG_LINGKAS_PL
24TRK0043,,117.5994,3.2968,GUNUNGLINGKAS_MT
24TRK0044,,117.6025,3.3174,KAMPUNG_SATU_PL
24TRK0045,,117.6028,3.302,GGROWO_REJO_TB
24TRK0046,,117.6043,3.3211,BANGKATRK_PL
24TRK0047,,117.605,3.307,MARKONI_TRK_EP
24TRK0048,,117.6058,3.326,SEBENGKOK2_TB
24TRK0049,,117.6094,3.3112,PAMUSIAN_MT
24TRK0050,,117.6104,3.3053,KUSUMATARAKAN_MT
24TRK0051,,117.6131,3.3238,KAMPUNGSATU_SKIP_TB
24TRK0052,,117.6138,3.3175,STIKESTRK_TB
24TRK0054,,117.6171,3.2964,IDECAWI_TARAKAN_TB
24TRK0055,,117.6213,3.2707,MAMBURUNGAN_EP
24TRK0056,,117.6232,3.2994,KAMPUNG_EMPAT_TB
24TRK0057,,117.6285,3.28,PANTAI_AMAL1_PL
24TRK0058,,117.631,3.3134,PANTAI_AMAL_EP
24TRK0059,,117.6366,3.2454,TJPASIR_TAR_TB
24TRK0060,,117.6461,3.2947,AMAL_LAMA_TB
24TRK0061,,117.6505,3.2741,BINALATUNG_TB
24TRK0062,,117.6573,3.3387,POI_KAMP_NELAYAN1_TB
24TRK0063,,117.6613,3.3605,POI_KAMP_NELAYAN2_TB
24TRK0066,,117.5267,3.3807,STASIUN_BUMI_TARAKAN_PL
24TRK0068,,117.5905,3.3037,PLN_TARAKAN_ST
24TSL0001,,117.2153,2.9912,PIMPING_PL
24TSL0003,,117.3424,2.9393,SALIM_BATU_EP
24TSL0004,,117.363,2.8426,PELABUHAN_TANJUNG_SELOR_PL
24TSL0006,,117.384,2.8359,TANJUNG_SELOR_EP
24TSL0007,,117.405,2.8059,TANJUNG_PALAS_TENGAH_PL
24TSL0009,,117.4488,2.7848,PASAR_BERAU3_EP
24TSL0010,,117.5006,2.603,SAJAU_EP
24TSL0011,,117.5454,2.7079,PUNGIT_MT
24TSL0012,,117.6207,2.6976,SEJAU_MT
24TSL0013,,117.8207,3.501,PULAU_BUNYU_TJS2_PL
24TSL0014,,117.8512,3.4682,PULAU_BUNYU_TJS1_EP
24TSL0015,,117.3804,3.3209,NT_DESA_LIAGU_PL
24TSL0016,,117.0893,2.7765,VS_NT_LONG_LEMBU_PL
24TSL0017,,117.1065,2.7492,VS_NT_LONG_BELUAH_PL
24TSL0018,,117.197,2.7792,VS_NT_LONG_PARI_PL
24TSL0019,,117.4809,2.9028,NT_DESA_TANJUNG_BUKA_PL
24TSL0020,,117.2987,2.7561,VS_NT_ANTUTAN_PL
24TSL0021,,117.3212,2.8193,VS_NT_PEJALIN_TB
24TSL0022,,117.4504,2.8499,TANJUNG_SELOR_TIMUR2_TB
24TSL0023,,117.228,3.0978,ARDI_MULYO_TB
24TSL0024,,117.3711,2.8681,TANJUNG_SELOR_HILIR3_TB
24TSL0025,,117.3862,2.8665,TANJUNG_SELOR_HILIR4_PL
24TSL0026,,117.3561,2.8333,TANJUNG_PALAS_TENGAH2_PL
24TSL0028,,117.3656,2.8549,TANJUNG_SELOR_HILIR2_TB
24TSL0029,,117.3957,2.8423,TANJUNG_SELOR_HILIR5_TB
24TSL0030,,117.4,2.8142,JELARAI_SELOR_PS
24TSL0031,,117.4177,2.8491,MERPATISELOR_TJS_TB
24TSL0032,,117.4202,2.8212,TENGKAPAK_TJS_TB
24TSL0033,,117.3748,2.8592,SENGKAWIT_TJS_PL
24TSL0034,,117.3356,2.8383,GPUTIH_TJGPALAS_PL
24TSL0035,,117.4923,2.7582,DSAPUNG_TJS_PL
24TSL0036,,117.2704,3.0202,KELUBIR_TJGPALAS_PL
24TSL0037,,117.8512,3.4654,BUNYU_BARAT_PL
24TSL0038,,117.2129,3.078,ALUNALUN_PANCAAGUNG_PL
24TSL0039,,117.2428,3.0654,LAPANGAN_TARUNAMANGGALA_PL
24TSL0040,,117.2114,3.0398,TANJUNGPALAS_UTARA_PL
24TSL0042,,117.9315,2.4772,PANTAI_KELAPUTAN_MT
24TSL0043,,117.3334,2.8725,TERAS_BARU_MT
24TSL0044,,117.4982,2.7747,APUNGTJS_MT
24TSL0045,,117.8526,2.5516,PANTAI_CEMARAMANGKUPADI_CM
24TSL0047,,117.3982,2.916,SALIMBATU_CM
24TSL0048,,117.6322,2.7291,SAJAU_HILIR_TB
24TSL0050,,117.7407,2.6769,PBP_BINAI_MT
24TSL0052,,117.813,2.6065,TANAH_KUNING2_PL
24TSL0053,,117.897,2.5152,KALIMANTAN_INDUSTRIAL_PARK
